
**************************************************************
 Geant4 version Name: geant4-11-04-patch-02 [MT]   (12-June-2026)
  << in Multi-threaded mode >> 
                       Copyright : Geant4 Collaboration
                      References : NIM A 506 (2003), 250-303
                                 : IEEE-TNS 53 (2006), 270-278
                                 : NIM A 835 (2016), 186-225
                             WWW : http://geant4.org/
**************************************************************

G4PhysListFactory::GetReferencePhysList <Shielding>
<<< Geant4 Physics List simulation engine: Shielding
<<< (Note that Shielding and Shielding_HP are equivalent!)

Visualization Manager instantiating with verbosity "warnings (3)"...
WARNING: No extent set for user vis action "phantom".
Visualization Manager initialising...
Registering graphics systems...

You have successfully registered the following graphics systems.
Registered graphics systems are:
  ASCIITree (ATree)
  DAWNFILE (DAWNFILE)
  RayTracer (RT)
  VRML2FILE (VRML2FILE)
  gMocrenFile (gMocrenFile)
  TOOLSSG_OFFSCREEN (TSG_OFFSCREEN, TSG_FILE)
  OpenGLImmediateQt (OGLIQt, OGLI)
  OpenGLStoredQt (OGLSQt, OGLS)
  OpenGLImmediateX (OGLIX, OGLIQt_FALLBACK)
  OpenGLStoredX (OGLSX, OGLSQt_FALLBACK)
  RayTracerX (RTX)
  RayTracerQt (RTQt)
  TOOLSSG_X11_GLES (TSG_X11_GLES, TSGX11, TSG_QT_GLES_FALLBACK)
  TOOLSSG_X11_ZB (TSG_X11_ZB, TSGX11ZB)
  TOOLSSG_QT_GLES (TSG_QT_GLES, TSGQt, TSG, OGL)
  TOOLSSG_QT_ZB (TSG_QT_ZB, TSGQtZB, TSGZB)
You may choose a graphics system (driver) with a parameter of
the command "/vis/open" or "/vis/sceneHandler/create",
or you may omit the driver parameter and choose at run time:
- by argument in the construction of G4VisExecutive;
- by environment variable "G4VIS_DEFAULT_DRIVER";
- by entry in "~/.g4session";
- by build flags.
- Note: This feature is not allowed in batch mode.
For further information see "examples/basic/B1/exampleB1.cc"
and "vis.mac".

Registering model factories...

You have successfully registered the following model factories.
Registered model factories:
  generic
  drawByAttribute
  drawByCharge
  drawByOriginVolume
  drawByParticleID
  drawByEncounteredVolume

Registered models:
  None

Registered filter factories:
  attributeFilter
  chargeFilter
  originVolumeFilter
  particleFilter
  encounteredVolumeFilter

Registered filters:
  None

You have successfully registered the following user vis actions.
Run Duration User Vis Actions:
  phantom
End of Event User Vis Actions: none
End of Run User Vis Actions: none

Some /vis commands (optionally) take a string to specify colour.
"/vis/list" to see available colours.
>> Male Phantom will be built.
>> Male Phantom identified by UserScoreWriter.
>> Full/Custom Phantom will be built.
>> Custom/Full Phantom identified by UserScoreWriter.
Field map: /home/bryam/Documents/iac-project/field/production/crewhat_elmer_fullscale.map; bounds [m]: (-11.3,-13.3,-7.6) to (11.3,13.3,7.6); scale: 1; max boundary |B| [T]: 0.39746
Field is ZERO outside map bounds. Domain and fringe-field convergence must be checked before production.
Checking overlaps for volume MagnetEnvelope:0 (G4Box) ... OK! 
Checking overlaps for volume ShipHull:0 (G4SubtractionSolid) ... OK! 
Checking overlaps for volume ShipInterior:0 (G4Tubs) ... OK! 
G4GDML: Reading '/home/bryam/Documents/iac-project/field/production/crewhat_corc_array.gdml'...
G4GDML: Reading definitions...
G4GDML: Reading materials...
G4GDML: Reading solids...
G4GDML: Reading structure...
G4GDML: Reading setup...
G4GDML: Reading '/home/bryam/Documents/iac-project/field/production/crewhat_corc_array.gdml' done!
Stripping off GDML names of materials, solids and volumes ...
Checking overlaps for volume coil_placement_1:0 (G4TessellatedSolid) ... OK! 
Imported coil component: coil_part_1; material=coil_mat_crewhat_corc_homogenized; density [g/cm3]=8.95693; mass [kg]=77905.4
Checking overlaps for volume coil_placement_2:1 (G4TessellatedSolid) ... OK! 
Imported coil component: coil_part_2; material=coil_mat_crewhat_corc_homogenized; density [g/cm3]=8.95693; mass [kg]=77906.1
Checking overlaps for volume coil_placement_3:2 (G4TessellatedSolid) ... OK! 
Imported coil component: coil_part_3; material=coil_mat_crewhat_corc_homogenized; density [g/cm3]=8.95693; mass [kg]=77904.9
Checking overlaps for volume coil_placement_4:3 (G4TessellatedSolid) ... OK! 
Imported coil component: coil_part_4; material=coil_mat_crewhat_corc_homogenized; density [g/cm3]=8.95693; mass [kg]=77905.4
Checking overlaps for volume coil_placement_5:4 (G4TessellatedSolid) ... OK! 
Imported coil component: coil_part_5; material=coil_mat_crewhat_corc_homogenized; density [g/cm3]=8.95693; mass [kg]=77905.3
Checking overlaps for volume coil_placement_6:5 (G4TessellatedSolid) ... OK! 
Imported coil component: coil_part_6; material=coil_mat_crewhat_corc_homogenized; density [g/cm3]=8.95693; mass [kg]=77904.8
Checking overlaps for volume coil_placement_7:6 (G4TessellatedSolid) ... OK! 
Imported coil component: coil_part_7; material=coil_mat_crewhat_corc_homogenized; density [g/cm3]=8.95693; mass [kg]=77905.2
Checking overlaps for volume coil_placement_8:7 (G4TessellatedSolid) ... OK! 
Imported coil component: coil_part_8; material=coil_mat_crewhat_corc_homogenized; density [g/cm3]=8.95693; mass [kg]=77904.8
Spacecraft: outer radius [m]=4.5; outer length [m]=10; Al hull thickness [cm]=1.5; hull mass [kg]=16544.6; world half sizes [m]=(14,14.3,14)
Phantom Sex: male
Phantom Section: full
Data file ICRPdata/MaleData.dat is read by Detector Construction.
Number of files = 222
Number of X,Y,Z voxels = 254, 127, 222
Total Number of Voxels = 7161276
ICRP110PhantomConstruction::ReadPhantomDataFile is openining the following phantom files: 
AM_slice1.g4dat
AM_slice2.g4dat
AM_slice3.g4dat
AM_slice4.g4dat
AM_slice5.g4dat
AM_slice6.g4dat
AM_slice7.g4dat
AM_slice8.g4dat
AM_slice9.g4dat
AM_slice10.g4dat
AM_slice11.g4dat
AM_slice12.g4dat
AM_slice13.g4dat
AM_slice14.g4dat
AM_slice15.g4dat
AM_slice16.g4dat
AM_slice17.g4dat
AM_slice18.g4dat
AM_slice19.g4dat
AM_slice20.g4dat
AM_slice21.g4dat
AM_slice22.g4dat
AM_slice23.g4dat
AM_slice24.g4dat
AM_slice25.g4dat
AM_slice26.g4dat
AM_slice27.g4dat
AM_slice28.g4dat
AM_slice29.g4dat
AM_slice30.g4dat
AM_slice31.g4dat
AM_slice32.g4dat
AM_slice33.g4dat
AM_slice34.g4dat
AM_slice35.g4dat
AM_slice36.g4dat
AM_slice37.g4dat
AM_slice38.g4dat
AM_slice39.g4dat
AM_slice40.g4dat
AM_slice41.g4dat
AM_slice42.g4dat
AM_slice43.g4dat
AM_slice44.g4dat
AM_slice45.g4dat
AM_slice46.g4dat
AM_slice47.g4dat
AM_slice48.g4dat
AM_slice49.g4dat
AM_slice50.g4dat
AM_slice51.g4dat
AM_slice52.g4dat
AM_slice53.g4dat
AM_slice54.g4dat
AM_slice55.g4dat
AM_slice56.g4dat
AM_slice57.g4dat
AM_slice58.g4dat
AM_slice59.g4dat
AM_slice60.g4dat
AM_slice61.g4dat
AM_slice62.g4dat
AM_slice63.g4dat
AM_slice64.g4dat
AM_slice65.g4dat
AM_slice66.g4dat
AM_slice67.g4dat
AM_slice68.g4dat
AM_slice69.g4dat
AM_slice70.g4dat
AM_slice71.g4dat
AM_slice72.g4dat
AM_slice73.g4dat
AM_slice74.g4dat
AM_slice75.g4dat
AM_slice76.g4dat
AM_slice77.g4dat
AM_slice78.g4dat
AM_slice79.g4dat
AM_slice80.g4dat
AM_slice81.g4dat
AM_slice82.g4dat
AM_slice83.g4dat
AM_slice84.g4dat
AM_slice85.g4dat
AM_slice86.g4dat
AM_slice87.g4dat
AM_slice88.g4dat
AM_slice89.g4dat
AM_slice90.g4dat
AM_slice91.g4dat
AM_slice92.g4dat
AM_slice93.g4dat
AM_slice94.g4dat
AM_slice95.g4dat
AM_slice96.g4dat
AM_slice97.g4dat
AM_slice98.g4dat
AM_slice99.g4dat
AM_slice100.g4dat
AM_slice101.g4dat
AM_slice102.g4dat
AM_slice103.g4dat
AM_slice104.g4dat
AM_slice105.g4dat
AM_slice106.g4dat
AM_slice107.g4dat
AM_slice108.g4dat
AM_slice109.g4dat
AM_slice110.g4dat
AM_slice111.g4dat
AM_slice112.g4dat
AM_slice113.g4dat
AM_slice114.g4dat
AM_slice115.g4dat
AM_slice116.g4dat
AM_slice117.g4dat
AM_slice118.g4dat
AM_slice119.g4dat
AM_slice120.g4dat
AM_slice121.g4dat
AM_slice122.g4dat
AM_slice123.g4dat
AM_slice124.g4dat
AM_slice125.g4dat
AM_slice126.g4dat
AM_slice127.g4dat
AM_slice128.g4dat
AM_slice129.g4dat
AM_slice130.g4dat
AM_slice131.g4dat
AM_slice132.g4dat
AM_slice133.g4dat
AM_slice134.g4dat
AM_slice135.g4dat
AM_slice136.g4dat
AM_slice137.g4dat
AM_slice138.g4dat
AM_slice139.g4dat
AM_slice140.g4dat
AM_slice141.g4dat
AM_slice142.g4dat
AM_slice143.g4dat
AM_slice144.g4dat
AM_slice145.g4dat
AM_slice146.g4dat
AM_slice147.g4dat
AM_slice148.g4dat
AM_slice149.g4dat
AM_slice150.g4dat
AM_slice151.g4dat
AM_slice152.g4dat
AM_slice153.g4dat
AM_slice154.g4dat
AM_slice155.g4dat
AM_slice156.g4dat
AM_slice157.g4dat
AM_slice158.g4dat
AM_slice159.g4dat
AM_slice160.g4dat
AM_slice161.g4dat
AM_slice162.g4dat
AM_slice163.g4dat
AM_slice164.g4dat
AM_slice165.g4dat
AM_slice166.g4dat
AM_slice167.g4dat
AM_slice168.g4dat
AM_slice169.g4dat
AM_slice170.g4dat
AM_slice171.g4dat
AM_slice172.g4dat
AM_slice173.g4dat
AM_slice174.g4dat
AM_slice175.g4dat
AM_slice176.g4dat
AM_slice177.g4dat
AM_slice178.g4dat
AM_slice179.g4dat
AM_slice180.g4dat
AM_slice181.g4dat
AM_slice182.g4dat
AM_slice183.g4dat
AM_slice184.g4dat
AM_slice185.g4dat
AM_slice186.g4dat
AM_slice187.g4dat
AM_slice188.g4dat
AM_slice189.g4dat
AM_slice190.g4dat
AM_slice191.g4dat
AM_slice192.g4dat
AM_slice193.g4dat
AM_slice194.g4dat
AM_slice195.g4dat
AM_slice196.g4dat
AM_slice197.g4dat
AM_slice198.g4dat
AM_slice199.g4dat
AM_slice200.g4dat
AM_slice201.g4dat
AM_slice202.g4dat
AM_slice203.g4dat
AM_slice204.g4dat
AM_slice205.g4dat
AM_slice206.g4dat
AM_slice207.g4dat
AM_slice208.g4dat
AM_slice209.g4dat
AM_slice210.g4dat
AM_slice211.g4dat
AM_slice212.g4dat
AM_slice213.g4dat
AM_slice214.g4dat
AM_slice215.g4dat
AM_slice216.g4dat
AM_slice217.g4dat
AM_slice218.g4dat
AM_slice219.g4dat
AM_slice220.g4dat
AM_slice221.g4dat
AM_slice222.g4dat
Number of X,Y,Z voxels = 254, 127, 222
 placing voxel container volume at (0,0,0)
Checking overlaps for volume phantomContainer:1 (G4Box) ... OK! 
Phantom Material Colours set via ColourMap.dat data file 
Global field created with stepper DormandPrince745
 G4ChordFinder: stepperDriverId: 2
--- G4CoupledTransportation is used 

 hInelastic Shielding : threshold between BERT and FTFP is over the interval 
 for pions :   3 to 6 GeV
 for kaons :   3 to 6 GeV
 for proton :  3 to 6 GeV
 for neutron : 3 to 6 GeV

@@@ G4ParticleHPInelasticData instantiated for particle neutron data directory variable is G4NEUTRONHPDATA pointing to /home/bryam/miniconda3/envs/geant4_env/share/Geant4/data/NDL4.7.1
=======================================================================
======                 Electromagnetic Physics Parameters      ========
=======================================================================
LPM effect enabled                                 1
Enable creation and use of sampling tables         0
Apply cuts on all EM processes                     0
Use combined TransportationWithMsc                 Disabled
Use general process                                1
Enable linear polarisation for gamma               0
Enable photoeffect sampling below K-shell          1
Enable sampling of quantum entanglement            0
X-section factor for integral approach             0.8
Min kinetic energy for tables                      100 eV 
Max kinetic energy for tables                      100 TeV
Number of bins per decade of a table               7
Verbose level                                      1
Verbose level for worker thread                    0
Bremsstrahlung energy threshold above which 
  primary e+- is added to the list of secondary    100 TeV
Bremsstrahlung energy threshold above which primary
  muon/hadron is added to the list of secondary    100 TeV
Positron annihilation at rest model                SimplePositronium
Enable 3 gamma annihilation on fly                 0
Lowest triplet kinetic energy                      1 MeV
Enable sampling of gamma linear polarisation       0
5D gamma conversion model type                     0
5D gamma conversion model on isolated ion          0
Use RiGe 5D e+e- pair production model by muons    0
Livermore data directory                           epics_2017
=======================================================================
======                 Ionisation Parameters                   ========
=======================================================================
Step function for e+-                              (0.2, 1 mm)
Step function for muons/hadrons                    (0.2, 0.1 mm)
Step function for light ions                       (0.2, 0.1 mm)
Step function for general ions                     (0.2, 0.1 mm)
Lowest e+e- kinetic energy                         1 keV
Lowest muon/hadron kinetic energy                  1 keV
Use ICRU90 data                                    0
Fluctuations of dE/dx are enabled                  1
Type of fluctuation model for leptons and hadrons  Urban
Use built-in Birks saturation                      0
Build CSDA range enabled                           0
Use cut as a final range enabled                   0
Enable angular generator interface                 0
Max kinetic energy for CSDA tables                 1 GeV
Max kinetic energy for NIEL computation            0 eV 
Linear loss limit                                  0.01
Read data from file for e+e- pair production by mu 0
=======================================================================
======                 Multiple Scattering Parameters          ========
=======================================================================
Type of msc step limit algorithm for e+-           1
Type of msc step limit algorithm for muons/hadrons 0
Msc lateral displacement for e+- enabled           1
Msc lateral displacement for muons and hadrons     0
Urban msc model lateral displacement alg96         1
Range factor for msc step limit for e+-            0.04
Range factor for msc step limit for muons/hadrons  0.2
Geometry factor for msc step limitation of e+-     2.5
Safety factor for msc step limit for e+-           0.6
Skin parameter for msc step limitation of e+-      1
Lambda limit for msc step limit for e+-            1 mm
Use Mott correction for e- scattering              0
Factor used for dynamic computation of angular 
  limit between single and multiple scattering     1
Fixed angular limit between single 
  and multiple scattering                          3.1416 rad
Upper energy limit for e+- multiple scattering     100 MeV
Type of electron single scattering model           0
Type of nuclear form-factor                        1
Screening factor                                   1
=======================================================================
======                 Atomic Deexcitation Parameters          ========
=======================================================================
Fluorescence enabled                               1
Directory in G4LEDATA for fluorescence data files  fluor
Auger electron cascade enabled                     1
PIXE atomic de-excitation enabled                  0
De-excitation module ignores cuts                  1
Type of PIXE cross section for hadrons             Empirical
Type of PIXE cross section for e+-                 Livermore
=======================================================================

### ===  Deexcitation model UAtomDeexcitation is activated for 1 region:
          DefaultRegionForTheWorld  1  1  0
### ===  Auger flag: 1
### ===  Ignore cuts flag:   1

phot:  for gamma SubType=12 BuildTable=0
      LambdaPrime table from 200 keV to 100 TeV in 61 bins 
      ===== EM models for the G4Region  DefaultRegionForTheWorld ======
 LivermorePhElectric : Emin=    0 eV  Emax=  100 TeV  SauterGavrila Fluo

compt:  for gamma SubType=13 BuildTable=1
      Lambda table from 100 eV  to 1 MeV, 7 bins/decade, spline: 1
      LambdaPrime table from 1 MeV to 100 TeV in 56 bins 
      ===== EM models for the G4Region  DefaultRegionForTheWorld ======
       Klein-Nishina : Emin=    0 eV  Emax=  100 TeV

conv:  for gamma SubType=14 BuildTable=1
      Lambda table from 1.022 MeV to 100 TeV, 18 bins/decade, spline: 1
      ===== EM models for the G4Region  DefaultRegionForTheWorld ======
     BetheHeitlerLPM : Emin=    0 eV  Emax=  100 TeV  ModifiedTsai

Rayl:  for gamma SubType=11 BuildTable=1
      Lambda table from 100 eV  to 150 keV, 7 bins/decade, spline: 0
      LambdaPrime table from 150 keV to 100 TeV in 62 bins 
      ===== EM models for the G4Region  DefaultRegionForTheWorld ======
   LivermoreRayleigh : Emin=    0 eV  Emax=  100 TeV  CullenGenerator

msc:  for e-  SubType= 10
      ===== EM models for the G4Region  DefaultRegionForTheWorld ======
            UrbanMsc : Emin=    0 eV  Emax=  100 MeV Nbins=42 100 eV  - 100 MeV
          StepLim=UseSafety Rfact=0.04 Gfact=2.5 Sfact=0.6 DispFlag:1 Skin=1 Llim=1 mm
        WentzelVIUni : Emin=  100 MeV Emax=  100 TeV Nbins=42 100 MeV - 100 TeV
          StepLim=UseSafety Rfact=0.04 Gfact=2.5 Sfact=0.6 DispFlag:1 Skin=1 Llim=1 mm

eIoni:  for e-  XStype:3  SubType=2
      dE/dx and range tables from 100 eV  to 100 TeV in 84 bins
      Lambda tables from threshold to 100 TeV, 7 bins/decade, spline: 1
      StepFunction=(0.2, 1 mm), integ: 3, fluct: 1, linLossLim= 0.01
      ===== EM models for the G4Region  DefaultRegionForTheWorld ======
        MollerBhabha : Emin=    0 eV  Emax=  100 TeV

eBrem:  for e-  XStype:4  SubType=3
      dE/dx and range tables from 100 eV  to 100 TeV in 84 bins
      Lambda tables from threshold to 100 TeV, 7 bins/decade, spline: 1
      LPM flag: 1 for E > 1 GeV,  VertexHighEnergyTh(GeV)= 100000
      ===== EM models for the G4Region  DefaultRegionForTheWorld ======
             eBremSB : Emin=    0 eV  Emax=    1 GeV  ModifiedTsai
            eBremLPM : Emin=    1 GeV Emax=  100 TeV  ModifiedTsai

CoulombScat:  for e- XStype:1 SubType=1 BuildTable=1
      Lambda table from 100 MeV to 100 TeV, 7 bins/decade, spline: 0
      ThetaMin(p) < Theta(degree) < 180, pLimit(GeV^1)= 0.139531
      ===== EM models for the G4Region  DefaultRegionForTheWorld ======
  eCoulombScattering : Emin=  100 MeV Emax=  100 TeV

msc:  for e+  SubType= 10
      ===== EM models for the G4Region  DefaultRegionForTheWorld ======
            UrbanMsc : Emin=    0 eV  Emax=  100 MeV Nbins=42 100 eV  - 100 MeV
          StepLim=UseSafety Rfact=0.04 Gfact=2.5 Sfact=0.6 DispFlag:1 Skin=1 Llim=1 mm
        WentzelVIUni : Emin=  100 MeV Emax=  100 TeV Nbins=42 100 MeV - 100 TeV
          StepLim=UseSafety Rfact=0.04 Gfact=2.5 Sfact=0.6 DispFlag:1 Skin=1 Llim=1 mm

eIoni:  for e+  XStype:3  SubType=2
      dE/dx and range tables from 100 eV  to 100 TeV in 84 bins
      Lambda tables from threshold to 100 TeV, 7 bins/decade, spline: 1
      StepFunction=(0.2, 1 mm), integ: 3, fluct: 1, linLossLim= 0.01
      ===== EM models for the G4Region  DefaultRegionForTheWorld ======
        MollerBhabha : Emin=    0 eV  Emax=  100 TeV

eBrem:  for e+  XStype:4  SubType=3
      dE/dx and range tables from 100 eV  to 100 TeV in 84 bins
      Lambda tables from threshold to 100 TeV, 7 bins/decade, spline: 1
      LPM flag: 1 for E > 1 GeV,  VertexHighEnergyTh(GeV)= 100000
      ===== EM models for the G4Region  DefaultRegionForTheWorld ======
             eBremSB : Emin=    0 eV  Emax=    1 GeV  ModifiedTsai
            eBremLPM : Emin=    1 GeV Emax=  100 TeV  ModifiedTsai

annihil:  for e+ XStype:2 SubType=5 AtRestModel:Simple BuildTable=0
      ===== EM models for the G4Region  DefaultRegionForTheWorld ======
            eplus2gg : Emin=    0 eV  Emax=  100 TeV

CoulombScat:  for e+ XStype:1 SubType=1 BuildTable=1
      Lambda table from 100 MeV to 100 TeV, 7 bins/decade, spline: 0
      ThetaMin(p) < Theta(degree) < 180, pLimit(GeV^1)= 0.139531
      ===== EM models for the G4Region  DefaultRegionForTheWorld ======
  eCoulombScattering : Emin=  100 MeV Emax=  100 TeV

msc:  for proton  SubType= 10
      ===== EM models for the G4Region  DefaultRegionForTheWorld ======
        WentzelVIUni : Emin=    0 eV  Emax=  100 TeV Nbins=84 100 eV  - 100 TeV
          StepLim=Minimal Rfact=0.2 Gfact=2.5 Sfact=0.6 DispFlag:0 Skin=1 Llim=1 mm

hIoni:  for proton  XStype:3  SubType=2
      dE/dx and range tables from 100 eV  to 100 TeV in 84 bins
      Lambda tables from threshold to 100 TeV, 7 bins/decade, spline: 1
      StepFunction=(0.2, 0.1 mm), integ: 3, fluct: 1, linLossLim= 0.01
      ===== EM models for the G4Region  DefaultRegionForTheWorld ======
               Bragg : Emin=    0 eV  Emax=    2 MeV
          BetheBloch : Emin=    2 MeV Emax=  100 TeV

hBrems:  for proton  XStype:1  SubType=3
      dE/dx and range tables from 100 eV  to 100 TeV in 84 bins
      Lambda tables from threshold to 100 TeV, 7 bins/decade, spline: 1
      ===== EM models for the G4Region  DefaultRegionForTheWorld ======
               hBrem : Emin=    0 eV  Emax=  100 TeV  ModifiedMephi

hPairProd:  for proton  XStype:1  SubType=4
      dE/dx and range tables from 100 eV  to 100 TeV in 84 bins
      Lambda tables from threshold to 100 TeV, 7 bins/decade, spline: 1
      Sampling table 17x1001, from 7.50618 GeV to 100 TeV 
      ===== EM models for the G4Region  DefaultRegionForTheWorld ======
           hPairProd : Emin=    0 eV  Emax=  100 TeV  ModifiedMephi

CoulombScat:  for proton XStype:1 SubType=1 BuildTable=1
      Lambda table from threshold  to 100 TeV, 7 bins/decade, spline: 0
      ThetaMin(p) < Theta(degree) < 180, pLimit(GeV^1)= 0.139531
      ===== EM models for the G4Region  DefaultRegionForTheWorld ======
  eCoulombScattering : Emin=    0 eV  Emax=  100 TeV

msc:  for GenericIon  SubType= 10
      ===== EM models for the G4Region  DefaultRegionForTheWorld ======
            UrbanMsc : Emin=    0 eV  Emax=  100 TeV
          StepLim=Minimal Rfact=0.2 Gfact=2.5 Sfact=0.6 DispFlag:0 Skin=1 Llim=1 mm

ionIoni:  for GenericIon  XStype:3  SubType=2
      dE/dx and range tables from 100 eV  to 100 TeV in 84 bins
      Lambda tables from threshold to 100 TeV, 7 bins/decade, spline: 1
      StepFunction=(0.2, 0.1 mm), integ: 3, fluct: 1, linLossLim= 0.02
      ===== EM models for the G4Region  DefaultRegionForTheWorld ======
               Bragg : Emin=    0 eV  Emax=    2 MeV
          BetheBloch : Emin=    2 MeV Emax=  100 TeV
======================================================================
======          Radioactive Decay Physics Parameters           =======
======================================================================
min MeanLife (from G4NuclideTable)                1 ns 
Max life time (from G4DeexPrecoParameters)        1000 ps 
Internal e- conversion flag                       1
Stored internal conversion coefficients           1
Enabled atomic relaxation mode                    1
Enable correlated gamma emission                  0
Max 2J for sampling of angular correlations       10
Atomic de-excitation enabled                      1
Auger electron emission enabled                   1
Check EM cuts disabled for atomic de-excitation   1
Use Bearden atomic level energies                 0
Use ANSTO fluorescence model                      0
Threshold for very long decay time at rest        1 y  
======================================================================

msc:  for alpha  SubType= 10
      ===== EM models for the G4Region  DefaultRegionForTheWorld ======
            UrbanMsc : Emin=    0 eV  Emax=  100 TeV
          StepLim=Minimal Rfact=0.2 Gfact=2.5 Sfact=0.6 DispFlag:0 Skin=1 Llim=1 mm

ionIoni:  for alpha  XStype:3  SubType=2
      dE/dx and range tables from 100 eV  to 100 TeV in 84 bins
      Lambda tables from threshold to 100 TeV, 7 bins/decade, spline: 1
      StepFunction=(0.2, 0.1 mm), integ: 3, fluct: 1, linLossLim= 0.02
      ===== EM models for the G4Region  DefaultRegionForTheWorld ======
            BraggIon : Emin=    0 eV  Emax=7.9452 MeV
          BetheBloch : Emin=7.9452 MeV Emax=  100 TeV

msc:  for anti_proton  SubType= 10
      ===== EM models for the G4Region  DefaultRegionForTheWorld ======
        WentzelVIUni : Emin=    0 eV  Emax=  100 TeV Nbins=84 100 eV  - 100 TeV
          StepLim=Minimal Rfact=0.2 Gfact=2.5 Sfact=0.6 DispFlag:0 Skin=1 Llim=1 mm

hIoni:  for anti_proton  XStype:3  SubType=2
      dE/dx and range tables from 100 eV  to 100 TeV in 84 bins
      Lambda tables from threshold to 100 TeV, 7 bins/decade, spline: 1
      StepFunction=(0.2, 0.1 mm), integ: 3, fluct: 1, linLossLim= 0.01
      ===== EM models for the G4Region  DefaultRegionForTheWorld ======
            ICRU73QO : Emin=    0 eV  Emax=    2 MeV
          BetheBloch : Emin=    2 MeV Emax=  100 TeV

hBrems:  for anti_proton  XStype:1  SubType=3
      dE/dx and range tables from 100 eV  to 100 TeV in 84 bins
      Lambda tables from threshold to 100 TeV, 7 bins/decade, spline: 1
      ===== EM models for the G4Region  DefaultRegionForTheWorld ======
               hBrem : Emin=    0 eV  Emax=  100 TeV  ModifiedMephi

hPairProd:  for anti_proton  XStype:1  SubType=4
      dE/dx and range tables from 100 eV  to 100 TeV in 84 bins
      Lambda tables from threshold to 100 TeV, 7 bins/decade, spline: 1
      Sampling table 17x1001, from 7.50618 GeV to 100 TeV 
      ===== EM models for the G4Region  DefaultRegionForTheWorld ======
           hPairProd : Emin=    0 eV  Emax=  100 TeV  ModifiedMephi

CoulombScat:  for anti_proton XStype:1 SubType=1 BuildTable=1
      Lambda table from threshold  to 100 TeV, 7 bins/decade, spline: 0
      ThetaMin(p) < Theta(degree) < 180, pLimit(GeV^1)= 0.139531
      ===== EM models for the G4Region  DefaultRegionForTheWorld ======
  eCoulombScattering : Emin=    0 eV  Emax=  100 TeV

msc:  for kaon+  SubType= 10
      ===== EM models for the G4Region  DefaultRegionForTheWorld ======
        WentzelVIUni : Emin=    0 eV  Emax=  100 TeV Nbins=84 100 eV  - 100 TeV
          StepLim=Minimal Rfact=0.2 Gfact=2.5 Sfact=0.6 DispFlag:0 Skin=1 Llim=1 mm

hIoni:  for kaon+  XStype:3  SubType=2
      dE/dx and range tables from 100 eV  to 100 TeV in 84 bins
      Lambda tables from threshold to 100 TeV, 7 bins/decade, spline: 1
      StepFunction=(0.2, 0.1 mm), integ: 3, fluct: 1, linLossLim= 0.01
      ===== EM models for the G4Region  DefaultRegionForTheWorld ======
               Bragg : Emin=    0 eV  Emax=1.05231 MeV
          BetheBloch : Emin=1.05231 MeV Emax=  100 TeV

hBrems:  for kaon+  XStype:1  SubType=3
      dE/dx and range tables from 100 eV  to 100 TeV in 84 bins
      Lambda tables from threshold to 100 TeV, 7 bins/decade, spline: 1
      ===== EM models for the G4Region  DefaultRegionForTheWorld ======
               hBrem : Emin=    0 eV  Emax=  100 TeV  ModifiedMephi

hPairProd:  for kaon+  XStype:1  SubType=4
      dE/dx and range tables from 100 eV  to 100 TeV in 84 bins
      Lambda tables from threshold to 100 TeV, 7 bins/decade, spline: 1
      Sampling table 18x1001, from 3.94942 GeV to 100 TeV 
      ===== EM models for the G4Region  DefaultRegionForTheWorld ======
           hPairProd : Emin=    0 eV  Emax=  100 TeV  ModifiedMephi

CoulombScat:  for kaon+ XStype:1 SubType=1 BuildTable=1
      Lambda table from threshold  to 100 TeV, 7 bins/decade, spline: 0
      ThetaMin(p) < Theta(degree) < 180, pLimit(GeV^1)= 0.139531
      ===== EM models for the G4Region  DefaultRegionForTheWorld ======
  eCoulombScattering : Emin=    0 eV  Emax=  100 TeV

msc:  for kaon-  SubType= 10
      ===== EM models for the G4Region  DefaultRegionForTheWorld ======
        WentzelVIUni : Emin=    0 eV  Emax=  100 TeV Nbins=84 100 eV  - 100 TeV
          StepLim=Minimal Rfact=0.2 Gfact=2.5 Sfact=0.6 DispFlag:0 Skin=1 Llim=1 mm

hIoni:  for kaon-  XStype:3  SubType=2
      dE/dx and range tables from 100 eV  to 100 TeV in 84 bins
      Lambda tables from threshold to 100 TeV, 7 bins/decade, spline: 1
      StepFunction=(0.2, 0.1 mm), integ: 3, fluct: 1, linLossLim= 0.01
      ===== EM models for the G4Region  DefaultRegionForTheWorld ======
            ICRU73QO : Emin=    0 eV  Emax=1.05231 MeV
          BetheBloch : Emin=1.05231 MeV Emax=  100 TeV

hBrems:  for kaon-  XStype:1  SubType=3
      dE/dx and range tables from 100 eV  to 100 TeV in 84 bins
      Lambda tables from threshold to 100 TeV, 7 bins/decade, spline: 1
      ===== EM models for the G4Region  DefaultRegionForTheWorld ======
               hBrem : Emin=    0 eV  Emax=  100 TeV  ModifiedMephi

hPairProd:  for kaon-  XStype:1  SubType=4
      dE/dx and range tables from 100 eV  to 100 TeV in 84 bins
      Lambda tables from threshold to 100 TeV, 7 bins/decade, spline: 1
      Sampling table 18x1001, from 3.94942 GeV to 100 TeV 
      ===== EM models for the G4Region  DefaultRegionForTheWorld ======
           hPairProd : Emin=    0 eV  Emax=  100 TeV  ModifiedMephi

CoulombScat:  for kaon- XStype:1 SubType=1 BuildTable=1
      Used Lambda table of kaon+
      ThetaMin(p) < Theta(degree) < 180, pLimit(GeV^1)= 0.139531
      ===== EM models for the G4Region  DefaultRegionForTheWorld ======
  eCoulombScattering : Emin=    0 eV  Emax=  100 TeV

msc:  for mu+  SubType= 10
      ===== EM models for the G4Region  DefaultRegionForTheWorld ======
        WentzelVIUni : Emin=    0 eV  Emax=  100 TeV Nbins=84 100 eV  - 100 TeV
          StepLim=Minimal Rfact=0.2 Gfact=2.5 Sfact=0.6 DispFlag:0 Skin=1 Llim=1 mm

muIoni:  for mu+  XStype:3  SubType=2
      dE/dx and range tables from 100 eV  to 100 TeV in 84 bins
      Lambda tables from threshold to 100 TeV, 7 bins/decade, spline: 1
      StepFunction=(0.2, 0.1 mm), integ: 3, fluct: 1, linLossLim= 0.01
      ===== EM models for the G4Region  DefaultRegionForTheWorld ======
               Bragg : Emin=    0 eV  Emax=  200 keV
        MuBetheBloch : Emin=  200 keV Emax=  100 TeV

muBrems:  for mu+  XStype:1  SubType=3
      dE/dx and range tables from 100 eV  to 100 TeV in 84 bins
      Lambda tables from threshold to 100 TeV, 7 bins/decade, spline: 1
      ===== EM models for the G4Region  DefaultRegionForTheWorld ======
              MuBrem : Emin=    0 eV  Emax=  100 TeV  ModifiedMephi

muPairProd:  for mu+  XStype:1  SubType=4
      dE/dx and range tables from 100 eV  to 100 TeV in 84 bins
      Lambda tables from threshold to 100 TeV, 7 bins/decade, spline: 1
      Sampling table 21x1001, from 0.85 GeV to 100 TeV 
      ===== EM models for the G4Region  DefaultRegionForTheWorld ======
          muPairProd : Emin=    0 eV  Emax=  100 TeV  ModifiedMephi

CoulombScat:  for mu+ XStype:1 SubType=1 BuildTable=1
      Lambda table from threshold  to 100 TeV, 7 bins/decade, spline: 0
      ThetaMin(p) < Theta(degree) < 180, pLimit(GeV^1)= 0.139531
      ===== EM models for the G4Region  DefaultRegionForTheWorld ======
  eCoulombScattering : Emin=    0 eV  Emax=  100 TeV

msc:  for mu-  SubType= 10
      ===== EM models for the G4Region  DefaultRegionForTheWorld ======
        WentzelVIUni : Emin=    0 eV  Emax=  100 TeV Nbins=84 100 eV  - 100 TeV
          StepLim=Minimal Rfact=0.2 Gfact=2.5 Sfact=0.6 DispFlag:0 Skin=1 Llim=1 mm

muIoni:  for mu-  XStype:3  SubType=2
      dE/dx and range tables from 100 eV  to 100 TeV in 84 bins
      Lambda tables from threshold to 100 TeV, 7 bins/decade, spline: 1
      StepFunction=(0.2, 0.1 mm), integ: 3, fluct: 1, linLossLim= 0.01
      ===== EM models for the G4Region  DefaultRegionForTheWorld ======
            ICRU73QO : Emin=    0 eV  Emax=  200 keV
        MuBetheBloch : Emin=  200 keV Emax=  100 TeV

muBrems:  for mu-  XStype:1  SubType=3
      dE/dx and range tables from 100 eV  to 100 TeV in 84 bins
      Lambda tables from threshold to 100 TeV, 7 bins/decade, spline: 1
      ===== EM models for the G4Region  DefaultRegionForTheWorld ======
              MuBrem : Emin=    0 eV  Emax=  100 TeV  ModifiedMephi

muPairProd:  for mu-  XStype:1  SubType=4
      dE/dx and range tables from 100 eV  to 100 TeV in 84 bins
      Lambda tables from threshold to 100 TeV, 7 bins/decade, spline: 1
      Sampling table 21x1001, from 0.85 GeV to 100 TeV 
      ===== EM models for the G4Region  DefaultRegionForTheWorld ======
          muPairProd : Emin=    0 eV  Emax=  100 TeV  ModifiedMephi

CoulombScat:  for mu- XStype:1 SubType=1 BuildTable=1
      Used Lambda table of mu+
      ThetaMin(p) < Theta(degree) < 180, pLimit(GeV^1)= 0.139531
      ===== EM models for the G4Region  DefaultRegionForTheWorld ======
  eCoulombScattering : Emin=    0 eV  Emax=  100 TeV

=======================================================
======       ParticleHP Physics Parameters     ========
=======================================================
 Use only photo-evaporation      0
 Skip missing isotopes           0
 Neglect Doppler                 0
 Do not adjust final state       0
 Produce fission fragments       1
 Use WendtFissionModel           0
 Use NRESP71Model                0
 Use DBRC                        0
 PHP use Poisson                 0
 PHP check                       1
 CHECK HP NAMES                  0
 Enable DEBUG                    0
 Use probability tables from     
=======================================================

@@@ G4ParticleHPInelastic instantiated for particle neutron/n    data directory is /home/bryam/miniconda3/envs/geant4_env/share/Geant4/data/NDL4.7.1/Inelastic

msc:  for pi+  SubType= 10
      ===== EM models for the G4Region  DefaultRegionForTheWorld ======
        WentzelVIUni : Emin=    0 eV  Emax=  100 TeV Nbins=84 100 eV  - 100 TeV
          StepLim=Minimal Rfact=0.2 Gfact=2.5 Sfact=0.6 DispFlag:0 Skin=1 Llim=1 mm

hIoni:  for pi+  XStype:3  SubType=2
      dE/dx and range tables from 100 eV  to 100 TeV in 84 bins
      Lambda tables from threshold to 100 TeV, 7 bins/decade, spline: 1
      StepFunction=(0.2, 0.1 mm), integ: 3, fluct: 1, linLossLim= 0.01
      ===== EM models for the G4Region  DefaultRegionForTheWorld ======
               Bragg : Emin=    0 eV  Emax=297.505 keV
          BetheBloch : Emin=297.505 keV Emax=  100 TeV

hBrems:  for pi+  XStype:1  SubType=3
      dE/dx and range tables from 100 eV  to 100 TeV in 84 bins
      Lambda tables from threshold to 100 TeV, 7 bins/decade, spline: 1
      ===== EM models for the G4Region  DefaultRegionForTheWorld ======
               hBrem : Emin=    0 eV  Emax=  100 TeV  ModifiedMephi

hPairProd:  for pi+  XStype:1  SubType=4
      dE/dx and range tables from 100 eV  to 100 TeV in 84 bins
      Lambda tables from threshold to 100 TeV, 7 bins/decade, spline: 1
      Sampling table 20x1001, from 1.11656 GeV to 100 TeV 
      ===== EM models for the G4Region  DefaultRegionForTheWorld ======
           hPairProd : Emin=    0 eV  Emax=  100 TeV  ModifiedMephi

CoulombScat:  for pi+ XStype:1 SubType=1 BuildTable=1
      Lambda table from threshold  to 100 TeV, 7 bins/decade, spline: 0
      ThetaMin(p) < Theta(degree) < 180, pLimit(GeV^1)= 0.139531
      ===== EM models for the G4Region  DefaultRegionForTheWorld ======
  eCoulombScattering : Emin=    0 eV  Emax=  100 TeV

msc:  for pi-  SubType= 10
      ===== EM models for the G4Region  DefaultRegionForTheWorld ======
        WentzelVIUni : Emin=    0 eV  Emax=  100 TeV Nbins=84 100 eV  - 100 TeV
          StepLim=Minimal Rfact=0.2 Gfact=2.5 Sfact=0.6 DispFlag:0 Skin=1 Llim=1 mm

hIoni:  for pi-  XStype:3  SubType=2
      dE/dx and range tables from 100 eV  to 100 TeV in 84 bins
      Lambda tables from threshold to 100 TeV, 7 bins/decade, spline: 1
      StepFunction=(0.2, 0.1 mm), integ: 3, fluct: 1, linLossLim= 0.01
      ===== EM models for the G4Region  DefaultRegionForTheWorld ======
            ICRU73QO : Emin=    0 eV  Emax=297.505 keV
          BetheBloch : Emin=297.505 keV Emax=  100 TeV

hBrems:  for pi-  XStype:1  SubType=3
      dE/dx and range tables from 100 eV  to 100 TeV in 84 bins
      Lambda tables from threshold to 100 TeV, 7 bins/decade, spline: 1
      ===== EM models for the G4Region  DefaultRegionForTheWorld ======
               hBrem : Emin=    0 eV  Emax=  100 TeV  ModifiedMephi

hPairProd:  for pi-  XStype:1  SubType=4
      dE/dx and range tables from 100 eV  to 100 TeV in 84 bins
      Lambda tables from threshold to 100 TeV, 7 bins/decade, spline: 1
      Sampling table 20x1001, from 1.11656 GeV to 100 TeV 
      ===== EM models for the G4Region  DefaultRegionForTheWorld ======
           hPairProd : Emin=    0 eV  Emax=  100 TeV  ModifiedMephi

CoulombScat:  for pi- XStype:1 SubType=1 BuildTable=1
      Used Lambda table of pi+
      ThetaMin(p) < Theta(degree) < 180, pLimit(GeV^1)= 0.139531
      ===== EM models for the G4Region  DefaultRegionForTheWorld ======
  eCoulombScattering : Emin=    0 eV  Emax=  100 TeV

====================================================================
                  HADRONIC PROCESSES SUMMARY (verbose level 1)
-----------------------------------------------------------------------
                           Hadronic Processes for B-
  Process: hadElastic
        Model:              hElasticLHEP: 0 eV  ---> 100 TeV
     Cr_sctns:            Glauber-Gribov: 0 eV  ---> 100 TeV
  Process: B-Inelastic
        Model:                      FTFP: 0 eV  ---> 100 TeV
     Cr_sctns:            Glauber-Gribov: 0 eV  ---> 100 TeV
-----------------------------------------------------------------------
                           Hadronic Processes for D-
  Process: hadElastic
        Model:              hElasticLHEP: 0 eV  ---> 100 TeV
     Cr_sctns:            Glauber-Gribov: 0 eV  ---> 100 TeV
  Process: D-Inelastic
        Model:                      FTFP: 0 eV  ---> 100 TeV
     Cr_sctns:            Glauber-Gribov: 0 eV  ---> 100 TeV
-----------------------------------------------------------------------
                           Hadronic Processes for GenericIon
  Process: ionElastic
        Model:          NNDiffuseElastic: 0 eV /n ---> 100 TeV/n
     Cr_sctns:  Glauber-Gribov Nucl-nucl: 0 eV  ---> 25.6 PeV
  Process: ionInelastic
        Model:  Binary Light Ion Cascade: 0 eV /n ---> 110 MeV/n
        Model:                  QMDModel: 100 MeV/n ---> 6 GeV/n
        Model:                      FTFP: 5.99 GeV/n ---> 100 TeV/n
     Cr_sctns:  Glauber-Gribov Nucl-nucl: 0 eV  ---> 25.6 PeV
  Process: RadioactiveDecay
-----------------------------------------------------------------------
                           Hadronic Processes for He3
  Process: hadElastic
        Model:              hElasticLHEP: 0 eV /n ---> 100 TeV/n
     Cr_sctns:  Glauber-Gribov Nucl-nucl: 0 eV  ---> 25.6 PeV
  Process: He3Inelastic
        Model:  Binary Light Ion Cascade: 0 eV /n ---> 110 MeV/n
        Model:                  QMDModel: 100 MeV/n ---> 6 GeV/n
        Model:                      FTFP: 5.99 GeV/n ---> 100 TeV/n
     Cr_sctns:  Glauber-Gribov Nucl-nucl: 0 eV  ---> 25.6 PeV
-----------------------------------------------------------------------
                           Hadronic Processes for alpha
  Process: hadElastic
        Model:              hElasticLHEP: 0 eV /n ---> 100 TeV/n
     Cr_sctns:  Glauber-Gribov Nucl-nucl: 0 eV  ---> 25.6 PeV
  Process: alphaInelastic
        Model:  Binary Light Ion Cascade: 0 eV /n ---> 110 MeV/n
        Model:                  QMDModel: 100 MeV/n ---> 6 GeV/n
        Model:                      FTFP: 5.99 GeV/n ---> 100 TeV/n
     Cr_sctns:  Glauber-Gribov Nucl-nucl: 0 eV  ---> 25.6 PeV
-----------------------------------------------------------------------
                           Hadronic Processes for anti_He3
  Process: hadElastic
        Model:              hElasticLHEP: 0 eV /n ---> 100.1 MeV/n
        Model:              AntiAElastic: 100 MeV/n ---> 100 TeV/n
     Cr_sctns:              AntiAGlauber: 0 eV  ---> 25.6 PeV
  Process: anti_He3Inelastic
        Model:                      FTFP: 0 eV /n ---> 100 TeV/n
     Cr_sctns:              AntiAGlauber: 0 eV  ---> 25.6 PeV
  Process: hFritiofCaptureAtRest
-----------------------------------------------------------------------
                           Hadronic Processes for anti_alpha
  Process: hadElastic
        Model:              hElasticLHEP: 0 eV /n ---> 100.1 MeV/n
        Model:              AntiAElastic: 100 MeV/n ---> 100 TeV/n
     Cr_sctns:              AntiAGlauber: 0 eV  ---> 25.6 PeV
  Process: anti_alphaInelastic
        Model:                      FTFP: 0 eV /n ---> 100 TeV/n
     Cr_sctns:              AntiAGlauber: 0 eV  ---> 25.6 PeV
  Process: hFritiofCaptureAtRest
-----------------------------------------------------------------------
                           Hadronic Processes for anti_deuteron
  Process: hadElastic
        Model:              hElasticLHEP: 0 eV /n ---> 100.1 MeV/n
        Model:              AntiAElastic: 100 MeV/n ---> 100 TeV/n
     Cr_sctns:              AntiAGlauber: 0 eV  ---> 25.6 PeV
  Process: anti_deuteronInelastic
        Model:                      FTFP: 0 eV /n ---> 100 TeV/n
     Cr_sctns:              AntiAGlauber: 0 eV  ---> 25.6 PeV
  Process: hFritiofCaptureAtRest
-------------------------------------------------------------------------
                           Hadronic Processes for anti_hypertriton
  Process: hFritiofCaptureAtRest
-----------------------------------------------------------------------
                           Hadronic Processes for anti_lambda
  Process: hadElastic
        Model:              hElasticLHEP: 0 eV  ---> 100 TeV
     Cr_sctns:            Glauber-Gribov: 0 eV  ---> 100 TeV
  Process: anti_lambdaInelastic
        Model:                      FTFP: 0 eV  ---> 100 TeV
     Cr_sctns:            Glauber-Gribov: 0 eV  ---> 100 TeV
  Process: hFritiofCaptureAtRest
-----------------------------------------------------------------------
                           Hadronic Processes for anti_neutron
  Process: hadElastic
        Model:              hElasticLHEP: 0 eV  ---> 100.1 MeV
        Model:              AntiAElastic: 100 MeV ---> 100 TeV
     Cr_sctns:              AntiAGlauber: 0 eV  ---> 25.6 PeV
  Process: anti_neutronInelastic
        Model:                      FTFP: 0 eV  ---> 100 TeV
     Cr_sctns:              AntiAGlauber: 0 eV  ---> 25.6 PeV
  Process: hFritiofCaptureAtRest
-----------------------------------------------------------------------
                           Hadronic Processes for anti_proton
  Process: hadElastic
        Model:              hElasticLHEP: 0 eV  ---> 100.1 MeV
        Model:              AntiAElastic: 100 MeV ---> 100 TeV
     Cr_sctns:              AntiAGlauber: 0 eV  ---> 25.6 PeV
  Process: anti_protonInelastic
        Model:                      FTFP: 0 eV  ---> 100 TeV
     Cr_sctns:              AntiAGlauber: 0 eV  ---> 25.6 PeV
  Process: hFritiofCaptureAtRest
-----------------------------------------------------------------------
                           Hadronic Processes for anti_triton
  Process: hadElastic
        Model:              hElasticLHEP: 0 eV /n ---> 100.1 MeV/n
        Model:              AntiAElastic: 100 MeV/n ---> 100 TeV/n
     Cr_sctns:              AntiAGlauber: 0 eV  ---> 25.6 PeV
  Process: anti_tritonInelastic
        Model:                      FTFP: 0 eV /n ---> 100 TeV/n
     Cr_sctns:              AntiAGlauber: 0 eV  ---> 25.6 PeV
  Process: hFritiofCaptureAtRest
-----------------------------------------------------------------------
                           Hadronic Processes for deuteron
  Process: hadElastic
        Model:              hElasticLHEP: 0 eV /n ---> 100 TeV/n
     Cr_sctns:  Glauber-Gribov Nucl-nucl: 0 eV  ---> 25.6 PeV
  Process: dInelastic
        Model:  Binary Light Ion Cascade: 0 eV /n ---> 110 MeV/n
        Model:                  QMDModel: 100 MeV/n ---> 6 GeV/n
        Model:                      FTFP: 5.99 GeV/n ---> 100 TeV/n
     Cr_sctns:  Glauber-Gribov Nucl-nucl: 0 eV  ---> 25.6 PeV
-----------------------------------------------------------------------
                           Hadronic Processes for e+
  Process: positronNuclear
        Model:   G4ElectroVDNuclearModel: 0 eV  ---> 1 PeV
     Cr_sctns:          ElectroNuclearXS: 0 eV  ---> 100 TeV
-----------------------------------------------------------------------
                           Hadronic Processes for e-
  Process: electronNuclear
        Model:   G4ElectroVDNuclearModel: 0 eV  ---> 1 PeV
     Cr_sctns:          ElectroNuclearXS: 0 eV  ---> 100 TeV
-----------------------------------------------------------------------
                           Hadronic Processes for gamma
  Process: photonNuclear
        Model:               GammaNPreco: 0 eV  ---> 200 MeV
        Model:            BertiniCascade: 199 MeV ---> 6 GeV
        Model:           TheoFSGenerator: 3 GeV ---> 100 TeV
     Cr_sctns:            GammaNuclearXS: 0 eV  ---> 100 TeV
-----------------------------------------------------------------------
                           Hadronic Processes for kaon+
  Process: hadElastic
        Model:              hElasticLHEP: 0 eV  ---> 100 TeV
     Cr_sctns:            Glauber-Gribov: 0 eV  ---> 100 TeV
  Process: kaon+Inelastic
        Model:                      FTFP: 3 GeV ---> 100 TeV
        Model:            BertiniCascade: 0 eV  ---> 6 GeV
     Cr_sctns:            Glauber-Gribov: 0 eV  ---> 100 TeV
-----------------------------------------------------------------------
                           Hadronic Processes for kaon-
  Process: hadElastic
        Model:              hElasticLHEP: 0 eV  ---> 100 TeV
     Cr_sctns:            Glauber-Gribov: 0 eV  ---> 100 TeV
  Process: kaon-Inelastic
        Model:                      FTFP: 3 GeV ---> 100 TeV
        Model:            BertiniCascade: 0 eV  ---> 6 GeV
     Cr_sctns:            Glauber-Gribov: 0 eV  ---> 100 TeV
  Process: hBertiniCaptureAtRest
-----------------------------------------------------------------------
                           Hadronic Processes for lambda
  Process: hadElastic
        Model:              hElasticLHEP: 0 eV  ---> 100 TeV
     Cr_sctns:            Glauber-Gribov: 0 eV  ---> 100 TeV
  Process: lambdaInelastic
        Model:                      FTFP: 3 GeV ---> 100 TeV
        Model:            BertiniCascade: 0 eV  ---> 6 GeV
     Cr_sctns:            Glauber-Gribov: 0 eV  ---> 100 TeV
-----------------------------------------------------------------------
                           Hadronic Processes for mu+
  Process: muonNuclear
        Model:      G4MuonVDNuclearModel: 0 eV  ---> 1 PeV
     Cr_sctns:     KokoulinMuonNuclearXS: 0 eV  ---> 100 TeV
-----------------------------------------------------------------------
                           Hadronic Processes for mu-
  Process: muonNuclear
        Model:      G4MuonVDNuclearModel: 0 eV  ---> 1 PeV
     Cr_sctns:     KokoulinMuonNuclearXS: 0 eV  ---> 100 TeV
  Process: muMinusCaptureAtRest
-----------------------------------------------------------------------
                           Hadronic Processes for neutron
  Process: hadElastic
        Model:             hElasticCHIPS: 19.5 MeV ---> 100 TeV
        Model:          NeutronHPElastic: 0 eV  ---> 20 MeV
     Cr_sctns:        NeutronHPElasticXS: 0 eV  ---> 20 MeV
     Cr_sctns:        G4NeutronElasticXS: 0 eV  ---> 100 TeV
  Process: neutronInelastic
        Model:                      FTFP: 3 GeV ---> 100 TeV
        Model:            BertiniCascade: 19.9 MeV ---> 6 GeV
        Model:        NeutronHPInelastic: 0 eV  ---> 20 MeV
     Cr_sctns:      NeutronHPInelasticXS: 0 eV  ---> 20 MeV
     Cr_sctns: JENDLHEInelasticCrossSection: 0 eV  ---> 100 TeV
     Cr_sctns:      G4NeutronInelasticXS: 0 eV  ---> 100 TeV
  Process: nCapture
        Model:             nRadCaptureHP: 0 eV  ---> 20 MeV
        Model:               nRadCapture: 19.9 MeV ---> 100 TeV
     Cr_sctns:        NeutronHPCaptureXS: 0 eV  ---> 100 TeV
     Cr_sctns:        G4NeutronCaptureXS: 0 eV  ---> 100 TeV
  Process: nFission
        Model:          NeutronHPFission: 0 eV  ---> 20 MeV
        Model:                G4LFission: 19.9 MeV ---> 100 TeV
     Cr_sctns:        NeutronHPFissionXS: 0 eV  ---> 20 MeV
     Cr_sctns:                    ZeroXS: 0 eV  ---> 100 TeV
-----------------------------------------------------------------------
                           Hadronic Processes for pi+
  Process: hadElastic
        Model:           hElasticGlauber: 0 eV  ---> 100 TeV
     Cr_sctns:  BarashenkovGlauberGribov: 0 eV  ---> 100 TeV
  Process: pi+Inelastic
        Model:                      FTFP: 3 GeV ---> 100 TeV
        Model:            BertiniCascade: 0 eV  ---> 6 GeV
     Cr_sctns:  BarashenkovGlauberGribov: 0 eV  ---> 100 TeV
-----------------------------------------------------------------------
                           Hadronic Processes for pi-
  Process: hadElastic
        Model:           hElasticGlauber: 0 eV  ---> 100 TeV
     Cr_sctns:  BarashenkovGlauberGribov: 0 eV  ---> 100 TeV
  Process: pi-Inelastic
        Model:                      FTFP: 3 GeV ---> 100 TeV
        Model:            BertiniCascade: 0 eV  ---> 6 GeV
     Cr_sctns:  BarashenkovGlauberGribov: 0 eV  ---> 100 TeV
  Process: hBertiniCaptureAtRest
-----------------------------------------------------------------------
                           Hadronic Processes for proton
  Process: hadElastic
        Model:             hElasticCHIPS: 0 eV  ---> 100 TeV
     Cr_sctns:  BarashenkovGlauberGribov: 0 eV  ---> 100 TeV
  Process: protonInelastic
        Model:                      FTFP: 3 GeV ---> 100 TeV
        Model:            BertiniCascade: 0 eV  ---> 6 GeV
     Cr_sctns:  BarashenkovGlauberGribov: 0 eV  ---> 100 TeV
-----------------------------------------------------------------------
                           Hadronic Processes for sigma-
  Process: hadElastic
        Model:              hElasticLHEP: 0 eV  ---> 100 TeV
     Cr_sctns:            Glauber-Gribov: 0 eV  ---> 100 TeV
  Process: sigma-Inelastic
        Model:                      FTFP: 3 GeV ---> 100 TeV
        Model:            BertiniCascade: 0 eV  ---> 6 GeV
     Cr_sctns:            Glauber-Gribov: 0 eV  ---> 100 TeV
  Process: hBertiniCaptureAtRest
-----------------------------------------------------------------------
                           Hadronic Processes for triton
  Process: hadElastic
        Model:              hElasticLHEP: 0 eV /n ---> 100 TeV/n
     Cr_sctns:  Glauber-Gribov Nucl-nucl: 0 eV  ---> 25.6 PeV
  Process: tInelastic
        Model:  Binary Light Ion Cascade: 0 eV /n ---> 110 MeV/n
        Model:                  QMDModel: 100 MeV/n ---> 6 GeV/n
        Model:                      FTFP: 5.99 GeV/n ---> 100 TeV/n
     Cr_sctns:  Glauber-Gribov Nucl-nucl: 0 eV  ---> 25.6 PeV
  Process: RadioactiveDecay
=======================================================================
======       Geant4 Native Pre-compound Model Parameters       ========
=======================================================================
Type of pre-compound model                          0
Type of pre-compound inverse x-section              1
Pre-compound model active                           1
Pre-compound excitation low energy                  0.1 MeV 
Pre-compound excitation high energy                 15 MeV 
Angular generator for pre-compound model            1
Use NeverGoBack option for pre-compound model       0
Use SoftCutOff option for pre-compound model        0
Use CEM transitions for pre-compound model          1
Use GNASH transitions for pre-compound model        0
Use HETC submodel for pre-compound model            0
=======================================================================
======       Nuclear De-excitation Module Parameters           ========
=======================================================================
Type of de-excitation inverse x-section             3
Type of de-excitation factory                       Evaporation+GEM
Number of de-excitation channels                    68
Type of Fermi BreakUp model                         ModelVI
Min excitation energy                               0.01 keV 
Min energy per nucleon for multifragmentation       2e+05 MeV
Level density (1/MeV)                               0.075
Use simple level density model                      1
Use discrete excitation energy of the residual      0
Time limit for long lived isomeres                  1 ns 
Isomer production flag                              1
Internal e- conversion flag                         1
Store e- internal conversion data                   1
Correlated gamma emission flag                      0
Max 2J for sampling of angular correlations         10
=======================================================================
/tracking/verbose 0
/run/verbose 0
/event/verbose 0
/run/printProgress 500
/gun/species GCR_He
/gun/phase min
/gun/fixedEnergyMeV 17782.79410038923
/score/create/boxMesh PhantomMesh
/score/mesh/boxSize 271.399 135.6995 888. mm
/score/mesh/nBin 254 127 222
.... G4ScoringMessenger::MeshBinCommand - G4ScoringBox
/score/mesh/translate/xyz 0. 0. 0. mm
/score/quantity/energyDeposit energyDeposit
G4VScoringMesh::SetPrimitiveScorer() : energyDeposit is registered. 3D size: (254, 127, 222)
/score/close
/run/beamOn 10000
/run/geometryModified
### Run 0 starts.
G4WT12 > /tracking/verbose 0
G4WT4 > /tracking/verbose 0
G4WT12 > /run/verbose 0
G4WT6 > /tracking/verbose 0
G4WT4 > /run/verbose 0
G4WT15 > /tracking/verbose 0
G4WT8 > /tracking/verbose 0
G4WT15 > /run/verbose 0
G4WT15 > /event/verbose 0
G4WT5 > /tracking/verbose 0
G4WT8 > /run/verbose 0
G4WT15 > /run/printProgress 500
G4WT13 > /tracking/verbose 0
G4WT8 > /event/verbose 0
G4WT15 > /gun/species GCR_He
G4WT11 > /tracking/verbose 0
G4WT5 > /run/verbose 0
G4WT13 > /run/verbose 0
G4WT11 > /run/verbose 0
G4WT13 > /event/verbose 0
G4WT5 > /event/verbose 0
G4WT12 > /event/verbose 0
G4WT13 > /run/printProgress 500
G4WT5 > /run/printProgress 500
G4WT13 > /gun/species GCR_He
G4WT5 > /gun/species GCR_He
G4WT13 > /gun/phase min
G4WT9 > /tracking/verbose 0
G4WT5 > /gun/phase min
G4WT10 > /tracking/verbose 0
G4WT5 > /gun/fixedEnergyMeV 17782.79410038923
G4WT11 > /event/verbose 0
G4WT15 > /gun/phase min
G4WT5 > /score/create/boxMesh PhantomMesh
G4WT7 > /tracking/verbose 0
G4WT14 > /tracking/verbose 0
G4WT3 > /tracking/verbose 0
G4WT5 > /score/mesh/boxSize 271.399 135.6995 888. mm
G4WT12 > /run/printProgress 500
G4WT13 > /gun/fixedEnergyMeV 17782.79410038923
G4WT8 > /run/printProgress 500
G4WT13 > /score/create/boxMesh PhantomMesh
G4WT12 > /gun/species GCR_He
G4WT8 > /gun/species GCR_He
G4WT12 > /gun/phase min
G4WT8 > /gun/phase min
G4WT12 > /gun/fixedEnergyMeV 17782.79410038923
G4WT13 > /score/mesh/boxSize 271.399 135.6995 888. mm
G4WT12 > /score/create/boxMesh PhantomMesh
G4WT8 > /gun/fixedEnergyMeV 17782.79410038923
G4WT8 > /score/create/boxMesh PhantomMesh
G4WT4 > /event/verbose 0
G4WT13 > /score/mesh/nBin 254 127 222
G4WT12 > /score/mesh/boxSize 271.399 135.6995 888. mm
G4WT7 > /run/verbose 0
G4WT13 > .... G4ScoringMessenger::MeshBinCommand - G4ScoringBox
G4WT0 > /tracking/verbose 0
G4WT4 > /run/printProgress 500
G4WT8 > /score/mesh/boxSize 271.399 135.6995 888. mm
G4WT5 > /score/mesh/nBin 254 127 222
G4WT14 > /run/verbose 0
G4WT4 > /gun/species GCR_He
G4WT10 > /run/verbose 0
G4WT14 > /event/verbose 0
G4WT4 > /gun/phase min
G4WT1 > /tracking/verbose 0
G4WT2 > /tracking/verbose 0
G4WT10 > /event/verbose 0
G4WT10 > /run/printProgress 500
G4WT1 > /run/verbose 0
G4WT12 > /score/mesh/nBin 254 127 222
G4WT2 > /run/verbose 0
G4WT3 > /run/verbose 0
G4WT10 > /gun/species GCR_He
G4WT0 > /run/verbose 0
G4WT1 > /event/verbose 0
G4WT4 > /gun/fixedEnergyMeV 17782.79410038923
G4WT8 > /score/mesh/nBin 254 127 222
G4WT1 > /run/printProgress 500
G4WT4 > /score/create/boxMesh PhantomMesh
G4WT6 > /run/verbose 0
G4WT5 > .... G4ScoringMessenger::MeshBinCommand - G4ScoringBox
G4WT7 > /event/verbose 0
G4WT2 > /event/verbose 0
G4WT13 > /score/mesh/translate/xyz 0. 0. 0. mm
G4WT3 > /event/verbose 0
G4WT2 > /run/printProgress 500
G4WT10 > /gun/phase min
G4WT2 > /gun/species GCR_He
G4WT13 > /score/quantity/energyDeposit energyDeposit
G4WT2 > /gun/phase min
G4WT3 > /run/printProgress 500
G4WT9 > /run/verbose 0
G4WT2 > /gun/fixedEnergyMeV 17782.79410038923
G4WT2 > /score/create/boxMesh PhantomMesh
G4WT11 > /run/printProgress 500
G4WT9 > /event/verbose 0
G4WT8 > .... G4ScoringMessenger::MeshBinCommand - G4ScoringBox
G4WT9 > /run/printProgress 500
G4WT14 > /run/printProgress 500
G4WT2 > /score/mesh/boxSize 271.399 135.6995 888. mm
G4WT5 > /score/mesh/translate/xyz 0. 0. 0. mm
G4WT7 > /run/printProgress 500
G4WT7 > /gun/species GCR_He
G4WT12 > .... G4ScoringMessenger::MeshBinCommand - G4ScoringBox
G4WT7 > /gun/phase min
G4WT12 > /score/mesh/translate/xyz 0. 0. 0. mm
G4WT7 > /gun/fixedEnergyMeV 17782.79410038923
G4WT10 > /gun/fixedEnergyMeV 17782.79410038923
G4WT7 > /score/create/boxMesh PhantomMesh
G4WT10 > /score/create/boxMesh PhantomMesh
G4WT15 > /gun/fixedEnergyMeV 17782.79410038923
G4WT12 > /score/quantity/energyDeposit energyDeposit
G4WT15 > /score/create/boxMesh PhantomMesh
G4WT10 > /score/mesh/boxSize 271.399 135.6995 888. mm
G4WT3 > /gun/species GCR_He
G4WT12 > /score/close 
G4WT12 > /run/geometryModified 
G4WT3 > /gun/phase min
G4WT15 > /score/mesh/boxSize 271.399 135.6995 888. mm
G4WT13 > /score/close 
G4WT13 > /run/geometryModified 
G4WT4 > /score/mesh/boxSize 271.399 135.6995 888. mm
G4WT15 > /score/mesh/nBin 254 127 222
G4WT15 > .... G4ScoringMessenger::MeshBinCommand - G4ScoringBox
G4WT4 > /score/mesh/nBin 254 127 222
G4WT15 > /score/mesh/translate/xyz 0. 0. 0. mm
G4WT11 > /gun/species GCR_He
G4WT15 > /score/quantity/energyDeposit energyDeposit
G4WT4 > .... G4ScoringMessenger::MeshBinCommand - G4ScoringBox
G4WT4 > /score/mesh/translate/xyz 0. 0. 0. mm
G4WT11 > /gun/phase min
G4WT9 > /gun/species GCR_He
G4WT4 > /score/quantity/energyDeposit energyDeposit
G4WT15 > /score/close 
G4WT15 > /run/geometryModified 
G4WT1 > /gun/species GCR_He
G4WT4 > /score/close 
G4WT4 > /run/geometryModified 
G4WT14 > /gun/species GCR_He
G4WT1 > /gun/phase min
G4WT5 > /score/quantity/energyDeposit energyDeposit
G4WT0 > /event/verbose 0
G4WT7 > /score/mesh/boxSize 271.399 135.6995 888. mm
G4WT5 > /score/close 
G4WT5 > /run/geometryModified 
G4WT7 > /score/mesh/nBin 254 127 222
G4WT7 > .... G4ScoringMessenger::MeshBinCommand - G4ScoringBox
G4WT7 > /score/mesh/translate/xyz 0. 0. 0. mm
G4WT10 > /score/mesh/nBin 254 127 222
G4WT6 > /event/verbose 0
G4WT9 > /gun/phase min
G4WT9 > /gun/fixedEnergyMeV 17782.79410038923
G4WT8 > /score/mesh/translate/xyz 0. 0. 0. mm
G4WT9 > /score/create/boxMesh PhantomMesh
G4WT1 > /gun/fixedEnergyMeV 17782.79410038923
G4WT1 > /score/create/boxMesh PhantomMesh
G4WT14 > /gun/phase min
G4WT14 > /gun/fixedEnergyMeV 17782.79410038923
G4WT14 > /score/create/boxMesh PhantomMesh
G4WT1 > /score/mesh/boxSize 271.399 135.6995 888. mm
G4WT3 > /gun/fixedEnergyMeV 17782.79410038923
G4WT3 > /score/create/boxMesh PhantomMesh
G4WT1 > /score/mesh/nBin 254 127 222
G4WT1 > .... G4ScoringMessenger::MeshBinCommand - G4ScoringBox
G4WT1 > /score/mesh/translate/xyz 0. 0. 0. mm
G4WT7 > /score/quantity/energyDeposit energyDeposit
G4WT3 > /score/mesh/boxSize 271.399 135.6995 888. mm
G4WT1 > /score/quantity/energyDeposit energyDeposit
G4WT10 > .... G4ScoringMessenger::MeshBinCommand - G4ScoringBox
G4WT7 > /score/close 
G4WT1 > /score/close 
G4WT11 > /gun/fixedEnergyMeV 17782.79410038923
G4WT1 > /run/geometryModified 
G4WT7 > /run/geometryModified 
G4WT0 > /run/printProgress 500
G4WT6 > /run/printProgress 500
G4WT8 > /score/quantity/energyDeposit energyDeposit
G4WT0 > /gun/species GCR_He
G4WT6 > /gun/species GCR_He
G4WT10 > /score/mesh/translate/xyz 0. 0. 0. mm
G4WT6 > /gun/phase min
G4WT8 > /score/close 
G4WT6 > /gun/fixedEnergyMeV 17782.79410038923
G4WT3 > /score/mesh/nBin 254 127 222
G4WT11 > /score/create/boxMesh PhantomMesh
G4WT10 > /score/quantity/energyDeposit energyDeposit
G4WT14 > /score/mesh/boxSize 271.399 135.6995 888. mm
G4WT3 > .... G4ScoringMessenger::MeshBinCommand - G4ScoringBox
G4WT2 > /score/mesh/nBin 254 127 222
G4WT0 > /gun/phase min
G4WT10 > /score/close 
G4WT6 > /score/create/boxMesh PhantomMesh
G4WT10 > /run/geometryModified 
G4WT0 > /gun/fixedEnergyMeV 17782.79410038923
G4WT9 > /score/mesh/boxSize 271.399 135.6995 888. mm
G4WT0 > /score/create/boxMesh PhantomMesh
G4WT14 > /score/mesh/nBin 254 127 222
G4WT3 > /score/mesh/translate/xyz 0. 0. 0. mm
G4WT11 > /score/mesh/boxSize 271.399 135.6995 888. mm
G4WT14 > .... G4ScoringMessenger::MeshBinCommand - G4ScoringBox
G4WT2 > .... G4ScoringMessenger::MeshBinCommand - G4ScoringBox
G4WT8 > /run/geometryModified 
G4WT3 > /score/quantity/energyDeposit energyDeposit
G4WT0 > /score/mesh/boxSize 271.399 135.6995 888. mm
G4WT2 > /score/mesh/translate/xyz 0. 0. 0. mm
G4WT14 > /score/mesh/translate/xyz 0. 0. 0. mm
G4WT9 > /score/mesh/nBin 254 127 222
G4WT11 > /score/mesh/nBin 254 127 222
G4WT6 > /score/mesh/boxSize 271.399 135.6995 888. mm
G4WT11 > .... G4ScoringMessenger::MeshBinCommand - G4ScoringBox
G4WT0 > /score/mesh/nBin 254 127 222
G4WT14 > /score/quantity/energyDeposit energyDeposit
G4WT2 > /score/quantity/energyDeposit energyDeposit
G4WT0 > .... G4ScoringMessenger::MeshBinCommand - G4ScoringBox
G4WT0 > /score/mesh/translate/xyz 0. 0. 0. mm
G4WT6 > /score/mesh/nBin 254 127 222
G4WT3 > /score/close 
G4WT2 > /score/close 
G4WT14 > /score/close 
G4WT6 > .... G4ScoringMessenger::MeshBinCommand - G4ScoringBox
G4WT11 > /score/mesh/translate/xyz 0. 0. 0. mm
G4WT3 > /run/geometryModified 
G4WT6 > /score/mesh/translate/xyz 0. 0. 0. mm
G4WT14 > /run/geometryModified 
G4WT2 > /run/geometryModified 
G4WT6 > /score/quantity/energyDeposit energyDeposit
G4WT0 > /score/quantity/energyDeposit energyDeposit
G4WT6 > /score/close 
G4WT6 > /run/geometryModified 
G4WT9 > .... G4ScoringMessenger::MeshBinCommand - G4ScoringBox
G4WT11 > /score/quantity/energyDeposit energyDeposit
G4WT0 > /score/close 
G4WT11 > /score/close 
G4WT0 > /run/geometryModified 
G4WT11 > /run/geometryModified 
G4WT9 > /score/mesh/translate/xyz 0. 0. 0. mm
G4WT9 > /score/quantity/energyDeposit energyDeposit
G4WT9 > /score/close 
G4WT9 > /run/geometryModified 
G4WT1 > ### Run 0 starts on worker thread 1.
G4WT11 > ### Run 0 starts on worker thread 11.
G4WT3 > ### Run 0 starts on worker thread 3.
G4WT8 > ### Run 0 starts on worker thread 8.
G4WT2 > ### Run 0 starts on worker thread 2.
G4WT1 > --> Event 0 starts with initial seeds (53337275,20120854).
G4WT10 > ### Run 0 starts on worker thread 10.
G4WT6 > ### Run 0 starts on worker thread 6.
G4WT10 > --> Event 500 starts with initial seeds (55661180,66032856).
G4WT13 > ### Run 0 starts on worker thread 13.
G4WT4 > ### Run 0 starts on worker thread 4.
G4WT9 > ### Run 0 starts on worker thread 9.
G4WT0 > ### Run 0 starts on worker thread 0.
G4WT0 > --> Event 1000 starts with initial seeds (67678327,25385144).
G4WT15 > ### Run 0 starts on worker thread 15.
G4WT12 > ### Run 0 starts on worker thread 12.
G4WT5 > ### Run 0 starts on worker thread 5.
G4WT14 > ### Run 0 starts on worker thread 14.
G4WT7 > ### Run 0 starts on worker thread 7.
G4WT7 > --> Event 1500 starts with initial seeds (85427665,65651308).
G4WT15 > 
-------- WWWW ------- G4Exception-START -------- WWWW -------
*** G4Exception : Transport-001-ExcessSteps
      issued by : G4Transportation::AlongStepDoIt
 Transportation is killing track that is looping or stuck. 
   Track is e- and has 139.581 MeV energy  ( pre-Step = 139.581 ) 
   momentum = (91.3075,-86.0567,62.3107) mag= 140.091
   position = (5781.35,-5991.85,3655.81) is in volume 'MagnetEnvelope',  its material is 'G4_Galactic' with density = 1e-25 g/cm^3 
 Total number of Steps by this track: 6
 Length of this step = 36759.9 mm 
 Number of propagation trials = 1 ( vs maximum = 10 for 'important' particles ) 
   ( Number of *calls* of Transport/AlongStepDoIt = 73434 )
 =============== Recommendations / advice ====================
 Recommendations to address this issue (Transport-001-ExcessSteps)
 This warning is controlled by the SetThresholdWarningEnergy  method of G4Transportation.  
 Current value of 'warning' threshold= 100 MeV 
 - If 'unimportant' particles (with energy low enough not to matter in your   application, then increase its value. 
 - If particles of high-enough energy to be important are being  killed, you can 
   a) Increase the trial steps using the method  SetThresholdTrials().    Particles above the 'important' threshold 
  will be given this many 'chances'.  The default value was 10, and the current value is 10
   b) Increase the energy which you consider 'important' (above this they are killed only after extra trials), using the method SetThresholdImportantEnergy() 
      Note: this can incur a potentially high cost in extra simulation time  if more tracks require very large number of integration steps . 
   c) investigate alternative integration methods 
    e.g.  Helical methods for uniform or almost uniform fields or else higher order RK methods such as DormandPrince78 
 This information is provided 5 times. Current count: 1 / 5
 =============================================================

*** This is just a warning message. ***
-------- WWWW -------- G4Exception-END --------- WWWW -------

G4WT4 > 
-------- WWWW ------- G4Exception-START -------- WWWW -------
*** G4Exception : Transport-001-ExcessSteps
      issued by : G4Transportation::AlongStepDoIt
 Transportation is killing track that is looping or stuck. 
   Track is e- and has 114.589 MeV energy  ( pre-Step = 114.589 ) 
   momentum = (36.5338,-4.12304,109.069) mag= 115.099
   position = (798.957,-4428.51,2075.28) is in volume 'MagnetEnvelope',  its material is 'G4_Galactic' with density = 1e-25 g/cm^3 
 Total number of Steps by this track: 3
 Length of this step = 36544.1 mm 
 Number of propagation trials = 1 ( vs maximum = 10 for 'important' particles ) 
   ( Number of *calls* of Transport/AlongStepDoIt = 136295 )
 =============== Recommendations / advice ====================
 Recommendations to address this issue (Transport-001-ExcessSteps)
 This warning is controlled by the SetThresholdWarningEnergy  method of G4Transportation.  
 Current value of 'warning' threshold= 100 MeV 
 - If 'unimportant' particles (with energy low enough not to matter in your   application, then increase its value. 
 - If particles of high-enough energy to be important are being  killed, you can 
   a) Increase the trial steps using the method  SetThresholdTrials().    Particles above the 'important' threshold 
  will be given this many 'chances'.  The default value was 10, and the current value is 10
   b) Increase the energy which you consider 'important' (above this they are killed only after extra trials), using the method SetThresholdImportantEnergy() 
      Note: this can incur a potentially high cost in extra simulation time  if more tracks require very large number of integration steps . 
   c) investigate alternative integration methods 
    e.g.  Helical methods for uniform or almost uniform fields or else higher order RK methods such as DormandPrince78 
 This information is provided 5 times. Current count: 2 / 5
 =============================================================

*** This is just a warning message. ***
-------- WWWW -------- G4Exception-END --------- WWWW -------

G4WT13 > 
-------- WWWW ------- G4Exception-START -------- WWWW -------
*** G4Exception : Transport-001-ExcessSteps
      issued by : G4Transportation::AlongStepDoIt
 Transportation is killing track that is looping or stuck. 
   Track is e+ and has 146.362 MeV energy  ( pre-Step = 146.362 ) 
   momentum = (-42.1169,-108.176,-89.9746) mag= 146.872
   position = (-1956.65,-4052.35,-2879.61) is in volume 'MagnetEnvelope',  its material is 'G4_Galactic' with density = 1e-25 g/cm^3 
 Total number of Steps by this track: 4
 Length of this step = 33143.8 mm 
 Number of propagation trials = 1 ( vs maximum = 10 for 'important' particles ) 
   ( Number of *calls* of Transport/AlongStepDoIt = 441215 )
 =============== Recommendations / advice ====================
 Recommendations to address this issue (Transport-001-ExcessSteps)
 This warning is controlled by the SetThresholdWarningEnergy  method of G4Transportation.  
 Current value of 'warning' threshold= 100 MeV 
 - If 'unimportant' particles (with energy low enough not to matter in your   application, then increase its value. 
 - If particles of high-enough energy to be important are being  killed, you can 
   a) Increase the trial steps using the method  SetThresholdTrials().    Particles above the 'important' threshold 
  will be given this many 'chances'.  The default value was 10, and the current value is 10
   b) Increase the energy which you consider 'important' (above this they are killed only after extra trials), using the method SetThresholdImportantEnergy() 
      Note: this can incur a potentially high cost in extra simulation time  if more tracks require very large number of integration steps . 
   c) investigate alternative integration methods 
    e.g.  Helical methods for uniform or almost uniform fields or else higher order RK methods such as DormandPrince78 
 This information is provided 5 times. Current count: 3 / 5
 =============================================================

*** This is just a warning message. ***
-------- WWWW -------- G4Exception-END --------- WWWW -------

G4WT9 > 
-------- WWWW ------- G4Exception-START -------- WWWW -------
*** G4Exception : Transport-001-ExcessSteps
      issued by : G4Transportation::AlongStepDoIt
 Transportation is killing track that is looping or stuck. 
   Track is e+ and has 174.171 MeV energy  ( pre-Step = 174.171 ) 
   momentum = (-155.049,73.8627,-31.9041) mag= 174.682
   position = (-3957.84,2141.37,-992.369) is in volume 'MagnetEnvelope',  its material is 'G4_Galactic' with density = 1e-25 g/cm^3 
 Total number of Steps by this track: 8
 Length of this step = 31150.5 mm 
 Number of propagation trials = 1 ( vs maximum = 10 for 'important' particles ) 
   ( Number of *calls* of Transport/AlongStepDoIt = 425807 )
 =============== Recommendations / advice ====================
 Recommendations to address this issue (Transport-001-ExcessSteps)
 This warning is controlled by the SetThresholdWarningEnergy  method of G4Transportation.  
 Current value of 'warning' threshold= 100 MeV 
 - If 'unimportant' particles (with energy low enough not to matter in your   application, then increase its value. 
 - If particles of high-enough energy to be important are being  killed, you can 
   a) Increase the trial steps using the method  SetThresholdTrials().    Particles above the 'important' threshold 
  will be given this many 'chances'.  The default value was 10, and the current value is 10
   b) Increase the energy which you consider 'important' (above this they are killed only after extra trials), using the method SetThresholdImportantEnergy() 
      Note: this can incur a potentially high cost in extra simulation time  if more tracks require very large number of integration steps . 
   c) investigate alternative integration methods 
    e.g.  Helical methods for uniform or almost uniform fields or else higher order RK methods such as DormandPrince78 
 This information is provided 5 times. Current count: 4 / 5
 =============================================================

*** This is just a warning message. ***
-------- WWWW -------- G4Exception-END --------- WWWW -------

G4WT7 > 
-------- WWWW ------- G4Exception-START -------- WWWW -------
*** G4Exception : Transport-001-ExcessSteps
      issued by : G4Transportation::AlongStepDoIt
 Transportation is killing track that is looping or stuck. 
   Track is e- and has 117.389 MeV energy  ( pre-Step = 117.389 ) 
   momentum = (3.05058,86.1573,-80.4218) mag= 117.899
   position = (58.1472,4499.62,-4969.61) is in volume 'MagnetEnvelope',  its material is 'G4_Galactic' with density = 1e-25 g/cm^3 
 Total number of Steps by this track: 4
 Length of this step = 36343.8 mm 
 Number of propagation trials = 1 ( vs maximum = 10 for 'important' particles ) 
   ( Number of *calls* of Transport/AlongStepDoIt = 408810 )
 =============== Recommendations / advice ====================
 Recommendations to address this issue (Transport-001-ExcessSteps)
 This warning is controlled by the SetThresholdWarningEnergy  method of G4Transportation.  
 Current value of 'warning' threshold= 100 MeV 
 - If 'unimportant' particles (with energy low enough not to matter in your   application, then increase its value. 
 - If particles of high-enough energy to be important are being  killed, you can 
   a) Increase the trial steps using the method  SetThresholdTrials().    Particles above the 'important' threshold 
  will be given this many 'chances'.  The default value was 10, and the current value is 10
   b) Increase the energy which you consider 'important' (above this they are killed only after extra trials), using the method SetThresholdImportantEnergy() 
      Note: this can incur a potentially high cost in extra simulation time  if more tracks require very large number of integration steps . 
   c) investigate alternative integration methods 
    e.g.  Helical methods for uniform or almost uniform fields or else higher order RK methods such as DormandPrince78 
 This information is provided 5 times. Current count: 5 / 5
 =============================================================

*** This is just a warning message. ***
-------- WWWW -------- G4Exception-END --------- WWWW -------

G4WT14 > 
-------- WWWW ------- G4Exception-START -------- WWWW -------
*** G4Exception : Transport-001-ExcessSteps
      issued by : G4Transportation::AlongStepDoIt
 Transportation is killing track that is looping or stuck. 
   Track is e- and has 111.795 MeV energy  ( pre-Step = 111.795 ) 
   momentum = (95.3902,57.077,15.9809) mag= 112.305
   position = (3782.13,2438.34,765.03) is in volume 'MagnetEnvelope',  its material is 'G4_Galactic' with density = 1e-25 g/cm^3 
 Total number of Steps by this track: 2
 Length of this step = 34902.7 mm 
 Number of propagation trials = 1 ( vs maximum = 10 for 'important' particles ) 
   ( Number of *calls* of Transport/AlongStepDoIt = 581237 )

*** This is just a warning message. ***
-------- WWWW -------- G4Exception-END --------- WWWW -------

G4WT14 > 
-------- WWWW ------- G4Exception-START -------- WWWW -------
*** G4Exception : Transport-001-ExcessSteps
      issued by : G4Transportation::AlongStepDoIt
 Transportation is killing track that is looping or stuck. 
   Track is e+ and has 102.861 MeV energy  ( pre-Step = 102.861 ) 
   momentum = (5.87331,-103.155,-3.18476) mag= 103.371
   position = (747.208,-4437.53,-816.766) is in volume 'MagnetEnvelope',  its material is 'G4_Galactic' with density = 1e-25 g/cm^3 
 Total number of Steps by this track: 5
 Length of this step = 31095.1 mm 
 Number of propagation trials = 1 ( vs maximum = 10 for 'important' particles ) 
   ( Number of *calls* of Transport/AlongStepDoIt = 902555 )

*** This is just a warning message. ***
-------- WWWW -------- G4Exception-END --------- WWWW -------

G4WT8 > 
-------- WWWW ------- G4Exception-START -------- WWWW -------
*** G4Exception : Transport-001-ExcessSteps
      issued by : G4Transportation::AlongStepDoIt
 Transportation is killing track that is looping or stuck. 
   Track is e- and has 101.979 MeV energy  ( pre-Step = 101.979 ) 
   momentum = (101.663,-5.80234,11.619) mag= 102.489
   position = (9665.52,-1066.59,68.9755) is in volume 'MagnetEnvelope',  its material is 'G4_Galactic' with density = 1e-25 g/cm^3 
 Total number of Steps by this track: 1
 Length of this step = 35816 mm 
 Number of propagation trials = 1 ( vs maximum = 10 for 'important' particles ) 
   ( Number of *calls* of Transport/AlongStepDoIt = 851035 )

*** This is just a warning message. ***
-------- WWWW -------- G4Exception-END --------- WWWW -------

G4WT2 > 
-------- WWWW ------- G4Exception-START -------- WWWW -------
*** G4Exception : Transport-001-ExcessSteps
      issued by : G4Transportation::AlongStepDoIt
 Transportation is killing track that is looping or stuck. 
   Track is e+ and has 114.716 MeV energy  ( pre-Step = 114.716 ) 
   momentum = (-105.835,-37.9498,25.2111) mag= 115.226
   position = (-4222.87,-1554.78,1047.2) is in volume 'MagnetEnvelope',  its material is 'G4_Galactic' with density = 1e-25 g/cm^3 
 Total number of Steps by this track: 2
 Length of this step = 27648.7 mm 
 Number of propagation trials = 1 ( vs maximum = 10 for 'important' particles ) 
   ( Number of *calls* of Transport/AlongStepDoIt = 1277035 )

*** This is just a warning message. ***
-------- WWWW -------- G4Exception-END --------- WWWW -------

G4WT14 > 
-------- WWWW ------- G4Exception-START -------- WWWW -------
*** G4Exception : Transport-001-ExcessSteps
      issued by : G4Transportation::AlongStepDoIt
 Transportation is killing track that is looping or stuck. 
   Track is e+ and has 177.235 MeV energy  ( pre-Step = 177.235 ) 
   momentum = (-156.192,-82.1907,21.0287) mag= 177.746
   position = (-4038.84,-1984.38,535.452) is in volume 'MagnetEnvelope',  its material is 'G4_Galactic' with density = 1e-25 g/cm^3 
 Total number of Steps by this track: 2
 Length of this step = 36434.2 mm 
 Number of propagation trials = 1 ( vs maximum = 10 for 'important' particles ) 
   ( Number of *calls* of Transport/AlongStepDoIt = 1535516 )

*** This is just a warning message. ***
-------- WWWW -------- G4Exception-END --------- WWWW -------

G4WT14 > 
-------- WWWW ------- G4Exception-START -------- WWWW -------
*** G4Exception : Transport-001-ExcessSteps
      issued by : G4Transportation::AlongStepDoIt
 Transportation is killing track that is looping or stuck. 
   Track is e- and has 131.818 MeV energy  ( pre-Step = 131.818 ) 
   momentum = (89.8597,-95.4384,18.0931) mag= 132.328
   position = (3411.22,-2934.89,466.404) is in volume 'MagnetEnvelope',  its material is 'G4_Galactic' with density = 1e-25 g/cm^3 
 Total number of Steps by this track: 78
 Length of this step = 26245 mm 
 Number of propagation trials = 1 ( vs maximum = 10 for 'important' particles ) 
   ( Number of *calls* of Transport/AlongStepDoIt = 2157094 )

*** This is just a warning message. ***
-------- WWWW -------- G4Exception-END --------- WWWW -------

G4WT13 > 
-------- WWWW ------- G4Exception-START -------- WWWW -------
*** G4Exception : Transport-001-ExcessSteps
      issued by : G4Transportation::AlongStepDoIt
 Transportation is killing track that is looping or stuck. 
   Track is e+ and has 140.778 MeV energy  ( pre-Step = 140.778 ) 
   momentum = (129.799,52.7828,-18.1233) mag= 141.288
   position = (8335,1094.64,-2816.28) is in volume 'MagnetEnvelope',  its material is 'G4_Galactic' with density = 1e-25 g/cm^3 
 Total number of Steps by this track: 5
 Length of this step = 27679.4 mm 
 Number of propagation trials = 1 ( vs maximum = 10 for 'important' particles ) 
   ( Number of *calls* of Transport/AlongStepDoIt = 1713889 )

*** This is just a warning message. ***
-------- WWWW -------- G4Exception-END --------- WWWW -------

G4WT4 > 
-------- WWWW ------- G4Exception-START -------- WWWW -------
*** G4Exception : Transport-001-ExcessSteps
      issued by : G4Transportation::AlongStepDoIt
 Transportation is killing track that is looping or stuck. 
   Track is e- and has 126.611 MeV energy  ( pre-Step = 126.611 ) 
   momentum = (-121.009,-38.4556,6.1445) mag= 127.121
   position = (-2253.99,-3894.81,-2181.73) is in volume 'MagnetEnvelope',  its material is 'G4_Galactic' with density = 1e-25 g/cm^3 
 Total number of Steps by this track: 50
 Length of this step = 22501.7 mm 
 Number of propagation trials = 1 ( vs maximum = 10 for 'important' particles ) 
   ( Number of *calls* of Transport/AlongStepDoIt = 1376409 )

*** This is just a warning message. ***
-------- WWWW -------- G4Exception-END --------- WWWW -------

G4WT0 > 
-------- WWWW ------- G4Exception-START -------- WWWW -------
*** G4Exception : Transport-001-ExcessSteps
      issued by : G4Transportation::AlongStepDoIt
 Transportation is killing track that is looping or stuck. 
   Track is e+ and has 132.469 MeV energy  ( pre-Step = 132.469 ) 
   momentum = (-96.8227,-91.1451,-1.16208) mag= 132.979
   position = (-3142.75,-3220.74,-162.661) is in volume 'MagnetEnvelope',  its material is 'G4_Galactic' with density = 1e-25 g/cm^3 
 Total number of Steps by this track: 3
 Length of this step = 25861.1 mm 
 Number of propagation trials = 1 ( vs maximum = 10 for 'important' particles ) 
   ( Number of *calls* of Transport/AlongStepDoIt = 1536240 )

*** This is just a warning message. ***
-------- WWWW -------- G4Exception-END --------- WWWW -------

G4WT11 > 
-------- WWWW ------- G4Exception-START -------- WWWW -------
*** G4Exception : Transport-001-ExcessSteps
      issued by : G4Transportation::AlongStepDoIt
 Transportation is killing track that is looping or stuck. 
   Track is e+ and has 130.65 MeV energy  ( pre-Step = 130.65 ) 
   momentum = (56.4495,-55.1615,-104.755) mag= 131.16
   position = (-5245.42,-7816.32,-725.334) is in volume 'MagnetEnvelope',  its material is 'G4_Galactic' with density = 1e-25 g/cm^3 
 Total number of Steps by this track: 1
 Length of this step = 32782.7 mm 
 Number of propagation trials = 1 ( vs maximum = 10 for 'important' particles ) 
   ( Number of *calls* of Transport/AlongStepDoIt = 1737339 )

*** This is just a warning message. ***
-------- WWWW -------- G4Exception-END --------- WWWW -------

G4WT13 > 
-------- WWWW ------- G4Exception-START -------- WWWW -------
*** G4Exception : Transport-001-ExcessSteps
      issued by : G4Transportation::AlongStepDoIt
 Transportation is killing track that is looping or stuck. 
   Track is e+ and has 129.771 MeV energy  ( pre-Step = 129.771 ) 
   momentum = (-40.3072,-88.4399,-86.7571) mag= 130.281
   position = (2074.25,-3993.43,1749.86) is in volume 'MagnetEnvelope',  its material is 'G4_Galactic' with density = 1e-25 g/cm^3 
 Total number of Steps by this track: 16
 Length of this step = 32853.3 mm 
 Number of propagation trials = 1 ( vs maximum = 10 for 'important' particles ) 
   ( Number of *calls* of Transport/AlongStepDoIt = 2133128 )

*** This is just a warning message. ***
-------- WWWW -------- G4Exception-END --------- WWWW -------

G4WT5 > 
-------- WWWW ------- G4Exception-START -------- WWWW -------
*** G4Exception : Transport-001-ExcessSteps
      issued by : G4Transportation::AlongStepDoIt
 Transportation is killing track that is looping or stuck. 
   Track is e+ and has 162.5 MeV energy  ( pre-Step = 162.5 ) 
   momentum = (-126.442,-92.0386,-45.9759) mag= 163.01
   position = (-3690.28,-2575.23,-1365.7) is in volume 'MagnetEnvelope',  its material is 'G4_Galactic' with density = 1e-25 g/cm^3 
 Total number of Steps by this track: 6
 Length of this step = 34245.3 mm 
 Number of propagation trials = 1 ( vs maximum = 10 for 'important' particles ) 
   ( Number of *calls* of Transport/AlongStepDoIt = 1654616 )

*** This is just a warning message. ***
-------- WWWW -------- G4Exception-END --------- WWWW -------

G4WT4 > 
-------- WWWW ------- G4Exception-START -------- WWWW -------
*** G4Exception : Transport-001-ExcessSteps
      issued by : G4Transportation::AlongStepDoIt
 Transportation is killing track that is looping or stuck. 
   Track is e+ and has 196.492 MeV energy  ( pre-Step = 196.492 ) 
   momentum = (154.244,-104.392,64.1972) mag= 197.003
   position = (3802.29,-2406.78,1716.76) is in volume 'MagnetEnvelope',  its material is 'G4_Galactic' with density = 1e-25 g/cm^3 
 Total number of Steps by this track: 4
 Length of this step = 37733.3 mm 
 Number of propagation trials = 1 ( vs maximum = 10 for 'important' particles ) 
   ( Number of *calls* of Transport/AlongStepDoIt = 1991188 )

*** This is just a warning message. ***
-------- WWWW -------- G4Exception-END --------- WWWW -------

G4WT4 > 
-------- WWWW ------- G4Exception-START -------- WWWW -------
*** G4Exception : Transport-001-ExcessSteps
      issued by : G4Transportation::AlongStepDoIt
 Transportation is killing track that is looping or stuck. 
   Track is e- and has 149.995 MeV energy  ( pre-Step = 149.995 ) 
   momentum = (121.229,-74.4327,49.1439) mag= 150.505
   position = (3802.32,-2406.73,1716.77) is in volume 'MagnetEnvelope',  its material is 'G4_Galactic' with density = 1e-25 g/cm^3 
 Total number of Steps by this track: 3
 Length of this step = 27824.1 mm 
 Number of propagation trials = 1 ( vs maximum = 10 for 'important' particles ) 
   ( Number of *calls* of Transport/AlongStepDoIt = 1991199 )

*** This is just a warning message. ***
-------- WWWW -------- G4Exception-END --------- WWWW -------

G4WT6 > 
-------- WWWW ------- G4Exception-START -------- WWWW -------
*** G4Exception : Transport-001-ExcessSteps
      issued by : G4Transportation::AlongStepDoIt
 Transportation is killing track that is looping or stuck. 
   Track is e- and has 146.546 MeV energy  ( pre-Step = 146.546 ) 
   momentum = (-123.541,79.4329,-7.31857) mag= 147.056
   position = (-3816.53,2384.14,-337.517) is in volume 'MagnetEnvelope',  its material is 'G4_Galactic' with density = 1e-25 g/cm^3 
 Total number of Steps by this track: 2
 Length of this step = 29064.5 mm 
 Number of propagation trials = 1 ( vs maximum = 10 for 'important' particles ) 
   ( Number of *calls* of Transport/AlongStepDoIt = 2150235 )

*** This is just a warning message. ***
-------- WWWW -------- G4Exception-END --------- WWWW -------

G4WT1 > 
-------- WWWW ------- G4Exception-START -------- WWWW -------
*** G4Exception : Transport-001-ExcessSteps
      issued by : G4Transportation::AlongStepDoIt
 Transportation is killing track that is looping or stuck. 
   Track is e- and has 142.477 MeV energy  ( pre-Step = 142.477 ) 
   momentum = (139.317,-31.7184,-5.48051) mag= 142.987
   position = (4345.69,-1168.33,-103.386) is in volume 'MagnetEnvelope',  its material is 'G4_Galactic' with density = 1e-25 g/cm^3 
 Total number of Steps by this track: 4
 Length of this step = 36528.2 mm 
 Number of propagation trials = 1 ( vs maximum = 10 for 'important' particles ) 
   ( Number of *calls* of Transport/AlongStepDoIt = 1474508 )

*** This is just a warning message. ***
-------- WWWW -------- G4Exception-END --------- WWWW -------

G4WT14 > 
-------- WWWW ------- G4Exception-START -------- WWWW -------
*** G4Exception : Transport-001-ExcessSteps
      issued by : G4Transportation::AlongStepDoIt
 Transportation is killing track that is looping or stuck. 
   Track is e+ and has 100.881 MeV energy  ( pre-Step = 100.881 ) 
   momentum = (0.617327,-90.4984,-45.7126) mag= 101.39
   position = (-1389.17,-4280.21,559.311) is in volume 'MagnetEnvelope',  its material is 'G4_Galactic' with density = 1e-25 g/cm^3 
 Total number of Steps by this track: 29
 Length of this step = 27566.9 mm 
 Number of propagation trials = 1 ( vs maximum = 10 for 'important' particles ) 
   ( Number of *calls* of Transport/AlongStepDoIt = 3648488 )

*** This is just a warning message. ***
-------- WWWW -------- G4Exception-END --------- WWWW -------

G4WT3 > 
-------- WWWW ------- G4Exception-START -------- WWWW -------
*** G4Exception : Transport-001-ExcessSteps
      issued by : G4Transportation::AlongStepDoIt
 Transportation is killing track that is looping or stuck. 
   Track is e+ and has 172.847 MeV energy  ( pre-Step = 172.847 ) 
   momentum = (16.524,170.293,27.932) mag= 173.358
   position = (228.798,4494.18,647.162) is in volume 'MagnetEnvelope',  its material is 'G4_Galactic' with density = 1e-25 g/cm^3 
 Total number of Steps by this track: 3
 Length of this step = 40444.2 mm 
 Number of propagation trials = 1 ( vs maximum = 10 for 'important' particles ) 
   ( Number of *calls* of Transport/AlongStepDoIt = 3013565 )

*** This is just a warning message. ***
-------- WWWW -------- G4Exception-END --------- WWWW -------

G4WT0 > 
-------- WWWW ------- G4Exception-START -------- WWWW -------
*** G4Exception : Transport-001-ExcessSteps
      issued by : G4Transportation::AlongStepDoIt
 Transportation is killing track that is looping or stuck. 
   Track is e+ and has 111.968 MeV energy  ( pre-Step = 111.968 ) 
   momentum = (-83.8267,74.7437,-6.14912) mag= 112.478
   position = (-3308.89,3049.8,-82.7422) is in volume 'MagnetEnvelope',  its material is 'G4_Galactic' with density = 1e-25 g/cm^3 
 Total number of Steps by this track: 6
 Length of this step = 24300.3 mm 
 Number of propagation trials = 1 ( vs maximum = 10 for 'important' particles ) 
   ( Number of *calls* of Transport/AlongStepDoIt = 3390905 )

*** This is just a warning message. ***
-------- WWWW -------- G4Exception-END --------- WWWW -------

G4WT0 > 
-------- WWWW ------- G4Exception-START -------- WWWW -------
*** G4Exception : Transport-001-ExcessSteps
      issued by : G4Transportation::AlongStepDoIt
 Transportation is killing track that is looping or stuck. 
   Track is e- and has 114.668 MeV energy  ( pre-Step = 114.668 ) 
   momentum = (89.1836,72.8335,2.75124) mag= 115.178
   position = (3950.13,2155.57,371.778) is in volume 'MagnetEnvelope',  its material is 'G4_Galactic' with density = 1e-25 g/cm^3 
 Total number of Steps by this track: 3
 Length of this step = 23068.8 mm 
 Number of propagation trials = 1 ( vs maximum = 10 for 'important' particles ) 
   ( Number of *calls* of Transport/AlongStepDoIt = 3533386 )

*** This is just a warning message. ***
-------- WWWW -------- G4Exception-END --------- WWWW -------

G4WT10 > 
-------- WWWW ------- G4Exception-START -------- WWWW -------
*** G4Exception : Transport-001-ExcessSteps
      issued by : G4Transportation::AlongStepDoIt
 Transportation is killing track that is looping or stuck. 
   Track is e+ and has 190.005 MeV energy  ( pre-Step = 190.005 ) 
   momentum = (-122.546,139.026,44.1604) mag= 190.515
   position = (-3047.99,3310.56,1010.97) is in volume 'MagnetEnvelope',  its material is 'G4_Galactic' with density = 1e-25 g/cm^3 
 Total number of Steps by this track: 3
 Length of this step = 28021.3 mm 
 Number of propagation trials = 1 ( vs maximum = 10 for 'important' particles ) 
   ( Number of *calls* of Transport/AlongStepDoIt = 3162043 )

*** This is just a warning message. ***
-------- WWWW -------- G4Exception-END --------- WWWW -------

G4WT10 > 
-------- WWWW ------- G4Exception-START -------- WWWW -------
*** G4Exception : Transport-001-ExcessSteps
      issued by : G4Transportation::AlongStepDoIt
 Transportation is killing track that is looping or stuck. 
   Track is e- and has 114.843 MeV energy  ( pre-Step = 114.843 ) 
   momentum = (-69.5687,-18.7887,-90.0748) mag= 115.353
   position = (-3925.89,2199.41,2644.09) is in volume 'MagnetEnvelope',  its material is 'G4_Galactic' with density = 1e-25 g/cm^3 
 Total number of Steps by this track: 6
 Length of this step = 26782.7 mm 
 Number of propagation trials = 1 ( vs maximum = 10 for 'important' particles ) 
   ( Number of *calls* of Transport/AlongStepDoIt = 3286016 )

*** This is just a warning message. ***
-------- WWWW -------- G4Exception-END --------- WWWW -------

G4WT14 > 
-------- WWWW ------- G4Exception-START -------- WWWW -------
*** G4Exception : Transport-001-ExcessSteps
      issued by : G4Transportation::AlongStepDoIt
 Transportation is killing track that is looping or stuck. 
   Track is e- and has 132.524 MeV energy  ( pre-Step = 132.524 ) 
   momentum = (49.2329,98.5582,-74.5685) mag= 133.034
   position = (2046.22,4007.86,-3453.94) is in volume 'MagnetEnvelope',  its material is 'G4_Galactic' with density = 1e-25 g/cm^3 
 Total number of Steps by this track: 4
 Length of this step = 33781.5 mm 
 Number of propagation trials = 1 ( vs maximum = 10 for 'important' particles ) 
   ( Number of *calls* of Transport/AlongStepDoIt = 5157567 )

*** This is just a warning message. ***
-------- WWWW -------- G4Exception-END --------- WWWW -------

G4WT8 > 
-------- WWWW ------- G4Exception-START -------- WWWW -------
*** G4Exception : Transport-001-ExcessSteps
      issued by : G4Transportation::AlongStepDoIt
 Transportation is killing track that is looping or stuck. 
   Track is e- and has 130.205 MeV energy  ( pre-Step = 130.205 ) 
   momentum = (-75.1882,96.1901,-46.6973) mag= 130.715
   position = (-3784.45,2434.74,89.5852) is in volume 'MagnetEnvelope',  its material is 'G4_Galactic' with density = 1e-25 g/cm^3 
 Total number of Steps by this track: 70
 Length of this step = 25536.7 mm 
 Number of propagation trials = 1 ( vs maximum = 10 for 'important' particles ) 
   ( Number of *calls* of Transport/AlongStepDoIt = 4092466 )

*** This is just a warning message. ***
-------- WWWW -------- G4Exception-END --------- WWWW -------

G4WT6 > 
-------- WWWW ------- G4Exception-START -------- WWWW -------
*** G4Exception : Transport-001-ExcessSteps
      issued by : G4Transportation::AlongStepDoIt
 Transportation is killing track that is looping or stuck. 
   Track is e- and has 115.097 MeV energy  ( pre-Step = 115.097 ) 
   momentum = (-48.2411,82.3052,-65.2961) mag= 115.607
   position = (-1923.67,4068.11,-4303.69) is in volume 'MagnetEnvelope',  its material is 'G4_Galactic' with density = 1e-25 g/cm^3 
 Total number of Steps by this track: 8
 Length of this step = 39106.5 mm 
 Number of propagation trials = 1 ( vs maximum = 10 for 'important' particles ) 
   ( Number of *calls* of Transport/AlongStepDoIt = 3864347 )

*** This is just a warning message. ***
-------- WWWW -------- G4Exception-END --------- WWWW -------

G4WT5 > 
-------- WWWW ------- G4Exception-START -------- WWWW -------
*** G4Exception : Transport-001-ExcessSteps
      issued by : G4Transportation::AlongStepDoIt
 Transportation is killing track that is looping or stuck. 
   Track is e+ and has 107.183 MeV energy  ( pre-Step = 107.183 ) 
   momentum = (-7.81279,-74.5976,-77.2777) mag= 107.693
   position = (-318.848,-4488.69,-4537.48) is in volume 'MagnetEnvelope',  its material is 'G4_Galactic' with density = 1e-25 g/cm^3 
 Total number of Steps by this track: 7
 Length of this step = 37731.2 mm 
 Number of propagation trials = 1 ( vs maximum = 10 for 'important' particles ) 
   ( Number of *calls* of Transport/AlongStepDoIt = 3704109 )

*** This is just a warning message. ***
-------- WWWW -------- G4Exception-END --------- WWWW -------

G4WT3 > 
-------- WWWW ------- G4Exception-START -------- WWWW -------
*** G4Exception : Transport-001-ExcessSteps
      issued by : G4Transportation::AlongStepDoIt
 Transportation is killing track that is looping or stuck. 
   Track is e+ and has 135.126 MeV energy  ( pre-Step = 135.126 ) 
   momentum = (22.9928,129.943,31.357) mag= 135.636
   position = (4037.56,-5391.9,830.593) is in volume 'MagnetEnvelope',  its material is 'G4_Galactic' with density = 1e-25 g/cm^3 
 Total number of Steps by this track: 8
 Length of this step = 31542.1 mm 
 Number of propagation trials = 1 ( vs maximum = 10 for 'important' particles ) 
   ( Number of *calls* of Transport/AlongStepDoIt = 4354959 )

*** This is just a warning message. ***
-------- WWWW -------- G4Exception-END --------- WWWW -------

G4WT14 > 
-------- WWWW ------- G4Exception-START -------- WWWW -------
*** G4Exception : Transport-001-ExcessSteps
      issued by : G4Transportation::AlongStepDoIt
 Transportation is killing track that is looping or stuck. 
   Track is e- and has 103.279 MeV energy  ( pre-Step = 103.279 ) 
   momentum = (22.2012,87.0964,-51.8986) mag= 103.789
   position = (1464.54,4255.01,-2574.97) is in volume 'MagnetEnvelope',  its material is 'G4_Galactic' with density = 1e-25 g/cm^3 
 Total number of Steps by this track: 3
 Length of this step = 22380.8 mm 
 Number of propagation trials = 1 ( vs maximum = 10 for 'important' particles ) 
   ( Number of *calls* of Transport/AlongStepDoIt = 6661686 )

*** This is just a warning message. ***
-------- WWWW -------- G4Exception-END --------- WWWW -------

G4WT15 > 
-------- WWWW ------- G4Exception-START -------- WWWW -------
*** G4Exception : Transport-001-ExcessSteps
      issued by : G4Transportation::AlongStepDoIt
 Transportation is killing track that is looping or stuck. 
   Track is e+ and has 120.806 MeV energy  ( pre-Step = 120.806 ) 
   momentum = (6.7811,99.6094,68.9172) mag= 121.316
   position = (252.841,4492.89,3168.89) is in volume 'MagnetEnvelope',  its material is 'G4_Galactic' with density = 1e-25 g/cm^3 
 Total number of Steps by this track: 2
 Length of this step = 36172.5 mm 
 Number of propagation trials = 1 ( vs maximum = 10 for 'important' particles ) 
   ( Number of *calls* of Transport/AlongStepDoIt = 4262473 )

*** This is just a warning message. ***
-------- WWWW -------- G4Exception-END --------- WWWW -------

G4WT11 > 
-------- WWWW ------- G4Exception-START -------- WWWW -------
*** G4Exception : Transport-001-ExcessSteps
      issued by : G4Transportation::AlongStepDoIt
 Transportation is killing track that is looping or stuck. 
   Track is e+ and has 114.726 MeV energy  ( pre-Step = 114.726 ) 
   momentum = (104.855,47.5206,5.16218) mag= 115.236
   position = (4051.46,1958.49,219.641) is in volume 'MagnetEnvelope',  its material is 'G4_Galactic' with density = 1e-25 g/cm^3 
 Total number of Steps by this track: 3
 Length of this step = 37892.6 mm 
 Number of propagation trials = 1 ( vs maximum = 10 for 'important' particles ) 
   ( Number of *calls* of Transport/AlongStepDoIt = 5266208 )

*** This is just a warning message. ***
-------- WWWW -------- G4Exception-END --------- WWWW -------

G4WT2 > 
-------- WWWW ------- G4Exception-START -------- WWWW -------
*** G4Exception : Transport-001-ExcessSteps
      issued by : G4Transportation::AlongStepDoIt
 Transportation is killing track that is looping or stuck. 
   Track is e- and has 105.763 MeV energy  ( pre-Step = 105.763 ) 
   momentum = (55.051,15.3984,-89.5894) mag= 106.273
   position = (-618.497,4457.29,-2597.3) is in volume 'MagnetEnvelope',  its material is 'G4_Galactic' with density = 1e-25 g/cm^3 
 Total number of Steps by this track: 2
 Length of this step = 36536.9 mm 
 Number of propagation trials = 1 ( vs maximum = 10 for 'important' particles ) 
   ( Number of *calls* of Transport/AlongStepDoIt = 4710762 )

*** This is just a warning message. ***
-------- WWWW -------- G4Exception-END --------- WWWW -------

G4WT12 > 
-------- WWWW ------- G4Exception-START -------- WWWW -------
*** G4Exception : Transport-001-ExcessSteps
      issued by : G4Transportation::AlongStepDoIt
 Transportation is killing track that is looping or stuck. 
   Track is e- and has 105.13 MeV energy  ( pre-Step = 105.13 ) 
   momentum = (-96.3,3.94516,43.249) mag= 105.64
   position = (-3932.62,-2187.35,540.21) is in volume 'MagnetEnvelope',  its material is 'G4_Galactic' with density = 1e-25 g/cm^3 
 Total number of Steps by this track: 68
 Length of this step = 25833.5 mm 
 Number of propagation trials = 1 ( vs maximum = 10 for 'important' particles ) 
   ( Number of *calls* of Transport/AlongStepDoIt = 4797854 )

*** This is just a warning message. ***
-------- WWWW -------- G4Exception-END --------- WWWW -------

G4WT12 > 
-------- WWWW ------- G4Exception-START -------- WWWW -------
*** G4Exception : Transport-001-ExcessSteps
      issued by : G4Transportation::AlongStepDoIt
 Transportation is killing track that is looping or stuck. 
   Track is e+ and has 119.36 MeV energy  ( pre-Step = 119.36 ) 
   momentum = (118.839,-10.8268,11.3514) mag= 119.869
   position = (3102.15,3259.86,1524.7) is in volume 'MagnetEnvelope',  its material is 'G4_Galactic' with density = 1e-25 g/cm^3 
 Total number of Steps by this track: 83
 Length of this step = 23113.1 mm 
 Number of propagation trials = 1 ( vs maximum = 10 for 'important' particles ) 
   ( Number of *calls* of Transport/AlongStepDoIt = 4841591 )

*** This is just a warning message. ***
-------- WWWW -------- G4Exception-END --------- WWWW -------

G4WT15 > 
-------- WWWW ------- G4Exception-START -------- WWWW -------
*** G4Exception : Transport-001-ExcessSteps
      issued by : G4Transportation::AlongStepDoIt
 Transportation is killing track that is looping or stuck. 
   Track is e+ and has 149.346 MeV energy  ( pre-Step = 149.346 ) 
   momentum = (2.2582,149.248,13.2934) mag= 149.856
   position = (1758.19,4142.31,1698.19) is in volume 'MagnetEnvelope',  its material is 'G4_Galactic' with density = 1e-25 g/cm^3 
 Total number of Steps by this track: 232
 Length of this step = 30309.3 mm 
 Number of propagation trials = 1 ( vs maximum = 10 for 'important' particles ) 
   ( Number of *calls* of Transport/AlongStepDoIt = 5324381 )

*** This is just a warning message. ***
-------- WWWW -------- G4Exception-END --------- WWWW -------

G4WT12 > 
-------- WWWW ------- G4Exception-START -------- WWWW -------
*** G4Exception : Transport-001-ExcessSteps
      issued by : G4Transportation::AlongStepDoIt
 Transportation is killing track that is looping or stuck. 
   Track is e+ and has 104.471 MeV energy  ( pre-Step = 104.471 ) 
   momentum = (21.2388,-42.0235,93.829) mag= 104.981
   position = (4879.85,-6201.69,-2046.53) is in volume 'MagnetEnvelope',  its material is 'G4_Galactic' with density = 1e-25 g/cm^3 
 Total number of Steps by this track: 1
 Length of this step = 26838.7 mm 
 Number of propagation trials = 1 ( vs maximum = 10 for 'important' particles ) 
   ( Number of *calls* of Transport/AlongStepDoIt = 5505168 )

*** This is just a warning message. ***
-------- WWWW -------- G4Exception-END --------- WWWW -------

G4WT4 > --> Event 2000 starts with initial seeds (59055565,39439036).
G4WT7 > 
-------- WWWW ------- G4Exception-START -------- WWWW -------
*** G4Exception : Transport-001-ExcessSteps
      issued by : G4Transportation::AlongStepDoIt
 Transportation is killing track that is looping or stuck. 
   Track is e+ and has 160.767 MeV energy  ( pre-Step = 160.767 ) 
   momentum = (30.6686,-138.731,-76.3134) mag= 161.278
   position = (1315.44,-4303.44,-1418.36) is in volume 'MagnetEnvelope',  its material is 'G4_Galactic' with density = 1e-25 g/cm^3 
 Total number of Steps by this track: 22
 Length of this step = 33934.1 mm 
 Number of propagation trials = 1 ( vs maximum = 10 for 'important' particles ) 
   ( Number of *calls* of Transport/AlongStepDoIt = 6068221 )

*** This is just a warning message. ***
-------- WWWW -------- G4Exception-END --------- WWWW -------

G4WT12 > 
-------- WWWW ------- G4Exception-START -------- WWWW -------
*** G4Exception : Transport-001-ExcessSteps
      issued by : G4Transportation::AlongStepDoIt
 Transportation is killing track that is looping or stuck. 
   Track is e- and has 111.391 MeV energy  ( pre-Step = 111.391 ) 
   momentum = (19.7103,52.0547,-97.0755) mag= 111.901
   position = (1989.12,4036.51,-1788.68) is in volume 'MagnetEnvelope',  its material is 'G4_Galactic' with density = 1e-25 g/cm^3 
 Total number of Steps by this track: 31
 Length of this step = 29144.3 mm 
 Number of propagation trials = 1 ( vs maximum = 10 for 'important' particles ) 
   ( Number of *calls* of Transport/AlongStepDoIt = 6224240 )

*** This is just a warning message. ***
-------- WWWW -------- G4Exception-END --------- WWWW -------

G4WT14 > 
-------- WWWW ------- G4Exception-START -------- WWWW -------
*** G4Exception : Transport-001-ExcessSteps
      issued by : G4Transportation::AlongStepDoIt
 Transportation is killing track that is looping or stuck. 
   Track is e+ and has 108.28 MeV energy  ( pre-Step = 108.28 ) 
   momentum = (-75.1474,-75.0068,-23.7097) mag= 108.79
   position = (-3333.83,-3022.51,-862.533) is in volume 'MagnetEnvelope',  its material is 'G4_Galactic' with density = 1e-25 g/cm^3 
 Total number of Steps by this track: 6
 Length of this step = 23081.1 mm 
 Number of propagation trials = 1 ( vs maximum = 10 for 'important' particles ) 
   ( Number of *calls* of Transport/AlongStepDoIt = 7869195 )

*** This is just a warning message. ***
-------- WWWW -------- G4Exception-END --------- WWWW -------

G4WT14 > 
-------- WWWW ------- G4Exception-START -------- WWWW -------
*** G4Exception : Transport-001-ExcessSteps
      issued by : G4Transportation::AlongStepDoIt
 Transportation is killing track that is looping or stuck. 
   Track is e+ and has 111.756 MeV energy  ( pre-Step = 111.756 ) 
   momentum = (-46.3818,97.0142,-32.2595) mag= 112.266
   position = (-3876.65,2285.08,2329.34) is in volume 'MagnetEnvelope',  its material is 'G4_Galactic' with density = 1e-25 g/cm^3 
 Total number of Steps by this track: 192
 Length of this step = 31924.3 mm 
 Number of propagation trials = 1 ( vs maximum = 10 for 'important' particles ) 
   ( Number of *calls* of Transport/AlongStepDoIt = 8029306 )

*** This is just a warning message. ***
-------- WWWW -------- G4Exception-END --------- WWWW -------

G4WT12 > 
-------- WWWW ------- G4Exception-START -------- WWWW -------
*** G4Exception : Transport-001-ExcessSteps
      issued by : G4Transportation::AlongStepDoIt
 Transportation is killing track that is looping or stuck. 
   Track is e- and has 179.304 MeV energy  ( pre-Step = 179.304 ) 
   momentum = (119.929,-132.037,22.7263) mag= 179.815
   position = (3079.69,-3281.08,628.879) is in volume 'MagnetEnvelope',  its material is 'G4_Galactic' with density = 1e-25 g/cm^3 
 Total number of Steps by this track: 2
 Length of this step = 26465.4 mm 
 Number of propagation trials = 1 ( vs maximum = 10 for 'important' particles ) 
   ( Number of *calls* of Transport/AlongStepDoIt = 6437585 )

*** This is just a warning message. ***
-------- WWWW -------- G4Exception-END --------- WWWW -------

G4WT11 > --> Event 2500 starts with initial seeds (52463810,15824033).
G4WT14 > 
-------- WWWW ------- G4Exception-START -------- WWWW -------
*** G4Exception : Transport-001-ExcessSteps
      issued by : G4Transportation::AlongStepDoIt
 Transportation is killing track that is looping or stuck. 
   Track is e+ and has 187.796 MeV energy  ( pre-Step = 187.796 ) 
   momentum = (139.591,124.991,18.7383) mag= 188.307
   position = (2942.6,3404.57,541.581) is in volume 'MagnetEnvelope',  its material is 'G4_Galactic' with density = 1e-25 g/cm^3 
 Total number of Steps by this track: 3
 Length of this step = 26626.3 mm 
 Number of propagation trials = 1 ( vs maximum = 10 for 'important' particles ) 
   ( Number of *calls* of Transport/AlongStepDoIt = 8574727 )

*** This is just a warning message. ***
-------- WWWW -------- G4Exception-END --------- WWWW -------

G4WT1 > 
-------- WWWW ------- G4Exception-START -------- WWWW -------
*** G4Exception : Transport-001-ExcessSteps
      issued by : G4Transportation::AlongStepDoIt
 Transportation is killing track that is looping or stuck. 
   Track is e- and has 174.266 MeV energy  ( pre-Step = 174.266 ) 
   momentum = (147.647,-91.6837,18.4726) mag= 174.777
   position = (3837.9,-2349.57,328.23) is in volume 'MagnetEnvelope',  its material is 'G4_Galactic' with density = 1e-25 g/cm^3 
 Total number of Steps by this track: 4
 Length of this step = 32340.5 mm 
 Number of propagation trials = 1 ( vs maximum = 10 for 'important' particles ) 
   ( Number of *calls* of Transport/AlongStepDoIt = 5354593 )

*** This is just a warning message. ***
-------- WWWW -------- G4Exception-END --------- WWWW -------

G4WT2 > 
-------- WWWW ------- G4Exception-START -------- WWWW -------
*** G4Exception : Transport-001-ExcessSteps
      issued by : G4Transportation::AlongStepDoIt
 Transportation is killing track that is looping or stuck. 
   Track is e- and has 107.565 MeV energy  ( pre-Step = 107.565 ) 
   momentum = (-97.739,-45.7987,-5.45726) mag= 108.075
   position = (-3460.68,-2876.41,-802.526) is in volume 'MagnetEnvelope',  its material is 'G4_Galactic' with density = 1e-25 g/cm^3 
 Total number of Steps by this track: 4
 Length of this step = 24271.1 mm 
 Number of propagation trials = 1 ( vs maximum = 10 for 'important' particles ) 
   ( Number of *calls* of Transport/AlongStepDoIt = 6549756 )

*** This is just a warning message. ***
-------- WWWW -------- G4Exception-END --------- WWWW -------

G4WT0 > 
-------- WWWW ------- G4Exception-START -------- WWWW -------
*** G4Exception : Transport-001-ExcessSteps
      issued by : G4Transportation::AlongStepDoIt
 Transportation is killing track that is looping or stuck. 
   Track is e- and has 108.178 MeV energy  ( pre-Step = 108.178 ) 
   momentum = (9.10314,74.8885,-78.2425) mag= 108.688
   position = (1016.84,4383.61,1563.36) is in volume 'MagnetEnvelope',  its material is 'G4_Galactic' with density = 1e-25 g/cm^3 
 Total number of Steps by this track: 15
 Length of this step = 30502.5 mm 
 Number of propagation trials = 1 ( vs maximum = 10 for 'important' particles ) 
   ( Number of *calls* of Transport/AlongStepDoIt = 7251292 )

*** This is just a warning message. ***
-------- WWWW -------- G4Exception-END --------- WWWW -------

G4WT8 > 
-------- WWWW ------- G4Exception-START -------- WWWW -------
*** G4Exception : Transport-001-ExcessSteps
      issued by : G4Transportation::AlongStepDoIt
 Transportation is killing track that is looping or stuck. 
   Track is e- and has 116.278 MeV energy  ( pre-Step = 116.278 ) 
   momentum = (106.693,-39.2834,-26.7004) mag= 116.788
   position = (4181.18,-1663.64,-1098.81) is in volume 'MagnetEnvelope',  its material is 'G4_Galactic' with density = 1e-25 g/cm^3 
 Total number of Steps by this track: 3
 Length of this step = 28221.3 mm 
 Number of propagation trials = 1 ( vs maximum = 10 for 'important' particles ) 
   ( Number of *calls* of Transport/AlongStepDoIt = 6634859 )

*** This is just a warning message. ***
-------- WWWW -------- G4Exception-END --------- WWWW -------

G4WT15 > 
-------- WWWW ------- G4Exception-START -------- WWWW -------
*** G4Exception : Transport-001-ExcessSteps
      issued by : G4Transportation::AlongStepDoIt
 Transportation is killing track that is looping or stuck. 
   Track is e+ and has 111.189 MeV energy  ( pre-Step = 111.189 ) 
   momentum = (13.3753,-80.5209,76.25) mag= 111.699
   position = (-3783.56,-2436.12,-1205) is in volume 'MagnetEnvelope',  its material is 'G4_Galactic' with density = 1e-25 g/cm^3 
 Total number of Steps by this track: 242
 Length of this step = 24191.4 mm 
 Number of propagation trials = 1 ( vs maximum = 10 for 'important' particles ) 
   ( Number of *calls* of Transport/AlongStepDoIt = 6673066 )

*** This is just a warning message. ***
-------- WWWW -------- G4Exception-END --------- WWWW -------

G4WT11 > 
-------- WWWW ------- G4Exception-START -------- WWWW -------
*** G4Exception : Transport-001-ExcessSteps
      issued by : G4Transportation::AlongStepDoIt
 Transportation is killing track that is looping or stuck. 
   Track is e- and has 124.475 MeV energy  ( pre-Step = 124.475 ) 
   momentum = (15.7775,-123.262,-13.3713) mag= 124.985
   position = (723.106,-4441.52,-174.979) is in volume 'MagnetEnvelope',  its material is 'G4_Galactic' with density = 1e-25 g/cm^3 
 Total number of Steps by this track: 4
 Length of this step = 25689.1 mm 
 Number of propagation trials = 1 ( vs maximum = 10 for 'important' particles ) 
   ( Number of *calls* of Transport/AlongStepDoIt = 7392135 )

*** This is just a warning message. ***
-------- WWWW -------- G4Exception-END --------- WWWW -------

G4WT11 > 
-------- WWWW ------- G4Exception-START -------- WWWW -------
*** G4Exception : Transport-001-ExcessSteps
      issued by : G4Transportation::AlongStepDoIt
 Transportation is killing track that is looping or stuck. 
   Track is e- and has 120.549 MeV energy  ( pre-Step = 120.549 ) 
   momentum = (7.22675,-47.9164,-110.937) mag= 121.059
   position = (3844.46,-2338.83,487.205) is in volume 'MagnetEnvelope',  its material is 'G4_Galactic' with density = 1e-25 g/cm^3 
 Total number of Steps by this track: 483
 Length of this step = 30249.3 mm 
 Number of propagation trials = 1 ( vs maximum = 10 for 'important' particles ) 
   ( Number of *calls* of Transport/AlongStepDoIt = 7548473 )

*** This is just a warning message. ***
-------- WWWW -------- G4Exception-END --------- WWWW -------

G4WT4 > 
-------- WWWW ------- G4Exception-START -------- WWWW -------
*** G4Exception : Transport-001-ExcessSteps
      issued by : G4Transportation::AlongStepDoIt
 Transportation is killing track that is looping or stuck. 
   Track is e- and has 125.781 MeV energy  ( pre-Step = 125.781 ) 
   momentum = (75.97,86.662,51.6499) mag= 126.291
   position = (6485.06,5991.85,3458.12) is in volume 'MagnetEnvelope',  its material is 'G4_Galactic' with density = 1e-25 g/cm^3 
 Total number of Steps by this track: 17
 Length of this step = 35617.8 mm 
 Number of propagation trials = 1 ( vs maximum = 10 for 'important' particles ) 
   ( Number of *calls* of Transport/AlongStepDoIt = 6788134 )

*** This is just a warning message. ***
-------- WWWW -------- G4Exception-END --------- WWWW -------

G4WT13 > 
-------- WWWW ------- G4Exception-START -------- WWWW -------
*** G4Exception : Transport-001-ExcessSteps
      issued by : G4Transportation::AlongStepDoIt
 Transportation is killing track that is looping or stuck. 
   Track is e+ and has 107.062 MeV energy  ( pre-Step = 107.062 ) 
   momentum = (-34.9296,-59.7127,-82.377) mag= 107.572
   position = (-2320.39,-3855.62,-4955.94) is in volume 'MagnetEnvelope',  its material is 'G4_Galactic' with density = 1e-25 g/cm^3 
 Total number of Steps by this track: 2
 Length of this step = 35216.4 mm 
 Number of propagation trials = 1 ( vs maximum = 10 for 'important' particles ) 
   ( Number of *calls* of Transport/AlongStepDoIt = 7070217 )

*** This is just a warning message. ***
-------- WWWW -------- G4Exception-END --------- WWWW -------

G4WT10 > 
-------- WWWW ------- G4Exception-START -------- WWWW -------
*** G4Exception : Transport-001-ExcessSteps
      issued by : G4Transportation::AlongStepDoIt
 Transportation is killing track that is looping or stuck. 
   Track is e- and has 111.507 MeV energy  ( pre-Step = 111.507 ) 
   momentum = (100.357,-43.5242,24.1221) mag= 112.017
   position = (4080.17,-1897.95,1133.73) is in volume 'MagnetEnvelope',  its material is 'G4_Galactic' with density = 1e-25 g/cm^3 
 Total number of Steps by this track: 5
 Length of this step = 38858.1 mm 
 Number of propagation trials = 1 ( vs maximum = 10 for 'important' particles ) 
   ( Number of *calls* of Transport/AlongStepDoIt = 7861971 )

*** This is just a warning message. ***
-------- WWWW -------- G4Exception-END --------- WWWW -------

G4WT15 > 
-------- WWWW ------- G4Exception-START -------- WWWW -------
*** G4Exception : Transport-001-ExcessSteps
      issued by : G4Transportation::AlongStepDoIt
 Transportation is killing track that is looping or stuck. 
   Track is e+ and has 113.865 MeV energy  ( pre-Step = 113.865 ) 
   momentum = (20.0634,109.95,-24.2875) mag= 114.374
   position = (830.051,4422.78,-633.004) is in volume 'MagnetEnvelope',  its material is 'G4_Galactic' with density = 1e-25 g/cm^3 
 Total number of Steps by this track: 4
 Length of this step = 22912 mm 
 Number of propagation trials = 1 ( vs maximum = 10 for 'important' particles ) 
   ( Number of *calls* of Transport/AlongStepDoIt = 7220115 )

*** This is just a warning message. ***
-------- WWWW -------- G4Exception-END --------- WWWW -------

G4WT3 > 
-------- WWWW ------- G4Exception-START -------- WWWW -------
*** G4Exception : Transport-001-ExcessSteps
      issued by : G4Transportation::AlongStepDoIt
 Transportation is killing track that is looping or stuck. 
   Track is e- and has 102.953 MeV energy  ( pre-Step = 102.953 ) 
   momentum = (-75.0441,-71.2153,1.17313) mag= 103.463
   position = (-3195.7,-3168.2,191.389) is in volume 'MagnetEnvelope',  its material is 'G4_Galactic' with density = 1e-25 g/cm^3 
 Total number of Steps by this track: 4
 Length of this step = 23000.4 mm 
 Number of propagation trials = 1 ( vs maximum = 10 for 'important' particles ) 
   ( Number of *calls* of Transport/AlongStepDoIt = 7399994 )

*** This is just a warning message. ***
-------- WWWW -------- G4Exception-END --------- WWWW -------

G4WT1 > 
-------- WWWW ------- G4Exception-START -------- WWWW -------
*** G4Exception : Transport-001-ExcessSteps
      issued by : G4Transportation::AlongStepDoIt
 Transportation is killing track that is looping or stuck. 
   Track is e+ and has 170.375 MeV energy  ( pre-Step = 170.375 ) 
   momentum = (92.2625,-46.0344,-136.272) mag= 170.885
   position = (4412.71,-882.043,-1318.49) is in volume 'MagnetEnvelope',  its material is 'G4_Galactic' with density = 1e-25 g/cm^3 
 Total number of Steps by this track: 137
 Length of this step = 31821.2 mm 
 Number of propagation trials = 1 ( vs maximum = 10 for 'important' particles ) 
   ( Number of *calls* of Transport/AlongStepDoIt = 6734529 )

*** This is just a warning message. ***
-------- WWWW -------- G4Exception-END --------- WWWW -------

G4WT10 > 
-------- WWWW ------- G4Exception-START -------- WWWW -------
*** G4Exception : Transport-001-ExcessSteps
      issued by : G4Transportation::AlongStepDoIt
 Transportation is killing track that is looping or stuck. 
   Track is e- and has 159.124 MeV energy  ( pre-Step = 159.124 ) 
   momentum = (116.798,-54.6334,94.1091) mag= 159.634
   position = (3930.3,-2191.52,777.042) is in volume 'MagnetEnvelope',  its material is 'G4_Galactic' with density = 1e-25 g/cm^3 
 Total number of Steps by this track: 64
 Length of this step = 32799.9 mm 
 Number of propagation trials = 1 ( vs maximum = 10 for 'important' particles ) 
   ( Number of *calls* of Transport/AlongStepDoIt = 8691971 )

*** This is just a warning message. ***
-------- WWWW -------- G4Exception-END --------- WWWW -------

G4WT5 > --> Event 3000 starts with initial seeds (87466403,15793259).
G4WT2 > 
-------- WWWW ------- G4Exception-START -------- WWWW -------
*** G4Exception : Transport-001-ExcessSteps
      issued by : G4Transportation::AlongStepDoIt
 Transportation is killing track that is looping or stuck. 
   Track is e- and has 150.896 MeV energy  ( pre-Step = 150.896 ) 
   momentum = (88.5031,95.3219,77.4913) mag= 151.407
   position = (4166.3,-1700.57,-853.124) is in volume 'MagnetEnvelope',  its material is 'G4_Galactic' with density = 1e-25 g/cm^3 
 Total number of Steps by this track: 321
 Length of this step = 32789.5 mm 
 Number of propagation trials = 1 ( vs maximum = 10 for 'important' particles ) 
   ( Number of *calls* of Transport/AlongStepDoIt = 8033545 )

*** This is just a warning message. ***
-------- WWWW -------- G4Exception-END --------- WWWW -------

G4WT8 > 
-------- WWWW ------- G4Exception-START -------- WWWW -------
*** G4Exception : Transport-001-ExcessSteps
      issued by : G4Transportation::AlongStepDoIt
 Transportation is killing track that is looping or stuck. 
   Track is e+ and has 184.778 MeV energy  ( pre-Step = 184.778 ) 
   momentum = (-36.1768,-134.088,-122.652) mag= 185.288
   position = (-1825.99,-4112.88,-2684.29) is in volume 'MagnetEnvelope',  its material is 'G4_Galactic' with density = 1e-25 g/cm^3 
 Total number of Steps by this track: 2
 Length of this step = 39927.6 mm 
 Number of propagation trials = 1 ( vs maximum = 10 for 'important' particles ) 
   ( Number of *calls* of Transport/AlongStepDoIt = 7611195 )

*** This is just a warning message. ***
-------- WWWW -------- G4Exception-END --------- WWWW -------

G4WT2 > 
-------- WWWW ------- G4Exception-START -------- WWWW -------
*** G4Exception : Transport-001-ExcessSteps
      issued by : G4Transportation::AlongStepDoIt
 Transportation is killing track that is looping or stuck. 
   Track is e+ and has 132.071 MeV energy  ( pre-Step = 132.071 ) 
   momentum = (-89.8947,-97.4504,0.0979153) mag= 132.581
   position = (-2930.36,-3415.11,-192.23) is in volume 'MagnetEnvelope',  its material is 'G4_Galactic' with density = 1e-25 g/cm^3 
 Total number of Steps by this track: 2
 Length of this step = 23418.3 mm 
 Number of propagation trials = 1 ( vs maximum = 10 for 'important' particles ) 
   ( Number of *calls* of Transport/AlongStepDoIt = 8302594 )

*** This is just a warning message. ***
-------- WWWW -------- G4Exception-END --------- WWWW -------

G4WT7 > 
-------- WWWW ------- G4Exception-START -------- WWWW -------
*** G4Exception : Transport-001-ExcessSteps
      issued by : G4Transportation::AlongStepDoIt
 Transportation is killing track that is looping or stuck. 
   Track is e+ and has 105.232 MeV energy  ( pre-Step = 105.232 ) 
   momentum = (102.298,23.8132,-12.223) mag= 105.741
   position = (4352.07,1144.31,-277.484) is in volume 'MagnetEnvelope',  its material is 'G4_Galactic' with density = 1e-25 g/cm^3 
 Total number of Steps by this track: 2
 Length of this step = 30211.9 mm 
 Number of propagation trials = 1 ( vs maximum = 10 for 'important' particles ) 
   ( Number of *calls* of Transport/AlongStepDoIt = 8316555 )

*** This is just a warning message. ***
-------- WWWW -------- G4Exception-END --------- WWWW -------

G4WT0 > 
-------- WWWW ------- G4Exception-START -------- WWWW -------
*** G4Exception : Transport-001-ExcessSteps
      issued by : G4Transportation::AlongStepDoIt
 Transportation is killing track that is looping or stuck. 
   Track is e- and has 187.094 MeV energy  ( pre-Step = 187.094 ) 
   momentum = (-71.7223,138.981,-103.613) mag= 187.604
   position = (-3798.44,3935.89,-62.0836) is in volume 'MagnetEnvelope',  its material is 'G4_Galactic' with density = 1e-25 g/cm^3 
 Total number of Steps by this track: 1
 Length of this step = 24797.5 mm 
 Number of propagation trials = 1 ( vs maximum = 10 for 'important' particles ) 
   ( Number of *calls* of Transport/AlongStepDoIt = 9445454 )

*** This is just a warning message. ***
-------- WWWW -------- G4Exception-END --------- WWWW -------

G4WT6 > 
-------- WWWW ------- G4Exception-START -------- WWWW -------
*** G4Exception : Transport-001-ExcessSteps
      issued by : G4Transportation::AlongStepDoIt
 Transportation is killing track that is looping or stuck. 
   Track is e+ and has 199.357 MeV energy  ( pre-Step = 199.357 ) 
   momentum = (-142.443,118.484,-74.9571) mag= 199.868
   position = (-3420.74,2923.79,-1658.77) is in volume 'MagnetEnvelope',  its material is 'G4_Galactic' with density = 1e-25 g/cm^3 
 Total number of Steps by this track: 5
 Length of this step = 41078.5 mm 
 Number of propagation trials = 1 ( vs maximum = 10 for 'important' particles ) 
   ( Number of *calls* of Transport/AlongStepDoIt = 7840333 )

*** This is just a warning message. ***
-------- WWWW -------- G4Exception-END --------- WWWW -------

G4WT2 > 
-------- WWWW ------- G4Exception-START -------- WWWW -------
*** G4Exception : Transport-001-ExcessSteps
      issued by : G4Transportation::AlongStepDoIt
 Transportation is killing track that is looping or stuck. 
   Track is e- and has 137.431 MeV energy  ( pre-Step = 137.431 ) 
   momentum = (-80.4937,-106.623,-34.351) mag= 137.941
   position = (-4149.26,-5335.01,-1518.51) is in volume 'MagnetEnvelope',  its material is 'G4_Galactic' with density = 1e-25 g/cm^3 
 Total number of Steps by this track: 7
 Length of this step = 26802.8 mm 
 Number of propagation trials = 1 ( vs maximum = 10 for 'important' particles ) 
   ( Number of *calls* of Transport/AlongStepDoIt = 9055331 )

*** This is just a warning message. ***
-------- WWWW -------- G4Exception-END --------- WWWW -------

G4WT8 > 
-------- WWWW ------- G4Exception-START -------- WWWW -------
*** G4Exception : Transport-001-ExcessSteps
      issued by : G4Transportation::AlongStepDoIt
 Transportation is killing track that is looping or stuck. 
   Track is e- and has 106.524 MeV energy  ( pre-Step = 106.524 ) 
   momentum = (46.088,-36.7098,-89.3564) mag= 107.034
   position = (4281.01,1386.71,-199.136) is in volume 'MagnetEnvelope',  its material is 'G4_Galactic' with density = 1e-25 g/cm^3 
 Total number of Steps by this track: 288
 Length of this step = 23068 mm 
 Number of propagation trials = 1 ( vs maximum = 10 for 'important' particles ) 
   ( Number of *calls* of Transport/AlongStepDoIt = 8206279 )

*** This is just a warning message. ***
-------- WWWW -------- G4Exception-END --------- WWWW -------

G4WT12 > 
-------- WWWW ------- G4Exception-START -------- WWWW -------
*** G4Exception : Transport-001-ExcessSteps
      issued by : G4Transportation::AlongStepDoIt
 Transportation is killing track that is looping or stuck. 
   Track is e- and has 121.152 MeV energy  ( pre-Step = 121.152 ) 
   momentum = (-105.446,-54.8264,-26.0134) mag= 121.662
   position = (-4208.15,1594.21,-3432.93) is in volume 'MagnetEnvelope',  its material is 'G4_Galactic' with density = 1e-25 g/cm^3 
 Total number of Steps by this track: 19
 Length of this step = 30093.6 mm 
 Number of propagation trials = 1 ( vs maximum = 10 for 'important' particles ) 
   ( Number of *calls* of Transport/AlongStepDoIt = 8485920 )

*** This is just a warning message. ***
-------- WWWW -------- G4Exception-END --------- WWWW -------

G4WT10 > 
-------- WWWW ------- G4Exception-START -------- WWWW -------
*** G4Exception : Transport-001-ExcessSteps
      issued by : G4Transportation::AlongStepDoIt
 Transportation is killing track that is looping or stuck. 
   Track is e- and has 109.08 MeV energy  ( pre-Step = 109.08 ) 
   momentum = (-9.14332,81.8081,-72.344) mag= 109.589
   position = (-73.0825,4499.41,-4322.31) is in volume 'MagnetEnvelope',  its material is 'G4_Galactic' with density = 1e-25 g/cm^3 
 Total number of Steps by this track: 5
 Length of this step = 35636.9 mm 
 Number of propagation trials = 1 ( vs maximum = 10 for 'important' particles ) 
   ( Number of *calls* of Transport/AlongStepDoIt = 9205609 )

*** This is just a warning message. ***
-------- WWWW -------- G4Exception-END --------- WWWW -------

G4WT10 > 
-------- WWWW ------- G4Exception-START -------- WWWW -------
*** G4Exception : Transport-001-ExcessSteps
      issued by : G4Transportation::AlongStepDoIt
 Transportation is killing track that is looping or stuck. 
   Track is e- and has 148.685 MeV energy  ( pre-Step = 148.685 ) 
   momentum = (74.8589,124.962,32.2465) mag= 149.195
   position = (3835.6,2353.34,-1736.07) is in volume 'MagnetEnvelope',  its material is 'G4_Galactic' with density = 1e-25 g/cm^3 
 Total number of Steps by this track: 260
 Length of this step = 35461.9 mm 
 Number of propagation trials = 1 ( vs maximum = 10 for 'important' particles ) 
   ( Number of *calls* of Transport/AlongStepDoIt = 9288992 )

*** This is just a warning message. ***
-------- WWWW -------- G4Exception-END --------- WWWW -------

G4WT13 > 
-------- WWWW ------- G4Exception-START -------- WWWW -------
*** G4Exception : Transport-001-ExcessSteps
      issued by : G4Transportation::AlongStepDoIt
 Transportation is killing track that is looping or stuck. 
   Track is e+ and has 132.808 MeV energy  ( pre-Step = 132.808 ) 
   momentum = (115.292,55.7577,-37.0502) mag= 133.318
   position = (4078.09,1902.41,-1102.18) is in volume 'MagnetEnvelope',  its material is 'G4_Galactic' with density = 1e-25 g/cm^3 
 Total number of Steps by this track: 4
 Length of this step = 29890.9 mm 
 Number of propagation trials = 1 ( vs maximum = 10 for 'important' particles ) 
   ( Number of *calls* of Transport/AlongStepDoIt = 9132547 )

*** This is just a warning message. ***
-------- WWWW -------- G4Exception-END --------- WWWW -------

G4WT13 > 
-------- WWWW ------- G4Exception-START -------- WWWW -------
*** G4Exception : Transport-001-ExcessSteps
      issued by : G4Transportation::AlongStepDoIt
 Transportation is killing track that is looping or stuck. 
   Track is e+ and has 136.2 MeV energy  ( pre-Step = 136.2 ) 
   momentum = (110.088,80.7508,7.04893) mag= 136.71
   position = (3760.93,2470.91,261.128) is in volume 'MagnetEnvelope',  its material is 'G4_Galactic' with density = 1e-25 g/cm^3 
 Total number of Steps by this track: 4
 Length of this step = 27311 mm 
 Number of propagation trials = 1 ( vs maximum = 10 for 'important' particles ) 
   ( Number of *calls* of Transport/AlongStepDoIt = 9138069 )

*** This is just a warning message. ***
-------- WWWW -------- G4Exception-END --------- WWWW -------

G4WT9 > 
-------- WWWW ------- G4Exception-START -------- WWWW -------
*** G4Exception : Transport-001-ExcessSteps
      issued by : G4Transportation::AlongStepDoIt
 Transportation is killing track that is looping or stuck. 
   Track is e+ and has 110.306 MeV energy  ( pre-Step = 110.306 ) 
   momentum = (41.3732,102.661,-5.40971) mag= 110.816
   position = (1131.69,4355.37,127.337) is in volume 'MagnetEnvelope',  its material is 'G4_Galactic' with density = 1e-25 g/cm^3 
 Total number of Steps by this track: 3
 Length of this step = 29188.7 mm 
 Number of propagation trials = 1 ( vs maximum = 10 for 'important' particles ) 
   ( Number of *calls* of Transport/AlongStepDoIt = 8230760 )

*** This is just a warning message. ***
-------- WWWW -------- G4Exception-END --------- WWWW -------

G4WT11 > 
-------- WWWW ------- G4Exception-START -------- WWWW -------
*** G4Exception : Transport-001-ExcessSteps
      issued by : G4Transportation::AlongStepDoIt
 Transportation is killing track that is looping or stuck. 
   Track is e- and has 134.126 MeV energy  ( pre-Step = 134.126 ) 
   momentum = (-120.562,-11.0042,-58.9115) mag= 134.636
   position = (-2728.76,3578.25,-154.02) is in volume 'MagnetEnvelope',  its material is 'G4_Galactic' with density = 1e-25 g/cm^3 
 Total number of Steps by this track: 52
 Length of this step = 22143.2 mm 
 Number of propagation trials = 1 ( vs maximum = 10 for 'important' particles ) 
   ( Number of *calls* of Transport/AlongStepDoIt = 9589341 )

*** This is just a warning message. ***
-------- WWWW -------- G4Exception-END --------- WWWW -------

G4WT11 > 
-------- WWWW ------- G4Exception-START -------- WWWW -------
*** G4Exception : Transport-001-ExcessSteps
      issued by : G4Transportation::AlongStepDoIt
 Transportation is killing track that is looping or stuck. 
   Track is e- and has 105.038 MeV energy  ( pre-Step = 105.038 ) 
   momentum = (6.31134,80.4855,-67.9889) mag= 105.547
   position = (263.321,4492.29,-3817.63) is in volume 'MagnetEnvelope',  its material is 'G4_Galactic' with density = 1e-25 g/cm^3 
 Total number of Steps by this track: 4
 Length of this step = 37825.1 mm 
 Number of propagation trials = 1 ( vs maximum = 10 for 'important' particles ) 
   ( Number of *calls* of Transport/AlongStepDoIt = 9606979 )

*** This is just a warning message. ***
-------- WWWW -------- G4Exception-END --------- WWWW -------

G4WT2 > 
-------- WWWW ------- G4Exception-START -------- WWWW -------
*** G4Exception : Transport-001-ExcessSteps
      issued by : G4Transportation::AlongStepDoIt
 Transportation is killing track that is looping or stuck. 
   Track is e+ and has 192.739 MeV energy  ( pre-Step = 192.739 ) 
   momentum = (-149.02,-122.659,-9.64507) mag= 193.249
   position = (-3611.83,-2684.16,-250.961) is in volume 'MagnetEnvelope',  its material is 'G4_Galactic' with density = 1e-25 g/cm^3 
 Total number of Steps by this track: 5
 Length of this step = 35655.8 mm 
 Number of propagation trials = 1 ( vs maximum = 10 for 'important' particles ) 
   ( Number of *calls* of Transport/AlongStepDoIt = 9359164 )

*** This is just a warning message. ***
-------- WWWW -------- G4Exception-END --------- WWWW -------

G4WT6 > 
-------- WWWW ------- G4Exception-START -------- WWWW -------
*** G4Exception : Transport-001-ExcessSteps
      issued by : G4Transportation::AlongStepDoIt
 Transportation is killing track that is looping or stuck. 
   Track is e+ and has 144.754 MeV energy  ( pre-Step = 144.754 ) 
   momentum = (12.1064,100.717,103.977) mag= 145.264
   position = (725.112,4441.19,4784.29) is in volume 'MagnetEnvelope',  its material is 'G4_Galactic' with density = 1e-25 g/cm^3 
 Total number of Steps by this track: 6
 Length of this step = 37906.2 mm 
 Number of propagation trials = 1 ( vs maximum = 10 for 'important' particles ) 
   ( Number of *calls* of Transport/AlongStepDoIt = 9640871 )

*** This is just a warning message. ***
-------- WWWW -------- G4Exception-END --------- WWWW -------

G4WT11 > 
-------- WWWW ------- G4Exception-START -------- WWWW -------
*** G4Exception : Transport-001-ExcessSteps
      issued by : G4Transportation::AlongStepDoIt
 Transportation is killing track that is looping or stuck. 
   Track is e+ and has 139.337 MeV energy  ( pre-Step = 139.337 ) 
   momentum = (59.7339,-126.23,-7.42011) mag= 139.847
   position = (3922.64,-2205.2,636.167) is in volume 'MagnetEnvelope',  its material is 'G4_Galactic' with density = 1e-25 g/cm^3 
 Total number of Steps by this track: 50
 Length of this step = 31699.5 mm 
 Number of propagation trials = 1 ( vs maximum = 10 for 'important' particles ) 
   ( Number of *calls* of Transport/AlongStepDoIt = 10502114 )

*** This is just a warning message. ***
-------- WWWW -------- G4Exception-END --------- WWWW -------

G4WT3 > 
-------- WWWW ------- G4Exception-START -------- WWWW -------
*** G4Exception : Transport-001-ExcessSteps
      issued by : G4Transportation::AlongStepDoIt
 Transportation is killing track that is looping or stuck. 
   Track is e- and has 115.588 MeV energy  ( pre-Step = 115.588 ) 
   momentum = (91.3535,-28.0654,65.9206) mag= 116.098
   position = (4336.03,-1203.68,3137.14) is in volume 'MagnetEnvelope',  its material is 'G4_Galactic' with density = 1e-25 g/cm^3 
 Total number of Steps by this track: 4
 Length of this step = 29847.7 mm 
 Number of propagation trials = 1 ( vs maximum = 10 for 'important' particles ) 
   ( Number of *calls* of Transport/AlongStepDoIt = 10561532 )

*** This is just a warning message. ***
-------- WWWW -------- G4Exception-END --------- WWWW -------

G4WT13 > 
-------- WWWW ------- G4Exception-START -------- WWWW -------
*** G4Exception : Transport-001-ExcessSteps
      issued by : G4Transportation::AlongStepDoIt
 Transportation is killing track that is looping or stuck. 
   Track is e+ and has 132.666 MeV energy  ( pre-Step = 132.666 ) 
   momentum = (-127.43,-35.1322,16.2258) mag= 133.176
   position = (-4323.38,-1248.34,426.071) is in volume 'MagnetEnvelope',  its material is 'G4_Galactic' with density = 1e-25 g/cm^3 
 Total number of Steps by this track: 2
 Length of this step = 33683.8 mm 
 Number of propagation trials = 1 ( vs maximum = 10 for 'important' particles ) 
   ( Number of *calls* of Transport/AlongStepDoIt = 10462194 )

*** This is just a warning message. ***
-------- WWWW -------- G4Exception-END --------- WWWW -------

G4WT7 > 
-------- WWWW ------- G4Exception-START -------- WWWW -------
*** G4Exception : Transport-001-ExcessSteps
      issued by : G4Transportation::AlongStepDoIt
 Transportation is killing track that is looping or stuck. 
   Track is e+ and has 124.51 MeV energy  ( pre-Step = 124.51 ) 
   momentum = (-88.6947,30.9214,82.5058) mag= 125.02
   position = (-3859.77,-2313.48,-487.807) is in volume 'MagnetEnvelope',  its material is 'G4_Galactic' with density = 1e-25 g/cm^3 
 Total number of Steps by this track: 33
 Length of this step = 32103.6 mm 
 Number of propagation trials = 1 ( vs maximum = 10 for 'important' particles ) 
   ( Number of *calls* of Transport/AlongStepDoIt = 10245062 )

*** This is just a warning message. ***
-------- WWWW -------- G4Exception-END --------- WWWW -------

G4WT9 > 
-------- WWWW ------- G4Exception-START -------- WWWW -------
*** G4Exception : Transport-001-ExcessSteps
      issued by : G4Transportation::AlongStepDoIt
 Transportation is killing track that is looping or stuck. 
   Track is e- and has 103.857 MeV energy  ( pre-Step = 103.857 ) 
   momentum = (18.8722,101.222,-17.0428) mag= 104.367
   position = (1406.96,4274.4,-531.18) is in volume 'MagnetEnvelope',  its material is 'G4_Galactic' with density = 1e-25 g/cm^3 
 Total number of Steps by this track: 2
 Length of this step = 26933.4 mm 
 Number of propagation trials = 1 ( vs maximum = 10 for 'important' particles ) 
   ( Number of *calls* of Transport/AlongStepDoIt = 9480035 )

*** This is just a warning message. ***
-------- WWWW -------- G4Exception-END --------- WWWW -------

G4WT7 > 
-------- WWWW ------- G4Exception-START -------- WWWW -------
*** G4Exception : Transport-001-ExcessSteps
      issued by : G4Transportation::AlongStepDoIt
 Transportation is killing track that is looping or stuck. 
   Track is e- and has 175.344 MeV energy  ( pre-Step = 175.344 ) 
   momentum = (-158,-29.2896,71.4337) mag= 175.854
   position = (-3969.77,2119.18,1073.49) is in volume 'MagnetEnvelope',  its material is 'G4_Galactic' with density = 1e-25 g/cm^3 
 Total number of Steps by this track: 2
 Length of this step = 30003.8 mm 
 Number of propagation trials = 1 ( vs maximum = 10 for 'important' particles ) 
   ( Number of *calls* of Transport/AlongStepDoIt = 11019141 )

*** This is just a warning message. ***
-------- WWWW -------- G4Exception-END --------- WWWW -------

G4WT0 > 
-------- WWWW ------- G4Exception-START -------- WWWW -------
*** G4Exception : Transport-001-ExcessSteps
      issued by : G4Transportation::AlongStepDoIt
 Transportation is killing track that is looping or stuck. 
   Track is e- and has 159.961 MeV energy  ( pre-Step = 159.961 ) 
   momentum = (4.76652,-152.522,49.6517) mag= 160.471
   position = (-4006.66,-2048.58,-995.636) is in volume 'MagnetEnvelope',  its material is 'G4_Galactic' with density = 1e-25 g/cm^3 
 Total number of Steps by this track: 9
 Length of this step = 35532.1 mm 
 Number of propagation trials = 1 ( vs maximum = 10 for 'important' particles ) 
   ( Number of *calls* of Transport/AlongStepDoIt = 11421999 )

*** This is just a warning message. ***
-------- WWWW -------- G4Exception-END --------- WWWW -------

G4WT0 > --> Event 3500 starts with initial seeds (71040161,38554710).
G4WT4 > 
-------- WWWW ------- G4Exception-START -------- WWWW -------
*** G4Exception : Transport-001-ExcessSteps
      issued by : G4Transportation::AlongStepDoIt
 Transportation is killing track that is looping or stuck. 
   Track is e- and has 154.83 MeV energy  ( pre-Step = 154.83 ) 
   momentum = (-137.371,-71.7651,10.4679) mag= 155.341
   position = (-3959.52,-2138.27,235.882) is in volume 'MagnetEnvelope',  its material is 'G4_Galactic' with density = 1e-25 g/cm^3 
 Total number of Steps by this track: 5
 Length of this step = 39875.9 mm 
 Number of propagation trials = 1 ( vs maximum = 10 for 'important' particles ) 
   ( Number of *calls* of Transport/AlongStepDoIt = 11187242 )

*** This is just a warning message. ***
-------- WWWW -------- G4Exception-END --------- WWWW -------

G4WT5 > 
-------- WWWW ------- G4Exception-START -------- WWWW -------
*** G4Exception : Transport-001-ExcessSteps
      issued by : G4Transportation::AlongStepDoIt
 Transportation is killing track that is looping or stuck. 
   Track is e+ and has 125.274 MeV energy  ( pre-Step = 125.274 ) 
   momentum = (-83.125,-94.2013,-6.16018) mag= 125.784
   position = (-3122.78,-3240.1,453.677) is in volume 'MagnetEnvelope',  its material is 'G4_Galactic' with density = 1e-25 g/cm^3 
 Total number of Steps by this track: 4
 Length of this step = 22487.6 mm 
 Number of propagation trials = 1 ( vs maximum = 10 for 'important' particles ) 
   ( Number of *calls* of Transport/AlongStepDoIt = 10222006 )

*** This is just a warning message. ***
-------- WWWW -------- G4Exception-END --------- WWWW -------

G4WT2 > 
-------- WWWW ------- G4Exception-START -------- WWWW -------
*** G4Exception : Transport-001-ExcessSteps
      issued by : G4Transportation::AlongStepDoIt
 Transportation is killing track that is looping or stuck. 
   Track is e+ and has 179.194 MeV energy  ( pre-Step = 179.194 ) 
   momentum = (74.9156,-158.071,-41.1686) mag= 179.705
   position = (2011.65,-4025.33,-1180.45) is in volume 'MagnetEnvelope',  its material is 'G4_Galactic' with density = 1e-25 g/cm^3 
 Total number of Steps by this track: 3
 Length of this step = 30860.3 mm 
 Number of propagation trials = 1 ( vs maximum = 10 for 'important' particles ) 
   ( Number of *calls* of Transport/AlongStepDoIt = 10669323 )

*** This is just a warning message. ***
-------- WWWW -------- G4Exception-END --------- WWWW -------

G4WT11 > 
-------- WWWW ------- G4Exception-START -------- WWWW -------
*** G4Exception : Transport-001-ExcessSteps
      issued by : G4Transportation::AlongStepDoIt
 Transportation is killing track that is looping or stuck. 
   Track is e+ and has 100.443 MeV energy  ( pre-Step = 100.443 ) 
   momentum = (70.9821,-68.3228,-22.0209) mag= 100.952
   position = (3228.59,-3134.68,-1097.25) is in volume 'MagnetEnvelope',  its material is 'G4_Galactic' with density = 1e-25 g/cm^3 
 Total number of Steps by this track: 2
 Length of this step = 19455 mm 
 Number of propagation trials = 1 ( vs maximum = 10 for 'important' particles ) 
   ( Number of *calls* of Transport/AlongStepDoIt = 12616030 )

*** This is just a warning message. ***
-------- WWWW -------- G4Exception-END --------- WWWW -------

G4WT2 > --> Event 4000 starts with initial seeds (48938107,22254931).
G4WT4 > 
-------- WWWW ------- G4Exception-START -------- WWWW -------
*** G4Exception : Transport-001-ExcessSteps
      issued by : G4Transportation::AlongStepDoIt
 Transportation is killing track that is looping or stuck. 
   Track is e+ and has 123.264 MeV energy  ( pre-Step = 123.264 ) 
   momentum = (-38.005,-90.7162,-75.1406) mag= 123.774
   position = (-1834.57,-4109.06,-3319.15) is in volume 'MagnetEnvelope',  its material is 'G4_Galactic' with density = 1e-25 g/cm^3 
 Total number of Steps by this track: 3
 Length of this step = 32146.7 mm 
 Number of propagation trials = 1 ( vs maximum = 10 for 'important' particles ) 
   ( Number of *calls* of Transport/AlongStepDoIt = 12625187 )

*** This is just a warning message. ***
-------- WWWW -------- G4Exception-END --------- WWWW -------

G4WT11 > 
-------- WWWW ------- G4Exception-START -------- WWWW -------
*** G4Exception : Transport-001-ExcessSteps
      issued by : G4Transportation::AlongStepDoIt
 Transportation is killing track that is looping or stuck. 
   Track is e- and has 119.163 MeV energy  ( pre-Step = 119.163 ) 
   momentum = (-93.6617,63.0536,-39.6667) mag= 119.673
   position = (-3933.37,-2185.99,-599.284) is in volume 'MagnetEnvelope',  its material is 'G4_Galactic' with density = 1e-25 g/cm^3 
 Total number of Steps by this track: 225
 Length of this step = 27072.9 mm 
 Number of propagation trials = 1 ( vs maximum = 10 for 'important' particles ) 
   ( Number of *calls* of Transport/AlongStepDoIt = 12888415 )

*** This is just a warning message. ***
-------- WWWW -------- G4Exception-END --------- WWWW -------

G4WT3 > 
-------- WWWW ------- G4Exception-START -------- WWWW -------
*** G4Exception : Transport-001-ExcessSteps
      issued by : G4Transportation::AlongStepDoIt
 Transportation is killing track that is looping or stuck. 
   Track is e+ and has 108.382 MeV energy  ( pre-Step = 108.382 ) 
   momentum = (22.0445,-106.188,9.7748) mag= 108.892
   position = (1075.56,-4369.57,390.64) is in volume 'MagnetEnvelope',  its material is 'G4_Galactic' with density = 1e-25 g/cm^3 
 Total number of Steps by this track: 10
 Length of this step = 17045.4 mm 
 Number of propagation trials = 1 ( vs maximum = 10 for 'important' particles ) 
   ( Number of *calls* of Transport/AlongStepDoIt = 13548671 )

*** This is just a warning message. ***
-------- WWWW -------- G4Exception-END --------- WWWW -------

G4WT3 > 
-------- WWWW ------- G4Exception-START -------- WWWW -------
*** G4Exception : Transport-001-ExcessSteps
      issued by : G4Transportation::AlongStepDoIt
 Transportation is killing track that is looping or stuck. 
   Track is e- and has 147.63 MeV energy  ( pre-Step = 147.63 ) 
   momentum = (-1.77819,-120.41,86.276) mag= 148.14
   position = (-244.363,-4493.36,3357.24) is in volume 'MagnetEnvelope',  its material is 'G4_Galactic' with density = 1e-25 g/cm^3 
 Total number of Steps by this track: 3
 Length of this step = 38770.1 mm 
 Number of propagation trials = 1 ( vs maximum = 10 for 'important' particles ) 
   ( Number of *calls* of Transport/AlongStepDoIt = 13655420 )

*** This is just a warning message. ***
-------- WWWW -------- G4Exception-END --------- WWWW -------

G4WT12 > 
-------- WWWW ------- G4Exception-START -------- WWWW -------
*** G4Exception : Transport-001-ExcessSteps
      issued by : G4Transportation::AlongStepDoIt
 Transportation is killing track that is looping or stuck. 
   Track is e+ and has 154.285 MeV energy  ( pre-Step = 154.285 ) 
   momentum = (-117.525,-90.7345,-43.7797) mag= 154.795
   position = (-3797.9,-2413.7,-1125.16) is in volume 'MagnetEnvelope',  its material is 'G4_Galactic' with density = 1e-25 g/cm^3 
 Total number of Steps by this track: 2
 Length of this step = 30471 mm 
 Number of propagation trials = 1 ( vs maximum = 10 for 'important' particles ) 
   ( Number of *calls* of Transport/AlongStepDoIt = 11748986 )

*** This is just a warning message. ***
-------- WWWW -------- G4Exception-END --------- WWWW -------

G4WT12 > 
-------- WWWW ------- G4Exception-START -------- WWWW -------
*** G4Exception : Transport-001-ExcessSteps
      issued by : G4Transportation::AlongStepDoIt
 Transportation is killing track that is looping or stuck. 
   Track is e+ and has 141.836 MeV energy  ( pre-Step = 141.836 ) 
   momentum = (38.3117,-123.54,-59.435) mag= 142.346
   position = (1216.04,-4332.58,-1735.54) is in volume 'MagnetEnvelope',  its material is 'G4_Galactic' with density = 1e-25 g/cm^3 
 Total number of Steps by this track: 4
 Length of this step = 34257.9 mm 
 Number of propagation trials = 1 ( vs maximum = 10 for 'important' particles ) 
   ( Number of *calls* of Transport/AlongStepDoIt = 11764159 )

*** This is just a warning message. ***
-------- WWWW -------- G4Exception-END --------- WWWW -------

G4WT5 > 
-------- WWWW ------- G4Exception-START -------- WWWW -------
*** G4Exception : Transport-001-ExcessSteps
      issued by : G4Transportation::AlongStepDoIt
 Transportation is killing track that is looping or stuck. 
   Track is e+ and has 195.44 MeV energy  ( pre-Step = 195.44 ) 
   momentum = (58.108,-149.853,-112.09) mag= 195.951
   position = (164.467,-4496.99,2675.17) is in volume 'MagnetEnvelope',  its material is 'G4_Galactic' with density = 1e-25 g/cm^3 
 Total number of Steps by this track: 25
 Length of this step = 27203.4 mm 
 Number of propagation trials = 1 ( vs maximum = 10 for 'important' particles ) 
   ( Number of *calls* of Transport/AlongStepDoIt = 11138149 )

*** This is just a warning message. ***
-------- WWWW -------- G4Exception-END --------- WWWW -------

G4WT13 > 
-------- WWWW ------- G4Exception-START -------- WWWW -------
*** G4Exception : Transport-001-ExcessSteps
      issued by : G4Transportation::AlongStepDoIt
 Transportation is killing track that is looping or stuck. 
   Track is e+ and has 116.246 MeV energy  ( pre-Step = 116.246 ) 
   momentum = (106.497,-40.6933,25.1844) mag= 116.756
   position = (4249.49,-1480.48,938.893) is in volume 'MagnetEnvelope',  its material is 'G4_Galactic' with density = 1e-25 g/cm^3 
 Total number of Steps by this track: 2
 Length of this step = 33899.7 mm 
 Number of propagation trials = 1 ( vs maximum = 10 for 'important' particles ) 
   ( Number of *calls* of Transport/AlongStepDoIt = 12220706 )

*** This is just a warning message. ***
-------- WWWW -------- G4Exception-END --------- WWWW -------

G4WT8 > Loop-counter exceeded the threshold value at 391th line of /home/conda/feedstock_root/build_artifacts/bld/rattler-build_geant4_1788349596/work/src/source/processes/hadronic/models/particle_hp/src/G4ParticleHPInelasticCompFS.cc.
G4WT9 > 
-------- WWWW ------- G4Exception-START -------- WWWW -------
*** G4Exception : Transport-001-ExcessSteps
      issued by : G4Transportation::AlongStepDoIt
 Transportation is killing track that is looping or stuck. 
   Track is e- and has 110.334 MeV energy  ( pre-Step = 110.334 ) 
   momentum = (71.7241,-76.8774,35.0975) mag= 110.844
   position = (2035.93,-4013.1,3783.69) is in volume 'MagnetEnvelope',  its material is 'G4_Galactic' with density = 1e-25 g/cm^3 
 Total number of Steps by this track: 117
 Length of this step = 26019.2 mm 
 Number of propagation trials = 1 ( vs maximum = 10 for 'important' particles ) 
   ( Number of *calls* of Transport/AlongStepDoIt = 11567309 )

*** This is just a warning message. ***
-------- WWWW -------- G4Exception-END --------- WWWW -------

G4WT12 > 
-------- WWWW ------- G4Exception-START -------- WWWW -------
*** G4Exception : Transport-001-ExcessSteps
      issued by : G4Transportation::AlongStepDoIt
 Transportation is killing track that is looping or stuck. 
   Track is e- and has 139.5 MeV energy  ( pre-Step = 139.5 ) 
   momentum = (33.3659,132.816,-29.1483) mag= 140.01
   position = (1074.22,4369.9,-721.667) is in volume 'MagnetEnvelope',  its material is 'G4_Galactic' with density = 1e-25 g/cm^3 
 Total number of Steps by this track: 3
 Length of this step = 39322 mm 
 Number of propagation trials = 1 ( vs maximum = 10 for 'important' particles ) 
   ( Number of *calls* of Transport/AlongStepDoIt = 12889422 )

*** This is just a warning message. ***
-------- WWWW -------- G4Exception-END --------- WWWW -------

G4WT3 > 
-------- WWWW ------- G4Exception-START -------- WWWW -------
*** G4Exception : Transport-001-ExcessSteps
      issued by : G4Transportation::AlongStepDoIt
 Transportation is killing track that is looping or stuck. 
   Track is e+ and has 156.46 MeV energy  ( pre-Step = 156.46 ) 
   momentum = (-121.781,96.3887,22.7615) mag= 156.97
   position = (-3777.25,-2445.89,746.196) is in volume 'MagnetEnvelope',  its material is 'G4_Galactic' with density = 1e-25 g/cm^3 
 Total number of Steps by this track: 213
 Length of this step = 29992.3 mm 
 Number of propagation trials = 1 ( vs maximum = 10 for 'important' particles ) 
   ( Number of *calls* of Transport/AlongStepDoIt = 14754810 )

*** This is just a warning message. ***
-------- WWWW -------- G4Exception-END --------- WWWW -------

G4WT11 > 
-------- WWWW ------- G4Exception-START -------- WWWW -------
*** G4Exception : Transport-001-ExcessSteps
      issued by : G4Transportation::AlongStepDoIt
 Transportation is killing track that is looping or stuck. 
   Track is e+ and has 190.01 MeV energy  ( pre-Step = 190.01 ) 
   momentum = (-47.87,-183.791,15.0798) mag= 190.521
   position = (-1252.22,-4322.26,346.517) is in volume 'MagnetEnvelope',  its material is 'G4_Galactic' with density = 1e-25 g/cm^3 
 Total number of Steps by this track: 4
 Length of this step = 34146 mm 
 Number of propagation trials = 1 ( vs maximum = 10 for 'important' particles ) 
   ( Number of *calls* of Transport/AlongStepDoIt = 13775314 )

*** This is just a warning message. ***
-------- WWWW -------- G4Exception-END --------- WWWW -------

G4WT14 > 
-------- WWWW ------- G4Exception-START -------- WWWW -------
*** G4Exception : Transport-001-ExcessSteps
      issued by : G4Transportation::AlongStepDoIt
 Transportation is killing track that is looping or stuck. 
   Track is e- and has 113.287 MeV energy  ( pre-Step = 113.287 ) 
   momentum = (60.6826,50.9833,-81.6585) mag= 113.797
   position = (5499.41,-5333.19,3645.42) is in volume 'MagnetEnvelope',  its material is 'G4_Galactic' with density = 1e-25 g/cm^3 
 Total number of Steps by this track: 11
 Length of this step = 27711.9 mm 
 Number of propagation trials = 1 ( vs maximum = 10 for 'important' particles ) 
   ( Number of *calls* of Transport/AlongStepDoIt = 14388980 )

*** This is just a warning message. ***
-------- WWWW -------- G4Exception-END --------- WWWW -------

G4WT10 > 
-------- WWWW ------- G4Exception-START -------- WWWW -------
*** G4Exception : Transport-001-ExcessSteps
      issued by : G4Transportation::AlongStepDoIt
 Transportation is killing track that is looping or stuck. 
   Track is e+ and has 187.219 MeV energy  ( pre-Step = 187.219 ) 
   momentum = (1.86676,-163.528,-92.1819) mag= 187.73
   position = (260.061,-4492.48,-2211.7) is in volume 'MagnetEnvelope',  its material is 'G4_Galactic' with density = 1e-25 g/cm^3 
 Total number of Steps by this track: 4
 Length of this step = 40353.8 mm 
 Number of propagation trials = 1 ( vs maximum = 10 for 'important' particles ) 
   ( Number of *calls* of Transport/AlongStepDoIt = 14692873 )

*** This is just a warning message. ***
-------- WWWW -------- G4Exception-END --------- WWWW -------

G4WT12 > 
-------- WWWW ------- G4Exception-START -------- WWWW -------
*** G4Exception : Transport-001-ExcessSteps
      issued by : G4Transportation::AlongStepDoIt
 Transportation is killing track that is looping or stuck. 
   Track is e+ and has 155.08 MeV energy  ( pre-Step = 155.08 ) 
   momentum = (143.353,-60.2521,5.28731) mag= 155.59
   position = (4235.39,1520.35,-908.42) is in volume 'MagnetEnvelope',  its material is 'G4_Galactic' with density = 1e-25 g/cm^3 
 Total number of Steps by this track: 20
 Length of this step = 30554.3 mm 
 Number of propagation trials = 1 ( vs maximum = 10 for 'important' particles ) 
   ( Number of *calls* of Transport/AlongStepDoIt = 14638918 )

*** This is just a warning message. ***
-------- WWWW -------- G4Exception-END --------- WWWW -------

G4WT9 > 
-------- WWWW ------- G4Exception-START -------- WWWW -------
*** G4Exception : Transport-001-ExcessSteps
      issued by : G4Transportation::AlongStepDoIt
 Transportation is killing track that is looping or stuck. 
   Track is e+ and has 126.411 MeV energy  ( pre-Step = 126.411 ) 
   momentum = (115.572,52.4555,-0.5985) mag= 126.921
   position = (-232.255,4494,4944.1) is in volume 'MagnetEnvelope',  its material is 'G4_Galactic' with density = 1e-25 g/cm^3 
 Total number of Steps by this track: 3
 Length of this step = 40015.6 mm 
 Number of propagation trials = 1 ( vs maximum = 10 for 'important' particles ) 
   ( Number of *calls* of Transport/AlongStepDoIt = 13224150 )

*** This is just a warning message. ***
-------- WWWW -------- G4Exception-END --------- WWWW -------

G4WT5 > --> Event 4500 starts with initial seeds (89967331,89171366).
G4WT5 > 
-------- WWWW ------- G4Exception-START -------- WWWW -------
*** G4Exception : Transport-001-ExcessSteps
      issued by : G4Transportation::AlongStepDoIt
 Transportation is killing track that is looping or stuck. 
   Track is e- and has 114.099 MeV energy  ( pre-Step = 114.099 ) 
   momentum = (34.9487,-108.779,8.9875) mag= 114.609
   position = (-3920.09,5321.85,-604.421) is in volume 'MagnetEnvelope',  its material is 'G4_Galactic' with density = 1e-25 g/cm^3 
 Total number of Steps by this track: 2
 Length of this step = 38924.7 mm 
 Number of propagation trials = 1 ( vs maximum = 10 for 'important' particles ) 
   ( Number of *calls* of Transport/AlongStepDoIt = 13077253 )

*** This is just a warning message. ***
-------- WWWW -------- G4Exception-END --------- WWWW -------

G4WT0 > 
-------- WWWW ------- G4Exception-START -------- WWWW -------
*** G4Exception : Transport-001-ExcessSteps
      issued by : G4Transportation::AlongStepDoIt
 Transportation is killing track that is looping or stuck. 
   Track is e+ and has 115.466 MeV energy  ( pre-Step = 115.466 ) 
   momentum = (-98.6945,-59.7952,11.5858) mag= 115.975
   position = (-1491.98,-4245.47,1243.62) is in volume 'MagnetEnvelope',  its material is 'G4_Galactic' with density = 1e-25 g/cm^3 
 Total number of Steps by this track: 82
 Length of this step = 19570.8 mm 
 Number of propagation trials = 1 ( vs maximum = 10 for 'important' particles ) 
   ( Number of *calls* of Transport/AlongStepDoIt = 15083166 )

*** This is just a warning message. ***
-------- WWWW -------- G4Exception-END --------- WWWW -------

G4WT15 > 
-------- WWWW ------- G4Exception-START -------- WWWW -------
*** G4Exception : Transport-001-ExcessSteps
      issued by : G4Transportation::AlongStepDoIt
 Transportation is killing track that is looping or stuck. 
   Track is e- and has 113.151 MeV energy  ( pre-Step = 113.151 ) 
   momentum = (-89.8912,68.9789,8.96586) mag= 113.661
   position = (-7316.35,5991.85,924.368) is in volume 'MagnetEnvelope',  its material is 'G4_Galactic' with density = 1e-25 g/cm^3 
 Total number of Steps by this track: 9
 Length of this step = 31639.3 mm 
 Number of propagation trials = 1 ( vs maximum = 10 for 'important' particles ) 
   ( Number of *calls* of Transport/AlongStepDoIt = 14117374 )

*** This is just a warning message. ***
-------- WWWW -------- G4Exception-END --------- WWWW -------

G4WT3 > 
-------- WWWW ------- G4Exception-START -------- WWWW -------
*** G4Exception : Transport-001-ExcessSteps
      issued by : G4Transportation::AlongStepDoIt
 Transportation is killing track that is looping or stuck. 
   Track is e+ and has 108.764 MeV energy  ( pre-Step = 108.764 ) 
   momentum = (-62.6393,-63.9165,-62.7044) mag= 109.274
   position = (-1258.85,-4320.34,-3719.39) is in volume 'MagnetEnvelope',  its material is 'G4_Galactic' with density = 1e-25 g/cm^3 
 Total number of Steps by this track: 3
 Length of this step = 29330.3 mm 
 Number of propagation trials = 1 ( vs maximum = 10 for 'important' particles ) 
   ( Number of *calls* of Transport/AlongStepDoIt = 16751542 )

*** This is just a warning message. ***
-------- WWWW -------- G4Exception-END --------- WWWW -------

G4WT1 > 
-------- WWWW ------- G4Exception-START -------- WWWW -------
*** G4Exception : Transport-001-ExcessSteps
      issued by : G4Transportation::AlongStepDoIt
 Transportation is killing track that is looping or stuck. 
   Track is e- and has 110.632 MeV energy  ( pre-Step = 110.632 ) 
   momentum = (73.994,-28.9739,-77.7036) mag= 111.142
   position = (1303.34,-4307.12,1171.32) is in volume 'MagnetEnvelope',  its material is 'G4_Galactic' with density = 1e-25 g/cm^3 
 Total number of Steps by this track: 55
 Length of this step = 21366.2 mm 
 Number of propagation trials = 1 ( vs maximum = 10 for 'important' particles ) 
   ( Number of *calls* of Transport/AlongStepDoIt = 13170539 )

*** This is just a warning message. ***
-------- WWWW -------- G4Exception-END --------- WWWW -------

G4WT3 > 
-------- WWWW ------- G4Exception-START -------- WWWW -------
*** G4Exception : Transport-001-ExcessSteps
      issued by : G4Transportation::AlongStepDoIt
 Transportation is killing track that is looping or stuck. 
   Track is e- and has 105.197 MeV energy  ( pre-Step = 105.197 ) 
   momentum = (31.9373,7.69908,100.472) mag= 105.707
   position = (-8264.59,199.086,-3633.92) is in volume 'MagnetEnvelope',  its material is 'G4_Galactic' with density = 1e-25 g/cm^3 
 Total number of Steps by this track: 2
 Length of this step = 21620.8 mm 
 Number of propagation trials = 1 ( vs maximum = 10 for 'important' particles ) 
   ( Number of *calls* of Transport/AlongStepDoIt = 17235508 )

*** This is just a warning message. ***
-------- WWWW -------- G4Exception-END --------- WWWW -------

G4WT6 > 
-------- WWWW ------- G4Exception-START -------- WWWW -------
*** G4Exception : Transport-001-ExcessSteps
      issued by : G4Transportation::AlongStepDoIt
 Transportation is killing track that is looping or stuck. 
   Track is e+ and has 162.717 MeV energy  ( pre-Step = 162.717 ) 
   momentum = (70.8985,59.7313,-134.345) mag= 163.227
   position = (3576.9,2730.52,1093.44) is in volume 'MagnetEnvelope',  its material is 'G4_Galactic' with density = 1e-25 g/cm^3 
 Total number of Steps by this track: 215
 Length of this step = 32398.6 mm 
 Number of propagation trials = 1 ( vs maximum = 10 for 'important' particles ) 
   ( Number of *calls* of Transport/AlongStepDoIt = 14925895 )

*** This is just a warning message. ***
-------- WWWW -------- G4Exception-END --------- WWWW -------

G4WT14 > --> Event 5000 starts with initial seeds (41203242,48818757).
G4WT12 > 
-------- WWWW ------- G4Exception-START -------- WWWW -------
*** G4Exception : Transport-001-ExcessSteps
      issued by : G4Transportation::AlongStepDoIt
 Transportation is killing track that is looping or stuck. 
   Track is e+ and has 147.795 MeV energy  ( pre-Step = 147.795 ) 
   momentum = (-0.116791,-143.93,35.7562) mag= 148.305
   position = (-854.887,-4418.05,-707.984) is in volume 'MagnetEnvelope',  its material is 'G4_Galactic' with density = 1e-25 g/cm^3 
 Total number of Steps by this track: 4
 Length of this step = 29910.3 mm 
 Number of propagation trials = 1 ( vs maximum = 10 for 'important' particles ) 
   ( Number of *calls* of Transport/AlongStepDoIt = 16352396 )

*** This is just a warning message. ***
-------- WWWW -------- G4Exception-END --------- WWWW -------

G4WT4 > 
-------- WWWW ------- G4Exception-START -------- WWWW -------
*** G4Exception : Transport-001-ExcessSteps
      issued by : G4Transportation::AlongStepDoIt
 Transportation is killing track that is looping or stuck. 
   Track is e- and has 107.158 MeV energy  ( pre-Step = 107.158 ) 
   momentum = (96.5205,47.7043,0.698214) mag= 107.668
   position = (3701.25,2559.44,565.555) is in volume 'MagnetEnvelope',  its material is 'G4_Galactic' with density = 1e-25 g/cm^3 
 Total number of Steps by this track: 4
 Length of this step = 22148.3 mm 
 Number of propagation trials = 1 ( vs maximum = 10 for 'important' particles ) 
   ( Number of *calls* of Transport/AlongStepDoIt = 17015532 )

*** This is just a warning message. ***
-------- WWWW -------- G4Exception-END --------- WWWW -------

G4WT1 > 
-------- WWWW ------- G4Exception-START -------- WWWW -------
*** G4Exception : Transport-001-ExcessSteps
      issued by : G4Transportation::AlongStepDoIt
 Transportation is killing track that is looping or stuck. 
   Track is e+ and has 119.72 MeV energy  ( pre-Step = 119.72 ) 
   momentum = (83.5692,83.9309,20.6645) mag= 120.23
   position = (4045.2,1971.38,2200.77) is in volume 'MagnetEnvelope',  its material is 'G4_Galactic' with density = 1e-25 g/cm^3 
 Total number of Steps by this track: 139
 Length of this step = 33940.2 mm 
 Number of propagation trials = 1 ( vs maximum = 10 for 'important' particles ) 
   ( Number of *calls* of Transport/AlongStepDoIt = 13971827 )

*** This is just a warning message. ***
-------- WWWW -------- G4Exception-END --------- WWWW -------

G4WT1 > 
-------- WWWW ------- G4Exception-START -------- WWWW -------
*** G4Exception : Transport-001-ExcessSteps
      issued by : G4Transportation::AlongStepDoIt
 Transportation is killing track that is looping or stuck. 
   Track is e+ and has 102.274 MeV energy  ( pre-Step = 102.274 ) 
   momentum = (23.4627,-100.045,-2.27494) mag= 102.784
   position = (877.104,-4413.69,-297.368) is in volume 'MagnetEnvelope',  its material is 'G4_Galactic' with density = 1e-25 g/cm^3 
 Total number of Steps by this track: 3
 Length of this step = 23662.3 mm 
 Number of propagation trials = 1 ( vs maximum = 10 for 'important' particles ) 
   ( Number of *calls* of Transport/AlongStepDoIt = 14286522 )

*** This is just a warning message. ***
-------- WWWW -------- G4Exception-END --------- WWWW -------

G4WT9 > 
-------- WWWW ------- G4Exception-START -------- WWWW -------
*** G4Exception : Transport-001-ExcessSteps
      issued by : G4Transportation::AlongStepDoIt
 Transportation is killing track that is looping or stuck. 
   Track is e- and has 127.819 MeV energy  ( pre-Step = 127.819 ) 
   momentum = (126.274,-21.555,-7.64973) mag= 128.329
   position = (4346.11,-1166.76,-450.572) is in volume 'MagnetEnvelope',  its material is 'G4_Galactic' with density = 1e-25 g/cm^3 
 Total number of Steps by this track: 3
 Length of this step = 34181.9 mm 
 Number of propagation trials = 1 ( vs maximum = 10 for 'important' particles ) 
   ( Number of *calls* of Transport/AlongStepDoIt = 15481260 )

*** This is just a warning message. ***
-------- WWWW -------- G4Exception-END --------- WWWW -------

G4WT11 > 
-------- WWWW ------- G4Exception-START -------- WWWW -------
*** G4Exception : Transport-001-ExcessSteps
      issued by : G4Transportation::AlongStepDoIt
 Transportation is killing track that is looping or stuck. 
   Track is e+ and has 127.426 MeV energy  ( pre-Step = 127.426 ) 
   momentum = (118.401,47.4661,-9.78859) mag= 127.936
   position = (4349.56,1153.83,354.862) is in volume 'MagnetEnvelope',  its material is 'G4_Galactic' with density = 1e-25 g/cm^3 
 Total number of Steps by this track: 6
 Length of this step = 32426.9 mm 
 Number of propagation trials = 1 ( vs maximum = 10 for 'important' particles ) 
   ( Number of *calls* of Transport/AlongStepDoIt = 17770625 )

*** This is just a warning message. ***
-------- WWWW -------- G4Exception-END --------- WWWW -------

G4WT5 > 
-------- WWWW ------- G4Exception-START -------- WWWW -------
*** G4Exception : Transport-001-ExcessSteps
      issued by : G4Transportation::AlongStepDoIt
 Transportation is killing track that is looping or stuck. 
   Track is e+ and has 127.35 MeV energy  ( pre-Step = 127.35 ) 
   momentum = (101.147,-39.2532,67.651) mag= 127.86
   position = (-2211.49,6404.97,494.993) is in volume 'MagnetEnvelope',  its material is 'G4_Galactic' with density = 1e-25 g/cm^3 
 Total number of Steps by this track: 1
 Length of this step = 25199.8 mm 
 Number of propagation trials = 1 ( vs maximum = 10 for 'important' particles ) 
   ( Number of *calls* of Transport/AlongStepDoIt = 15969845 )

*** This is just a warning message. ***
-------- WWWW -------- G4Exception-END --------- WWWW -------

G4WT11 > 
-------- WWWW ------- G4Exception-START -------- WWWW -------
*** G4Exception : Transport-001-ExcessSteps
      issued by : G4Transportation::AlongStepDoIt
 Transportation is killing track that is looping or stuck. 
   Track is e- and has 105.189 MeV energy  ( pre-Step = 105.189 ) 
   momentum = (56.1119,56.124,69.813) mag= 105.699
   position = (4488.01,5991.85,2702.39) is in volume 'MagnetEnvelope',  its material is 'G4_Galactic' with density = 1e-25 g/cm^3 
 Total number of Steps by this track: 6
 Length of this step = 29365.5 mm 
 Number of propagation trials = 1 ( vs maximum = 10 for 'important' particles ) 
   ( Number of *calls* of Transport/AlongStepDoIt = 18023661 )

*** This is just a warning message. ***
-------- WWWW -------- G4Exception-END --------- WWWW -------

G4WT14 > 
-------- WWWW ------- G4Exception-START -------- WWWW -------
*** G4Exception : Transport-001-ExcessSteps
      issued by : G4Transportation::AlongStepDoIt
 Transportation is killing track that is looping or stuck. 
   Track is e+ and has 136.918 MeV energy  ( pre-Step = 136.918 ) 
   momentum = (-124.652,-35.1084,-45.997) mag= 137.428
   position = (-4317.3,-1269.23,-3580.02) is in volume 'MagnetEnvelope',  its material is 'G4_Galactic' with density = 1e-25 g/cm^3 
 Total number of Steps by this track: 4
 Length of this step = 27607.4 mm 
 Number of propagation trials = 1 ( vs maximum = 10 for 'important' particles ) 
   ( Number of *calls* of Transport/AlongStepDoIt = 18287909 )

*** This is just a warning message. ***
-------- WWWW -------- G4Exception-END --------- WWWW -------

G4WT11 > 
-------- WWWW ------- G4Exception-START -------- WWWW -------
*** G4Exception : Transport-001-ExcessSteps
      issued by : G4Transportation::AlongStepDoIt
 Transportation is killing track that is looping or stuck. 
   Track is e- and has 117.274 MeV energy  ( pre-Step = 117.274 ) 
   momentum = (-101.747,57.7861,13.4717) mag= 117.784
   position = (-4021.82,2018.66,-66.501) is in volume 'MagnetEnvelope',  its material is 'G4_Galactic' with density = 1e-25 g/cm^3 
 Total number of Steps by this track: 255
 Length of this step = 30945.8 mm 
 Number of propagation trials = 1 ( vs maximum = 10 for 'important' particles ) 
   ( Number of *calls* of Transport/AlongStepDoIt = 18503057 )

*** This is just a warning message. ***
-------- WWWW -------- G4Exception-END --------- WWWW -------

G4WT0 > 
-------- WWWW ------- G4Exception-START -------- WWWW -------
*** G4Exception : Transport-001-ExcessSteps
      issued by : G4Transportation::AlongStepDoIt
 Transportation is killing track that is looping or stuck. 
   Track is e+ and has 188.174 MeV energy  ( pre-Step = 188.174 ) 
   momentum = (59.1798,178.47,15.7463) mag= 188.684
   position = (1672.38,4177.7,214.61) is in volume 'MagnetEnvelope',  its material is 'G4_Galactic' with density = 1e-25 g/cm^3 
 Total number of Steps by this track: 2
 Length of this step = 31411.3 mm 
 Number of propagation trials = 1 ( vs maximum = 10 for 'important' particles ) 
   ( Number of *calls* of Transport/AlongStepDoIt = 17539519 )

*** This is just a warning message. ***
-------- WWWW -------- G4Exception-END --------- WWWW -------

G4WT12 > 
-------- WWWW ------- G4Exception-START -------- WWWW -------
*** G4Exception : Transport-001-ExcessSteps
      issued by : G4Transportation::AlongStepDoIt
 Transportation is killing track that is looping or stuck. 
   Track is e+ and has 125.603 MeV energy  ( pre-Step = 125.603 ) 
   momentum = (-124.44,-19.9688,4.4956) mag= 126.113
   position = (-3515.6,2809.01,-2883.83) is in volume 'MagnetEnvelope',  its material is 'G4_Galactic' with density = 1e-25 g/cm^3 
 Total number of Steps by this track: 49
 Length of this step = 26225.8 mm 
 Number of propagation trials = 1 ( vs maximum = 10 for 'important' particles ) 
   ( Number of *calls* of Transport/AlongStepDoIt = 18748863 )

*** This is just a warning message. ***
-------- WWWW -------- G4Exception-END --------- WWWW -------

G4WT0 > --> Event 5500 starts with initial seeds (35910389,80865783).
G4WT8 > 
-------- WWWW ------- G4Exception-START -------- WWWW -------
*** G4Exception : Transport-001-ExcessSteps
      issued by : G4Transportation::AlongStepDoIt
 Transportation is killing track that is looping or stuck. 
   Track is e- and has 111.805 MeV energy  ( pre-Step = 111.805 ) 
   momentum = (-69.7636,-34.1263,81.1366) mag= 112.315
   position = (-4124.27,-1800.11,4600.49) is in volume 'MagnetEnvelope',  its material is 'G4_Galactic' with density = 1e-25 g/cm^3 
 Total number of Steps by this track: 3
 Length of this step = 37773 mm 
 Number of propagation trials = 1 ( vs maximum = 10 for 'important' particles ) 
   ( Number of *calls* of Transport/AlongStepDoIt = 16214567 )

*** This is just a warning message. ***
-------- WWWW -------- G4Exception-END --------- WWWW -------

G4WT11 > 
-------- WWWW ------- G4Exception-START -------- WWWW -------
*** G4Exception : Transport-001-ExcessSteps
      issued by : G4Transportation::AlongStepDoIt
 Transportation is killing track that is looping or stuck. 
   Track is e- and has 174.078 MeV energy  ( pre-Step = 174.078 ) 
   momentum = (-137.728,13.2593,106.472) mag= 174.588
   position = (-3962.62,2132.52,-109.252) is in volume 'MagnetEnvelope',  its material is 'G4_Galactic' with density = 1e-25 g/cm^3 
 Total number of Steps by this track: 221
 Length of this step = 35836.8 mm 
 Number of propagation trials = 1 ( vs maximum = 10 for 'important' particles ) 
   ( Number of *calls* of Transport/AlongStepDoIt = 19398324 )

*** This is just a warning message. ***
-------- WWWW -------- G4Exception-END --------- WWWW -------

G4WT3 > 
-------- WWWW ------- G4Exception-START -------- WWWW -------
*** G4Exception : Transport-001-ExcessSteps
      issued by : G4Transportation::AlongStepDoIt
 Transportation is killing track that is looping or stuck. 
   Track is e- and has 128.201 MeV energy  ( pre-Step = 128.201 ) 
   momentum = (111.588,45.8842,-44.824) mag= 128.711
   position = (4317.13,-1269.79,-252.948) is in volume 'MagnetEnvelope',  its material is 'G4_Galactic' with density = 1e-25 g/cm^3 
 Total number of Steps by this track: 180
 Length of this step = 31560.2 mm 
 Number of propagation trials = 1 ( vs maximum = 10 for 'important' particles ) 
   ( Number of *calls* of Transport/AlongStepDoIt = 19584092 )

*** This is just a warning message. ***
-------- WWWW -------- G4Exception-END --------- WWWW -------

G4WT2 > 
-------- WWWW ------- G4Exception-START -------- WWWW -------
*** G4Exception : Transport-001-ExcessSteps
      issued by : G4Transportation::AlongStepDoIt
 Transportation is killing track that is looping or stuck. 
   Track is e+ and has 176.82 MeV energy  ( pre-Step = 176.82 ) 
   momentum = (-122.248,2.33719,-128.438) mag= 177.331
   position = (-3785.31,2433.41,435.093) is in volume 'MagnetEnvelope',  its material is 'G4_Galactic' with density = 1e-25 g/cm^3 
 Total number of Steps by this track: 167
 Length of this step = 33184.6 mm 
 Number of propagation trials = 1 ( vs maximum = 10 for 'important' particles ) 
   ( Number of *calls* of Transport/AlongStepDoIt = 17576283 )

*** This is just a warning message. ***
-------- WWWW -------- G4Exception-END --------- WWWW -------

G4WT0 > 
-------- WWWW ------- G4Exception-START -------- WWWW -------
*** G4Exception : Transport-001-ExcessSteps
      issued by : G4Transportation::AlongStepDoIt
 Transportation is killing track that is looping or stuck. 
   Track is e- and has 109.243 MeV energy  ( pre-Step = 109.243 ) 
   momentum = (-89.0639,62.4097,-14.7777) mag= 109.753
   position = (-3863.01,2308.07,-864.495) is in volume 'MagnetEnvelope',  its material is 'G4_Galactic' with density = 1e-25 g/cm^3 
 Total number of Steps by this track: 5
 Length of this step = 22181.6 mm 
 Number of propagation trials = 1 ( vs maximum = 10 for 'important' particles ) 
   ( Number of *calls* of Transport/AlongStepDoIt = 19299552 )

*** This is just a warning message. ***
-------- WWWW -------- G4Exception-END --------- WWWW -------

G4WT0 > 
-------- WWWW ------- G4Exception-START -------- WWWW -------
*** G4Exception : Transport-001-ExcessSteps
      issued by : G4Transportation::AlongStepDoIt
 Transportation is killing track that is looping or stuck. 
   Track is e- and has 124.931 MeV energy  ( pre-Step = 124.931 ) 
   momentum = (113.192,-43.6221,-31.9417) mag= 125.441
   position = (4195.82,-1626.37,-1056.3) is in volume 'MagnetEnvelope',  its material is 'G4_Galactic' with density = 1e-25 g/cm^3 
 Total number of Steps by this track: 2
 Length of this step = 29691.3 mm 
 Number of propagation trials = 1 ( vs maximum = 10 for 'important' particles ) 
   ( Number of *calls* of Transport/AlongStepDoIt = 19533318 )

*** This is just a warning message. ***
-------- WWWW -------- G4Exception-END --------- WWWW -------

G4WT12 > 
-------- WWWW ------- G4Exception-START -------- WWWW -------
*** G4Exception : Transport-001-ExcessSteps
      issued by : G4Transportation::AlongStepDoIt
 Transportation is killing track that is looping or stuck. 
   Track is e+ and has 163.466 MeV energy  ( pre-Step = 163.466 ) 
   momentum = (-126.422,81.6447,-65.1142) mag= 163.976
   position = (-3651.46,2629.98,-2170.67) is in volume 'MagnetEnvelope',  its material is 'G4_Galactic' with density = 1e-25 g/cm^3 
 Total number of Steps by this track: 6
 Length of this step = 33194.4 mm 
 Number of propagation trials = 1 ( vs maximum = 10 for 'important' particles ) 
   ( Number of *calls* of Transport/AlongStepDoIt = 21334202 )

*** This is just a warning message. ***
-------- WWWW -------- G4Exception-END --------- WWWW -------

G4WT9 > 
-------- WWWW ------- G4Exception-START -------- WWWW -------
*** G4Exception : Transport-001-ExcessSteps
      issued by : G4Transportation::AlongStepDoIt
 Transportation is killing track that is looping or stuck. 
   Track is e- and has 121.763 MeV energy  ( pre-Step = 121.763 ) 
   momentum = (-104.69,22.2091,59.1394) mag= 122.273
   position = (-4160.74,1714.13,583.892) is in volume 'MagnetEnvelope',  its material is 'G4_Galactic' with density = 1e-25 g/cm^3 
 Total number of Steps by this track: 2
 Length of this step = 27431.9 mm 
 Number of propagation trials = 1 ( vs maximum = 10 for 'important' particles ) 
   ( Number of *calls* of Transport/AlongStepDoIt = 18352666 )

*** This is just a warning message. ***
-------- WWWW -------- G4Exception-END --------- WWWW -------

G4WT5 > 
-------- WWWW ------- G4Exception-START -------- WWWW -------
*** G4Exception : Transport-001-ExcessSteps
      issued by : G4Transportation::AlongStepDoIt
 Transportation is killing track that is looping or stuck. 
   Track is e- and has 184.538 MeV energy  ( pre-Step = 184.538 ) 
   momentum = (-143.332,-81.0981,-84.3924) mag= 185.049
   position = (-699.885,-4445.24,-304.452) is in volume 'MagnetEnvelope',  its material is 'G4_Galactic' with density = 1e-25 g/cm^3 
 Total number of Steps by this track: 43
 Length of this step = 33405.6 mm 
 Number of propagation trials = 1 ( vs maximum = 10 for 'important' particles ) 
   ( Number of *calls* of Transport/AlongStepDoIt = 18272357 )

*** This is just a warning message. ***
-------- WWWW -------- G4Exception-END --------- WWWW -------

G4WT3 > 
-------- WWWW ------- G4Exception-START -------- WWWW -------
*** G4Exception : Transport-001-ExcessSteps
      issued by : G4Transportation::AlongStepDoIt
 Transportation is killing track that is looping or stuck. 
   Track is e+ and has 139.264 MeV energy  ( pre-Step = 139.264 ) 
   momentum = (-28.1705,-136.491,10.648) mag= 139.774
   position = (-675.554,-4449,260.717) is in volume 'MagnetEnvelope',  its material is 'G4_Galactic' with density = 1e-25 g/cm^3 
 Total number of Steps by this track: 4
 Length of this step = 28431.5 mm 
 Number of propagation trials = 1 ( vs maximum = 10 for 'important' particles ) 
   ( Number of *calls* of Transport/AlongStepDoIt = 20654883 )

*** This is just a warning message. ***
-------- WWWW -------- G4Exception-END --------- WWWW -------

G4WT15 > 
-------- WWWW ------- G4Exception-START -------- WWWW -------
*** G4Exception : Transport-001-ExcessSteps
      issued by : G4Transportation::AlongStepDoIt
 Transportation is killing track that is looping or stuck. 
   Track is e+ and has 135.792 MeV energy  ( pre-Step = 135.792 ) 
   momentum = (-58.115,-59.1156,108.195) mag= 136.302
   position = (-4327.42,1234.27,135.015) is in volume 'MagnetEnvelope',  its material is 'G4_Galactic' with density = 1e-25 g/cm^3 
 Total number of Steps by this track: 257
 Length of this step = 28896.7 mm 
 Number of propagation trials = 1 ( vs maximum = 10 for 'important' particles ) 
   ( Number of *calls* of Transport/AlongStepDoIt = 19280401 )

*** This is just a warning message. ***
-------- WWWW -------- G4Exception-END --------- WWWW -------

G4WT7 > --> Event 6000 starts with initial seeds (52341021,21765760).
G4WT7 > 
-------- WWWW ------- G4Exception-START -------- WWWW -------
*** G4Exception : Transport-001-ExcessSteps
      issued by : G4Transportation::AlongStepDoIt
 Transportation is killing track that is looping or stuck. 
   Track is e+ and has 109.581 MeV energy  ( pre-Step = 109.581 ) 
   momentum = (-80.1167,-68.6198,-31.505) mag= 110.091
   position = (-3504.21,-2823.22,-1358.66) is in volume 'MagnetEnvelope',  its material is 'G4_Galactic' with density = 1e-25 g/cm^3 
 Total number of Steps by this track: 5
 Length of this step = 20745.2 mm 
 Number of propagation trials = 1 ( vs maximum = 10 for 'important' particles ) 
   ( Number of *calls* of Transport/AlongStepDoIt = 19170889 )

*** This is just a warning message. ***
-------- WWWW -------- G4Exception-END --------- WWWW -------

G4WT1 > 
-------- WWWW ------- G4Exception-START -------- WWWW -------
*** G4Exception : Transport-001-ExcessSteps
      issued by : G4Transportation::AlongStepDoIt
 Transportation is killing track that is looping or stuck. 
   Track is e+ and has 142.957 MeV energy  ( pre-Step = 142.957 ) 
   momentum = (115.077,-38.673,-76.4492) mag= 143.467
   position = (4254.63,-1465.65,-2682.94) is in volume 'MagnetEnvelope',  its material is 'G4_Galactic' with density = 1e-25 g/cm^3 
 Total number of Steps by this track: 4
 Length of this step = 33441.2 mm 
 Number of propagation trials = 1 ( vs maximum = 10 for 'important' particles ) 
   ( Number of *calls* of Transport/AlongStepDoIt = 18054067 )

*** This is just a warning message. ***
-------- WWWW -------- G4Exception-END --------- WWWW -------

G4WT7 > 
-------- WWWW ------- G4Exception-START -------- WWWW -------
*** G4Exception : Transport-001-ExcessSteps
      issued by : G4Transportation::AlongStepDoIt
 Transportation is killing track that is looping or stuck. 
   Track is e+ and has 107.242 MeV energy  ( pre-Step = 107.242 ) 
   momentum = (-60.2811,-63.5415,-62.7623) mag= 107.752
   position = (7665,1985.58,-1926.89) is in volume 'MagnetEnvelope',  its material is 'G4_Galactic' with density = 1e-25 g/cm^3 
 Total number of Steps by this track: 9
 Length of this step = 16842.1 mm 
 Number of propagation trials = 1 ( vs maximum = 10 for 'important' particles ) 
   ( Number of *calls* of Transport/AlongStepDoIt = 19570553 )

*** This is just a warning message. ***
-------- WWWW -------- G4Exception-END --------- WWWW -------

G4WT5 > 
-------- WWWW ------- G4Exception-START -------- WWWW -------
*** G4Exception : Transport-001-ExcessSteps
      issued by : G4Transportation::AlongStepDoIt
 Transportation is killing track that is looping or stuck. 
   Track is e- and has 159.056 MeV energy  ( pre-Step = 159.056 ) 
   momentum = (-1.78404,-151.058,51.376) mag= 159.566
   position = (256.691,-4486.01,5000) is in volume 'MagnetEnvelope',  its material is 'G4_Galactic' with density = 1e-25 g/cm^3 
 Total number of Steps by this track: 2
 Length of this step = 37455.9 mm 
 Number of propagation trials = 1 ( vs maximum = 10 for 'important' particles ) 
   ( Number of *calls* of Transport/AlongStepDoIt = 19027202 )

*** This is just a warning message. ***
-------- WWWW -------- G4Exception-END --------- WWWW -------

G4WT7 > 
-------- WWWW ------- G4Exception-START -------- WWWW -------
*** G4Exception : Transport-001-ExcessSteps
      issued by : G4Transportation::AlongStepDoIt
 Transportation is killing track that is looping or stuck. 
   Track is e- and has 173.75 MeV energy  ( pre-Step = 173.75 ) 
   momentum = (121.386,87.9211,88.8924) mag= 174.26
   position = (3514.16,2810.82,2746.24) is in volume 'MagnetEnvelope',  its material is 'G4_Galactic' with density = 1e-25 g/cm^3 
 Total number of Steps by this track: 3
 Length of this step = 35201.2 mm 
 Number of propagation trials = 1 ( vs maximum = 10 for 'important' particles ) 
   ( Number of *calls* of Transport/AlongStepDoIt = 19970579 )

*** This is just a warning message. ***
-------- WWWW -------- G4Exception-END --------- WWWW -------

G4WT12 > 
-------- WWWW ------- G4Exception-START -------- WWWW -------
*** G4Exception : Transport-001-ExcessSteps
      issued by : G4Transportation::AlongStepDoIt
 Transportation is killing track that is looping or stuck. 
   Track is e+ and has 201.51 MeV energy  ( pre-Step = 201.51 ) 
   momentum = (-171.597,31.2049,-101.944) mag= 202.02
   position = (-3734.33,2510.93,-55.6721) is in volume 'MagnetEnvelope',  its material is 'G4_Galactic' with density = 1e-25 g/cm^3 
 Total number of Steps by this track: 261
 Length of this step = 34689 mm 
 Number of propagation trials = 1 ( vs maximum = 10 for 'important' particles ) 
   ( Number of *calls* of Transport/AlongStepDoIt = 23224471 )

*** This is just a warning message. ***
-------- WWWW -------- G4Exception-END --------- WWWW -------

G4WT15 > 
-------- WWWW ------- G4Exception-START -------- WWWW -------
*** G4Exception : Transport-001-ExcessSteps
      issued by : G4Transportation::AlongStepDoIt
 Transportation is killing track that is looping or stuck. 
   Track is e- and has 122.805 MeV energy  ( pre-Step = 122.805 ) 
   momentum = (-77.8395,-82.5952,-48.2248) mag= 123.315
   position = (-528.562,-4468.85,953.682) is in volume 'MagnetEnvelope',  its material is 'G4_Galactic' with density = 1e-25 g/cm^3 
 Total number of Steps by this track: 36
 Length of this step = 30363.7 mm 
 Number of propagation trials = 1 ( vs maximum = 10 for 'important' particles ) 
   ( Number of *calls* of Transport/AlongStepDoIt = 20453436 )

*** This is just a warning message. ***
-------- WWWW -------- G4Exception-END --------- WWWW -------

G4WT15 > 
-------- WWWW ------- G4Exception-START -------- WWWW -------
*** G4Exception : Transport-001-ExcessSteps
      issued by : G4Transportation::AlongStepDoIt
 Transportation is killing track that is looping or stuck. 
   Track is e+ and has 118.862 MeV energy  ( pre-Step = 118.862 ) 
   momentum = (79.0837,86.9045,21.05) mag= 119.372
   position = (3002.13,3352.2,654.644) is in volume 'MagnetEnvelope',  its material is 'G4_Galactic' with density = 1e-25 g/cm^3 
 Total number of Steps by this track: 3
 Length of this step = 20324.3 mm 
 Number of propagation trials = 1 ( vs maximum = 10 for 'important' particles ) 
   ( Number of *calls* of Transport/AlongStepDoIt = 20483937 )

*** This is just a warning message. ***
-------- WWWW -------- G4Exception-END --------- WWWW -------

G4WT13 > 
-------- WWWW ------- G4Exception-START -------- WWWW -------
*** G4Exception : Transport-001-ExcessSteps
      issued by : G4Transportation::AlongStepDoIt
 Transportation is killing track that is looping or stuck. 
   Track is e- and has 143.644 MeV energy  ( pre-Step = 143.644 ) 
   momentum = (-95.6738,107.808,-2.07745) mag= 144.154
   position = (-3049.25,3309.39,-70.0761) is in volume 'MagnetEnvelope',  its material is 'G4_Galactic' with density = 1e-25 g/cm^3 
 Total number of Steps by this track: 2
 Length of this step = 24471.6 mm 
 Number of propagation trials = 1 ( vs maximum = 10 for 'important' particles ) 
   ( Number of *calls* of Transport/AlongStepDoIt = 20476566 )

*** This is just a warning message. ***
-------- WWWW -------- G4Exception-END --------- WWWW -------

G4WT4 > 
-------- WWWW ------- G4Exception-START -------- WWWW -------
*** G4Exception : Transport-001-ExcessSteps
      issued by : G4Transportation::AlongStepDoIt
 Transportation is killing track that is looping or stuck. 
   Track is e- and has 111.632 MeV energy  ( pre-Step = 111.632 ) 
   momentum = (79.9645,-70.9843,-33.8046) mag= 112.142
   position = (8335,-1415.81,-1907.78) is in volume 'MagnetEnvelope',  its material is 'G4_Galactic' with density = 1e-25 g/cm^3 
 Total number of Steps by this track: 9
 Length of this step = 21142.9 mm 
 Number of propagation trials = 1 ( vs maximum = 10 for 'important' particles ) 
   ( Number of *calls* of Transport/AlongStepDoIt = 21778724 )

*** This is just a warning message. ***
-------- WWWW -------- G4Exception-END --------- WWWW -------

G4WT2 > 
-------- WWWW ------- G4Exception-START -------- WWWW -------
*** G4Exception : Transport-001-ExcessSteps
      issued by : G4Transportation::AlongStepDoIt
 Transportation is killing track that is looping or stuck. 
   Track is e+ and has 101.414 MeV energy  ( pre-Step = 101.414 ) 
   momentum = (52.9112,30.7812,81.4944) mag= 101.924
   position = (1997.53,4032.35,3192.18) is in volume 'MagnetEnvelope',  its material is 'G4_Galactic' with density = 1e-25 g/cm^3 
 Total number of Steps by this track: 29
 Length of this step = 21281.5 mm 
 Number of propagation trials = 1 ( vs maximum = 10 for 'important' particles ) 
   ( Number of *calls* of Transport/AlongStepDoIt = 19536735 )

*** This is just a warning message. ***
-------- WWWW -------- G4Exception-END --------- WWWW -------

G4WT2 > 
-------- WWWW ------- G4Exception-START -------- WWWW -------
*** G4Exception : Transport-001-ExcessSteps
      issued by : G4Transportation::AlongStepDoIt
 Transportation is killing track that is looping or stuck. 
   Track is e- and has 216.687 MeV energy  ( pre-Step = 216.687 ) 
   momentum = (24.7287,211.624,42.1709) mag= 217.197
   position = (589.508,4461.22,752.58) is in volume 'MagnetEnvelope',  its material is 'G4_Galactic' with density = 1e-25 g/cm^3 
 Total number of Steps by this track: 3
 Length of this step = 34389.4 mm 
 Number of propagation trials = 1 ( vs maximum = 10 for 'important' particles ) 
   ( Number of *calls* of Transport/AlongStepDoIt = 19536897 )

*** This is just a warning message. ***
-------- WWWW -------- G4Exception-END --------- WWWW -------

G4WT1 > 
-------- WWWW ------- G4Exception-START -------- WWWW -------
*** G4Exception : Transport-001-ExcessSteps
      issued by : G4Transportation::AlongStepDoIt
 Transportation is killing track that is looping or stuck. 
   Track is e- and has 148.951 MeV energy  ( pre-Step = 148.951 ) 
   momentum = (61.1693,125.009,-54.4957) mag= 149.462
   position = (1972.1,4044.85,-2018.14) is in volume 'MagnetEnvelope',  its material is 'G4_Galactic' with density = 1e-25 g/cm^3 
 Total number of Steps by this track: 7
 Length of this step = 33662.5 mm 
 Number of propagation trials = 1 ( vs maximum = 10 for 'important' particles ) 
   ( Number of *calls* of Transport/AlongStepDoIt = 18626851 )

*** This is just a warning message. ***
-------- WWWW -------- G4Exception-END --------- WWWW -------

G4WT10 > 
-------- WWWW ------- G4Exception-START -------- WWWW -------
*** G4Exception : Transport-001-ExcessSteps
      issued by : G4Transportation::AlongStepDoIt
 Transportation is killing track that is looping or stuck. 
   Track is e+ and has 108.381 MeV energy  ( pre-Step = 108.381 ) 
   momentum = (28.1691,-87.139,-58.9114) mag= 108.891
   position = (815.287,-4425.53,-2221.19) is in volume 'MagnetEnvelope',  its material is 'G4_Galactic' with density = 1e-25 g/cm^3 
 Total number of Steps by this track: 3
 Length of this step = 32457.3 mm 
 Number of propagation trials = 1 ( vs maximum = 10 for 'important' particles ) 
   ( Number of *calls* of Transport/AlongStepDoIt = 21896585 )

*** This is just a warning message. ***
-------- WWWW -------- G4Exception-END --------- WWWW -------

G4WT6 > 
-------- WWWW ------- G4Exception-START -------- WWWW -------
*** G4Exception : Transport-001-ExcessSteps
      issued by : G4Transportation::AlongStepDoIt
 Transportation is killing track that is looping or stuck. 
   Track is e+ and has 107.264 MeV energy  ( pre-Step = 107.264 ) 
   momentum = (7.02391,68.7656,82.6866) mag= 107.773
   position = (434.266,4479,4950.12) is in volume 'MagnetEnvelope',  its material is 'G4_Galactic' with density = 1e-25 g/cm^3 
 Total number of Steps by this track: 3
 Length of this step = 36930.3 mm 
 Number of propagation trials = 1 ( vs maximum = 10 for 'important' particles ) 
   ( Number of *calls* of Transport/AlongStepDoIt = 20133053 )

*** This is just a warning message. ***
-------- WWWW -------- G4Exception-END --------- WWWW -------

G4WT8 > --> Event 6500 starts with initial seeds (26532410,22743123).
G4WT6 > 
-------- WWWW ------- G4Exception-START -------- WWWW -------
*** G4Exception : Transport-001-ExcessSteps
      issued by : G4Transportation::AlongStepDoIt
 Transportation is killing track that is looping or stuck. 
   Track is e+ and has 103.838 MeV energy  ( pre-Step = 103.838 ) 
   momentum = (51.93,57.7156,-69.7183) mag= 104.348
   position = (5378.31,5794,-4304.78) is in volume 'MagnetEnvelope',  its material is 'G4_Galactic' with density = 1e-25 g/cm^3 
 Total number of Steps by this track: 14
 Length of this step = 23075.1 mm 
 Number of propagation trials = 1 ( vs maximum = 10 for 'important' particles ) 
   ( Number of *calls* of Transport/AlongStepDoIt = 20672450 )

*** This is just a warning message. ***
-------- WWWW -------- G4Exception-END --------- WWWW -------

G4WT6 > 
-------- WWWW ------- G4Exception-START -------- WWWW -------
*** G4Exception : Transport-001-ExcessSteps
      issued by : G4Transportation::AlongStepDoIt
 Transportation is killing track that is looping or stuck. 
   Track is e- and has 113.588 MeV energy  ( pre-Step = 113.588 ) 
   momentum = (-1.22531,98.3088,-57.8981) mag= 114.098
   position = (1544.19,4226.76,565.267) is in volume 'MagnetEnvelope',  its material is 'G4_Galactic' with density = 1e-25 g/cm^3 
 Total number of Steps by this track: 26
 Length of this step = 26895.5 mm 
 Number of propagation trials = 1 ( vs maximum = 10 for 'important' particles ) 
   ( Number of *calls* of Transport/AlongStepDoIt = 20927947 )

*** This is just a warning message. ***
-------- WWWW -------- G4Exception-END --------- WWWW -------

G4WT5 > 
-------- WWWW ------- G4Exception-START -------- WWWW -------
*** G4Exception : Transport-001-ExcessSteps
      issued by : G4Transportation::AlongStepDoIt
 Transportation is killing track that is looping or stuck. 
   Track is e- and has 119.413 MeV energy  ( pre-Step = 119.413 ) 
   momentum = (81.3361,-87.4114,-11.1917) mag= 119.923
   position = (4121.41,-1806.65,1695.69) is in volume 'MagnetEnvelope',  its material is 'G4_Galactic' with density = 1e-25 g/cm^3 
 Total number of Steps by this track: 98
 Length of this step = 27044.8 mm 
 Number of propagation trials = 1 ( vs maximum = 10 for 'important' particles ) 
   ( Number of *calls* of Transport/AlongStepDoIt = 21165519 )

*** This is just a warning message. ***
-------- WWWW -------- G4Exception-END --------- WWWW -------

G4WT7 > 
-------- WWWW ------- G4Exception-START -------- WWWW -------
*** G4Exception : Transport-001-ExcessSteps
      issued by : G4Transportation::AlongStepDoIt
 Transportation is killing track that is looping or stuck. 
   Track is e- and has 119.411 MeV energy  ( pre-Step = 119.411 ) 
   momentum = (18.6395,118.119,-9.02665) mag= 119.921
   position = (1795.7,4126.19,-3716.37) is in volume 'MagnetEnvelope',  its material is 'G4_Galactic' with density = 1e-25 g/cm^3 
 Total number of Steps by this track: 7
 Length of this step = 31288 mm 
 Number of propagation trials = 1 ( vs maximum = 10 for 'important' particles ) 
   ( Number of *calls* of Transport/AlongStepDoIt = 21523533 )

*** This is just a warning message. ***
-------- WWWW -------- G4Exception-END --------- WWWW -------

G4WT11 > 
-------- WWWW ------- G4Exception-START -------- WWWW -------
*** G4Exception : Transport-001-ExcessSteps
      issued by : G4Transportation::AlongStepDoIt
 Transportation is killing track that is looping or stuck. 
   Track is e- and has 122.171 MeV energy  ( pre-Step = 122.171 ) 
   momentum = (114.659,43.6306,0.635605) mag= 122.681
   position = (4280.33,1388.82,310.717) is in volume 'MagnetEnvelope',  its material is 'G4_Galactic' with density = 1e-25 g/cm^3 
 Total number of Steps by this track: 2
 Length of this step = 30301.7 mm 
 Number of propagation trials = 1 ( vs maximum = 10 for 'important' particles ) 
   ( Number of *calls* of Transport/AlongStepDoIt = 23903661 )

*** This is just a warning message. ***
-------- WWWW -------- G4Exception-END --------- WWWW -------

G4WT2 > 
-------- WWWW ------- G4Exception-START -------- WWWW -------
*** G4Exception : Transport-001-ExcessSteps
      issued by : G4Transportation::AlongStepDoIt
 Transportation is killing track that is looping or stuck. 
   Track is e+ and has 205.172 MeV energy  ( pre-Step = 205.172 ) 
   momentum = (-171.207,92.7159,-66.3111) mag= 205.682
   position = (-3927.55,2196.43,-1449.62) is in volume 'MagnetEnvelope',  its material is 'G4_Galactic' with density = 1e-25 g/cm^3 
 Total number of Steps by this track: 6
 Length of this step = 36962.9 mm 
 Number of propagation trials = 1 ( vs maximum = 10 for 'important' particles ) 
   ( Number of *calls* of Transport/AlongStepDoIt = 21020603 )

*** This is just a warning message. ***
-------- WWWW -------- G4Exception-END --------- WWWW -------

G4WT12 > 
-------- WWWW ------- G4Exception-START -------- WWWW -------
*** G4Exception : Transport-001-ExcessSteps
      issued by : G4Transportation::AlongStepDoIt
 Transportation is killing track that is looping or stuck. 
   Track is e- and has 105.211 MeV energy  ( pre-Step = 105.211 ) 
   momentum = (-7.45983,75.076,-74.0592) mag= 105.72
   position = (-585.41,4461.76,-4580.54) is in volume 'MagnetEnvelope',  its material is 'G4_Galactic' with density = 1e-25 g/cm^3 
 Total number of Steps by this track: 4
 Length of this step = 33877 mm 
 Number of propagation trials = 1 ( vs maximum = 10 for 'important' particles ) 
   ( Number of *calls* of Transport/AlongStepDoIt = 25069671 )

*** This is just a warning message. ***
-------- WWWW -------- G4Exception-END --------- WWWW -------

G4WT12 > 
-------- WWWW ------- G4Exception-START -------- WWWW -------
*** G4Exception : Transport-001-ExcessSteps
      issued by : G4Transportation::AlongStepDoIt
 Transportation is killing track that is looping or stuck. 
   Track is e- and has 179.149 MeV energy  ( pre-Step = 179.149 ) 
   momentum = (-154.759,78.4446,-46.6196) mag= 179.659
   position = (-3828.58,-2364.74,-1851.79) is in volume 'MagnetEnvelope',  its material is 'G4_Galactic' with density = 1e-25 g/cm^3 
 Total number of Steps by this track: 38
 Length of this step = 31935.3 mm 
 Number of propagation trials = 1 ( vs maximum = 10 for 'important' particles ) 
   ( Number of *calls* of Transport/AlongStepDoIt = 25296123 )

*** This is just a warning message. ***
-------- WWWW -------- G4Exception-END --------- WWWW -------

G4WT9 > 
-------- WWWW ------- G4Exception-START -------- WWWW -------
*** G4Exception : Transport-001-ExcessSteps
      issued by : G4Transportation::AlongStepDoIt
 Transportation is killing track that is looping or stuck. 
   Track is e+ and has 124.996 MeV energy  ( pre-Step = 124.996 ) 
   momentum = (-117.119,20.4414,40.2126) mag= 125.506
   position = (-2348.87,-3838.33,304.411) is in volume 'MagnetEnvelope',  its material is 'G4_Galactic' with density = 1e-25 g/cm^3 
 Total number of Steps by this track: 61
 Length of this step = 20109 mm 
 Number of propagation trials = 1 ( vs maximum = 10 for 'important' particles ) 
   ( Number of *calls* of Transport/AlongStepDoIt = 22355446 )

*** This is just a warning message. ***
-------- WWWW -------- G4Exception-END --------- WWWW -------

G4WT9 > 
-------- WWWW ------- G4Exception-START -------- WWWW -------
*** G4Exception : Transport-001-ExcessSteps
      issued by : G4Transportation::AlongStepDoIt
 Transportation is killing track that is looping or stuck. 
   Track is e- and has 135.412 MeV energy  ( pre-Step = 135.412 ) 
   momentum = (116.391,-32.4227,62.2624) mag= 135.922
   position = (-5829.13,4214.28,-823.495) is in volume 'MagnetEnvelope',  its material is 'G4_Galactic' with density = 1e-25 g/cm^3 
 Total number of Steps by this track: 1
 Length of this step = 35830.3 mm 
 Number of propagation trials = 1 ( vs maximum = 10 for 'important' particles ) 
   ( Number of *calls* of Transport/AlongStepDoIt = 22464668 )

*** This is just a warning message. ***
-------- WWWW -------- G4Exception-END --------- WWWW -------

G4WT7 > 
-------- WWWW ------- G4Exception-START -------- WWWW -------
*** G4Exception : Transport-001-ExcessSteps
      issued by : G4Transportation::AlongStepDoIt
 Transportation is killing track that is looping or stuck. 
   Track is e+ and has 217.158 MeV energy  ( pre-Step = 217.158 ) 
   momentum = (171.983,-132.849,-12.3516) mag= 217.668
   position = (7319.36,-5991.85,1500.15) is in volume 'MagnetEnvelope',  its material is 'G4_Galactic' with density = 1e-25 g/cm^3 
 Total number of Steps by this track: 6
 Length of this step = 38154 mm 
 Number of propagation trials = 1 ( vs maximum = 10 for 'important' particles ) 
   ( Number of *calls* of Transport/AlongStepDoIt = 22286018 )

*** This is just a warning message. ***
-------- WWWW -------- G4Exception-END --------- WWWW -------

G4WT9 > 
-------- WWWW ------- G4Exception-START -------- WWWW -------
*** G4Exception : Transport-001-ExcessSteps
      issued by : G4Transportation::AlongStepDoIt
 Transportation is killing track that is looping or stuck. 
   Track is e- and has 109.556 MeV energy  ( pre-Step = 109.556 ) 
   momentum = (-60.0725,-79.5841,-46.6054) mag= 110.065
   position = (-558.611,-4465.19,4350.7) is in volume 'MagnetEnvelope',  its material is 'G4_Galactic' with density = 1e-25 g/cm^3 
 Total number of Steps by this track: 91
 Length of this step = 27250.4 mm 
 Number of propagation trials = 1 ( vs maximum = 10 for 'important' particles ) 
   ( Number of *calls* of Transport/AlongStepDoIt = 23049557 )

*** This is just a warning message. ***
-------- WWWW -------- G4Exception-END --------- WWWW -------

G4WT9 > 
-------- WWWW ------- G4Exception-START -------- WWWW -------
*** G4Exception : Transport-001-ExcessSteps
      issued by : G4Transportation::AlongStepDoIt
 Transportation is killing track that is looping or stuck. 
   Track is e+ and has 147.357 MeV energy  ( pre-Step = 147.357 ) 
   momentum = (24.5652,80.3829,121.655) mag= 147.867
   position = (1114.54,3174.17,5000) is in volume 'MagnetEnvelope',  its material is 'G4_Galactic' with density = 1e-25 g/cm^3 
 Total number of Steps by this track: 5
 Length of this step = 37349.6 mm 
 Number of propagation trials = 1 ( vs maximum = 10 for 'important' particles ) 
   ( Number of *calls* of Transport/AlongStepDoIt = 23098734 )

*** This is just a warning message. ***
-------- WWWW -------- G4Exception-END --------- WWWW -------

G4WT9 > 
-------- WWWW ------- G4Exception-START -------- WWWW -------
*** G4Exception : Transport-001-ExcessSteps
      issued by : G4Transportation::AlongStepDoIt
 Transportation is killing track that is looping or stuck. 
   Track is e- and has 162.8 MeV energy  ( pre-Step = 162.8 ) 
   momentum = (-90.3267,-32.36,-132.152) mag= 163.31
   position = (-3534.86,-2784.74,731.638) is in volume 'MagnetEnvelope',  its material is 'G4_Galactic' with density = 1e-25 g/cm^3 
 Total number of Steps by this track: 136
 Length of this step = 32652.8 mm 
 Number of propagation trials = 1 ( vs maximum = 10 for 'important' particles ) 
   ( Number of *calls* of Transport/AlongStepDoIt = 23312630 )

*** This is just a warning message. ***
-------- WWWW -------- G4Exception-END --------- WWWW -------

G4WT12 > 
-------- WWWW ------- G4Exception-START -------- WWWW -------
*** G4Exception : Transport-001-ExcessSteps
      issued by : G4Transportation::AlongStepDoIt
 Transportation is killing track that is looping or stuck. 
   Track is e+ and has 115.104 MeV energy  ( pre-Step = 115.104 ) 
   momentum = (11.5261,-84.9252,-77.5974) mag= 115.614
   position = (412.671,-4481.04,-4034.98) is in volume 'MagnetEnvelope',  its material is 'G4_Galactic' with density = 1e-25 g/cm^3 
 Total number of Steps by this track: 3
 Length of this step = 31302.6 mm 
 Number of propagation trials = 1 ( vs maximum = 10 for 'important' particles ) 
   ( Number of *calls* of Transport/AlongStepDoIt = 26380953 )

*** This is just a warning message. ***
-------- WWWW -------- G4Exception-END --------- WWWW -------

G4WT14 > 
-------- WWWW ------- G4Exception-START -------- WWWW -------
*** G4Exception : Transport-001-ExcessSteps
      issued by : G4Transportation::AlongStepDoIt
 Transportation is killing track that is looping or stuck. 
   Track is e+ and has 173.577 MeV energy  ( pre-Step = 173.577 ) 
   momentum = (-120.807,124.922,10.329) mag= 174.088
   position = (-3066.17,3293.72,196.312) is in volume 'MagnetEnvelope',  its material is 'G4_Galactic' with density = 1e-25 g/cm^3 
 Total number of Steps by this track: 2
 Length of this step = 27150 mm 
 Number of propagation trials = 1 ( vs maximum = 10 for 'important' particles ) 
   ( Number of *calls* of Transport/AlongStepDoIt = 23509010 )

*** This is just a warning message. ***
-------- WWWW -------- G4Exception-END --------- WWWW -------

G4WT15 > --> Event 7000 starts with initial seeds (60667800,84910058).
G4WT2 > 
-------- WWWW ------- G4Exception-START -------- WWWW -------
*** G4Exception : Transport-001-ExcessSteps
      issued by : G4Transportation::AlongStepDoIt
 Transportation is killing track that is looping or stuck. 
   Track is e- and has 105.048 MeV energy  ( pre-Step = 105.048 ) 
   momentum = (-29.7312,99.5785,-18.5086) mag= 105.557
   position = (-1368.97,4286.72,-782.265) is in volume 'MagnetEnvelope',  its material is 'G4_Galactic' with density = 1e-25 g/cm^3 
 Total number of Steps by this track: 3
 Length of this step = 30039.6 mm 
 Number of propagation trials = 1 ( vs maximum = 10 for 'important' particles ) 
   ( Number of *calls* of Transport/AlongStepDoIt = 22673546 )

*** This is just a warning message. ***
-------- WWWW -------- G4Exception-END --------- WWWW -------

G4WT2 > 
-------- WWWW ------- G4Exception-START -------- WWWW -------
*** G4Exception : Transport-001-ExcessSteps
      issued by : G4Transportation::AlongStepDoIt
 Transportation is killing track that is looping or stuck. 
   Track is e+ and has 125.509 MeV energy  ( pre-Step = 125.509 ) 
   momentum = (-8.85456,95.1725,82.1246) mag= 126.018
   position = (-268.441,4491.99,4388.94) is in volume 'MagnetEnvelope',  its material is 'G4_Galactic' with density = 1e-25 g/cm^3 
 Total number of Steps by this track: 3
 Length of this step = 34994.9 mm 
 Number of propagation trials = 1 ( vs maximum = 10 for 'important' particles ) 
   ( Number of *calls* of Transport/AlongStepDoIt = 22862862 )

*** This is just a warning message. ***
-------- WWWW -------- G4Exception-END --------- WWWW -------

G4WT2 > 
-------- WWWW ------- G4Exception-START -------- WWWW -------
*** G4Exception : Transport-001-ExcessSteps
      issued by : G4Transportation::AlongStepDoIt
 Transportation is killing track that is looping or stuck. 
   Track is e+ and has 173.647 MeV energy  ( pre-Step = 173.647 ) 
   momentum = (156.149,-53.4403,55.6067) mag= 174.157
   position = (4086.37,-1884.57,52.6248) is in volume 'MagnetEnvelope',  its material is 'G4_Galactic' with density = 1e-25 g/cm^3 
 Total number of Steps by this track: 3
 Length of this step = 34759.9 mm 
 Number of propagation trials = 1 ( vs maximum = 10 for 'important' particles ) 
   ( Number of *calls* of Transport/AlongStepDoIt = 23306031 )

*** This is just a warning message. ***
-------- WWWW -------- G4Exception-END --------- WWWW -------

G4WT7 > 
-------- WWWW ------- G4Exception-START -------- WWWW -------
*** G4Exception : Transport-001-ExcessSteps
      issued by : G4Transportation::AlongStepDoIt
 Transportation is killing track that is looping or stuck. 
   Track is e+ and has 116.078 MeV energy  ( pre-Step = 116.078 ) 
   momentum = (99.4199,24.3611,55.8117) mag= 116.588
   position = (4299.52,-1328.2,-302.718) is in volume 'MagnetEnvelope',  its material is 'G4_Galactic' with density = 1e-25 g/cm^3 
 Total number of Steps by this track: 30
 Length of this step = 37142.4 mm 
 Number of propagation trials = 1 ( vs maximum = 10 for 'important' particles ) 
   ( Number of *calls* of Transport/AlongStepDoIt = 23606646 )

*** This is just a warning message. ***
-------- WWWW -------- G4Exception-END --------- WWWW -------

G4WT2 > 
-------- WWWW ------- G4Exception-START -------- WWWW -------
*** G4Exception : Transport-001-ExcessSteps
      issued by : G4Transportation::AlongStepDoIt
 Transportation is killing track that is looping or stuck. 
   Track is e+ and has 204.42 MeV energy  ( pre-Step = 204.42 ) 
   momentum = (-149.753,135.091,36.3476) mag= 204.931
   position = (-3414.99,2930.5,699.453) is in volume 'MagnetEnvelope',  its material is 'G4_Galactic' with density = 1e-25 g/cm^3 
 Total number of Steps by this track: 3
 Length of this step = 34828.5 mm 
 Number of propagation trials = 1 ( vs maximum = 10 for 'important' particles ) 
   ( Number of *calls* of Transport/AlongStepDoIt = 24329067 )

*** This is just a warning message. ***
-------- WWWW -------- G4Exception-END --------- WWWW -------

G4WT2 > 
-------- WWWW ------- G4Exception-START -------- WWWW -------
*** G4Exception : Transport-001-ExcessSteps
      issued by : G4Transportation::AlongStepDoIt
 Transportation is killing track that is looping or stuck. 
   Track is e- and has 138.194 MeV energy  ( pre-Step = 138.194 ) 
   momentum = (-131.786,-43.2491,-0.80007) mag= 138.704
   position = (-4318.88,-1263.82,-238.565) is in volume 'MagnetEnvelope',  its material is 'G4_Galactic' with density = 1e-25 g/cm^3 
 Total number of Steps by this track: 2
 Length of this step = 30404.7 mm 
 Number of propagation trials = 1 ( vs maximum = 10 for 'important' particles ) 
   ( Number of *calls* of Transport/AlongStepDoIt = 24638903 )

*** This is just a warning message. ***
-------- WWWW -------- G4Exception-END --------- WWWW -------

G4WT10 > 
-------- WWWW ------- G4Exception-START -------- WWWW -------
*** G4Exception : Transport-001-ExcessSteps
      issued by : G4Transportation::AlongStepDoIt
 Transportation is killing track that is looping or stuck. 
   Track is e- and has 110.236 MeV energy  ( pre-Step = 110.236 ) 
   momentum = (13.7754,-69.3767,85.2157) mag= 110.746
   position = (-54.9548,-4499.66,2979.75) is in volume 'MagnetEnvelope',  its material is 'G4_Galactic' with density = 1e-25 g/cm^3 
 Total number of Steps by this track: 5
 Length of this step = 38397.6 mm 
 Number of propagation trials = 1 ( vs maximum = 10 for 'important' particles ) 
   ( Number of *calls* of Transport/AlongStepDoIt = 25410454 )

*** This is just a warning message. ***
-------- WWWW -------- G4Exception-END --------- WWWW -------

G4WT7 > --> Event 7500 starts with initial seeds (34448077,92655419).
G4WT8 > 
-------- WWWW ------- G4Exception-START -------- WWWW -------
*** G4Exception : Transport-001-ExcessSteps
      issued by : G4Transportation::AlongStepDoIt
 Transportation is killing track that is looping or stuck. 
   Track is e- and has 168.707 MeV energy  ( pre-Step = 168.707 ) 
   momentum = (102.044,95.0068,-95.8917) mag= 169.217
   position = (2754.57,3558.42,2210.24) is in volume 'MagnetEnvelope',  its material is 'G4_Galactic' with density = 1e-25 g/cm^3 
 Total number of Steps by this track: 4
 Length of this step = 24804.5 mm 
 Number of propagation trials = 1 ( vs maximum = 10 for 'important' particles ) 
   ( Number of *calls* of Transport/AlongStepDoIt = 22615476 )

*** This is just a warning message. ***
-------- WWWW -------- G4Exception-END --------- WWWW -------

G4WT2 > 
-------- WWWW ------- G4Exception-START -------- WWWW -------
*** G4Exception : Transport-001-ExcessSteps
      issued by : G4Transportation::AlongStepDoIt
 Transportation is killing track that is looping or stuck. 
   Track is e- and has 146.757 MeV energy  ( pre-Step = 146.757 ) 
   momentum = (-122.589,18.6657,-79.4432) mag= 147.267
   position = (-2923.4,3421.07,-304.963) is in volume 'MagnetEnvelope',  its material is 'G4_Galactic' with density = 1e-25 g/cm^3 
 Total number of Steps by this track: 64
 Length of this step = 21551.7 mm 
 Number of propagation trials = 1 ( vs maximum = 10 for 'important' particles ) 
   ( Number of *calls* of Transport/AlongStepDoIt = 25227269 )

*** This is just a warning message. ***
-------- WWWW -------- G4Exception-END --------- WWWW -------

G4WT3 > 
-------- WWWW ------- G4Exception-START -------- WWWW -------
*** G4Exception : Transport-001-ExcessSteps
      issued by : G4Transportation::AlongStepDoIt
 Transportation is killing track that is looping or stuck. 
   Track is e+ and has 162.207 MeV energy  ( pre-Step = 162.207 ) 
   momentum = (-24.898,160.476,-10.2256) mag= 162.718
   position = (-604.158,4459.26,-276.432) is in volume 'MagnetEnvelope',  its material is 'G4_Galactic' with density = 1e-25 g/cm^3 
 Total number of Steps by this track: 3
 Length of this step = 33548.6 mm 
 Number of propagation trials = 1 ( vs maximum = 10 for 'important' particles ) 
   ( Number of *calls* of Transport/AlongStepDoIt = 26451334 )

*** This is just a warning message. ***
-------- WWWW -------- G4Exception-END --------- WWWW -------

G4WT4 > 
-------- WWWW ------- G4Exception-START -------- WWWW -------
*** G4Exception : Transport-001-ExcessSteps
      issued by : G4Transportation::AlongStepDoIt
 Transportation is killing track that is looping or stuck. 
   Track is e- and has 100.376 MeV energy  ( pre-Step = 100.376 ) 
   momentum = (69.3794,-70.5994,19.4977) mag= 100.886
   position = (3034.34,-3323.07,179.323) is in volume 'MagnetEnvelope',  its material is 'G4_Galactic' with density = 1e-25 g/cm^3 
 Total number of Steps by this track: 2
 Length of this step = 21506.1 mm 
 Number of propagation trials = 1 ( vs maximum = 10 for 'important' particles ) 
   ( Number of *calls* of Transport/AlongStepDoIt = 25327257 )

*** This is just a warning message. ***
-------- WWWW -------- G4Exception-END --------- WWWW -------

G4WT4 > 
-------- WWWW ------- G4Exception-START -------- WWWW -------
*** G4Exception : Transport-001-ExcessSteps
      issued by : G4Transportation::AlongStepDoIt
 Transportation is killing track that is looping or stuck. 
   Track is e- and has 174.392 MeV energy  ( pre-Step = 174.392 ) 
   momentum = (138.798,-106.019,-9.27977) mag= 174.903
   position = (3550.72,-2764.48,42.8287) is in volume 'MagnetEnvelope',  its material is 'G4_Galactic' with density = 1e-25 g/cm^3 
 Total number of Steps by this track: 2
 Length of this step = 31156 mm 
 Number of propagation trials = 1 ( vs maximum = 10 for 'important' particles ) 
   ( Number of *calls* of Transport/AlongStepDoIt = 25384249 )

*** This is just a warning message. ***
-------- WWWW -------- G4Exception-END --------- WWWW -------

G4WT7 > 
-------- WWWW ------- G4Exception-START -------- WWWW -------
*** G4Exception : Transport-001-ExcessSteps
      issued by : G4Transportation::AlongStepDoIt
 Transportation is killing track that is looping or stuck. 
   Track is e- and has 177.902 MeV energy  ( pre-Step = 177.902 ) 
   momentum = (163.49,37.0219,-61.0839) mag= 178.412
   position = (4390.25,987.791,-2418.27) is in volume 'MagnetEnvelope',  its material is 'G4_Galactic' with density = 1e-25 g/cm^3 
 Total number of Steps by this track: 6
 Length of this step = 32424.1 mm 
 Number of propagation trials = 1 ( vs maximum = 10 for 'important' particles ) 
   ( Number of *calls* of Transport/AlongStepDoIt = 24741342 )

*** This is just a warning message. ***
-------- WWWW -------- G4Exception-END --------- WWWW -------

G4WT7 > 
-------- WWWW ------- G4Exception-START -------- WWWW -------
*** G4Exception : Transport-001-ExcessSteps
      issued by : G4Transportation::AlongStepDoIt
 Transportation is killing track that is looping or stuck. 
   Track is e+ and has 107.79 MeV energy  ( pre-Step = 107.79 ) 
   momentum = (-105.158,22.0706,-13.5453) mag= 108.299
   position = (-4380.53,1030.02,-637.362) is in volume 'MagnetEnvelope',  its material is 'G4_Galactic' with density = 1e-25 g/cm^3 
 Total number of Steps by this track: 2
 Length of this step = 39474.4 mm 
 Number of propagation trials = 1 ( vs maximum = 10 for 'important' particles ) 
   ( Number of *calls* of Transport/AlongStepDoIt = 25020209 )

*** This is just a warning message. ***
-------- WWWW -------- G4Exception-END --------- WWWW -------

G4WT7 > 
-------- WWWW ------- G4Exception-START -------- WWWW -------
*** G4Exception : Transport-001-ExcessSteps
      issued by : G4Transportation::AlongStepDoIt
 Transportation is killing track that is looping or stuck. 
   Track is e- and has 139.216 MeV energy  ( pre-Step = 139.216 ) 
   momentum = (109.847,80.967,30.0218) mag= 139.726
   position = (3616.12,2678.37,2237.88) is in volume 'MagnetEnvelope',  its material is 'G4_Galactic' with density = 1e-25 g/cm^3 
 Total number of Steps by this track: 3
 Length of this step = 26670.7 mm 
 Number of propagation trials = 1 ( vs maximum = 10 for 'important' particles ) 
   ( Number of *calls* of Transport/AlongStepDoIt = 25220129 )

*** This is just a warning message. ***
-------- WWWW -------- G4Exception-END --------- WWWW -------

G4WT2 > 
-------- WWWW ------- G4Exception-START -------- WWWW -------
*** G4Exception : Transport-001-ExcessSteps
      issued by : G4Transportation::AlongStepDoIt
 Transportation is killing track that is looping or stuck. 
   Track is e- and has 137.521 MeV energy  ( pre-Step = 137.521 ) 
   momentum = (83.8255,-50.8255,-97.1732) mag= 138.031
   position = (4191.28,1638.04,-1582.23) is in volume 'MagnetEnvelope',  its material is 'G4_Galactic' with density = 1e-25 g/cm^3 
 Total number of Steps by this track: 8
 Length of this step = 32672.1 mm 
 Number of propagation trials = 1 ( vs maximum = 10 for 'important' particles ) 
   ( Number of *calls* of Transport/AlongStepDoIt = 26351691 )

*** This is just a warning message. ***
-------- WWWW -------- G4Exception-END --------- WWWW -------

G4WT2 > 
-------- WWWW ------- G4Exception-START -------- WWWW -------
*** G4Exception : Transport-001-ExcessSteps
      issued by : G4Transportation::AlongStepDoIt
 Transportation is killing track that is looping or stuck. 
   Track is e+ and has 135.928 MeV energy  ( pre-Step = 135.928 ) 
   momentum = (132.588,30.7919,-9.35916) mag= 136.438
   position = (4381.97,1023.89,-45.9232) is in volume 'MagnetEnvelope',  its material is 'G4_Galactic' with density = 1e-25 g/cm^3 
 Total number of Steps by this track: 3
 Length of this step = 40389.9 mm 
 Number of propagation trials = 1 ( vs maximum = 10 for 'important' particles ) 
   ( Number of *calls* of Transport/AlongStepDoIt = 26408400 )

*** This is just a warning message. ***
-------- WWWW -------- G4Exception-END --------- WWWW -------

G4WT7 > 
-------- WWWW ------- G4Exception-START -------- WWWW -------
*** G4Exception : Transport-001-ExcessSteps
      issued by : G4Transportation::AlongStepDoIt
 Transportation is killing track that is looping or stuck. 
   Track is e- and has 133.516 MeV energy  ( pre-Step = 133.516 ) 
   momentum = (-128.593,-19.9498,-32.0728) mag= 134.026
   position = (-3220.56,-3142.92,-282.969) is in volume 'MagnetEnvelope',  its material is 'G4_Galactic' with density = 1e-25 g/cm^3 
 Total number of Steps by this track: 10
 Length of this step = 25269.8 mm 
 Number of propagation trials = 1 ( vs maximum = 10 for 'important' particles ) 
   ( Number of *calls* of Transport/AlongStepDoIt = 25799237 )

*** This is just a warning message. ***
-------- WWWW -------- G4Exception-END --------- WWWW -------

G4WT8 > 
-------- WWWW ------- G4Exception-START -------- WWWW -------
*** G4Exception : Transport-001-ExcessSteps
      issued by : G4Transportation::AlongStepDoIt
 Transportation is killing track that is looping or stuck. 
   Track is e- and has 110.273 MeV energy  ( pre-Step = 110.273 ) 
   momentum = (95.4082,28.0538,-48.8171) mag= 110.783
   position = (3856.91,-2318.25,-1391.4) is in volume 'MagnetEnvelope',  its material is 'G4_Galactic' with density = 1e-25 g/cm^3 
 Total number of Steps by this track: 301
 Length of this step = 35802.6 mm 
 Number of propagation trials = 1 ( vs maximum = 10 for 'important' particles ) 
   ( Number of *calls* of Transport/AlongStepDoIt = 24214045 )

*** This is just a warning message. ***
-------- WWWW -------- G4Exception-END --------- WWWW -------

G4WT11 > 
-------- WWWW ------- G4Exception-START -------- WWWW -------
*** G4Exception : Transport-001-ExcessSteps
      issued by : G4Transportation::AlongStepDoIt
 Transportation is killing track that is looping or stuck. 
   Track is e+ and has 105.244 MeV energy  ( pre-Step = 105.244 ) 
   momentum = (43.5419,1.33751,96.365) mag= 105.754
   position = (3737.74,-2505.85,-3110.04) is in volume 'MagnetEnvelope',  its material is 'G4_Galactic' with density = 1e-25 g/cm^3 
 Total number of Steps by this track: 5
 Length of this step = 37068.3 mm 
 Number of propagation trials = 1 ( vs maximum = 10 for 'important' particles ) 
   ( Number of *calls* of Transport/AlongStepDoIt = 27585842 )

*** This is just a warning message. ***
-------- WWWW -------- G4Exception-END --------- WWWW -------

G4WT13 > 
-------- WWWW ------- G4Exception-START -------- WWWW -------
*** G4Exception : Transport-001-ExcessSteps
      issued by : G4Transportation::AlongStepDoIt
 Transportation is killing track that is looping or stuck. 
   Track is e+ and has 118.38 MeV energy  ( pre-Step = 118.38 ) 
   momentum = (114.263,-31.5615,9.09402) mag= 118.89
   position = (4321.84,-1253.68,413.164) is in volume 'MagnetEnvelope',  its material is 'G4_Galactic' with density = 1e-25 g/cm^3 
 Total number of Steps by this track: 2
 Length of this step = 38268.8 mm 
 Number of propagation trials = 1 ( vs maximum = 10 for 'important' particles ) 
   ( Number of *calls* of Transport/AlongStepDoIt = 26041251 )

*** This is just a warning message. ***
-------- WWWW -------- G4Exception-END --------- WWWW -------

G4WT3 > 
-------- WWWW ------- G4Exception-START -------- WWWW -------
*** G4Exception : Transport-001-ExcessSteps
      issued by : G4Transportation::AlongStepDoIt
 Transportation is killing track that is looping or stuck. 
   Track is e+ and has 105.571 MeV energy  ( pre-Step = 105.571 ) 
   momentum = (-71.0507,60.3767,50.5915) mag= 106.08
   position = (-1954.88,4053.2,4401.98) is in volume 'MagnetEnvelope',  its material is 'G4_Galactic' with density = 1e-25 g/cm^3 
 Total number of Steps by this track: 21
 Length of this step = 33706.3 mm 
 Number of propagation trials = 1 ( vs maximum = 10 for 'important' particles ) 
   ( Number of *calls* of Transport/AlongStepDoIt = 28089903 )

*** This is just a warning message. ***
-------- WWWW -------- G4Exception-END --------- WWWW -------

G4WT2 > 
-------- WWWW ------- G4Exception-START -------- WWWW -------
*** G4Exception : Transport-001-ExcessSteps
      issued by : G4Transportation::AlongStepDoIt
 Transportation is killing track that is looping or stuck. 
   Track is e+ and has 127.294 MeV energy  ( pre-Step = 127.294 ) 
   momentum = (-116.731,14.5173,49.9711) mag= 127.804
   position = (276.351,3936.12,5000) is in volume 'MagnetEnvelope',  its material is 'G4_Galactic' with density = 1e-25 g/cm^3 
 Total number of Steps by this track: 2
 Length of this step = 36999.9 mm 
 Number of propagation trials = 1 ( vs maximum = 10 for 'important' particles ) 
   ( Number of *calls* of Transport/AlongStepDoIt = 27321242 )

*** This is just a warning message. ***
-------- WWWW -------- G4Exception-END --------- WWWW -------

G4WT13 > 
-------- WWWW ------- G4Exception-START -------- WWWW -------
*** G4Exception : Transport-001-ExcessSteps
      issued by : G4Transportation::AlongStepDoIt
 Transportation is killing track that is looping or stuck. 
   Track is e+ and has 111.306 MeV energy  ( pre-Step = 111.306 ) 
   momentum = (-96.865,48.3819,-27.9149) mag= 111.816
   position = (-3917.7,2213.96,-1016.72) is in volume 'MagnetEnvelope',  its material is 'G4_Galactic' with density = 1e-25 g/cm^3 
 Total number of Steps by this track: 3
 Length of this step = 30786.8 mm 
 Number of propagation trials = 1 ( vs maximum = 10 for 'important' particles ) 
   ( Number of *calls* of Transport/AlongStepDoIt = 26320341 )

*** This is just a warning message. ***
-------- WWWW -------- G4Exception-END --------- WWWW -------

G4WT14 > 
-------- WWWW ------- G4Exception-START -------- WWWW -------
*** G4Exception : Transport-001-ExcessSteps
      issued by : G4Transportation::AlongStepDoIt
 Transportation is killing track that is looping or stuck. 
   Track is e- and has 145.018 MeV energy  ( pre-Step = 145.018 ) 
   momentum = (-40.8289,139.669,-2.00939) mag= 145.529
   position = (-1431.18,4266.35,-9.70538) is in volume 'MagnetEnvelope',  its material is 'G4_Galactic' with density = 1e-25 g/cm^3 
 Total number of Steps by this track: 3
 Length of this step = 28924.6 mm 
 Number of propagation trials = 1 ( vs maximum = 10 for 'important' particles ) 
   ( Number of *calls* of Transport/AlongStepDoIt = 26255495 )

*** This is just a warning message. ***
-------- WWWW -------- G4Exception-END --------- WWWW -------

G4WT10 > 
-------- WWWW ------- G4Exception-START -------- WWWW -------
*** G4Exception : Transport-001-ExcessSteps
      issued by : G4Transportation::AlongStepDoIt
 Transportation is killing track that is looping or stuck. 
   Track is e- and has 115.671 MeV energy  ( pre-Step = 115.671 ) 
   momentum = (-89.7188,-67.4787,29.9204) mag= 116.181
   position = (-3655.7,-2624.09,1510.96) is in volume 'MagnetEnvelope',  its material is 'G4_Galactic' with density = 1e-25 g/cm^3 
 Total number of Steps by this track: 5
 Length of this step = 24349.3 mm 
 Number of propagation trials = 1 ( vs maximum = 10 for 'important' particles ) 
   ( Number of *calls* of Transport/AlongStepDoIt = 27975731 )

*** This is just a warning message. ***
-------- WWWW -------- G4Exception-END --------- WWWW -------

G4WT2 > 
-------- WWWW ------- G4Exception-START -------- WWWW -------
*** G4Exception : Transport-001-ExcessSteps
      issued by : G4Transportation::AlongStepDoIt
 Transportation is killing track that is looping or stuck. 
   Track is e- and has 134.058 MeV energy  ( pre-Step = 134.058 ) 
   momentum = (122.973,22.1378,-49.9632) mag= 134.569
   position = (4316.55,-1271.77,-421.569) is in volume 'MagnetEnvelope',  its material is 'G4_Galactic' with density = 1e-25 g/cm^3 
 Total number of Steps by this track: 283
 Length of this step = 35945.6 mm 
 Number of propagation trials = 1 ( vs maximum = 10 for 'important' particles ) 
   ( Number of *calls* of Transport/AlongStepDoIt = 27604728 )

*** This is just a warning message. ***
-------- WWWW -------- G4Exception-END --------- WWWW -------

G4WT14 > 
-------- WWWW ------- G4Exception-START -------- WWWW -------
*** G4Exception : Transport-001-ExcessSteps
      issued by : G4Transportation::AlongStepDoIt
 Transportation is killing track that is looping or stuck. 
   Track is e+ and has 138.245 MeV energy  ( pre-Step = 138.245 ) 
   momentum = (31.5273,108.091,81.0887) mag= 138.755
   position = (1810.82,4119.58,2820.79) is in volume 'MagnetEnvelope',  its material is 'G4_Galactic' with density = 1e-25 g/cm^3 
 Total number of Steps by this track: 4
 Length of this step = 37096.2 mm 
 Number of propagation trials = 1 ( vs maximum = 10 for 'important' particles ) 
   ( Number of *calls* of Transport/AlongStepDoIt = 26413026 )

*** This is just a warning message. ***
-------- WWWW -------- G4Exception-END --------- WWWW -------

G4WT2 > 
-------- WWWW ------- G4Exception-START -------- WWWW -------
*** G4Exception : Transport-001-ExcessSteps
      issued by : G4Transportation::AlongStepDoIt
 Transportation is killing track that is looping or stuck. 
   Track is e+ and has 111.796 MeV energy  ( pre-Step = 111.796 ) 
   momentum = (-8.63315,96.4026,56.9614) mag= 112.306
   position = (-398.092,4482.36,2683.24) is in volume 'MagnetEnvelope',  its material is 'G4_Galactic' with density = 1e-25 g/cm^3 
 Total number of Steps by this track: 3
 Length of this step = 38075.7 mm 
 Number of propagation trials = 1 ( vs maximum = 10 for 'important' particles ) 
   ( Number of *calls* of Transport/AlongStepDoIt = 28249531 )

*** This is just a warning message. ***
-------- WWWW -------- G4Exception-END --------- WWWW -------

G4WT9 > --> Event 8000 starts with initial seeds (61683960,85197201).
G4WT7 > 
-------- WWWW ------- G4Exception-START -------- WWWW -------
*** G4Exception : Transport-001-ExcessSteps
      issued by : G4Transportation::AlongStepDoIt
 Transportation is killing track that is looping or stuck. 
   Track is e- and has 118.89 MeV energy  ( pre-Step = 118.89 ) 
   momentum = (-92.0662,73.8229,18.1747) mag= 119.4
   position = (-4154.73,-1728.66,-544.915) is in volume 'MagnetEnvelope',  its material is 'G4_Galactic' with density = 1e-25 g/cm^3 
 Total number of Steps by this track: 193
 Length of this step = 27859.2 mm 
 Number of propagation trials = 1 ( vs maximum = 10 for 'important' particles ) 
   ( Number of *calls* of Transport/AlongStepDoIt = 26747263 )

*** This is just a warning message. ***
-------- WWWW -------- G4Exception-END --------- WWWW -------

G4WT6 > 
-------- WWWW ------- G4Exception-START -------- WWWW -------
*** G4Exception : Transport-001-ExcessSteps
      issued by : G4Transportation::AlongStepDoIt
 Transportation is killing track that is looping or stuck. 
   Track is e+ and has 120.697 MeV energy  ( pre-Step = 120.697 ) 
   momentum = (-85.5213,-85.5263,-7.90699) mag= 121.207
   position = (-3127.28,-3235.75,286.151) is in volume 'MagnetEnvelope',  its material is 'G4_Galactic' with density = 1e-25 g/cm^3 
 Total number of Steps by this track: 68
 Length of this step = 23916.1 mm 
 Number of propagation trials = 1 ( vs maximum = 10 for 'important' particles ) 
   ( Number of *calls* of Transport/AlongStepDoIt = 27129216 )

*** This is just a warning message. ***
-------- WWWW -------- G4Exception-END --------- WWWW -------

G4WT8 > 
-------- WWWW ------- G4Exception-START -------- WWWW -------
*** G4Exception : Transport-001-ExcessSteps
      issued by : G4Transportation::AlongStepDoIt
 Transportation is killing track that is looping or stuck. 
   Track is e- and has 116.896 MeV energy  ( pre-Step = 116.896 ) 
   momentum = (-39.3695,-97.7726,51.7171) mag= 117.406
   position = (-129.908,-4498.12,-629.156) is in volume 'MagnetEnvelope',  its material is 'G4_Galactic' with density = 1e-25 g/cm^3 
 Total number of Steps by this track: 5
 Length of this step = 29568.4 mm 
 Number of propagation trials = 1 ( vs maximum = 10 for 'important' particles ) 
   ( Number of *calls* of Transport/AlongStepDoIt = 25511838 )

*** This is just a warning message. ***
-------- WWWW -------- G4Exception-END --------- WWWW -------

G4WT6 > Loop-counter exceeded the threshold value at 391th line of /home/conda/feedstock_root/build_artifacts/bld/rattler-build_geant4_1788349596/work/src/source/processes/hadronic/models/particle_hp/src/G4ParticleHPInelasticCompFS.cc.
G4WT2 > 
-------- WWWW ------- G4Exception-START -------- WWWW -------
*** G4Exception : Transport-001-ExcessSteps
      issued by : G4Transportation::AlongStepDoIt
 Transportation is killing track that is looping or stuck. 
   Track is e- and has 104.259 MeV energy  ( pre-Step = 104.259 ) 
   momentum = (-66.2885,-80.6429,8.88964) mag= 104.769
   position = (3945.85,5321.85,-391.02) is in volume 'MagnetEnvelope',  its material is 'G4_Galactic' with density = 1e-25 g/cm^3 
 Total number of Steps by this track: 14
 Length of this step = 30953.1 mm 
 Number of propagation trials = 1 ( vs maximum = 10 for 'important' particles ) 
   ( Number of *calls* of Transport/AlongStepDoIt = 28865337 )

*** This is just a warning message. ***
-------- WWWW -------- G4Exception-END --------- WWWW -------

G4WT3 > 
-------- WWWW ------- G4Exception-START -------- WWWW -------
*** G4Exception : Transport-001-ExcessSteps
      issued by : G4Transportation::AlongStepDoIt
 Transportation is killing track that is looping or stuck. 
   Track is e+ and has 243.644 MeV energy  ( pre-Step = 243.644 ) 
   momentum = (-227.768,17.9567,86.0852) mag= 244.155
   position = (-8335,716.367,3291.81) is in volume 'MagnetEnvelope',  its material is 'G4_Galactic' with density = 1e-25 g/cm^3 
 Total number of Steps by this track: 9
 Length of this step = 40687.1 mm 
 Number of propagation trials = 1 ( vs maximum = 10 for 'important' particles ) 
   ( Number of *calls* of Transport/AlongStepDoIt = 29517816 )

*** This is just a warning message. ***
-------- WWWW -------- G4Exception-END --------- WWWW -------

G4WT9 > 
-------- WWWW ------- G4Exception-START -------- WWWW -------
*** G4Exception : Transport-001-ExcessSteps
      issued by : G4Transportation::AlongStepDoIt
 Transportation is killing track that is looping or stuck. 
   Track is e- and has 101.965 MeV energy  ( pre-Step = 101.965 ) 
   momentum = (-59.5895,29.4306,-78.0005) mag= 102.475
   position = (-3790.36,1757.8,-5000) is in volume 'MagnetEnvelope',  its material is 'G4_Galactic' with density = 1e-25 g/cm^3 
 Total number of Steps by this track: 3
 Length of this step = 39809.9 mm 
 Number of propagation trials = 1 ( vs maximum = 10 for 'important' particles ) 
   ( Number of *calls* of Transport/AlongStepDoIt = 27592336 )

*** This is just a warning message. ***
-------- WWWW -------- G4Exception-END --------- WWWW -------

G4WT14 > 
-------- WWWW ------- G4Exception-START -------- WWWW -------
*** G4Exception : Transport-001-ExcessSteps
      issued by : G4Transportation::AlongStepDoIt
 Transportation is killing track that is looping or stuck. 
   Track is e- and has 130.518 MeV energy  ( pre-Step = 130.518 ) 
   momentum = (-106.137,66.2879,38.8497) mag= 131.028
   position = (-3800.23,2410.03,1413.85) is in volume 'MagnetEnvelope',  its material is 'G4_Galactic' with density = 1e-25 g/cm^3 
 Total number of Steps by this track: 2
 Length of this step = 32780.6 mm 
 Number of propagation trials = 1 ( vs maximum = 10 for 'important' particles ) 
   ( Number of *calls* of Transport/AlongStepDoIt = 28504830 )

*** This is just a warning message. ***
-------- WWWW -------- G4Exception-END --------- WWWW -------

G4WT10 > --> Event 8500 starts with initial seeds (62430884,52900531).
G4WT8 > 
-------- WWWW ------- G4Exception-START -------- WWWW -------
*** G4Exception : Transport-001-ExcessSteps
      issued by : G4Transportation::AlongStepDoIt
 Transportation is killing track that is looping or stuck. 
   Track is e+ and has 149.989 MeV energy  ( pre-Step = 149.989 ) 
   momentum = (4.0452,99.8503,112.532) mag= 150.499
   position = (417.538,4480.59,4749.59) is in volume 'MagnetEnvelope',  its material is 'G4_Galactic' with density = 1e-25 g/cm^3 
 Total number of Steps by this track: 7
 Length of this step = 38480.7 mm 
 Number of propagation trials = 1 ( vs maximum = 10 for 'important' particles ) 
   ( Number of *calls* of Transport/AlongStepDoIt = 26502049 )

*** This is just a warning message. ***
-------- WWWW -------- G4Exception-END --------- WWWW -------

G4WT1 > 
-------- WWWW ------- G4Exception-START -------- WWWW -------
*** G4Exception : Transport-001-ExcessSteps
      issued by : G4Transportation::AlongStepDoIt
 Transportation is killing track that is looping or stuck. 
   Track is e+ and has 102.787 MeV energy  ( pre-Step = 102.787 ) 
   momentum = (-14.4771,94.5425,39.0169) mag= 103.297
   position = (-4059.1,1942.59,893.627) is in volume 'MagnetEnvelope',  its material is 'G4_Galactic' with density = 1e-25 g/cm^3 
 Total number of Steps by this track: 4
 Length of this step = 27648.8 mm 
 Number of propagation trials = 1 ( vs maximum = 10 for 'important' particles ) 
   ( Number of *calls* of Transport/AlongStepDoIt = 26343229 )

*** This is just a warning message. ***
-------- WWWW -------- G4Exception-END --------- WWWW -------

G4WT13 > 
-------- WWWW ------- G4Exception-START -------- WWWW -------
*** G4Exception : Transport-001-ExcessSteps
      issued by : G4Transportation::AlongStepDoIt
 Transportation is killing track that is looping or stuck. 
   Track is e+ and has 113.3 MeV energy  ( pre-Step = 113.3 ) 
   momentum = (-109.621,-30.5639,1.33898) mag= 113.81
   position = (-2802.23,3521.01,1179.11) is in volume 'MagnetEnvelope',  its material is 'G4_Galactic' with density = 1e-25 g/cm^3 
 Total number of Steps by this track: 65
 Length of this step = 21528.8 mm 
 Number of propagation trials = 1 ( vs maximum = 10 for 'important' particles ) 
   ( Number of *calls* of Transport/AlongStepDoIt = 27733360 )

*** This is just a warning message. ***
-------- WWWW -------- G4Exception-END --------- WWWW -------

G4WT11 > 
-------- WWWW ------- G4Exception-START -------- WWWW -------
*** G4Exception : Transport-001-ExcessSteps
      issued by : G4Transportation::AlongStepDoIt
 Transportation is killing track that is looping or stuck. 
   Track is e- and has 130.455 MeV energy  ( pre-Step = 130.455 ) 
   momentum = (-26.7946,97.3941,-83.3562) mag= 130.965
   position = (-1235.83,3713.65,-5000) is in volume 'MagnetEnvelope',  its material is 'G4_Galactic' with density = 1e-25 g/cm^3 
 Total number of Steps by this track: 2
 Length of this step = 41304 mm 
 Number of propagation trials = 1 ( vs maximum = 10 for 'important' particles ) 
   ( Number of *calls* of Transport/AlongStepDoIt = 29989313 )

*** This is just a warning message. ***
-------- WWWW -------- G4Exception-END --------- WWWW -------

G4WT4 > 
-------- WWWW ------- G4Exception-START -------- WWWW -------
*** G4Exception : Transport-001-ExcessSteps
      issued by : G4Transportation::AlongStepDoIt
 Transportation is killing track that is looping or stuck. 
   Track is e+ and has 121.087 MeV energy  ( pre-Step = 121.087 ) 
   momentum = (-80.7466,88.6475,20.1815) mag= 121.596
   position = (-2931.97,3413.73,-337.422) is in volume 'MagnetEnvelope',  its material is 'G4_Galactic' with density = 1e-25 g/cm^3 
 Total number of Steps by this track: 4
 Length of this step = 22478.9 mm 
 Number of propagation trials = 1 ( vs maximum = 10 for 'important' particles ) 
   ( Number of *calls* of Transport/AlongStepDoIt = 29161914 )

*** This is just a warning message. ***
-------- WWWW -------- G4Exception-END --------- WWWW -------

G4WT4 > 
-------- WWWW ------- G4Exception-START -------- WWWW -------
*** G4Exception : Transport-001-ExcessSteps
      issued by : G4Transportation::AlongStepDoIt
 Transportation is killing track that is looping or stuck. 
   Track is e+ and has 103.116 MeV energy  ( pre-Step = 103.116 ) 
   momentum = (-75.554,-70.7381,5.09176) mag= 103.625
   position = (-3510.47,-2815.42,-8.81967) is in volume 'MagnetEnvelope',  its material is 'G4_Galactic' with density = 1e-25 g/cm^3 
 Total number of Steps by this track: 2
 Length of this step = 23452.5 mm 
 Number of propagation trials = 1 ( vs maximum = 10 for 'important' particles ) 
   ( Number of *calls* of Transport/AlongStepDoIt = 29453318 )

*** This is just a warning message. ***
-------- WWWW -------- G4Exception-END --------- WWWW -------

G4WT2 > 
-------- WWWW ------- G4Exception-START -------- WWWW -------
*** G4Exception : Transport-001-ExcessSteps
      issued by : G4Transportation::AlongStepDoIt
 Transportation is killing track that is looping or stuck. 
   Track is e+ and has 103.242 MeV energy  ( pre-Step = 103.242 ) 
   momentum = (80.1696,-54.7734,-36.5676) mag= 103.752
   position = (3676.39,-2595.03,-1303.06) is in volume 'MagnetEnvelope',  its material is 'G4_Galactic' with density = 1e-25 g/cm^3 
 Total number of Steps by this track: 2
 Length of this step = 20733.5 mm 
 Number of propagation trials = 1 ( vs maximum = 10 for 'important' particles ) 
   ( Number of *calls* of Transport/AlongStepDoIt = 30498110 )

*** This is just a warning message. ***
-------- WWWW -------- G4Exception-END --------- WWWW -------

G4WT8 > 
-------- WWWW ------- G4Exception-START -------- WWWW -------
*** G4Exception : Transport-001-ExcessSteps
      issued by : G4Transportation::AlongStepDoIt
 Transportation is killing track that is looping or stuck. 
   Track is e+ and has 154.83 MeV energy  ( pre-Step = 154.83 ) 
   momentum = (52.3741,-133.415,-59.9004) mag= 155.34
   position = (1733.71,-4152.62,-1795.81) is in volume 'MagnetEnvelope',  its material is 'G4_Galactic' with density = 1e-25 g/cm^3 
 Total number of Steps by this track: 6
 Length of this step = 40343.9 mm 
 Number of propagation trials = 1 ( vs maximum = 10 for 'important' particles ) 
   ( Number of *calls* of Transport/AlongStepDoIt = 27226603 )

*** This is just a warning message. ***
-------- WWWW -------- G4Exception-END --------- WWWW -------

G4WT7 > 
-------- WWWW ------- G4Exception-START -------- WWWW -------
*** G4Exception : Transport-001-ExcessSteps
      issued by : G4Transportation::AlongStepDoIt
 Transportation is killing track that is looping or stuck. 
   Track is e+ and has 183.624 MeV energy  ( pre-Step = 183.624 ) 
   momentum = (130.945,127.589,-21.9103) mag= 184.134
   position = (3475.95,2857.93,1138.77) is in volume 'MagnetEnvelope',  its material is 'G4_Galactic' with density = 1e-25 g/cm^3 
 Total number of Steps by this track: 6
 Length of this step = 32227.9 mm 
 Number of propagation trials = 1 ( vs maximum = 10 for 'important' particles ) 
   ( Number of *calls* of Transport/AlongStepDoIt = 28521429 )

*** This is just a warning message. ***
-------- WWWW -------- G4Exception-END --------- WWWW -------

G4WT12 > 
-------- WWWW ------- G4Exception-START -------- WWWW -------
*** G4Exception : Transport-001-ExcessSteps
      issued by : G4Transportation::AlongStepDoIt
 Transportation is killing track that is looping or stuck. 
   Track is e- and has 101.364 MeV energy  ( pre-Step = 101.364 ) 
   momentum = (99.5531,-1.60047,-21.56) mag= 101.874
   position = (3455.86,-2882.2,452.113) is in volume 'MagnetEnvelope',  its material is 'G4_Galactic' with density = 1e-25 g/cm^3 
 Total number of Steps by this track: 60
 Length of this step = 25526 mm 
 Number of propagation trials = 1 ( vs maximum = 10 for 'important' particles ) 
   ( Number of *calls* of Transport/AlongStepDoIt = 33245696 )

*** This is just a warning message. ***
-------- WWWW -------- G4Exception-END --------- WWWW -------

G4WT12 > 
-------- WWWW ------- G4Exception-START -------- WWWW -------
*** G4Exception : Transport-001-ExcessSteps
      issued by : G4Transportation::AlongStepDoIt
 Transportation is killing track that is looping or stuck. 
   Track is e+ and has 154.897 MeV energy  ( pre-Step = 154.897 ) 
   momentum = (122.249,-82.0893,-49.6786) mag= 155.407
   position = (3637.93,-2648.67,-1068.97) is in volume 'MagnetEnvelope',  its material is 'G4_Galactic' with density = 1e-25 g/cm^3 
 Total number of Steps by this track: 72
 Length of this step = 27056.1 mm 
 Number of propagation trials = 1 ( vs maximum = 10 for 'important' particles ) 
   ( Number of *calls* of Transport/AlongStepDoIt = 33381328 )

*** This is just a warning message. ***
-------- WWWW -------- G4Exception-END --------- WWWW -------

G4WT15 > 
-------- WWWW ------- G4Exception-START -------- WWWW -------
*** G4Exception : Transport-001-ExcessSteps
      issued by : G4Transportation::AlongStepDoIt
 Transportation is killing track that is looping or stuck. 
   Track is e- and has 118.429 MeV energy  ( pre-Step = 118.429 ) 
   momentum = (-104.355,47.7813,31.1983) mag= 118.939
   position = (-4117.26,1816.09,1124.01) is in volume 'MagnetEnvelope',  its material is 'G4_Galactic' with density = 1e-25 g/cm^3 
 Total number of Steps by this track: 2
 Length of this step = 27609.7 mm 
 Number of propagation trials = 1 ( vs maximum = 10 for 'important' particles ) 
   ( Number of *calls* of Transport/AlongStepDoIt = 28753944 )

*** This is just a warning message. ***
-------- WWWW -------- G4Exception-END --------- WWWW -------

G4WT1 > 
-------- WWWW ------- G4Exception-START -------- WWWW -------
*** G4Exception : Transport-001-ExcessSteps
      issued by : G4Transportation::AlongStepDoIt
 Transportation is killing track that is looping or stuck. 
   Track is e- and has 117.388 MeV energy  ( pre-Step = 117.388 ) 
   momentum = (34.6696,83.2878,-75.9022) mag= 117.898
   position = (1842.41,4105.55,-3980.17) is in volume 'MagnetEnvelope',  its material is 'G4_Galactic' with density = 1e-25 g/cm^3 
 Total number of Steps by this track: 2
 Length of this step = 30877.6 mm 
 Number of propagation trials = 1 ( vs maximum = 10 for 'important' particles ) 
   ( Number of *calls* of Transport/AlongStepDoIt = 28751206 )

*** This is just a warning message. ***
-------- WWWW -------- G4Exception-END --------- WWWW -------

G4WT15 > --> Event 9000 starts with initial seeds (712263,60825589).
G4WT10 > 
-------- WWWW ------- G4Exception-START -------- WWWW -------
*** G4Exception : Transport-001-ExcessSteps
      issued by : G4Transportation::AlongStepDoIt
 Transportation is killing track that is looping or stuck. 
   Track is e- and has 178.052 MeV energy  ( pre-Step = 178.052 ) 
   momentum = (125.939,122.008,-33.7346) mag= 178.562
   position = (3256.84,3105.31,-852.148) is in volume 'MagnetEnvelope',  its material is 'G4_Galactic' with density = 1e-25 g/cm^3 
 Total number of Steps by this track: 3
 Length of this step = 27232.8 mm 
 Number of propagation trials = 1 ( vs maximum = 10 for 'important' particles ) 
   ( Number of *calls* of Transport/AlongStepDoIt = 32877850 )

*** This is just a warning message. ***
-------- WWWW -------- G4Exception-END --------- WWWW -------

G4WT13 > 
-------- WWWW ------- G4Exception-START -------- WWWW -------
*** G4Exception : Transport-001-ExcessSteps
      issued by : G4Transportation::AlongStepDoIt
 Transportation is killing track that is looping or stuck. 
   Track is e- and has 171.428 MeV energy  ( pre-Step = 171.428 ) 
   momentum = (-154.71,-51.5346,54.5133) mag= 171.939
   position = (-4179.68,1667.43,1126.7) is in volume 'MagnetEnvelope',  its material is 'G4_Galactic' with density = 1e-25 g/cm^3 
 Total number of Steps by this track: 143
 Length of this step = 24191.4 mm 
 Number of propagation trials = 1 ( vs maximum = 10 for 'important' particles ) 
   ( Number of *calls* of Transport/AlongStepDoIt = 29637755 )

*** This is just a warning message. ***
-------- WWWW -------- G4Exception-END --------- WWWW -------

G4WT13 > 
-------- WWWW ------- G4Exception-START -------- WWWW -------
*** G4Exception : Transport-001-ExcessSteps
      issued by : G4Transportation::AlongStepDoIt
 Transportation is killing track that is looping or stuck. 
   Track is e+ and has 123.875 MeV energy  ( pre-Step = 123.875 ) 
   momentum = (-117.299,-29.4162,-29.107) mag= 124.385
   position = (-8335,1582.21,1431.77) is in volume 'MagnetEnvelope',  its material is 'G4_Galactic' with density = 1e-25 g/cm^3 
 Total number of Steps by this track: 3
 Length of this step = 24573.7 mm 
 Number of propagation trials = 1 ( vs maximum = 10 for 'important' particles ) 
   ( Number of *calls* of Transport/AlongStepDoIt = 29874377 )

*** This is just a warning message. ***
-------- WWWW -------- G4Exception-END --------- WWWW -------

G4WT8 > 
-------- WWWW ------- G4Exception-START -------- WWWW -------
*** G4Exception : Transport-001-ExcessSteps
      issued by : G4Transportation::AlongStepDoIt
 Transportation is killing track that is looping or stuck. 
   Track is e+ and has 127.202 MeV energy  ( pre-Step = 127.202 ) 
   momentum = (112.885,-55.7431,21.4476) mag= 127.712
   position = (3992.19,-2076.64,-123.342) is in volume 'MagnetEnvelope',  its material is 'G4_Galactic' with density = 1e-25 g/cm^3 
 Total number of Steps by this track: 257
 Length of this step = 33339.5 mm 
 Number of propagation trials = 1 ( vs maximum = 10 for 'important' particles ) 
   ( Number of *calls* of Transport/AlongStepDoIt = 28979251 )

*** This is just a warning message. ***
-------- WWWW -------- G4Exception-END --------- WWWW -------

G4WT15 > 
-------- WWWW ------- G4Exception-START -------- WWWW -------
*** G4Exception : Transport-001-ExcessSteps
      issued by : G4Transportation::AlongStepDoIt
 Transportation is killing track that is looping or stuck. 
   Track is e+ and has 156.197 MeV energy  ( pre-Step = 156.197 ) 
   momentum = (134.427,-74.4351,-30.7547) mag= 156.707
   position = (4068.22,-1923.42,-774.924) is in volume 'MagnetEnvelope',  its material is 'G4_Galactic' with density = 1e-25 g/cm^3 
 Total number of Steps by this track: 3
 Length of this step = 32173.8 mm 
 Number of propagation trials = 1 ( vs maximum = 10 for 'important' particles ) 
   ( Number of *calls* of Transport/AlongStepDoIt = 29991172 )

*** This is just a warning message. ***
-------- WWWW -------- G4Exception-END --------- WWWW -------

G4WT5 > 
-------- WWWW ------- G4Exception-START -------- WWWW -------
*** G4Exception : Transport-001-ExcessSteps
      issued by : G4Transportation::AlongStepDoIt
 Transportation is killing track that is looping or stuck. 
   Track is e- and has 116.662 MeV energy  ( pre-Step = 116.662 ) 
   momentum = (-59.4278,-96.0913,-31.05) mag= 117.172
   position = (-4183.15,-5416.64,-1666.9) is in volume 'MagnetEnvelope',  its material is 'G4_Galactic' with density = 1e-25 g/cm^3 
 Total number of Steps by this track: 14
 Length of this step = 27550.6 mm 
 Number of propagation trials = 1 ( vs maximum = 10 for 'important' particles ) 
   ( Number of *calls* of Transport/AlongStepDoIt = 31556973 )

*** This is just a warning message. ***
-------- WWWW -------- G4Exception-END --------- WWWW -------

G4WT14 > 
-------- WWWW ------- G4Exception-START -------- WWWW -------
*** G4Exception : Transport-001-ExcessSteps
      issued by : G4Transportation::AlongStepDoIt
 Transportation is killing track that is looping or stuck. 
   Track is e- and has 125.446 MeV energy  ( pre-Step = 125.446 ) 
   momentum = (101.336,-69.484,27.7088) mag= 125.956
   position = (3824.91,-2370.67,1065.38) is in volume 'MagnetEnvelope',  its material is 'G4_Galactic' with density = 1e-25 g/cm^3 
 Total number of Steps by this track: 2
 Length of this step = 29735.4 mm 
 Number of propagation trials = 1 ( vs maximum = 10 for 'important' particles ) 
   ( Number of *calls* of Transport/AlongStepDoIt = 31094953 )

*** This is just a warning message. ***
-------- WWWW -------- G4Exception-END --------- WWWW -------

G4WT2 > 
-------- WWWW ------- G4Exception-START -------- WWWW -------
*** G4Exception : Transport-001-ExcessSteps
      issued by : G4Transportation::AlongStepDoIt
 Transportation is killing track that is looping or stuck. 
   Track is e- and has 146.071 MeV energy  ( pre-Step = 146.071 ) 
   momentum = (-132.209,62.1073,12.2231) mag= 146.581
   position = (-4088.06,1880.89,213.623) is in volume 'MagnetEnvelope',  its material is 'G4_Galactic' with density = 1e-25 g/cm^3 
 Total number of Steps by this track: 5
 Length of this step = 32362.2 mm 
 Number of propagation trials = 1 ( vs maximum = 10 for 'important' particles ) 
   ( Number of *calls* of Transport/AlongStepDoIt = 33283086 )

*** This is just a warning message. ***
-------- WWWW -------- G4Exception-END --------- WWWW -------

G4WT12 > 
-------- WWWW ------- G4Exception-START -------- WWWW -------
*** G4Exception : Transport-001-ExcessSteps
      issued by : G4Transportation::AlongStepDoIt
 Transportation is killing track that is looping or stuck. 
   Track is e+ and has 139.942 MeV energy  ( pre-Step = 139.942 ) 
   momentum = (116.392,-63.1162,-46.8626) mag= 140.452
   position = (3912.93,-2222.38,-1677.37) is in volume 'MagnetEnvelope',  its material is 'G4_Galactic' with density = 1e-25 g/cm^3 
 Total number of Steps by this track: 3
 Length of this step = 27866.1 mm 
 Number of propagation trials = 1 ( vs maximum = 10 for 'important' particles ) 
   ( Number of *calls* of Transport/AlongStepDoIt = 34807784 )

*** This is just a warning message. ***
-------- WWWW -------- G4Exception-END --------- WWWW -------

G4WT11 > 
-------- WWWW ------- G4Exception-START -------- WWWW -------
*** G4Exception : Transport-001-ExcessSteps
      issued by : G4Transportation::AlongStepDoIt
 Transportation is killing track that is looping or stuck. 
   Track is e+ and has 186.105 MeV energy  ( pre-Step = 186.105 ) 
   momentum = (62.1683,126.052,122.766) mag= 186.616
   position = (8335,-488.038,3487.46) is in volume 'MagnetEnvelope',  its material is 'G4_Galactic' with density = 1e-25 g/cm^3 
 Total number of Steps by this track: 4
 Length of this step = 41313.5 mm 
 Number of propagation trials = 1 ( vs maximum = 10 for 'important' particles ) 
   ( Number of *calls* of Transport/AlongStepDoIt = 32397743 )

*** This is just a warning message. ***
-------- WWWW -------- G4Exception-END --------- WWWW -------

G4WT10 > 
-------- WWWW ------- G4Exception-START -------- WWWW -------
*** G4Exception : Transport-001-ExcessSteps
      issued by : G4Transportation::AlongStepDoIt
 Transportation is killing track that is looping or stuck. 
   Track is e- and has 148.488 MeV energy  ( pre-Step = 148.488 ) 
   momentum = (-107.362,-63.3938,-81.5791) mag= 148.998
   position = (-4111.02,-1830.17,679.857) is in volume 'MagnetEnvelope',  its material is 'G4_Galactic' with density = 1e-25 g/cm^3 
 Total number of Steps by this track: 135
 Length of this step = 34628.1 mm 
 Number of propagation trials = 1 ( vs maximum = 10 for 'important' particles ) 
   ( Number of *calls* of Transport/AlongStepDoIt = 33977263 )

*** This is just a warning message. ***
-------- WWWW -------- G4Exception-END --------- WWWW -------

G4WT10 > --> Event 9500 starts with initial seeds (13533920,73019758).
G4WT4 > 
-------- WWWW ------- G4Exception-START -------- WWWW -------
*** G4Exception : Transport-001-ExcessSteps
      issued by : G4Transportation::AlongStepDoIt
 Transportation is killing track that is looping or stuck. 
   Track is e+ and has 125.597 MeV energy  ( pre-Step = 125.597 ) 
   momentum = (-108.103,50.5886,40.7118) mag= 126.107
   position = (-4068.25,1923.37,1500.62) is in volume 'MagnetEnvelope',  its material is 'G4_Galactic' with density = 1e-25 g/cm^3 
 Total number of Steps by this track: 2
 Length of this step = 28027.5 mm 
 Number of propagation trials = 1 ( vs maximum = 10 for 'important' particles ) 
   ( Number of *calls* of Transport/AlongStepDoIt = 33266546 )

*** This is just a warning message. ***
-------- WWWW -------- G4Exception-END --------- WWWW -------

G4WT6 > 
-------- WWWW ------- G4Exception-START -------- WWWW -------
*** G4Exception : Transport-001-ExcessSteps
      issued by : G4Transportation::AlongStepDoIt
 Transportation is killing track that is looping or stuck. 
   Track is e- and has 125.697 MeV energy  ( pre-Step = 125.697 ) 
   momentum = (-101.924,61.865,-41.3806) mag= 126.207
   position = (-3906.69,2233.33,-1643) is in volume 'MagnetEnvelope',  its material is 'G4_Galactic' with density = 1e-25 g/cm^3 
 Total number of Steps by this track: 2
 Length of this step = 26742.3 mm 
 Number of propagation trials = 1 ( vs maximum = 10 for 'important' particles ) 
   ( Number of *calls* of Transport/AlongStepDoIt = 32789949 )

*** This is just a warning message. ***
-------- WWWW -------- G4Exception-END --------- WWWW -------

G4WT0 > 
-------- WWWW ------- G4Exception-START -------- WWWW -------
*** G4Exception : Transport-001-ExcessSteps
      issued by : G4Transportation::AlongStepDoIt
 Transportation is killing track that is looping or stuck. 
   Track is e- and has 148.526 MeV energy  ( pre-Step = 148.526 ) 
   momentum = (123.302,76.207,34.6547) mag= 149.036
   position = (3776.02,2447.79,1069.33) is in volume 'MagnetEnvelope',  its material is 'G4_Galactic' with density = 1e-25 g/cm^3 
 Total number of Steps by this track: 2
 Length of this step = 28376.6 mm 
 Number of propagation trials = 1 ( vs maximum = 10 for 'important' particles ) 
   ( Number of *calls* of Transport/AlongStepDoIt = 33218318 )

*** This is just a warning message. ***
-------- WWWW -------- G4Exception-END --------- WWWW -------

G4WT4 > 
-------- WWWW ------- G4Exception-START -------- WWWW -------
*** G4Exception : Transport-001-ExcessSteps
      issued by : G4Transportation::AlongStepDoIt
 Transportation is killing track that is looping or stuck. 
   Track is e- and has 147.051 MeV energy  ( pre-Step = 147.051 ) 
   momentum = (33.4716,140.717,-29.201) mag= 147.561
   position = (1035.98,4379.13,-1080.4) is in volume 'MagnetEnvelope',  its material is 'G4_Galactic' with density = 1e-25 g/cm^3 
 Total number of Steps by this track: 6
 Length of this step = 28911.4 mm 
 Number of propagation trials = 1 ( vs maximum = 10 for 'important' particles ) 
   ( Number of *calls* of Transport/AlongStepDoIt = 33584115 )

*** This is just a warning message. ***
-------- WWWW -------- G4Exception-END --------- WWWW -------

G4WT4 > 
-------- WWWW ------- G4Exception-START -------- WWWW -------
*** G4Exception : Transport-001-ExcessSteps
      issued by : G4Transportation::AlongStepDoIt
 Transportation is killing track that is looping or stuck. 
   Track is e- and has 145.129 MeV energy  ( pre-Step = 145.129 ) 
   momentum = (-108.111,67.303,70.6618) mag= 145.639
   position = (-3732.08,2514.28,2332.58) is in volume 'MagnetEnvelope',  its material is 'G4_Galactic' with density = 1e-25 g/cm^3 
 Total number of Steps by this track: 5
 Length of this step = 37340.8 mm 
 Number of propagation trials = 1 ( vs maximum = 10 for 'important' particles ) 
   ( Number of *calls* of Transport/AlongStepDoIt = 33607113 )

*** This is just a warning message. ***
-------- WWWW -------- G4Exception-END --------- WWWW -------

G4WT7 > 
-------- WWWW ------- G4Exception-START -------- WWWW -------
*** G4Exception : Transport-001-ExcessSteps
      issued by : G4Transportation::AlongStepDoIt
 Transportation is killing track that is looping or stuck. 
   Track is e- and has 114.573 MeV energy  ( pre-Step = 114.573 ) 
   momentum = (-71.2381,-88.7224,-17.2523) mag= 115.083
   position = (-4088.14,-1880.72,1694.51) is in volume 'MagnetEnvelope',  its material is 'G4_Galactic' with density = 1e-25 g/cm^3 
 Total number of Steps by this track: 162
 Length of this step = 26205.9 mm 
 Number of propagation trials = 1 ( vs maximum = 10 for 'important' particles ) 
   ( Number of *calls* of Transport/AlongStepDoIt = 31776073 )

*** This is just a warning message. ***
-------- WWWW -------- G4Exception-END --------- WWWW -------

G4WT2 > 
-------- WWWW ------- G4Exception-START -------- WWWW -------
*** G4Exception : Transport-001-ExcessSteps
      issued by : G4Transportation::AlongStepDoIt
 Transportation is killing track that is looping or stuck. 
   Track is e+ and has 156.983 MeV energy  ( pre-Step = 156.983 ) 
   momentum = (143.967,-63.6972,-4.50132) mag= 157.493
   position = (4182.46,-1660.42,-146.913) is in volume 'MagnetEnvelope',  its material is 'G4_Galactic' with density = 1e-25 g/cm^3 
 Total number of Steps by this track: 2
 Length of this step = 37140 mm 
 Number of propagation trials = 1 ( vs maximum = 10 for 'important' particles ) 
   ( Number of *calls* of Transport/AlongStepDoIt = 35375955 )

*** This is just a warning message. ***
-------- WWWW -------- G4Exception-END --------- WWWW -------

G4WT6 > 
-------- WWWW ------- G4Exception-START -------- WWWW -------
*** G4Exception : Transport-001-ExcessSteps
      issued by : G4Transportation::AlongStepDoIt
 Transportation is killing track that is looping or stuck. 
   Track is e- and has 161.538 MeV energy  ( pre-Step = 161.538 ) 
   momentum = (112.34,90.4812,73.8408) mag= 162.048
   position = (3500.27,2828.09,2050.87) is in volume 'MagnetEnvelope',  its material is 'G4_Galactic' with density = 1e-25 g/cm^3 
 Total number of Steps by this track: 6
 Length of this step = 39655.4 mm 
 Number of propagation trials = 1 ( vs maximum = 10 for 'important' particles ) 
   ( Number of *calls* of Transport/AlongStepDoIt = 34029253 )

*** This is just a warning message. ***
-------- WWWW -------- G4Exception-END --------- WWWW -------

G4WT10 > 
-------- WWWW ------- G4Exception-START -------- WWWW -------
*** G4Exception : Transport-001-ExcessSteps
      issued by : G4Transportation::AlongStepDoIt
 Transportation is killing track that is looping or stuck. 
   Track is e+ and has 169.317 MeV energy  ( pre-Step = 169.317 ) 
   momentum = (-35.7388,159.061,47.579) mag= 169.827
   position = (3963.52,-5321.85,414.476) is in volume 'MagnetEnvelope',  its material is 'G4_Galactic' with density = 1e-25 g/cm^3 
 Total number of Steps by this track: 20
 Length of this step = 30031.7 mm 
 Number of propagation trials = 1 ( vs maximum = 10 for 'important' particles ) 
   ( Number of *calls* of Transport/AlongStepDoIt = 35723025 )

*** This is just a warning message. ***
-------- WWWW -------- G4Exception-END --------- WWWW -------

G4WT10 > 
-------- WWWW ------- G4Exception-START -------- WWWW -------
*** G4Exception : Transport-001-ExcessSteps
      issued by : G4Transportation::AlongStepDoIt
 Transportation is killing track that is looping or stuck. 
   Track is e+ and has 132.82 MeV energy  ( pre-Step = 132.82 ) 
   momentum = (-4.69612,125.006,46.1318) mag= 133.33
   position = (3972.84,-5321.85,416.116) is in volume 'MagnetEnvelope',  its material is 'G4_Galactic' with density = 1e-25 g/cm^3 
 Total number of Steps by this track: 34
 Length of this step = 37613.5 mm 
 Number of propagation trials = 1 ( vs maximum = 10 for 'important' particles ) 
   ( Number of *calls* of Transport/AlongStepDoIt = 35725208 )

*** This is just a warning message. ***
-------- WWWW -------- G4Exception-END --------- WWWW -------

G4WT12 > 
-------- WWWW ------- G4Exception-START -------- WWWW -------
*** G4Exception : Transport-001-ExcessSteps
      issued by : G4Transportation::AlongStepDoIt
 Transportation is killing track that is looping or stuck. 
   Track is e- and has 120.956 MeV energy  ( pre-Step = 120.956 ) 
   momentum = (117.883,29.1042,3.23983) mag= 121.466
   position = (4336.97,1200.29,56.1683) is in volume 'MagnetEnvelope',  its material is 'G4_Galactic' with density = 1e-25 g/cm^3 
 Total number of Steps by this track: 4
 Length of this step = 34464.3 mm 
 Number of propagation trials = 1 ( vs maximum = 10 for 'important' particles ) 
   ( Number of *calls* of Transport/AlongStepDoIt = 37520273 )

*** This is just a warning message. ***
-------- WWWW -------- G4Exception-END --------- WWWW -------

G4WT2 > 
-------- WWWW ------- G4Exception-START -------- WWWW -------
*** G4Exception : Transport-001-ExcessSteps
      issued by : G4Transportation::AlongStepDoIt
 Transportation is killing track that is looping or stuck. 
   Track is e- and has 103.039 MeV energy  ( pre-Step = 103.039 ) 
   momentum = (102.657,5.49804,-12.3903) mag= 103.548
   position = (3659.53,-2618.75,-61.8648) is in volume 'MagnetEnvelope',  its material is 'G4_Galactic' with density = 1e-25 g/cm^3 
 Total number of Steps by this track: 14
 Length of this step = 25262.3 mm 
 Number of propagation trials = 1 ( vs maximum = 10 for 'important' particles ) 
   ( Number of *calls* of Transport/AlongStepDoIt = 35774789 )

*** This is just a warning message. ***
-------- WWWW -------- G4Exception-END --------- WWWW -------

G4WT14 > 
-------- WWWW ------- G4Exception-START -------- WWWW -------
*** G4Exception : Transport-001-ExcessSteps
      issued by : G4Transportation::AlongStepDoIt
 Transportation is killing track that is looping or stuck. 
   Track is e- and has 111.665 MeV energy  ( pre-Step = 111.665 ) 
   momentum = (-6.61248,-38.9721,104.979) mag= 112.175
   position = (1616.29,-4199.72,-2215.72) is in volume 'MagnetEnvelope',  its material is 'G4_Galactic' with density = 1e-25 g/cm^3 
 Total number of Steps by this track: 4
 Length of this step = 24073.7 mm 
 Number of propagation trials = 1 ( vs maximum = 10 for 'important' particles ) 
   ( Number of *calls* of Transport/AlongStepDoIt = 33606304 )

*** This is just a warning message. ***
-------- WWWW -------- G4Exception-END --------- WWWW -------

G4WT11 > 
-------- WWWW ------- G4Exception-START -------- WWWW -------
*** G4Exception : Transport-001-ExcessSteps
      issued by : G4Transportation::AlongStepDoIt
 Transportation is killing track that is looping or stuck. 
   Track is e- and has 116.61 MeV energy  ( pre-Step = 116.61 ) 
   momentum = (-78.393,86.9414,-3.58374) mag= 117.12
   position = (-2971.85,3379.07,-14.8318) is in volume 'MagnetEnvelope',  its material is 'G4_Galactic' with density = 1e-25 g/cm^3 
 Total number of Steps by this track: 2
 Length of this step = 21761.9 mm 
 Number of propagation trials = 1 ( vs maximum = 10 for 'important' particles ) 
   ( Number of *calls* of Transport/AlongStepDoIt = 34914252 )

*** This is just a warning message. ***
-------- WWWW -------- G4Exception-END --------- WWWW -------

G4WT2 > 
-------- WWWW ------- G4Exception-START -------- WWWW -------
*** G4Exception : Transport-001-ExcessSteps
      issued by : G4Transportation::AlongStepDoIt
 Transportation is killing track that is looping or stuck. 
   Track is e+ and has 153.09 MeV energy  ( pre-Step = 153.09 ) 
   momentum = (-144.643,51.2713,-6.52933) mag= 153.6
   position = (-4267.91,1426.52,-168.152) is in volume 'MagnetEnvelope',  its material is 'G4_Galactic' with density = 1e-25 g/cm^3 
 Total number of Steps by this track: 3
 Length of this step = 40319.8 mm 
 Number of propagation trials = 1 ( vs maximum = 10 for 'important' particles ) 
   ( Number of *calls* of Transport/AlongStepDoIt = 36398321 )

*** This is just a warning message. ***
-------- WWWW -------- G4Exception-END --------- WWWW -------

G4WT13 > 
-------- WWWW ------- G4Exception-START -------- WWWW -------
*** G4Exception : Transport-001-ExcessSteps
      issued by : G4Transportation::AlongStepDoIt
 Transportation is killing track that is looping or stuck. 
   Track is e- and has 168.262 MeV energy  ( pre-Step = 168.262 ) 
   momentum = (63.6697,154.696,-22.3455) mag= 168.772
   position = (1762.79,4140.36,-525.723) is in volume 'MagnetEnvelope',  its material is 'G4_Galactic' with density = 1e-25 g/cm^3 
 Total number of Steps by this track: 6
 Length of this step = 35318.7 mm 
 Number of propagation trials = 1 ( vs maximum = 10 for 'important' particles ) 
   ( Number of *calls* of Transport/AlongStepDoIt = 34214409 )

*** This is just a warning message. ***
-------- WWWW -------- G4Exception-END --------- WWWW -------

G4WT4 > 
-------- WWWW ------- G4Exception-START -------- WWWW -------
*** G4Exception : Transport-001-ExcessSteps
      issued by : G4Transportation::AlongStepDoIt
 Transportation is killing track that is looping or stuck. 
   Track is e- and has 196.813 MeV energy  ( pre-Step = 196.813 ) 
   momentum = (181.017,60.056,-50.6211) mag= 197.323
   position = (4282.43,1382.32,-1150.37) is in volume 'MagnetEnvelope',  its material is 'G4_Galactic' with density = 1e-25 g/cm^3 
 Total number of Steps by this track: 5
 Length of this step = 37320.9 mm 
 Number of propagation trials = 1 ( vs maximum = 10 for 'important' particles ) 
   ( Number of *calls* of Transport/AlongStepDoIt = 35544572 )

*** This is just a warning message. ***
-------- WWWW -------- G4Exception-END --------- WWWW -------

G4WT9 > 
-------- WWWW ------- G4Exception-START -------- WWWW -------
*** G4Exception : Transport-001-ExcessSteps
      issued by : G4Transportation::AlongStepDoIt
 Transportation is killing track that is looping or stuck. 
   Track is e- and has 126.666 MeV energy  ( pre-Step = 126.666 ) 
   momentum = (-108.582,-48.5669,44.9983) mag= 127.176
   position = (-4233.85,-1524.62,1633.88) is in volume 'MagnetEnvelope',  its material is 'G4_Galactic' with density = 1e-25 g/cm^3 
 Total number of Steps by this track: 2
 Length of this step = 31441.3 mm 
 Number of propagation trials = 1 ( vs maximum = 10 for 'important' particles ) 
   ( Number of *calls* of Transport/AlongStepDoIt = 34911380 )

*** This is just a warning message. ***
-------- WWWW -------- G4Exception-END --------- WWWW -------

G4WT6 > 
-------- WWWW ------- G4Exception-START -------- WWWW -------
*** G4Exception : Transport-001-ExcessSteps
      issued by : G4Transportation::AlongStepDoIt
 Transportation is killing track that is looping or stuck. 
   Track is e- and has 127.941 MeV energy  ( pre-Step = 127.941 ) 
   momentum = (-115.809,-54.5529,-10.581) mag= 128.451
   position = (-4073.38,-1912.47,-350.341) is in volume 'MagnetEnvelope',  its material is 'G4_Galactic' with density = 1e-25 g/cm^3 
 Total number of Steps by this track: 2
 Length of this step = 34479.2 mm 
 Number of propagation trials = 1 ( vs maximum = 10 for 'important' particles ) 
   ( Number of *calls* of Transport/AlongStepDoIt = 35522794 )

*** This is just a warning message. ***
-------- WWWW -------- G4Exception-END --------- WWWW -------

G4WT8 > 
-------- WWWW ------- G4Exception-START -------- WWWW -------
*** G4Exception : Transport-001-ExcessSteps
      issued by : G4Transportation::AlongStepDoIt
 Transportation is killing track that is looping or stuck. 
   Track is e+ and has 108.23 MeV energy  ( pre-Step = 108.23 ) 
   momentum = (1.96504,105.959,24.3549) mag= 108.74
   position = (1619.6,4198.44,2083.32) is in volume 'MagnetEnvelope',  its material is 'G4_Galactic' with density = 1e-25 g/cm^3 
 Total number of Steps by this track: 125
 Length of this step = 22310.7 mm 
 Number of propagation trials = 1 ( vs maximum = 10 for 'important' particles ) 
   ( Number of *calls* of Transport/AlongStepDoIt = 33027579 )

*** This is just a warning message. ***
-------- WWWW -------- G4Exception-END --------- WWWW -------

G4WT8 > 
-------- WWWW ------- G4Exception-START -------- WWWW -------
*** G4Exception : Transport-001-ExcessSteps
      issued by : G4Transportation::AlongStepDoIt
 Transportation is killing track that is looping or stuck. 
   Track is e+ and has 116.569 MeV energy  ( pre-Step = 116.569 ) 
   momentum = (23.9818,-51.3784,-102.434) mag= 117.079
   position = (542.381,-4467.19,-3245.46) is in volume 'MagnetEnvelope',  its material is 'G4_Galactic' with density = 1e-25 g/cm^3 
 Total number of Steps by this track: 19
 Length of this step = 35038.5 mm 
 Number of propagation trials = 1 ( vs maximum = 10 for 'important' particles ) 
   ( Number of *calls* of Transport/AlongStepDoIt = 33098956 )

*** This is just a warning message. ***
-------- WWWW -------- G4Exception-END --------- WWWW -------

G4WT8 > 
-------- WWWW ------- G4Exception-START -------- WWWW -------
*** G4Exception : Transport-001-ExcessSteps
      issued by : G4Transportation::AlongStepDoIt
 Transportation is killing track that is looping or stuck. 
   Track is e+ and has 109.987 MeV energy  ( pre-Step = 109.987 ) 
   momentum = (74.1522,81.4756,8.53389) mag= 110.497
   position = (2921.22,3422.94,518.94) is in volume 'MagnetEnvelope',  its material is 'G4_Galactic' with density = 1e-25 g/cm^3 
 Total number of Steps by this track: 4
 Length of this step = 18949.9 mm 
 Number of propagation trials = 1 ( vs maximum = 10 for 'important' particles ) 
   ( Number of *calls* of Transport/AlongStepDoIt = 33201732 )

*** This is just a warning message. ***
-------- WWWW -------- G4Exception-END --------- WWWW -------

G4WT5 > 
-------- WWWW ------- G4Exception-START -------- WWWW -------
*** G4Exception : Transport-001-ExcessSteps
      issued by : G4Transportation::AlongStepDoIt
 Transportation is killing track that is looping or stuck. 
   Track is e+ and has 103.859 MeV energy  ( pre-Step = 103.859 ) 
   momentum = (50.3428,82.1699,40.0815) mag= 104.369
   position = (-4495.51,-5321.85,-3057.62) is in volume 'MagnetEnvelope',  its material is 'G4_Galactic' with density = 1e-25 g/cm^3 
 Total number of Steps by this track: 15
 Length of this step = 29020.8 mm 
 Number of propagation trials = 1 ( vs maximum = 10 for 'important' particles ) 
   ( Number of *calls* of Transport/AlongStepDoIt = 35386114 )

*** This is just a warning message. ***
-------- WWWW -------- G4Exception-END --------- WWWW -------

G4WT8 > 
-------- WWWW ------- G4Exception-START -------- WWWW -------
*** G4Exception : Transport-001-ExcessSteps
      issued by : G4Transportation::AlongStepDoIt
 Transportation is killing track that is looping or stuck. 
   Track is e+ and has 215.416 MeV energy  ( pre-Step = 215.416 ) 
   momentum = (154.914,150.074,-10.1872) mag= 215.927
   position = (3163.11,3200.74,-216.429) is in volume 'MagnetEnvelope',  its material is 'G4_Galactic' with density = 1e-25 g/cm^3 
 Total number of Steps by this track: 2
 Length of this step = 29710.2 mm 
 Number of propagation trials = 1 ( vs maximum = 10 for 'important' particles ) 
   ( Number of *calls* of Transport/AlongStepDoIt = 33334142 )

*** This is just a warning message. ***
-------- WWWW -------- G4Exception-END --------- WWWW -------

G4WT1 > 
-------- WWWW ------- G4Exception-START -------- WWWW -------
*** G4Exception : Transport-001-ExcessSteps
      issued by : G4Transportation::AlongStepDoIt
 Transportation is killing track that is looping or stuck. 
   Track is e+ and has 168.895 MeV energy  ( pre-Step = 168.895 ) 
   momentum = (-35.9585,-137.001,-92.9281) mag= 169.405
   position = (-1166.86,-4346.08,-2870.43) is in volume 'MagnetEnvelope',  its material is 'G4_Galactic' with density = 1e-25 g/cm^3 
 Total number of Steps by this track: 3
 Length of this step = 34614 mm 
 Number of propagation trials = 1 ( vs maximum = 10 for 'important' particles ) 
   ( Number of *calls* of Transport/AlongStepDoIt = 32636957 )

*** This is just a warning message. ***
-------- WWWW -------- G4Exception-END --------- WWWW -------

G4WT2 > 
-------- WWWW ------- G4Exception-START -------- WWWW -------
*** G4Exception : Transport-001-ExcessSteps
      issued by : G4Transportation::AlongStepDoIt
 Transportation is killing track that is looping or stuck. 
   Track is e+ and has 126.034 MeV energy  ( pre-Step = 126.034 ) 
   momentum = (-100.34,-47.8582,60.4552) mag= 126.544
   position = (-3939.24,-2175.41,-326.258) is in volume 'MagnetEnvelope',  its material is 'G4_Galactic' with density = 1e-25 g/cm^3 
 Total number of Steps by this track: 141
 Length of this step = 28164.6 mm 
 Number of propagation trials = 1 ( vs maximum = 10 for 'important' particles ) 
   ( Number of *calls* of Transport/AlongStepDoIt = 37299213 )

*** This is just a warning message. ***
-------- WWWW -------- G4Exception-END --------- WWWW -------

G4WT11 > 
-------- WWWW ------- G4Exception-START -------- WWWW -------
*** G4Exception : Transport-001-ExcessSteps
      issued by : G4Transportation::AlongStepDoIt
 Transportation is killing track that is looping or stuck. 
   Track is e+ and has 124.1 MeV energy  ( pre-Step = 124.1 ) 
   momentum = (-98.1396,47.1601,60.5991) mag= 124.61
   position = (-4233.21,1526.4,1906.88) is in volume 'MagnetEnvelope',  its material is 'G4_Galactic' with density = 1e-25 g/cm^3 
 Total number of Steps by this track: 2
 Length of this step = 26140.8 mm 
 Number of propagation trials = 1 ( vs maximum = 10 for 'important' particles ) 
   ( Number of *calls* of Transport/AlongStepDoIt = 35914365 )

*** This is just a warning message. ***
-------- WWWW -------- G4Exception-END --------- WWWW -------

G4WT2 > 
-------- WWWW ------- G4Exception-START -------- WWWW -------
*** G4Exception : Transport-001-ExcessSteps
      issued by : G4Transportation::AlongStepDoIt
 Transportation is killing track that is looping or stuck. 
   Track is e- and has 105.556 MeV energy  ( pre-Step = 105.556 ) 
   momentum = (-100.757,32.9969,3.01799) mag= 106.066
   position = (-4374.34,1056.03,130.839) is in volume 'MagnetEnvelope',  its material is 'G4_Galactic' with density = 1e-25 g/cm^3 
 Total number of Steps by this track: 4
 Length of this step = 29067.2 mm 
 Number of propagation trials = 1 ( vs maximum = 10 for 'important' particles ) 
   ( Number of *calls* of Transport/AlongStepDoIt = 38337176 )

*** This is just a warning message. ***
-------- WWWW -------- G4Exception-END --------- WWWW -------

G4WT9 > 
-------- WWWW ------- G4Exception-START -------- WWWW -------
*** G4Exception : Transport-001-ExcessSteps
      issued by : G4Transportation::AlongStepDoIt
 Transportation is killing track that is looping or stuck. 
   Track is e+ and has 109.013 MeV energy  ( pre-Step = 109.013 ) 
   momentum = (-78.3552,23.9199,-72.6881) mag= 109.523
   position = (-3701.66,-8167.9,-5456.07) is in volume 'MagnetEnvelope',  its material is 'G4_Galactic' with density = 1e-25 g/cm^3 
 Total number of Steps by this track: 1
 Length of this step = 39282.8 mm 
 Number of propagation trials = 1 ( vs maximum = 10 for 'important' particles ) 
   ( Number of *calls* of Transport/AlongStepDoIt = 37600374 )

*** This is just a warning message. ***
-------- WWWW -------- G4Exception-END --------- WWWW -------

G4WT9 > 
-------- WWWW ------- G4Exception-START -------- WWWW -------
*** G4Exception : Transport-001-ExcessSteps
      issued by : G4Transportation::AlongStepDoIt
 Transportation is killing track that is looping or stuck. 
   Track is e- and has 148.611 MeV energy  ( pre-Step = 148.611 ) 
   momentum = (-29.7348,-146.009,-5.87297) mag= 149.122
   position = (-815.39,-4425.51,-195.383) is in volume 'MagnetEnvelope',  its material is 'G4_Galactic' with density = 1e-25 g/cm^3 
 Total number of Steps by this track: 2
 Length of this step = 28177.8 mm 
 Number of propagation trials = 1 ( vs maximum = 10 for 'important' particles ) 
   ( Number of *calls* of Transport/AlongStepDoIt = 38633423 )

*** This is just a warning message. ***
-------- WWWW -------- G4Exception-END --------- WWWW -------

G4WT4 > 
-------- WWWW ------- G4Exception-START -------- WWWW -------
*** G4Exception : Transport-001-ExcessSteps
      issued by : G4Transportation::AlongStepDoIt
 Transportation is killing track that is looping or stuck. 
   Track is e- and has 238.817 MeV energy  ( pre-Step = 238.817 ) 
   momentum = (-69.6549,-219.377,-65.5722) mag= 239.327
   position = (-1850.53,-4101.9,1536.67) is in volume 'MagnetEnvelope',  its material is 'G4_Galactic' with density = 1e-25 g/cm^3 
 Total number of Steps by this track: 8
 Length of this step = 31761.2 mm 
 Number of propagation trials = 1 ( vs maximum = 10 for 'important' particles ) 
   ( Number of *calls* of Transport/AlongStepDoIt = 38684935 )

*** This is just a warning message. ***
-------- WWWW -------- G4Exception-END --------- WWWW -------

/score/dumpQuantityToFile PhantomMesh energyDeposit PhantomMesh_Edep.txt
ICRP110UserScorer-defined DumpQuantityToFile() method is invoked.
Phantom Sex: male
Phantom Section: full
Selecting data file ICRPdata/MaleData.dat...
Opening Data.dat File...
Number of Phantom Slices Simulated = 222
Number of X Voxels per slice = 254
Number of Y Voxels per slice = 127
Opening Phantom Slice File: AM_slice1.g4dat
Opening Phantom Slice File: AM_slice2.g4dat
Opening Phantom Slice File: AM_slice3.g4dat
Opening Phantom Slice File: AM_slice4.g4dat
Opening Phantom Slice File: AM_slice5.g4dat
Opening Phantom Slice File: AM_slice6.g4dat
Opening Phantom Slice File: AM_slice7.g4dat
Opening Phantom Slice File: AM_slice8.g4dat
Opening Phantom Slice File: AM_slice9.g4dat
Opening Phantom Slice File: AM_slice10.g4dat
Opening Phantom Slice File: AM_slice11.g4dat
Opening Phantom Slice File: AM_slice12.g4dat
Opening Phantom Slice File: AM_slice13.g4dat
Opening Phantom Slice File: AM_slice14.g4dat
Opening Phantom Slice File: AM_slice15.g4dat
Opening Phantom Slice File: AM_slice16.g4dat
Opening Phantom Slice File: AM_slice17.g4dat
Opening Phantom Slice File: AM_slice18.g4dat
Opening Phantom Slice File: AM_slice19.g4dat
Opening Phantom Slice File: AM_slice20.g4dat
Opening Phantom Slice File: AM_slice21.g4dat
Opening Phantom Slice File: AM_slice22.g4dat
Opening Phantom Slice File: AM_slice23.g4dat
Opening Phantom Slice File: AM_slice24.g4dat
Opening Phantom Slice File: AM_slice25.g4dat
Opening Phantom Slice File: AM_slice26.g4dat
Opening Phantom Slice File: AM_slice27.g4dat
Opening Phantom Slice File: AM_slice28.g4dat
Opening Phantom Slice File: AM_slice29.g4dat
Opening Phantom Slice File: AM_slice30.g4dat
Opening Phantom Slice File: AM_slice31.g4dat
Opening Phantom Slice File: AM_slice32.g4dat
Opening Phantom Slice File: AM_slice33.g4dat
Opening Phantom Slice File: AM_slice34.g4dat
Opening Phantom Slice File: AM_slice35.g4dat
Opening Phantom Slice File: AM_slice36.g4dat
Opening Phantom Slice File: AM_slice37.g4dat
Opening Phantom Slice File: AM_slice38.g4dat
Opening Phantom Slice File: AM_slice39.g4dat
Opening Phantom Slice File: AM_slice40.g4dat
Opening Phantom Slice File: AM_slice41.g4dat
Opening Phantom Slice File: AM_slice42.g4dat
Opening Phantom Slice File: AM_slice43.g4dat
Opening Phantom Slice File: AM_slice44.g4dat
Opening Phantom Slice File: AM_slice45.g4dat
Opening Phantom Slice File: AM_slice46.g4dat
Opening Phantom Slice File: AM_slice47.g4dat
Opening Phantom Slice File: AM_slice48.g4dat
Opening Phantom Slice File: AM_slice49.g4dat
Opening Phantom Slice File: AM_slice50.g4dat
Opening Phantom Slice File: AM_slice51.g4dat
Opening Phantom Slice File: AM_slice52.g4dat
Opening Phantom Slice File: AM_slice53.g4dat
Opening Phantom Slice File: AM_slice54.g4dat
Opening Phantom Slice File: AM_slice55.g4dat
Opening Phantom Slice File: AM_slice56.g4dat
Opening Phantom Slice File: AM_slice57.g4dat
Opening Phantom Slice File: AM_slice58.g4dat
Opening Phantom Slice File: AM_slice59.g4dat
Opening Phantom Slice File: AM_slice60.g4dat
Opening Phantom Slice File: AM_slice61.g4dat
Opening Phantom Slice File: AM_slice62.g4dat
Opening Phantom Slice File: AM_slice63.g4dat
Opening Phantom Slice File: AM_slice64.g4dat
Opening Phantom Slice File: AM_slice65.g4dat
Opening Phantom Slice File: AM_slice66.g4dat
Opening Phantom Slice File: AM_slice67.g4dat
Opening Phantom Slice File: AM_slice68.g4dat
Opening Phantom Slice File: AM_slice69.g4dat
Opening Phantom Slice File: AM_slice70.g4dat
Opening Phantom Slice File: AM_slice71.g4dat
Opening Phantom Slice File: AM_slice72.g4dat
Opening Phantom Slice File: AM_slice73.g4dat
Opening Phantom Slice File: AM_slice74.g4dat
Opening Phantom Slice File: AM_slice75.g4dat
Opening Phantom Slice File: AM_slice76.g4dat
Opening Phantom Slice File: AM_slice77.g4dat
Opening Phantom Slice File: AM_slice78.g4dat
Opening Phantom Slice File: AM_slice79.g4dat
Opening Phantom Slice File: AM_slice80.g4dat
Opening Phantom Slice File: AM_slice81.g4dat
Opening Phantom Slice File: AM_slice82.g4dat
Opening Phantom Slice File: AM_slice83.g4dat
Opening Phantom Slice File: AM_slice84.g4dat
Opening Phantom Slice File: AM_slice85.g4dat
Opening Phantom Slice File: AM_slice86.g4dat
Opening Phantom Slice File: AM_slice87.g4dat
Opening Phantom Slice File: AM_slice88.g4dat
Opening Phantom Slice File: AM_slice89.g4dat
Opening Phantom Slice File: AM_slice90.g4dat
Opening Phantom Slice File: AM_slice91.g4dat
Opening Phantom Slice File: AM_slice92.g4dat
Opening Phantom Slice File: AM_slice93.g4dat
Opening Phantom Slice File: AM_slice94.g4dat
Opening Phantom Slice File: AM_slice95.g4dat
Opening Phantom Slice File: AM_slice96.g4dat
Opening Phantom Slice File: AM_slice97.g4dat
Opening Phantom Slice File: AM_slice98.g4dat
Opening Phantom Slice File: AM_slice99.g4dat
Opening Phantom Slice File: AM_slice100.g4dat
Opening Phantom Slice File: AM_slice101.g4dat
Opening Phantom Slice File: AM_slice102.g4dat
Opening Phantom Slice File: AM_slice103.g4dat
Opening Phantom Slice File: AM_slice104.g4dat
Opening Phantom Slice File: AM_slice105.g4dat
Opening Phantom Slice File: AM_slice106.g4dat
Opening Phantom Slice File: AM_slice107.g4dat
Opening Phantom Slice File: AM_slice108.g4dat
Opening Phantom Slice File: AM_slice109.g4dat
Opening Phantom Slice File: AM_slice110.g4dat
Opening Phantom Slice File: AM_slice111.g4dat
Opening Phantom Slice File: AM_slice112.g4dat
Opening Phantom Slice File: AM_slice113.g4dat
Opening Phantom Slice File: AM_slice114.g4dat
Opening Phantom Slice File: AM_slice115.g4dat
Opening Phantom Slice File: AM_slice116.g4dat
Opening Phantom Slice File: AM_slice117.g4dat
Opening Phantom Slice File: AM_slice118.g4dat
Opening Phantom Slice File: AM_slice119.g4dat
Opening Phantom Slice File: AM_slice120.g4dat
Opening Phantom Slice File: AM_slice121.g4dat
Opening Phantom Slice File: AM_slice122.g4dat
Opening Phantom Slice File: AM_slice123.g4dat
Opening Phantom Slice File: AM_slice124.g4dat
Opening Phantom Slice File: AM_slice125.g4dat
Opening Phantom Slice File: AM_slice126.g4dat
Opening Phantom Slice File: AM_slice127.g4dat
Opening Phantom Slice File: AM_slice128.g4dat
Opening Phantom Slice File: AM_slice129.g4dat
Opening Phantom Slice File: AM_slice130.g4dat
Opening Phantom Slice File: AM_slice131.g4dat
Opening Phantom Slice File: AM_slice132.g4dat
Opening Phantom Slice File: AM_slice133.g4dat
Opening Phantom Slice File: AM_slice134.g4dat
Opening Phantom Slice File: AM_slice135.g4dat
Opening Phantom Slice File: AM_slice136.g4dat
Opening Phantom Slice File: AM_slice137.g4dat
Opening Phantom Slice File: AM_slice138.g4dat
Opening Phantom Slice File: AM_slice139.g4dat
Opening Phantom Slice File: AM_slice140.g4dat
Opening Phantom Slice File: AM_slice141.g4dat
Opening Phantom Slice File: AM_slice142.g4dat
Opening Phantom Slice File: AM_slice143.g4dat
Opening Phantom Slice File: AM_slice144.g4dat
Opening Phantom Slice File: AM_slice145.g4dat
Opening Phantom Slice File: AM_slice146.g4dat
Opening Phantom Slice File: AM_slice147.g4dat
Opening Phantom Slice File: AM_slice148.g4dat
Opening Phantom Slice File: AM_slice149.g4dat
Opening Phantom Slice File: AM_slice150.g4dat
Opening Phantom Slice File: AM_slice151.g4dat
Opening Phantom Slice File: AM_slice152.g4dat
Opening Phantom Slice File: AM_slice153.g4dat
Opening Phantom Slice File: AM_slice154.g4dat
Opening Phantom Slice File: AM_slice155.g4dat
Opening Phantom Slice File: AM_slice156.g4dat
Opening Phantom Slice File: AM_slice157.g4dat
Opening Phantom Slice File: AM_slice158.g4dat
Opening Phantom Slice File: AM_slice159.g4dat
Opening Phantom Slice File: AM_slice160.g4dat
Opening Phantom Slice File: AM_slice161.g4dat
Opening Phantom Slice File: AM_slice162.g4dat
Opening Phantom Slice File: AM_slice163.g4dat
Opening Phantom Slice File: AM_slice164.g4dat
Opening Phantom Slice File: AM_slice165.g4dat
Opening Phantom Slice File: AM_slice166.g4dat
Opening Phantom Slice File: AM_slice167.g4dat
Opening Phantom Slice File: AM_slice168.g4dat
Opening Phantom Slice File: AM_slice169.g4dat
Opening Phantom Slice File: AM_slice170.g4dat
Opening Phantom Slice File: AM_slice171.g4dat
Opening Phantom Slice File: AM_slice172.g4dat
Opening Phantom Slice File: AM_slice173.g4dat
Opening Phantom Slice File: AM_slice174.g4dat
Opening Phantom Slice File: AM_slice175.g4dat
Opening Phantom Slice File: AM_slice176.g4dat
Opening Phantom Slice File: AM_slice177.g4dat
Opening Phantom Slice File: AM_slice178.g4dat
Opening Phantom Slice File: AM_slice179.g4dat
Opening Phantom Slice File: AM_slice180.g4dat
Opening Phantom Slice File: AM_slice181.g4dat
Opening Phantom Slice File: AM_slice182.g4dat
Opening Phantom Slice File: AM_slice183.g4dat
Opening Phantom Slice File: AM_slice184.g4dat
Opening Phantom Slice File: AM_slice185.g4dat
Opening Phantom Slice File: AM_slice186.g4dat
Opening Phantom Slice File: AM_slice187.g4dat
Opening Phantom Slice File: AM_slice188.g4dat
Opening Phantom Slice File: AM_slice189.g4dat
Opening Phantom Slice File: AM_slice190.g4dat
Opening Phantom Slice File: AM_slice191.g4dat
Opening Phantom Slice File: AM_slice192.g4dat
Opening Phantom Slice File: AM_slice193.g4dat
Opening Phantom Slice File: AM_slice194.g4dat
Opening Phantom Slice File: AM_slice195.g4dat
Opening Phantom Slice File: AM_slice196.g4dat
Opening Phantom Slice File: AM_slice197.g4dat
Opening Phantom Slice File: AM_slice198.g4dat
Opening Phantom Slice File: AM_slice199.g4dat
Opening Phantom Slice File: AM_slice200.g4dat
Opening Phantom Slice File: AM_slice201.g4dat
Opening Phantom Slice File: AM_slice202.g4dat
Opening Phantom Slice File: AM_slice203.g4dat
Opening Phantom Slice File: AM_slice204.g4dat
Opening Phantom Slice File: AM_slice205.g4dat
Opening Phantom Slice File: AM_slice206.g4dat
Opening Phantom Slice File: AM_slice207.g4dat
Opening Phantom Slice File: AM_slice208.g4dat
Opening Phantom Slice File: AM_slice209.g4dat
Opening Phantom Slice File: AM_slice210.g4dat
Opening Phantom Slice File: AM_slice211.g4dat
Opening Phantom Slice File: AM_slice212.g4dat
Opening Phantom Slice File: AM_slice213.g4dat
Opening Phantom Slice File: AM_slice214.g4dat
Opening Phantom Slice File: AM_slice215.g4dat
Opening Phantom Slice File: AM_slice216.g4dat
Opening Phantom Slice File: AM_slice217.g4dat
Opening Phantom Slice File: AM_slice218.g4dat
Opening Phantom Slice File: AM_slice219.g4dat
Opening Phantom Slice File: AM_slice220.g4dat
Opening Phantom Slice File: AM_slice221.g4dat
Opening Phantom Slice File: AM_slice222.g4dat
Opening File: PhantomMesh_Edep.txt
Reading AM_organs.dat
Reading OrganMasses.dat
NOrganIDs: 142
Writing output to ICRP110.out
Total energy deposited over all Organs within the Phantom is 1.29212e-06 J
Total absorbed dose over all phantom organs is 1.92309e-06 Gy 
/control/shell cp ICRP110.out /home/bryam/Documents/iac-project/geant4/ActiveShield_Sim/scripts/pilots/results/intrarun_pilot_20260921T022121Z/checkpoints/run_GCR_He_min_6_M10000_seed0.out
Graphics systems deleted.
Visualization Manager deleting...
