
**************************************************************
 Geant4 version Name: geant4-11-04-patch-02 [MT]   (12-June-2026)
  << in Multi-threaded mode >> 
                       Copyright : Geant4 Collaboration
                      References : NIM A 506 (2003), 250-303
                                 : IEEE-TNS 53 (2006), 270-278
                                 : NIM A 835 (2016), 186-225
                             WWW : http://geant4.org/
**************************************************************

G4PhysListFactory::GetReferencePhysList <Shielding>
<<< Geant4 Physics List simulation engine: Shielding
<<< (Note that Shielding and Shielding_HP are equivalent!)

Visualization Manager instantiating with verbosity "warnings (3)"...
WARNING: No extent set for user vis action "phantom".
Visualization Manager initialising...
Registering graphics systems...

You have successfully registered the following graphics systems.
Registered graphics systems are:
  ASCIITree (ATree)
  DAWNFILE (DAWNFILE)
  RayTracer (RT)
  VRML2FILE (VRML2FILE)
  gMocrenFile (gMocrenFile)
  TOOLSSG_OFFSCREEN (TSG_OFFSCREEN, TSG_FILE)
  OpenGLImmediateQt (OGLIQt, OGLI)
  OpenGLStoredQt (OGLSQt, OGLS)
  OpenGLImmediateX (OGLIX, OGLIQt_FALLBACK)
  OpenGLStoredX (OGLSX, OGLSQt_FALLBACK)
  RayTracerX (RTX)
  RayTracerQt (RTQt)
  TOOLSSG_X11_GLES (TSG_X11_GLES, TSGX11, TSG_QT_GLES_FALLBACK)
  TOOLSSG_X11_ZB (TSG_X11_ZB, TSGX11ZB)
  TOOLSSG_QT_GLES (TSG_QT_GLES, TSGQt, TSG, OGL)
  TOOLSSG_QT_ZB (TSG_QT_ZB, TSGQtZB, TSGZB)
You may choose a graphics system (driver) with a parameter of
the command "/vis/open" or "/vis/sceneHandler/create",
or you may omit the driver parameter and choose at run time:
- by argument in the construction of G4VisExecutive;
- by environment variable "G4VIS_DEFAULT_DRIVER";
- by entry in "~/.g4session";
- by build flags.
- Note: This feature is not allowed in batch mode.
For further information see "examples/basic/B1/exampleB1.cc"
and "vis.mac".

Registering model factories...

You have successfully registered the following model factories.
Registered model factories:
  generic
  drawByAttribute
  drawByCharge
  drawByOriginVolume
  drawByParticleID
  drawByEncounteredVolume

Registered models:
  None

Registered filter factories:
  attributeFilter
  chargeFilter
  originVolumeFilter
  particleFilter
  encounteredVolumeFilter

Registered filters:
  None

You have successfully registered the following user vis actions.
Run Duration User Vis Actions:
  phantom
End of Event User Vis Actions: none
End of Run User Vis Actions: none

Some /vis commands (optionally) take a string to specify colour.
"/vis/list" to see available colours.
>> Male Phantom will be built.
>> Male Phantom identified by UserScoreWriter.
>> Full/Custom Phantom will be built.
>> Custom/Full Phantom identified by UserScoreWriter.
Field map: /home/bryam/Documents/iac-project/field/production/crewhat_elmer_fullscale.map; bounds [m]: (-11.3,-13.3,-7.6) to (11.3,13.3,7.6); scale: 1; max boundary |B| [T]: 0.39746
Field is ZERO outside map bounds. Domain and fringe-field convergence must be checked before production.
Checking overlaps for volume MagnetEnvelope:0 (G4Box) ... OK! 
Checking overlaps for volume ShipHull:0 (G4SubtractionSolid) ... OK! 
Checking overlaps for volume ShipInterior:0 (G4Tubs) ... OK! 
G4GDML: Reading '/home/bryam/Documents/iac-project/field/production/crewhat_corc_array.gdml'...
G4GDML: Reading definitions...
G4GDML: Reading materials...
G4GDML: Reading solids...
G4GDML: Reading structure...
G4GDML: Reading setup...
G4GDML: Reading '/home/bryam/Documents/iac-project/field/production/crewhat_corc_array.gdml' done!
Stripping off GDML names of materials, solids and volumes ...
Checking overlaps for volume coil_placement_1:0 (G4TessellatedSolid) ... OK! 
Imported coil component: coil_part_1; material=coil_mat_crewhat_corc_homogenized; density [g/cm3]=8.95693; mass [kg]=77905.4
Checking overlaps for volume coil_placement_2:1 (G4TessellatedSolid) ... OK! 
Imported coil component: coil_part_2; material=coil_mat_crewhat_corc_homogenized; density [g/cm3]=8.95693; mass [kg]=77906.1
Checking overlaps for volume coil_placement_3:2 (G4TessellatedSolid) ... OK! 
Imported coil component: coil_part_3; material=coil_mat_crewhat_corc_homogenized; density [g/cm3]=8.95693; mass [kg]=77904.9
Checking overlaps for volume coil_placement_4:3 (G4TessellatedSolid) ... OK! 
Imported coil component: coil_part_4; material=coil_mat_crewhat_corc_homogenized; density [g/cm3]=8.95693; mass [kg]=77905.4
Checking overlaps for volume coil_placement_5:4 (G4TessellatedSolid) ... OK! 
Imported coil component: coil_part_5; material=coil_mat_crewhat_corc_homogenized; density [g/cm3]=8.95693; mass [kg]=77905.3
Checking overlaps for volume coil_placement_6:5 (G4TessellatedSolid) ... OK! 
Imported coil component: coil_part_6; material=coil_mat_crewhat_corc_homogenized; density [g/cm3]=8.95693; mass [kg]=77904.8
Checking overlaps for volume coil_placement_7:6 (G4TessellatedSolid) ... OK! 
Imported coil component: coil_part_7; material=coil_mat_crewhat_corc_homogenized; density [g/cm3]=8.95693; mass [kg]=77905.2
Checking overlaps for volume coil_placement_8:7 (G4TessellatedSolid) ... OK! 
Imported coil component: coil_part_8; material=coil_mat_crewhat_corc_homogenized; density [g/cm3]=8.95693; mass [kg]=77904.8
Spacecraft: outer radius [m]=4.5; outer length [m]=10; Al hull thickness [cm]=1.5; hull mass [kg]=16544.6; world half sizes [m]=(14,14.3,14)
Phantom Sex: male
Phantom Section: full
Data file ICRPdata/MaleData.dat is read by Detector Construction.
Number of files = 222
Number of X,Y,Z voxels = 254, 127, 222
Total Number of Voxels = 7161276
ICRP110PhantomConstruction::ReadPhantomDataFile is openining the following phantom files: 
AM_slice1.g4dat
AM_slice2.g4dat
AM_slice3.g4dat
AM_slice4.g4dat
AM_slice5.g4dat
AM_slice6.g4dat
AM_slice7.g4dat
AM_slice8.g4dat
AM_slice9.g4dat
AM_slice10.g4dat
AM_slice11.g4dat
AM_slice12.g4dat
AM_slice13.g4dat
AM_slice14.g4dat
AM_slice15.g4dat
AM_slice16.g4dat
AM_slice17.g4dat
AM_slice18.g4dat
AM_slice19.g4dat
AM_slice20.g4dat
AM_slice21.g4dat
AM_slice22.g4dat
AM_slice23.g4dat
AM_slice24.g4dat
AM_slice25.g4dat
AM_slice26.g4dat
AM_slice27.g4dat
AM_slice28.g4dat
AM_slice29.g4dat
AM_slice30.g4dat
AM_slice31.g4dat
AM_slice32.g4dat
AM_slice33.g4dat
AM_slice34.g4dat
AM_slice35.g4dat
AM_slice36.g4dat
AM_slice37.g4dat
AM_slice38.g4dat
AM_slice39.g4dat
AM_slice40.g4dat
AM_slice41.g4dat
AM_slice42.g4dat
AM_slice43.g4dat
AM_slice44.g4dat
AM_slice45.g4dat
AM_slice46.g4dat
AM_slice47.g4dat
AM_slice48.g4dat
AM_slice49.g4dat
AM_slice50.g4dat
AM_slice51.g4dat
AM_slice52.g4dat
AM_slice53.g4dat
AM_slice54.g4dat
AM_slice55.g4dat
AM_slice56.g4dat
AM_slice57.g4dat
AM_slice58.g4dat
AM_slice59.g4dat
AM_slice60.g4dat
AM_slice61.g4dat
AM_slice62.g4dat
AM_slice63.g4dat
AM_slice64.g4dat
AM_slice65.g4dat
AM_slice66.g4dat
AM_slice67.g4dat
AM_slice68.g4dat
AM_slice69.g4dat
AM_slice70.g4dat
AM_slice71.g4dat
AM_slice72.g4dat
AM_slice73.g4dat
AM_slice74.g4dat
AM_slice75.g4dat
AM_slice76.g4dat
AM_slice77.g4dat
AM_slice78.g4dat
AM_slice79.g4dat
AM_slice80.g4dat
AM_slice81.g4dat
AM_slice82.g4dat
AM_slice83.g4dat
AM_slice84.g4dat
AM_slice85.g4dat
AM_slice86.g4dat
AM_slice87.g4dat
AM_slice88.g4dat
AM_slice89.g4dat
AM_slice90.g4dat
AM_slice91.g4dat
AM_slice92.g4dat
AM_slice93.g4dat
AM_slice94.g4dat
AM_slice95.g4dat
AM_slice96.g4dat
AM_slice97.g4dat
AM_slice98.g4dat
AM_slice99.g4dat
AM_slice100.g4dat
AM_slice101.g4dat
AM_slice102.g4dat
AM_slice103.g4dat
AM_slice104.g4dat
AM_slice105.g4dat
AM_slice106.g4dat
AM_slice107.g4dat
AM_slice108.g4dat
AM_slice109.g4dat
AM_slice110.g4dat
AM_slice111.g4dat
AM_slice112.g4dat
AM_slice113.g4dat
AM_slice114.g4dat
AM_slice115.g4dat
AM_slice116.g4dat
AM_slice117.g4dat
AM_slice118.g4dat
AM_slice119.g4dat
AM_slice120.g4dat
AM_slice121.g4dat
AM_slice122.g4dat
AM_slice123.g4dat
AM_slice124.g4dat
AM_slice125.g4dat
AM_slice126.g4dat
AM_slice127.g4dat
AM_slice128.g4dat
AM_slice129.g4dat
AM_slice130.g4dat
AM_slice131.g4dat
AM_slice132.g4dat
AM_slice133.g4dat
AM_slice134.g4dat
AM_slice135.g4dat
AM_slice136.g4dat
AM_slice137.g4dat
AM_slice138.g4dat
AM_slice139.g4dat
AM_slice140.g4dat
AM_slice141.g4dat
AM_slice142.g4dat
AM_slice143.g4dat
AM_slice144.g4dat
AM_slice145.g4dat
AM_slice146.g4dat
AM_slice147.g4dat
AM_slice148.g4dat
AM_slice149.g4dat
AM_slice150.g4dat
AM_slice151.g4dat
AM_slice152.g4dat
AM_slice153.g4dat
AM_slice154.g4dat
AM_slice155.g4dat
AM_slice156.g4dat
AM_slice157.g4dat
AM_slice158.g4dat
AM_slice159.g4dat
AM_slice160.g4dat
AM_slice161.g4dat
AM_slice162.g4dat
AM_slice163.g4dat
AM_slice164.g4dat
AM_slice165.g4dat
AM_slice166.g4dat
AM_slice167.g4dat
AM_slice168.g4dat
AM_slice169.g4dat
AM_slice170.g4dat
AM_slice171.g4dat
AM_slice172.g4dat
AM_slice173.g4dat
AM_slice174.g4dat
AM_slice175.g4dat
AM_slice176.g4dat
AM_slice177.g4dat
AM_slice178.g4dat
AM_slice179.g4dat
AM_slice180.g4dat
AM_slice181.g4dat
AM_slice182.g4dat
AM_slice183.g4dat
AM_slice184.g4dat
AM_slice185.g4dat
AM_slice186.g4dat
AM_slice187.g4dat
AM_slice188.g4dat
AM_slice189.g4dat
AM_slice190.g4dat
AM_slice191.g4dat
AM_slice192.g4dat
AM_slice193.g4dat
AM_slice194.g4dat
AM_slice195.g4dat
AM_slice196.g4dat
AM_slice197.g4dat
AM_slice198.g4dat
AM_slice199.g4dat
AM_slice200.g4dat
AM_slice201.g4dat
AM_slice202.g4dat
AM_slice203.g4dat
AM_slice204.g4dat
AM_slice205.g4dat
AM_slice206.g4dat
AM_slice207.g4dat
AM_slice208.g4dat
AM_slice209.g4dat
AM_slice210.g4dat
AM_slice211.g4dat
AM_slice212.g4dat
AM_slice213.g4dat
AM_slice214.g4dat
AM_slice215.g4dat
AM_slice216.g4dat
AM_slice217.g4dat
AM_slice218.g4dat
AM_slice219.g4dat
AM_slice220.g4dat
AM_slice221.g4dat
AM_slice222.g4dat
Number of X,Y,Z voxels = 254, 127, 222
 placing voxel container volume at (0,0,0)
Checking overlaps for volume phantomContainer:1 (G4Box) ... OK! 
Phantom Material Colours set via ColourMap.dat data file 
Global field created with stepper DormandPrince745
 G4ChordFinder: stepperDriverId: 2
--- G4CoupledTransportation is used 

 hInelastic Shielding : threshold between BERT and FTFP is over the interval 
 for pions :   3 to 6 GeV
 for kaons :   3 to 6 GeV
 for proton :  3 to 6 GeV
 for neutron : 3 to 6 GeV

@@@ G4ParticleHPInelasticData instantiated for particle neutron data directory variable is G4NEUTRONHPDATA pointing to /home/bryam/miniconda3/envs/geant4_env/share/Geant4/data/NDL4.7.1
=======================================================================
======                 Electromagnetic Physics Parameters      ========
=======================================================================
LPM effect enabled                                 1
Enable creation and use of sampling tables         0
Apply cuts on all EM processes                     0
Use combined TransportationWithMsc                 Disabled
Use general process                                1
Enable linear polarisation for gamma               0
Enable photoeffect sampling below K-shell          1
Enable sampling of quantum entanglement            0
X-section factor for integral approach             0.8
Min kinetic energy for tables                      100 eV 
Max kinetic energy for tables                      100 TeV
Number of bins per decade of a table               7
Verbose level                                      1
Verbose level for worker thread                    0
Bremsstrahlung energy threshold above which 
  primary e+- is added to the list of secondary    100 TeV
Bremsstrahlung energy threshold above which primary
  muon/hadron is added to the list of secondary    100 TeV
Positron annihilation at rest model                SimplePositronium
Enable 3 gamma annihilation on fly                 0
Lowest triplet kinetic energy                      1 MeV
Enable sampling of gamma linear polarisation       0
5D gamma conversion model type                     0
5D gamma conversion model on isolated ion          0
Use RiGe 5D e+e- pair production model by muons    0
Livermore data directory                           epics_2017
=======================================================================
======                 Ionisation Parameters                   ========
=======================================================================
Step function for e+-                              (0.2, 1 mm)
Step function for muons/hadrons                    (0.2, 0.1 mm)
Step function for light ions                       (0.2, 0.1 mm)
Step function for general ions                     (0.2, 0.1 mm)
Lowest e+e- kinetic energy                         1 keV
Lowest muon/hadron kinetic energy                  1 keV
Use ICRU90 data                                    0
Fluctuations of dE/dx are enabled                  1
Type of fluctuation model for leptons and hadrons  Urban
Use built-in Birks saturation                      0
Build CSDA range enabled                           0
Use cut as a final range enabled                   0
Enable angular generator interface                 0
Max kinetic energy for CSDA tables                 1 GeV
Max kinetic energy for NIEL computation            0 eV 
Linear loss limit                                  0.01
Read data from file for e+e- pair production by mu 0
=======================================================================
======                 Multiple Scattering Parameters          ========
=======================================================================
Type of msc step limit algorithm for e+-           1
Type of msc step limit algorithm for muons/hadrons 0
Msc lateral displacement for e+- enabled           1
Msc lateral displacement for muons and hadrons     0
Urban msc model lateral displacement alg96         1
Range factor for msc step limit for e+-            0.04
Range factor for msc step limit for muons/hadrons  0.2
Geometry factor for msc step limitation of e+-     2.5
Safety factor for msc step limit for e+-           0.6
Skin parameter for msc step limitation of e+-      1
Lambda limit for msc step limit for e+-            1 mm
Use Mott correction for e- scattering              0
Factor used for dynamic computation of angular 
  limit between single and multiple scattering     1
Fixed angular limit between single 
  and multiple scattering                          3.1416 rad
Upper energy limit for e+- multiple scattering     100 MeV
Type of electron single scattering model           0
Type of nuclear form-factor                        1
Screening factor                                   1
=======================================================================
======                 Atomic Deexcitation Parameters          ========
=======================================================================
Fluorescence enabled                               1
Directory in G4LEDATA for fluorescence data files  fluor
Auger electron cascade enabled                     1
PIXE atomic de-excitation enabled                  0
De-excitation module ignores cuts                  1
Type of PIXE cross section for hadrons             Empirical
Type of PIXE cross section for e+-                 Livermore
=======================================================================

### ===  Deexcitation model UAtomDeexcitation is activated for 1 region:
          DefaultRegionForTheWorld  1  1  0
### ===  Auger flag: 1
### ===  Ignore cuts flag:   1

phot:  for gamma SubType=12 BuildTable=0
      LambdaPrime table from 200 keV to 100 TeV in 61 bins 
      ===== EM models for the G4Region  DefaultRegionForTheWorld ======
 LivermorePhElectric : Emin=    0 eV  Emax=  100 TeV  SauterGavrila Fluo

compt:  for gamma SubType=13 BuildTable=1
      Lambda table from 100 eV  to 1 MeV, 7 bins/decade, spline: 1
      LambdaPrime table from 1 MeV to 100 TeV in 56 bins 
      ===== EM models for the G4Region  DefaultRegionForTheWorld ======
       Klein-Nishina : Emin=    0 eV  Emax=  100 TeV

conv:  for gamma SubType=14 BuildTable=1
      Lambda table from 1.022 MeV to 100 TeV, 18 bins/decade, spline: 1
      ===== EM models for the G4Region  DefaultRegionForTheWorld ======
     BetheHeitlerLPM : Emin=    0 eV  Emax=  100 TeV  ModifiedTsai

Rayl:  for gamma SubType=11 BuildTable=1
      Lambda table from 100 eV  to 150 keV, 7 bins/decade, spline: 0
      LambdaPrime table from 150 keV to 100 TeV in 62 bins 
      ===== EM models for the G4Region  DefaultRegionForTheWorld ======
   LivermoreRayleigh : Emin=    0 eV  Emax=  100 TeV  CullenGenerator

msc:  for e-  SubType= 10
      ===== EM models for the G4Region  DefaultRegionForTheWorld ======
            UrbanMsc : Emin=    0 eV  Emax=  100 MeV Nbins=42 100 eV  - 100 MeV
          StepLim=UseSafety Rfact=0.04 Gfact=2.5 Sfact=0.6 DispFlag:1 Skin=1 Llim=1 mm
        WentzelVIUni : Emin=  100 MeV Emax=  100 TeV Nbins=42 100 MeV - 100 TeV
          StepLim=UseSafety Rfact=0.04 Gfact=2.5 Sfact=0.6 DispFlag:1 Skin=1 Llim=1 mm

eIoni:  for e-  XStype:3  SubType=2
      dE/dx and range tables from 100 eV  to 100 TeV in 84 bins
      Lambda tables from threshold to 100 TeV, 7 bins/decade, spline: 1
      StepFunction=(0.2, 1 mm), integ: 3, fluct: 1, linLossLim= 0.01
      ===== EM models for the G4Region  DefaultRegionForTheWorld ======
        MollerBhabha : Emin=    0 eV  Emax=  100 TeV

eBrem:  for e-  XStype:4  SubType=3
      dE/dx and range tables from 100 eV  to 100 TeV in 84 bins
      Lambda tables from threshold to 100 TeV, 7 bins/decade, spline: 1
      LPM flag: 1 for E > 1 GeV,  VertexHighEnergyTh(GeV)= 100000
      ===== EM models for the G4Region  DefaultRegionForTheWorld ======
             eBremSB : Emin=    0 eV  Emax=    1 GeV  ModifiedTsai
            eBremLPM : Emin=    1 GeV Emax=  100 TeV  ModifiedTsai

CoulombScat:  for e- XStype:1 SubType=1 BuildTable=1
      Lambda table from 100 MeV to 100 TeV, 7 bins/decade, spline: 0
      ThetaMin(p) < Theta(degree) < 180, pLimit(GeV^1)= 0.139531
      ===== EM models for the G4Region  DefaultRegionForTheWorld ======
  eCoulombScattering : Emin=  100 MeV Emax=  100 TeV

msc:  for e+  SubType= 10
      ===== EM models for the G4Region  DefaultRegionForTheWorld ======
            UrbanMsc : Emin=    0 eV  Emax=  100 MeV Nbins=42 100 eV  - 100 MeV
          StepLim=UseSafety Rfact=0.04 Gfact=2.5 Sfact=0.6 DispFlag:1 Skin=1 Llim=1 mm
        WentzelVIUni : Emin=  100 MeV Emax=  100 TeV Nbins=42 100 MeV - 100 TeV
          StepLim=UseSafety Rfact=0.04 Gfact=2.5 Sfact=0.6 DispFlag:1 Skin=1 Llim=1 mm

eIoni:  for e+  XStype:3  SubType=2
      dE/dx and range tables from 100 eV  to 100 TeV in 84 bins
      Lambda tables from threshold to 100 TeV, 7 bins/decade, spline: 1
      StepFunction=(0.2, 1 mm), integ: 3, fluct: 1, linLossLim= 0.01
      ===== EM models for the G4Region  DefaultRegionForTheWorld ======
        MollerBhabha : Emin=    0 eV  Emax=  100 TeV

eBrem:  for e+  XStype:4  SubType=3
      dE/dx and range tables from 100 eV  to 100 TeV in 84 bins
      Lambda tables from threshold to 100 TeV, 7 bins/decade, spline: 1
      LPM flag: 1 for E > 1 GeV,  VertexHighEnergyTh(GeV)= 100000
      ===== EM models for the G4Region  DefaultRegionForTheWorld ======
             eBremSB : Emin=    0 eV  Emax=    1 GeV  ModifiedTsai
            eBremLPM : Emin=    1 GeV Emax=  100 TeV  ModifiedTsai

annihil:  for e+ XStype:2 SubType=5 AtRestModel:Simple BuildTable=0
      ===== EM models for the G4Region  DefaultRegionForTheWorld ======
            eplus2gg : Emin=    0 eV  Emax=  100 TeV

CoulombScat:  for e+ XStype:1 SubType=1 BuildTable=1
      Lambda table from 100 MeV to 100 TeV, 7 bins/decade, spline: 0
      ThetaMin(p) < Theta(degree) < 180, pLimit(GeV^1)= 0.139531
      ===== EM models for the G4Region  DefaultRegionForTheWorld ======
  eCoulombScattering : Emin=  100 MeV Emax=  100 TeV

msc:  for proton  SubType= 10
      ===== EM models for the G4Region  DefaultRegionForTheWorld ======
        WentzelVIUni : Emin=    0 eV  Emax=  100 TeV Nbins=84 100 eV  - 100 TeV
          StepLim=Minimal Rfact=0.2 Gfact=2.5 Sfact=0.6 DispFlag:0 Skin=1 Llim=1 mm

hIoni:  for proton  XStype:3  SubType=2
      dE/dx and range tables from 100 eV  to 100 TeV in 84 bins
      Lambda tables from threshold to 100 TeV, 7 bins/decade, spline: 1
      StepFunction=(0.2, 0.1 mm), integ: 3, fluct: 1, linLossLim= 0.01
      ===== EM models for the G4Region  DefaultRegionForTheWorld ======
               Bragg : Emin=    0 eV  Emax=    2 MeV
          BetheBloch : Emin=    2 MeV Emax=  100 TeV

hBrems:  for proton  XStype:1  SubType=3
      dE/dx and range tables from 100 eV  to 100 TeV in 84 bins
      Lambda tables from threshold to 100 TeV, 7 bins/decade, spline: 1
      ===== EM models for the G4Region  DefaultRegionForTheWorld ======
               hBrem : Emin=    0 eV  Emax=  100 TeV  ModifiedMephi

hPairProd:  for proton  XStype:1  SubType=4
      dE/dx and range tables from 100 eV  to 100 TeV in 84 bins
      Lambda tables from threshold to 100 TeV, 7 bins/decade, spline: 1
      Sampling table 17x1001, from 7.50618 GeV to 100 TeV 
      ===== EM models for the G4Region  DefaultRegionForTheWorld ======
           hPairProd : Emin=    0 eV  Emax=  100 TeV  ModifiedMephi

CoulombScat:  for proton XStype:1 SubType=1 BuildTable=1
      Lambda table from threshold  to 100 TeV, 7 bins/decade, spline: 0
      ThetaMin(p) < Theta(degree) < 180, pLimit(GeV^1)= 0.139531
      ===== EM models for the G4Region  DefaultRegionForTheWorld ======
  eCoulombScattering : Emin=    0 eV  Emax=  100 TeV

msc:  for GenericIon  SubType= 10
      ===== EM models for the G4Region  DefaultRegionForTheWorld ======
            UrbanMsc : Emin=    0 eV  Emax=  100 TeV
          StepLim=Minimal Rfact=0.2 Gfact=2.5 Sfact=0.6 DispFlag:0 Skin=1 Llim=1 mm

ionIoni:  for GenericIon  XStype:3  SubType=2
      dE/dx and range tables from 100 eV  to 100 TeV in 84 bins
      Lambda tables from threshold to 100 TeV, 7 bins/decade, spline: 1
      StepFunction=(0.2, 0.1 mm), integ: 3, fluct: 1, linLossLim= 0.02
      ===== EM models for the G4Region  DefaultRegionForTheWorld ======
               Bragg : Emin=    0 eV  Emax=    2 MeV
          BetheBloch : Emin=    2 MeV Emax=  100 TeV
======================================================================
======          Radioactive Decay Physics Parameters           =======
======================================================================
min MeanLife (from G4NuclideTable)                1 ns 
Max life time (from G4DeexPrecoParameters)        1000 ps 
Internal e- conversion flag                       1
Stored internal conversion coefficients           1
Enabled atomic relaxation mode                    1
Enable correlated gamma emission                  0
Max 2J for sampling of angular correlations       10
Atomic de-excitation enabled                      1
Auger electron emission enabled                   1
Check EM cuts disabled for atomic de-excitation   1
Use Bearden atomic level energies                 0
Use ANSTO fluorescence model                      0
Threshold for very long decay time at rest        1 y  
======================================================================

msc:  for alpha  SubType= 10
      ===== EM models for the G4Region  DefaultRegionForTheWorld ======
            UrbanMsc : Emin=    0 eV  Emax=  100 TeV
          StepLim=Minimal Rfact=0.2 Gfact=2.5 Sfact=0.6 DispFlag:0 Skin=1 Llim=1 mm

ionIoni:  for alpha  XStype:3  SubType=2
      dE/dx and range tables from 100 eV  to 100 TeV in 84 bins
      Lambda tables from threshold to 100 TeV, 7 bins/decade, spline: 1
      StepFunction=(0.2, 0.1 mm), integ: 3, fluct: 1, linLossLim= 0.02
      ===== EM models for the G4Region  DefaultRegionForTheWorld ======
            BraggIon : Emin=    0 eV  Emax=7.9452 MeV
          BetheBloch : Emin=7.9452 MeV Emax=  100 TeV

msc:  for anti_proton  SubType= 10
      ===== EM models for the G4Region  DefaultRegionForTheWorld ======
        WentzelVIUni : Emin=    0 eV  Emax=  100 TeV Nbins=84 100 eV  - 100 TeV
          StepLim=Minimal Rfact=0.2 Gfact=2.5 Sfact=0.6 DispFlag:0 Skin=1 Llim=1 mm

hIoni:  for anti_proton  XStype:3  SubType=2
      dE/dx and range tables from 100 eV  to 100 TeV in 84 bins
      Lambda tables from threshold to 100 TeV, 7 bins/decade, spline: 1
      StepFunction=(0.2, 0.1 mm), integ: 3, fluct: 1, linLossLim= 0.01
      ===== EM models for the G4Region  DefaultRegionForTheWorld ======
            ICRU73QO : Emin=    0 eV  Emax=    2 MeV
          BetheBloch : Emin=    2 MeV Emax=  100 TeV

hBrems:  for anti_proton  XStype:1  SubType=3
      dE/dx and range tables from 100 eV  to 100 TeV in 84 bins
      Lambda tables from threshold to 100 TeV, 7 bins/decade, spline: 1
      ===== EM models for the G4Region  DefaultRegionForTheWorld ======
               hBrem : Emin=    0 eV  Emax=  100 TeV  ModifiedMephi

hPairProd:  for anti_proton  XStype:1  SubType=4
      dE/dx and range tables from 100 eV  to 100 TeV in 84 bins
      Lambda tables from threshold to 100 TeV, 7 bins/decade, spline: 1
      Sampling table 17x1001, from 7.50618 GeV to 100 TeV 
      ===== EM models for the G4Region  DefaultRegionForTheWorld ======
           hPairProd : Emin=    0 eV  Emax=  100 TeV  ModifiedMephi

CoulombScat:  for anti_proton XStype:1 SubType=1 BuildTable=1
      Lambda table from threshold  to 100 TeV, 7 bins/decade, spline: 0
      ThetaMin(p) < Theta(degree) < 180, pLimit(GeV^1)= 0.139531
      ===== EM models for the G4Region  DefaultRegionForTheWorld ======
  eCoulombScattering : Emin=    0 eV  Emax=  100 TeV

msc:  for kaon+  SubType= 10
      ===== EM models for the G4Region  DefaultRegionForTheWorld ======
        WentzelVIUni : Emin=    0 eV  Emax=  100 TeV Nbins=84 100 eV  - 100 TeV
          StepLim=Minimal Rfact=0.2 Gfact=2.5 Sfact=0.6 DispFlag:0 Skin=1 Llim=1 mm

hIoni:  for kaon+  XStype:3  SubType=2
      dE/dx and range tables from 100 eV  to 100 TeV in 84 bins
      Lambda tables from threshold to 100 TeV, 7 bins/decade, spline: 1
      StepFunction=(0.2, 0.1 mm), integ: 3, fluct: 1, linLossLim= 0.01
      ===== EM models for the G4Region  DefaultRegionForTheWorld ======
               Bragg : Emin=    0 eV  Emax=1.05231 MeV
          BetheBloch : Emin=1.05231 MeV Emax=  100 TeV

hBrems:  for kaon+  XStype:1  SubType=3
      dE/dx and range tables from 100 eV  to 100 TeV in 84 bins
      Lambda tables from threshold to 100 TeV, 7 bins/decade, spline: 1
      ===== EM models for the G4Region  DefaultRegionForTheWorld ======
               hBrem : Emin=    0 eV  Emax=  100 TeV  ModifiedMephi

hPairProd:  for kaon+  XStype:1  SubType=4
      dE/dx and range tables from 100 eV  to 100 TeV in 84 bins
      Lambda tables from threshold to 100 TeV, 7 bins/decade, spline: 1
      Sampling table 18x1001, from 3.94942 GeV to 100 TeV 
      ===== EM models for the G4Region  DefaultRegionForTheWorld ======
           hPairProd : Emin=    0 eV  Emax=  100 TeV  ModifiedMephi

CoulombScat:  for kaon+ XStype:1 SubType=1 BuildTable=1
      Lambda table from threshold  to 100 TeV, 7 bins/decade, spline: 0
      ThetaMin(p) < Theta(degree) < 180, pLimit(GeV^1)= 0.139531
      ===== EM models for the G4Region  DefaultRegionForTheWorld ======
  eCoulombScattering : Emin=    0 eV  Emax=  100 TeV

msc:  for kaon-  SubType= 10
      ===== EM models for the G4Region  DefaultRegionForTheWorld ======
        WentzelVIUni : Emin=    0 eV  Emax=  100 TeV Nbins=84 100 eV  - 100 TeV
          StepLim=Minimal Rfact=0.2 Gfact=2.5 Sfact=0.6 DispFlag:0 Skin=1 Llim=1 mm

hIoni:  for kaon-  XStype:3  SubType=2
      dE/dx and range tables from 100 eV  to 100 TeV in 84 bins
      Lambda tables from threshold to 100 TeV, 7 bins/decade, spline: 1
      StepFunction=(0.2, 0.1 mm), integ: 3, fluct: 1, linLossLim= 0.01
      ===== EM models for the G4Region  DefaultRegionForTheWorld ======
            ICRU73QO : Emin=    0 eV  Emax=1.05231 MeV
          BetheBloch : Emin=1.05231 MeV Emax=  100 TeV

hBrems:  for kaon-  XStype:1  SubType=3
      dE/dx and range tables from 100 eV  to 100 TeV in 84 bins
      Lambda tables from threshold to 100 TeV, 7 bins/decade, spline: 1
      ===== EM models for the G4Region  DefaultRegionForTheWorld ======
               hBrem : Emin=    0 eV  Emax=  100 TeV  ModifiedMephi

hPairProd:  for kaon-  XStype:1  SubType=4
      dE/dx and range tables from 100 eV  to 100 TeV in 84 bins
      Lambda tables from threshold to 100 TeV, 7 bins/decade, spline: 1
      Sampling table 18x1001, from 3.94942 GeV to 100 TeV 
      ===== EM models for the G4Region  DefaultRegionForTheWorld ======
           hPairProd : Emin=    0 eV  Emax=  100 TeV  ModifiedMephi

CoulombScat:  for kaon- XStype:1 SubType=1 BuildTable=1
      Used Lambda table of kaon+
      ThetaMin(p) < Theta(degree) < 180, pLimit(GeV^1)= 0.139531
      ===== EM models for the G4Region  DefaultRegionForTheWorld ======
  eCoulombScattering : Emin=    0 eV  Emax=  100 TeV

msc:  for mu+  SubType= 10
      ===== EM models for the G4Region  DefaultRegionForTheWorld ======
        WentzelVIUni : Emin=    0 eV  Emax=  100 TeV Nbins=84 100 eV  - 100 TeV
          StepLim=Minimal Rfact=0.2 Gfact=2.5 Sfact=0.6 DispFlag:0 Skin=1 Llim=1 mm

muIoni:  for mu+  XStype:3  SubType=2
      dE/dx and range tables from 100 eV  to 100 TeV in 84 bins
      Lambda tables from threshold to 100 TeV, 7 bins/decade, spline: 1
      StepFunction=(0.2, 0.1 mm), integ: 3, fluct: 1, linLossLim= 0.01
      ===== EM models for the G4Region  DefaultRegionForTheWorld ======
               Bragg : Emin=    0 eV  Emax=  200 keV
        MuBetheBloch : Emin=  200 keV Emax=  100 TeV

muBrems:  for mu+  XStype:1  SubType=3
      dE/dx and range tables from 100 eV  to 100 TeV in 84 bins
      Lambda tables from threshold to 100 TeV, 7 bins/decade, spline: 1
      ===== EM models for the G4Region  DefaultRegionForTheWorld ======
              MuBrem : Emin=    0 eV  Emax=  100 TeV  ModifiedMephi

muPairProd:  for mu+  XStype:1  SubType=4
      dE/dx and range tables from 100 eV  to 100 TeV in 84 bins
      Lambda tables from threshold to 100 TeV, 7 bins/decade, spline: 1
      Sampling table 21x1001, from 0.85 GeV to 100 TeV 
      ===== EM models for the G4Region  DefaultRegionForTheWorld ======
          muPairProd : Emin=    0 eV  Emax=  100 TeV  ModifiedMephi

CoulombScat:  for mu+ XStype:1 SubType=1 BuildTable=1
      Lambda table from threshold  to 100 TeV, 7 bins/decade, spline: 0
      ThetaMin(p) < Theta(degree) < 180, pLimit(GeV^1)= 0.139531
      ===== EM models for the G4Region  DefaultRegionForTheWorld ======
  eCoulombScattering : Emin=    0 eV  Emax=  100 TeV

msc:  for mu-  SubType= 10
      ===== EM models for the G4Region  DefaultRegionForTheWorld ======
        WentzelVIUni : Emin=    0 eV  Emax=  100 TeV Nbins=84 100 eV  - 100 TeV
          StepLim=Minimal Rfact=0.2 Gfact=2.5 Sfact=0.6 DispFlag:0 Skin=1 Llim=1 mm

muIoni:  for mu-  XStype:3  SubType=2
      dE/dx and range tables from 100 eV  to 100 TeV in 84 bins
      Lambda tables from threshold to 100 TeV, 7 bins/decade, spline: 1
      StepFunction=(0.2, 0.1 mm), integ: 3, fluct: 1, linLossLim= 0.01
      ===== EM models for the G4Region  DefaultRegionForTheWorld ======
            ICRU73QO : Emin=    0 eV  Emax=  200 keV
        MuBetheBloch : Emin=  200 keV Emax=  100 TeV

muBrems:  for mu-  XStype:1  SubType=3
      dE/dx and range tables from 100 eV  to 100 TeV in 84 bins
      Lambda tables from threshold to 100 TeV, 7 bins/decade, spline: 1
      ===== EM models for the G4Region  DefaultRegionForTheWorld ======
              MuBrem : Emin=    0 eV  Emax=  100 TeV  ModifiedMephi

muPairProd:  for mu-  XStype:1  SubType=4
      dE/dx and range tables from 100 eV  to 100 TeV in 84 bins
      Lambda tables from threshold to 100 TeV, 7 bins/decade, spline: 1
      Sampling table 21x1001, from 0.85 GeV to 100 TeV 
      ===== EM models for the G4Region  DefaultRegionForTheWorld ======
          muPairProd : Emin=    0 eV  Emax=  100 TeV  ModifiedMephi

CoulombScat:  for mu- XStype:1 SubType=1 BuildTable=1
      Used Lambda table of mu+
      ThetaMin(p) < Theta(degree) < 180, pLimit(GeV^1)= 0.139531
      ===== EM models for the G4Region  DefaultRegionForTheWorld ======
  eCoulombScattering : Emin=    0 eV  Emax=  100 TeV

=======================================================
======       ParticleHP Physics Parameters     ========
=======================================================
 Use only photo-evaporation      0
 Skip missing isotopes           0
 Neglect Doppler                 0
 Do not adjust final state       0
 Produce fission fragments       1
 Use WendtFissionModel           0
 Use NRESP71Model                0
 Use DBRC                        0
 PHP use Poisson                 0
 PHP check                       1
 CHECK HP NAMES                  0
 Enable DEBUG                    0
 Use probability tables from     
=======================================================

@@@ G4ParticleHPInelastic instantiated for particle neutron/n    data directory is /home/bryam/miniconda3/envs/geant4_env/share/Geant4/data/NDL4.7.1/Inelastic

msc:  for pi+  SubType= 10
      ===== EM models for the G4Region  DefaultRegionForTheWorld ======
        WentzelVIUni : Emin=    0 eV  Emax=  100 TeV Nbins=84 100 eV  - 100 TeV
          StepLim=Minimal Rfact=0.2 Gfact=2.5 Sfact=0.6 DispFlag:0 Skin=1 Llim=1 mm

hIoni:  for pi+  XStype:3  SubType=2
      dE/dx and range tables from 100 eV  to 100 TeV in 84 bins
      Lambda tables from threshold to 100 TeV, 7 bins/decade, spline: 1
      StepFunction=(0.2, 0.1 mm), integ: 3, fluct: 1, linLossLim= 0.01
      ===== EM models for the G4Region  DefaultRegionForTheWorld ======
               Bragg : Emin=    0 eV  Emax=297.505 keV
          BetheBloch : Emin=297.505 keV Emax=  100 TeV

hBrems:  for pi+  XStype:1  SubType=3
      dE/dx and range tables from 100 eV  to 100 TeV in 84 bins
      Lambda tables from threshold to 100 TeV, 7 bins/decade, spline: 1
      ===== EM models for the G4Region  DefaultRegionForTheWorld ======
               hBrem : Emin=    0 eV  Emax=  100 TeV  ModifiedMephi

hPairProd:  for pi+  XStype:1  SubType=4
      dE/dx and range tables from 100 eV  to 100 TeV in 84 bins
      Lambda tables from threshold to 100 TeV, 7 bins/decade, spline: 1
      Sampling table 20x1001, from 1.11656 GeV to 100 TeV 
      ===== EM models for the G4Region  DefaultRegionForTheWorld ======
           hPairProd : Emin=    0 eV  Emax=  100 TeV  ModifiedMephi

CoulombScat:  for pi+ XStype:1 SubType=1 BuildTable=1
      Lambda table from threshold  to 100 TeV, 7 bins/decade, spline: 0
      ThetaMin(p) < Theta(degree) < 180, pLimit(GeV^1)= 0.139531
      ===== EM models for the G4Region  DefaultRegionForTheWorld ======
  eCoulombScattering : Emin=    0 eV  Emax=  100 TeV

msc:  for pi-  SubType= 10
      ===== EM models for the G4Region  DefaultRegionForTheWorld ======
        WentzelVIUni : Emin=    0 eV  Emax=  100 TeV Nbins=84 100 eV  - 100 TeV
          StepLim=Minimal Rfact=0.2 Gfact=2.5 Sfact=0.6 DispFlag:0 Skin=1 Llim=1 mm

hIoni:  for pi-  XStype:3  SubType=2
      dE/dx and range tables from 100 eV  to 100 TeV in 84 bins
      Lambda tables from threshold to 100 TeV, 7 bins/decade, spline: 1
      StepFunction=(0.2, 0.1 mm), integ: 3, fluct: 1, linLossLim= 0.01
      ===== EM models for the G4Region  DefaultRegionForTheWorld ======
            ICRU73QO : Emin=    0 eV  Emax=297.505 keV
          BetheBloch : Emin=297.505 keV Emax=  100 TeV

hBrems:  for pi-  XStype:1  SubType=3
      dE/dx and range tables from 100 eV  to 100 TeV in 84 bins
      Lambda tables from threshold to 100 TeV, 7 bins/decade, spline: 1
      ===== EM models for the G4Region  DefaultRegionForTheWorld ======
               hBrem : Emin=    0 eV  Emax=  100 TeV  ModifiedMephi

hPairProd:  for pi-  XStype:1  SubType=4
      dE/dx and range tables from 100 eV  to 100 TeV in 84 bins
      Lambda tables from threshold to 100 TeV, 7 bins/decade, spline: 1
      Sampling table 20x1001, from 1.11656 GeV to 100 TeV 
      ===== EM models for the G4Region  DefaultRegionForTheWorld ======
           hPairProd : Emin=    0 eV  Emax=  100 TeV  ModifiedMephi

CoulombScat:  for pi- XStype:1 SubType=1 BuildTable=1
      Used Lambda table of pi+
      ThetaMin(p) < Theta(degree) < 180, pLimit(GeV^1)= 0.139531
      ===== EM models for the G4Region  DefaultRegionForTheWorld ======
  eCoulombScattering : Emin=    0 eV  Emax=  100 TeV

====================================================================
                  HADRONIC PROCESSES SUMMARY (verbose level 1)
-----------------------------------------------------------------------
                           Hadronic Processes for B-
  Process: hadElastic
        Model:              hElasticLHEP: 0 eV  ---> 100 TeV
     Cr_sctns:            Glauber-Gribov: 0 eV  ---> 100 TeV
  Process: B-Inelastic
        Model:                      FTFP: 0 eV  ---> 100 TeV
     Cr_sctns:            Glauber-Gribov: 0 eV  ---> 100 TeV
-----------------------------------------------------------------------
                           Hadronic Processes for D-
  Process: hadElastic
        Model:              hElasticLHEP: 0 eV  ---> 100 TeV
     Cr_sctns:            Glauber-Gribov: 0 eV  ---> 100 TeV
  Process: D-Inelastic
        Model:                      FTFP: 0 eV  ---> 100 TeV
     Cr_sctns:            Glauber-Gribov: 0 eV  ---> 100 TeV
-----------------------------------------------------------------------
                           Hadronic Processes for GenericIon
  Process: ionElastic
        Model:          NNDiffuseElastic: 0 eV /n ---> 100 TeV/n
     Cr_sctns:  Glauber-Gribov Nucl-nucl: 0 eV  ---> 25.6 PeV
  Process: ionInelastic
        Model:  Binary Light Ion Cascade: 0 eV /n ---> 110 MeV/n
        Model:                  QMDModel: 100 MeV/n ---> 6 GeV/n
        Model:                      FTFP: 5.99 GeV/n ---> 100 TeV/n
     Cr_sctns:  Glauber-Gribov Nucl-nucl: 0 eV  ---> 25.6 PeV
  Process: RadioactiveDecay
-----------------------------------------------------------------------
                           Hadronic Processes for He3
  Process: hadElastic
        Model:              hElasticLHEP: 0 eV /n ---> 100 TeV/n
     Cr_sctns:  Glauber-Gribov Nucl-nucl: 0 eV  ---> 25.6 PeV
  Process: He3Inelastic
        Model:  Binary Light Ion Cascade: 0 eV /n ---> 110 MeV/n
        Model:                  QMDModel: 100 MeV/n ---> 6 GeV/n
        Model:                      FTFP: 5.99 GeV/n ---> 100 TeV/n
     Cr_sctns:  Glauber-Gribov Nucl-nucl: 0 eV  ---> 25.6 PeV
-----------------------------------------------------------------------
                           Hadronic Processes for alpha
  Process: hadElastic
        Model:              hElasticLHEP: 0 eV /n ---> 100 TeV/n
     Cr_sctns:  Glauber-Gribov Nucl-nucl: 0 eV  ---> 25.6 PeV
  Process: alphaInelastic
        Model:  Binary Light Ion Cascade: 0 eV /n ---> 110 MeV/n
        Model:                  QMDModel: 100 MeV/n ---> 6 GeV/n
        Model:                      FTFP: 5.99 GeV/n ---> 100 TeV/n
     Cr_sctns:  Glauber-Gribov Nucl-nucl: 0 eV  ---> 25.6 PeV
-----------------------------------------------------------------------
                           Hadronic Processes for anti_He3
  Process: hadElastic
        Model:              hElasticLHEP: 0 eV /n ---> 100.1 MeV/n
        Model:              AntiAElastic: 100 MeV/n ---> 100 TeV/n
     Cr_sctns:              AntiAGlauber: 0 eV  ---> 25.6 PeV
  Process: anti_He3Inelastic
        Model:                      FTFP: 0 eV /n ---> 100 TeV/n
     Cr_sctns:              AntiAGlauber: 0 eV  ---> 25.6 PeV
  Process: hFritiofCaptureAtRest
-----------------------------------------------------------------------
                           Hadronic Processes for anti_alpha
  Process: hadElastic
        Model:              hElasticLHEP: 0 eV /n ---> 100.1 MeV/n
        Model:              AntiAElastic: 100 MeV/n ---> 100 TeV/n
     Cr_sctns:              AntiAGlauber: 0 eV  ---> 25.6 PeV
  Process: anti_alphaInelastic
        Model:                      FTFP: 0 eV /n ---> 100 TeV/n
     Cr_sctns:              AntiAGlauber: 0 eV  ---> 25.6 PeV
  Process: hFritiofCaptureAtRest
-----------------------------------------------------------------------
                           Hadronic Processes for anti_deuteron
  Process: hadElastic
        Model:              hElasticLHEP: 0 eV /n ---> 100.1 MeV/n
        Model:              AntiAElastic: 100 MeV/n ---> 100 TeV/n
     Cr_sctns:              AntiAGlauber: 0 eV  ---> 25.6 PeV
  Process: anti_deuteronInelastic
        Model:                      FTFP: 0 eV /n ---> 100 TeV/n
     Cr_sctns:              AntiAGlauber: 0 eV  ---> 25.6 PeV
  Process: hFritiofCaptureAtRest
-------------------------------------------------------------------------
                           Hadronic Processes for anti_hypertriton
  Process: hFritiofCaptureAtRest
-----------------------------------------------------------------------
                           Hadronic Processes for anti_lambda
  Process: hadElastic
        Model:              hElasticLHEP: 0 eV  ---> 100 TeV
     Cr_sctns:            Glauber-Gribov: 0 eV  ---> 100 TeV
  Process: anti_lambdaInelastic
        Model:                      FTFP: 0 eV  ---> 100 TeV
     Cr_sctns:            Glauber-Gribov: 0 eV  ---> 100 TeV
  Process: hFritiofCaptureAtRest
-----------------------------------------------------------------------
                           Hadronic Processes for anti_neutron
  Process: hadElastic
        Model:              hElasticLHEP: 0 eV  ---> 100.1 MeV
        Model:              AntiAElastic: 100 MeV ---> 100 TeV
     Cr_sctns:              AntiAGlauber: 0 eV  ---> 25.6 PeV
  Process: anti_neutronInelastic
        Model:                      FTFP: 0 eV  ---> 100 TeV
     Cr_sctns:              AntiAGlauber: 0 eV  ---> 25.6 PeV
  Process: hFritiofCaptureAtRest
-----------------------------------------------------------------------
                           Hadronic Processes for anti_proton
  Process: hadElastic
        Model:              hElasticLHEP: 0 eV  ---> 100.1 MeV
        Model:              AntiAElastic: 100 MeV ---> 100 TeV
     Cr_sctns:              AntiAGlauber: 0 eV  ---> 25.6 PeV
  Process: anti_protonInelastic
        Model:                      FTFP: 0 eV  ---> 100 TeV
     Cr_sctns:              AntiAGlauber: 0 eV  ---> 25.6 PeV
  Process: hFritiofCaptureAtRest
-----------------------------------------------------------------------
                           Hadronic Processes for anti_triton
  Process: hadElastic
        Model:              hElasticLHEP: 0 eV /n ---> 100.1 MeV/n
        Model:              AntiAElastic: 100 MeV/n ---> 100 TeV/n
     Cr_sctns:              AntiAGlauber: 0 eV  ---> 25.6 PeV
  Process: anti_tritonInelastic
        Model:                      FTFP: 0 eV /n ---> 100 TeV/n
     Cr_sctns:              AntiAGlauber: 0 eV  ---> 25.6 PeV
  Process: hFritiofCaptureAtRest
-----------------------------------------------------------------------
                           Hadronic Processes for deuteron
  Process: hadElastic
        Model:              hElasticLHEP: 0 eV /n ---> 100 TeV/n
     Cr_sctns:  Glauber-Gribov Nucl-nucl: 0 eV  ---> 25.6 PeV
  Process: dInelastic
        Model:  Binary Light Ion Cascade: 0 eV /n ---> 110 MeV/n
        Model:                  QMDModel: 100 MeV/n ---> 6 GeV/n
        Model:                      FTFP: 5.99 GeV/n ---> 100 TeV/n
     Cr_sctns:  Glauber-Gribov Nucl-nucl: 0 eV  ---> 25.6 PeV
-----------------------------------------------------------------------
                           Hadronic Processes for e+
  Process: positronNuclear
        Model:   G4ElectroVDNuclearModel: 0 eV  ---> 1 PeV
     Cr_sctns:          ElectroNuclearXS: 0 eV  ---> 100 TeV
-----------------------------------------------------------------------
                           Hadronic Processes for e-
  Process: electronNuclear
        Model:   G4ElectroVDNuclearModel: 0 eV  ---> 1 PeV
     Cr_sctns:          ElectroNuclearXS: 0 eV  ---> 100 TeV
-----------------------------------------------------------------------
                           Hadronic Processes for gamma
  Process: photonNuclear
        Model:               GammaNPreco: 0 eV  ---> 200 MeV
        Model:            BertiniCascade: 199 MeV ---> 6 GeV
        Model:           TheoFSGenerator: 3 GeV ---> 100 TeV
     Cr_sctns:            GammaNuclearXS: 0 eV  ---> 100 TeV
-----------------------------------------------------------------------
                           Hadronic Processes for kaon+
  Process: hadElastic
        Model:              hElasticLHEP: 0 eV  ---> 100 TeV
     Cr_sctns:            Glauber-Gribov: 0 eV  ---> 100 TeV
  Process: kaon+Inelastic
        Model:                      FTFP: 3 GeV ---> 100 TeV
        Model:            BertiniCascade: 0 eV  ---> 6 GeV
     Cr_sctns:            Glauber-Gribov: 0 eV  ---> 100 TeV
-----------------------------------------------------------------------
                           Hadronic Processes for kaon-
  Process: hadElastic
        Model:              hElasticLHEP: 0 eV  ---> 100 TeV
     Cr_sctns:            Glauber-Gribov: 0 eV  ---> 100 TeV
  Process: kaon-Inelastic
        Model:                      FTFP: 3 GeV ---> 100 TeV
        Model:            BertiniCascade: 0 eV  ---> 6 GeV
     Cr_sctns:            Glauber-Gribov: 0 eV  ---> 100 TeV
  Process: hBertiniCaptureAtRest
-----------------------------------------------------------------------
                           Hadronic Processes for lambda
  Process: hadElastic
        Model:              hElasticLHEP: 0 eV  ---> 100 TeV
     Cr_sctns:            Glauber-Gribov: 0 eV  ---> 100 TeV
  Process: lambdaInelastic
        Model:                      FTFP: 3 GeV ---> 100 TeV
        Model:            BertiniCascade: 0 eV  ---> 6 GeV
     Cr_sctns:            Glauber-Gribov: 0 eV  ---> 100 TeV
-----------------------------------------------------------------------
                           Hadronic Processes for mu+
  Process: muonNuclear
        Model:      G4MuonVDNuclearModel: 0 eV  ---> 1 PeV
     Cr_sctns:     KokoulinMuonNuclearXS: 0 eV  ---> 100 TeV
-----------------------------------------------------------------------
                           Hadronic Processes for mu-
  Process: muonNuclear
        Model:      G4MuonVDNuclearModel: 0 eV  ---> 1 PeV
     Cr_sctns:     KokoulinMuonNuclearXS: 0 eV  ---> 100 TeV
  Process: muMinusCaptureAtRest
-----------------------------------------------------------------------
                           Hadronic Processes for neutron
  Process: hadElastic
        Model:             hElasticCHIPS: 19.5 MeV ---> 100 TeV
        Model:          NeutronHPElastic: 0 eV  ---> 20 MeV
     Cr_sctns:        NeutronHPElasticXS: 0 eV  ---> 20 MeV
     Cr_sctns:        G4NeutronElasticXS: 0 eV  ---> 100 TeV
  Process: neutronInelastic
        Model:                      FTFP: 3 GeV ---> 100 TeV
        Model:            BertiniCascade: 19.9 MeV ---> 6 GeV
        Model:        NeutronHPInelastic: 0 eV  ---> 20 MeV
     Cr_sctns:      NeutronHPInelasticXS: 0 eV  ---> 20 MeV
     Cr_sctns: JENDLHEInelasticCrossSection: 0 eV  ---> 100 TeV
     Cr_sctns:      G4NeutronInelasticXS: 0 eV  ---> 100 TeV
  Process: nCapture
        Model:             nRadCaptureHP: 0 eV  ---> 20 MeV
        Model:               nRadCapture: 19.9 MeV ---> 100 TeV
     Cr_sctns:        NeutronHPCaptureXS: 0 eV  ---> 100 TeV
     Cr_sctns:        G4NeutronCaptureXS: 0 eV  ---> 100 TeV
  Process: nFission
        Model:          NeutronHPFission: 0 eV  ---> 20 MeV
        Model:                G4LFission: 19.9 MeV ---> 100 TeV
     Cr_sctns:        NeutronHPFissionXS: 0 eV  ---> 20 MeV
     Cr_sctns:                    ZeroXS: 0 eV  ---> 100 TeV
-----------------------------------------------------------------------
                           Hadronic Processes for pi+
  Process: hadElastic
        Model:           hElasticGlauber: 0 eV  ---> 100 TeV
     Cr_sctns:  BarashenkovGlauberGribov: 0 eV  ---> 100 TeV
  Process: pi+Inelastic
        Model:                      FTFP: 3 GeV ---> 100 TeV
        Model:            BertiniCascade: 0 eV  ---> 6 GeV
     Cr_sctns:  BarashenkovGlauberGribov: 0 eV  ---> 100 TeV
-----------------------------------------------------------------------
                           Hadronic Processes for pi-
  Process: hadElastic
        Model:           hElasticGlauber: 0 eV  ---> 100 TeV
     Cr_sctns:  BarashenkovGlauberGribov: 0 eV  ---> 100 TeV
  Process: pi-Inelastic
        Model:                      FTFP: 3 GeV ---> 100 TeV
        Model:            BertiniCascade: 0 eV  ---> 6 GeV
     Cr_sctns:  BarashenkovGlauberGribov: 0 eV  ---> 100 TeV
  Process: hBertiniCaptureAtRest
-----------------------------------------------------------------------
                           Hadronic Processes for proton
  Process: hadElastic
        Model:             hElasticCHIPS: 0 eV  ---> 100 TeV
     Cr_sctns:  BarashenkovGlauberGribov: 0 eV  ---> 100 TeV
  Process: protonInelastic
        Model:                      FTFP: 3 GeV ---> 100 TeV
        Model:            BertiniCascade: 0 eV  ---> 6 GeV
     Cr_sctns:  BarashenkovGlauberGribov: 0 eV  ---> 100 TeV
-----------------------------------------------------------------------
                           Hadronic Processes for sigma-
  Process: hadElastic
        Model:              hElasticLHEP: 0 eV  ---> 100 TeV
     Cr_sctns:            Glauber-Gribov: 0 eV  ---> 100 TeV
  Process: sigma-Inelastic
        Model:                      FTFP: 3 GeV ---> 100 TeV
        Model:            BertiniCascade: 0 eV  ---> 6 GeV
     Cr_sctns:            Glauber-Gribov: 0 eV  ---> 100 TeV
  Process: hBertiniCaptureAtRest
-----------------------------------------------------------------------
                           Hadronic Processes for triton
  Process: hadElastic
        Model:              hElasticLHEP: 0 eV /n ---> 100 TeV/n
     Cr_sctns:  Glauber-Gribov Nucl-nucl: 0 eV  ---> 25.6 PeV
  Process: tInelastic
        Model:  Binary Light Ion Cascade: 0 eV /n ---> 110 MeV/n
        Model:                  QMDModel: 100 MeV/n ---> 6 GeV/n
        Model:                      FTFP: 5.99 GeV/n ---> 100 TeV/n
     Cr_sctns:  Glauber-Gribov Nucl-nucl: 0 eV  ---> 25.6 PeV
  Process: RadioactiveDecay
=======================================================================
======       Geant4 Native Pre-compound Model Parameters       ========
=======================================================================
Type of pre-compound model                          0
Type of pre-compound inverse x-section              1
Pre-compound model active                           1
Pre-compound excitation low energy                  0.1 MeV 
Pre-compound excitation high energy                 15 MeV 
Angular generator for pre-compound model            1
Use NeverGoBack option for pre-compound model       0
Use SoftCutOff option for pre-compound model        0
Use CEM transitions for pre-compound model          1
Use GNASH transitions for pre-compound model        0
Use HETC submodel for pre-compound model            0
=======================================================================
======       Nuclear De-excitation Module Parameters           ========
=======================================================================
Type of de-excitation inverse x-section             3
Type of de-excitation factory                       Evaporation+GEM
Number of de-excitation channels                    68
Type of Fermi BreakUp model                         ModelVI
Min excitation energy                               0.01 keV 
Min energy per nucleon for multifragmentation       2e+05 MeV
Level density (1/MeV)                               0.075
Use simple level density model                      1
Use discrete excitation energy of the residual      0
Time limit for long lived isomeres                  1 ns 
Isomer production flag                              1
Internal e- conversion flag                         1
Store e- internal conversion data                   1
Correlated gamma emission flag                      0
Max 2J for sampling of angular correlations         10
=======================================================================
/tracking/verbose 0
/run/verbose 0
/event/verbose 0
/run/printProgress 500
/gun/species GCR_He
/gun/phase min
/gun/fixedEnergyMeV 17782.79410038923
/score/create/boxMesh PhantomMesh
/score/mesh/boxSize 271.399 135.6995 888. mm
/score/mesh/nBin 254 127 222
.... G4ScoringMessenger::MeshBinCommand - G4ScoringBox
/score/mesh/translate/xyz 0. 0. 0. mm
/score/quantity/energyDeposit energyDeposit
G4VScoringMesh::SetPrimitiveScorer() : energyDeposit is registered. 3D size: (254, 127, 222)
/score/close
/run/beamOn 10000
/run/geometryModified
### Run 0 starts.
G4WT4 > /tracking/verbose 0
G4WT4 > /run/verbose 0
G4WT0 > /tracking/verbose 0
G4WT1 > /tracking/verbose 0
G4WT4 > /event/verbose 0
G4WT12 > /tracking/verbose 0
G4WT1 > /run/verbose 0
G4WT10 > /tracking/verbose 0
G4WT4 > /run/printProgress 500
G4WT12 > /run/verbose 0
G4WT8 > /tracking/verbose 0
G4WT0 > /run/verbose 0
G4WT1 > /event/verbose 0
G4WT6 > /tracking/verbose 0
G4WT5 > /tracking/verbose 0
G4WT7 > /tracking/verbose 0
G4WT5 > /run/verbose 0
G4WT12 > /event/verbose 0
G4WT5 > /event/verbose 0
G4WT7 > /run/verbose 0
G4WT5 > /run/printProgress 500
G4WT12 > /run/printProgress 500
G4WT14 > /tracking/verbose 0
G4WT12 > /gun/species GCR_He
G4WT10 > /run/verbose 0
G4WT12 > /gun/phase min
G4WT12 > /gun/fixedEnergyMeV 17782.79410038923
G4WT8 > /run/verbose 0
G4WT8 > /event/verbose 0
G4WT15 > /tracking/verbose 0
G4WT8 > /run/printProgress 500
G4WT8 > /gun/species GCR_He
G4WT0 > /event/verbose 0
G4WT8 > /gun/phase min
G4WT8 > /gun/fixedEnergyMeV 17782.79410038923
G4WT0 > /run/printProgress 500
G4WT6 > /run/verbose 0
G4WT8 > /score/create/boxMesh PhantomMesh
G4WT11 > /tracking/verbose 0
G4WT9 > /tracking/verbose 0
G4WT11 > /run/verbose 0
G4WT7 > /event/verbose 0
G4WT11 > /event/verbose 0
G4WT9 > /run/verbose 0
G4WT11 > /run/printProgress 500
G4WT14 > /run/verbose 0
G4WT13 > /tracking/verbose 0
G4WT12 > /score/create/boxMesh PhantomMesh
G4WT13 > /run/verbose 0
G4WT13 > /event/verbose 0
G4WT1 > /run/printProgress 500
G4WT3 > /tracking/verbose 0
G4WT0 > /gun/species GCR_He
G4WT3 > /run/verbose 0
G4WT1 > /gun/species GCR_He
G4WT3 > /event/verbose 0
G4WT1 > /gun/phase min
G4WT1 > /gun/fixedEnergyMeV 17782.79410038923
G4WT2 > /tracking/verbose 0
G4WT3 > /run/printProgress 500
G4WT1 > /score/create/boxMesh PhantomMesh
G4WT4 > /gun/species GCR_He
G4WT8 > /score/mesh/boxSize 271.399 135.6995 888. mm
G4WT7 > /run/printProgress 500
G4WT1 > /score/mesh/boxSize 271.399 135.6995 888. mm
G4WT10 > /event/verbose 0
G4WT10 > /run/printProgress 500
G4WT15 > /run/verbose 0
G4WT10 > /gun/species GCR_He
G4WT10 > /gun/phase min
G4WT15 > /event/verbose 0
G4WT10 > /gun/fixedEnergyMeV 17782.79410038923
G4WT13 > /run/printProgress 500
G4WT10 > /score/create/boxMesh PhantomMesh
G4WT12 > /score/mesh/boxSize 271.399 135.6995 888. mm
G4WT10 > /score/mesh/boxSize 271.399 135.6995 888. mm
G4WT6 > /event/verbose 0
G4WT6 > /run/printProgress 500
G4WT6 > /gun/species GCR_He
G4WT3 > /gun/species GCR_He
G4WT6 > /gun/phase min
G4WT6 > /gun/fixedEnergyMeV 17782.79410038923
G4WT3 > /gun/phase min
G4WT2 > /run/verbose 0
G4WT3 > /gun/fixedEnergyMeV 17782.79410038923
G4WT6 > /score/create/boxMesh PhantomMesh
G4WT3 > /score/create/boxMesh PhantomMesh
G4WT9 > /event/verbose 0
G4WT6 > /score/mesh/boxSize 271.399 135.6995 888. mm
G4WT11 > /gun/species GCR_He
G4WT9 > /run/printProgress 500
G4WT3 > /score/mesh/boxSize 271.399 135.6995 888. mm
G4WT11 > /gun/phase min
G4WT8 > /score/mesh/nBin 254 127 222
G4WT1 > /score/mesh/nBin 254 127 222
G4WT15 > /run/printProgress 500
G4WT11 > /gun/fixedEnergyMeV 17782.79410038923
G4WT0 > /gun/phase min
G4WT1 > .... G4ScoringMessenger::MeshBinCommand - G4ScoringBox
G4WT1 > /score/mesh/translate/xyz 0. 0. 0. mm
G4WT11 > /score/create/boxMesh PhantomMesh
G4WT0 > /gun/fixedEnergyMeV 17782.79410038923
G4WT12 > /score/mesh/nBin 254 127 222
G4WT0 > /score/create/boxMesh PhantomMesh
G4WT1 > /score/quantity/energyDeposit energyDeposit
G4WT5 > /gun/species GCR_He
G4WT0 > /score/mesh/boxSize 271.399 135.6995 888. mm
G4WT5 > /gun/phase min
G4WT2 > /event/verbose 0
G4WT14 > /event/verbose 0
G4WT2 > /run/printProgress 500
G4WT7 > /gun/species GCR_He
G4WT2 > /gun/species GCR_He
G4WT14 > /run/printProgress 500
G4WT6 > /score/mesh/nBin 254 127 222
G4WT14 > /gun/species GCR_He
G4WT7 > /gun/phase min
G4WT14 > /gun/phase min
G4WT7 > /gun/fixedEnergyMeV 17782.79410038923
G4WT9 > /gun/species GCR_He
G4WT3 > /score/mesh/nBin 254 127 222
G4WT9 > /gun/phase min
G4WT13 > /gun/species GCR_He
G4WT9 > /gun/fixedEnergyMeV 17782.79410038923
G4WT8 > .... G4ScoringMessenger::MeshBinCommand - G4ScoringBox
G4WT15 > /gun/species GCR_He
G4WT3 > .... G4ScoringMessenger::MeshBinCommand - G4ScoringBox
G4WT13 > /gun/phase min
G4WT8 > /score/mesh/translate/xyz 0. 0. 0. mm
G4WT13 > /gun/fixedEnergyMeV 17782.79410038923
G4WT15 > /gun/phase min
G4WT10 > /score/mesh/nBin 254 127 222
G4WT15 > /gun/fixedEnergyMeV 17782.79410038923
G4WT11 > /score/mesh/boxSize 271.399 135.6995 888. mm
G4WT1 > /score/close 
G4WT10 > .... G4ScoringMessenger::MeshBinCommand - G4ScoringBox
G4WT1 > /run/geometryModified 
G4WT10 > /score/mesh/translate/xyz 0. 0. 0. mm
G4WT2 > /gun/phase min
G4WT14 > /gun/fixedEnergyMeV 17782.79410038923
G4WT11 > /score/mesh/nBin 254 127 222
G4WT7 > /score/create/boxMesh PhantomMesh
G4WT14 > /score/create/boxMesh PhantomMesh
G4WT9 > /score/create/boxMesh PhantomMesh
G4WT10 > /score/quantity/energyDeposit energyDeposit
G4WT3 > /score/mesh/translate/xyz 0. 0. 0. mm
G4WT4 > /gun/phase min
G4WT10 > /score/close 
G4WT3 > /score/quantity/energyDeposit energyDeposit
G4WT10 > /run/geometryModified 
G4WT7 > /score/mesh/boxSize 271.399 135.6995 888. mm
G4WT15 > /score/create/boxMesh PhantomMesh
G4WT4 > /gun/fixedEnergyMeV 17782.79410038923
G4WT3 > /score/close 
G4WT3 > /run/geometryModified 
G4WT2 > /gun/fixedEnergyMeV 17782.79410038923
G4WT2 > /score/create/boxMesh PhantomMesh
G4WT11 > .... G4ScoringMessenger::MeshBinCommand - G4ScoringBox
G4WT11 > /score/mesh/translate/xyz 0. 0. 0. mm
G4WT12 > .... G4ScoringMessenger::MeshBinCommand - G4ScoringBox
G4WT2 > /score/mesh/boxSize 271.399 135.6995 888. mm
G4WT12 > /score/mesh/translate/xyz 0. 0. 0. mm
G4WT11 > /score/quantity/energyDeposit energyDeposit
G4WT13 > /score/create/boxMesh PhantomMesh
G4WT12 > /score/quantity/energyDeposit energyDeposit
G4WT2 > /score/mesh/nBin 254 127 222
G4WT11 > /score/close 
G4WT2 > .... G4ScoringMessenger::MeshBinCommand - G4ScoringBox
G4WT11 > /run/geometryModified 
G4WT2 > /score/mesh/translate/xyz 0. 0. 0. mm
G4WT14 > /score/mesh/boxSize 271.399 135.6995 888. mm
G4WT12 > /score/close 
G4WT13 > /score/mesh/boxSize 271.399 135.6995 888. mm
G4WT12 > /run/geometryModified 
G4WT2 > /score/quantity/energyDeposit energyDeposit
G4WT9 > /score/mesh/boxSize 271.399 135.6995 888. mm
G4WT4 > /score/create/boxMesh PhantomMesh
G4WT5 > /gun/fixedEnergyMeV 17782.79410038923
G4WT14 > /score/mesh/nBin 254 127 222
G4WT2 > /score/close 
G4WT13 > /score/mesh/nBin 254 127 222
G4WT2 > /run/geometryModified 
G4WT7 > /score/mesh/nBin 254 127 222
G4WT14 > .... G4ScoringMessenger::MeshBinCommand - G4ScoringBox
G4WT13 > .... G4ScoringMessenger::MeshBinCommand - G4ScoringBox
G4WT14 > /score/mesh/translate/xyz 0. 0. 0. mm
G4WT6 > .... G4ScoringMessenger::MeshBinCommand - G4ScoringBox
G4WT0 > /score/mesh/nBin 254 127 222
G4WT9 > /score/mesh/nBin 254 127 222
G4WT5 > /score/create/boxMesh PhantomMesh
G4WT8 > /score/quantity/energyDeposit energyDeposit
G4WT14 > /score/quantity/energyDeposit energyDeposit
G4WT13 > /score/mesh/translate/xyz 0. 0. 0. mm
G4WT7 > .... G4ScoringMessenger::MeshBinCommand - G4ScoringBox
G4WT4 > /score/mesh/boxSize 271.399 135.6995 888. mm
G4WT7 > /score/mesh/translate/xyz 0. 0. 0. mm
G4WT9 > .... G4ScoringMessenger::MeshBinCommand - G4ScoringBox
G4WT9 > /score/mesh/translate/xyz 0. 0. 0. mm
G4WT13 > /score/quantity/energyDeposit energyDeposit
G4WT6 > /score/mesh/translate/xyz 0. 0. 0. mm
G4WT0 > .... G4ScoringMessenger::MeshBinCommand - G4ScoringBox
G4WT7 > /score/quantity/energyDeposit energyDeposit
G4WT15 > /score/mesh/boxSize 271.399 135.6995 888. mm
G4WT14 > /score/close 
G4WT4 > /score/mesh/nBin 254 127 222
G4WT14 > /run/geometryModified 
G4WT13 > /score/close 
G4WT4 > .... G4ScoringMessenger::MeshBinCommand - G4ScoringBox
G4WT7 > /score/close 
G4WT15 > /score/mesh/nBin 254 127 222
G4WT4 > /score/mesh/translate/xyz 0. 0. 0. mm
G4WT8 > /score/close 
G4WT15 > .... G4ScoringMessenger::MeshBinCommand - G4ScoringBox
G4WT9 > /score/quantity/energyDeposit energyDeposit
G4WT4 > /score/quantity/energyDeposit energyDeposit
G4WT8 > /run/geometryModified 
G4WT6 > /score/quantity/energyDeposit energyDeposit
G4WT0 > /score/mesh/translate/xyz 0. 0. 0. mm
G4WT15 > /score/mesh/translate/xyz 0. 0. 0. mm
G4WT4 > /score/close 
G4WT6 > /score/close 
G4WT4 > /run/geometryModified 
G4WT5 > /score/mesh/boxSize 271.399 135.6995 888. mm
G4WT6 > /run/geometryModified 
G4WT7 > /run/geometryModified 
G4WT0 > /score/quantity/energyDeposit energyDeposit
G4WT13 > /run/geometryModified 
G4WT5 > /score/mesh/nBin 254 127 222
G4WT0 > /score/close 
G4WT5 > .... G4ScoringMessenger::MeshBinCommand - G4ScoringBox
G4WT5 > /score/mesh/translate/xyz 0. 0. 0. mm
G4WT9 > /score/close 
G4WT5 > /score/quantity/energyDeposit energyDeposit
G4WT15 > /score/quantity/energyDeposit energyDeposit
G4WT0 > /run/geometryModified 
G4WT5 > /score/close 
G4WT5 > /run/geometryModified 
G4WT9 > /run/geometryModified 
G4WT15 > /score/close 
G4WT15 > /run/geometryModified 
G4WT11 > ### Run 0 starts on worker thread 11.
G4WT0 > ### Run 0 starts on worker thread 0.
G4WT4 > ### Run 0 starts on worker thread 4.
G4WT10 > ### Run 0 starts on worker thread 10.
G4WT3 > ### Run 0 starts on worker thread 3.
G4WT11 > --> Event 0 starts with initial seeds (53322003,37083370).
G4WT7 > ### Run 0 starts on worker thread 7.
G4WT13 > ### Run 0 starts on worker thread 13.
G4WT1 > ### Run 0 starts on worker thread 1.
G4WT5 > ### Run 0 starts on worker thread 5.
G4WT6 > ### Run 0 starts on worker thread 6.
G4WT13 > --> Event 500 starts with initial seeds (85281940,15921597).
G4WT14 > ### Run 0 starts on worker thread 14.
G4WT14 > --> Event 1000 starts with initial seeds (84033692,81371192).
G4WT9 > ### Run 0 starts on worker thread 9.
G4WT15 > ### Run 0 starts on worker thread 15.
G4WT8 > ### Run 0 starts on worker thread 8.
G4WT2 > ### Run 0 starts on worker thread 2.
G4WT12 > ### Run 0 starts on worker thread 12.
G4WT12 > --> Event 1500 starts with initial seeds (7808841,67313379).
G4WT9 > 
-------- WWWW ------- G4Exception-START -------- WWWW -------
*** G4Exception : Transport-001-ExcessSteps
      issued by : G4Transportation::AlongStepDoIt
 Transportation is killing track that is looping or stuck. 
   Track is e- and has 174.573 MeV energy  ( pre-Step = 174.573 ) 
   momentum = (-163.855,-0.998913,61.6833) mag= 175.084
   position = (-4092.46,1871.3,695.765) is in volume 'MagnetEnvelope',  its material is 'G4_Galactic' with density = 1e-25 g/cm^3 
 Total number of Steps by this track: 381
 Length of this step = 35382.9 mm 
 Number of propagation trials = 1 ( vs maximum = 10 for 'important' particles ) 
   ( Number of *calls* of Transport/AlongStepDoIt = 251000 )
 =============== Recommendations / advice ====================
 Recommendations to address this issue (Transport-001-ExcessSteps)
 This warning is controlled by the SetThresholdWarningEnergy  method of G4Transportation.  
 Current value of 'warning' threshold= 100 MeV 
 - If 'unimportant' particles (with energy low enough not to matter in your   application, then increase its value. 
 - If particles of high-enough energy to be important are being  killed, you can 
   a) Increase the trial steps using the method  SetThresholdTrials().    Particles above the 'important' threshold 
  will be given this many 'chances'.  The default value was 10, and the current value is 10
   b) Increase the energy which you consider 'important' (above this they are killed only after extra trials), using the method SetThresholdImportantEnergy() 
      Note: this can incur a potentially high cost in extra simulation time  if more tracks require very large number of integration steps . 
   c) investigate alternative integration methods 
    e.g.  Helical methods for uniform or almost uniform fields or else higher order RK methods such as DormandPrince78 
 This information is provided 5 times. Current count: 1 / 5
 =============================================================

*** This is just a warning message. ***
-------- WWWW -------- G4Exception-END --------- WWWW -------

G4WT6 > 
-------- WWWW ------- G4Exception-START -------- WWWW -------
*** G4Exception : Transport-001-ExcessSteps
      issued by : G4Transportation::AlongStepDoIt
 Transportation is killing track that is looping or stuck. 
   Track is e- and has 112.115 MeV energy  ( pre-Step = 112.115 ) 
   momentum = (-33.1894,107.308,8.24238) mag= 112.625
   position = (-994.091,4388.82,461.072) is in volume 'MagnetEnvelope',  its material is 'G4_Galactic' with density = 1e-25 g/cm^3 
 Total number of Steps by this track: 4
 Length of this step = 21950.6 mm 
 Number of propagation trials = 1 ( vs maximum = 10 for 'important' particles ) 
   ( Number of *calls* of Transport/AlongStepDoIt = 114320 )
 =============== Recommendations / advice ====================
 Recommendations to address this issue (Transport-001-ExcessSteps)
 This warning is controlled by the SetThresholdWarningEnergy  method of G4Transportation.  
 Current value of 'warning' threshold= 100 MeV 
 - If 'unimportant' particles (with energy low enough not to matter in your   application, then increase its value. 
 - If particles of high-enough energy to be important are being  killed, you can 
   a) Increase the trial steps using the method  SetThresholdTrials().    Particles above the 'important' threshold 
  will be given this many 'chances'.  The default value was 10, and the current value is 10
   b) Increase the energy which you consider 'important' (above this they are killed only after extra trials), using the method SetThresholdImportantEnergy() 
      Note: this can incur a potentially high cost in extra simulation time  if more tracks require very large number of integration steps . 
   c) investigate alternative integration methods 
    e.g.  Helical methods for uniform or almost uniform fields or else higher order RK methods such as DormandPrince78 
 This information is provided 5 times. Current count: 2 / 5
 =============================================================

*** This is just a warning message. ***
-------- WWWW -------- G4Exception-END --------- WWWW -------

G4WT5 > 
-------- WWWW ------- G4Exception-START -------- WWWW -------
*** G4Exception : Transport-001-ExcessSteps
      issued by : G4Transportation::AlongStepDoIt
 Transportation is killing track that is looping or stuck. 
   Track is e- and has 138.849 MeV energy  ( pre-Step = 138.849 ) 
   momentum = (-51.0639,115.58,-58.7768) mag= 139.359
   position = (1415.97,4271.42,1623.51) is in volume 'MagnetEnvelope',  its material is 'G4_Galactic' with density = 1e-25 g/cm^3 
 Total number of Steps by this track: 18
 Length of this step = 28133.1 mm 
 Number of propagation trials = 1 ( vs maximum = 10 for 'important' particles ) 
   ( Number of *calls* of Transport/AlongStepDoIt = 297176 )
 =============== Recommendations / advice ====================
 Recommendations to address this issue (Transport-001-ExcessSteps)
 This warning is controlled by the SetThresholdWarningEnergy  method of G4Transportation.  
 Current value of 'warning' threshold= 100 MeV 
 - If 'unimportant' particles (with energy low enough not to matter in your   application, then increase its value. 
 - If particles of high-enough energy to be important are being  killed, you can 
   a) Increase the trial steps using the method  SetThresholdTrials().    Particles above the 'important' threshold 
  will be given this many 'chances'.  The default value was 10, and the current value is 10
   b) Increase the energy which you consider 'important' (above this they are killed only after extra trials), using the method SetThresholdImportantEnergy() 
      Note: this can incur a potentially high cost in extra simulation time  if more tracks require very large number of integration steps . 
   c) investigate alternative integration methods 
    e.g.  Helical methods for uniform or almost uniform fields or else higher order RK methods such as DormandPrince78 
 This information is provided 5 times. Current count: 3 / 5
 =============================================================

*** This is just a warning message. ***
-------- WWWW -------- G4Exception-END --------- WWWW -------

G4WT7 > 
-------- WWWW ------- G4Exception-START -------- WWWW -------
*** G4Exception : Transport-001-ExcessSteps
      issued by : G4Transportation::AlongStepDoIt
 Transportation is killing track that is looping or stuck. 
   Track is e- and has 122.006 MeV energy  ( pre-Step = 122.006 ) 
   momentum = (-14.4027,109.133,53.7838) mag= 122.516
   position = (-1026.71,4381.31,-1809.09) is in volume 'MagnetEnvelope',  its material is 'G4_Galactic' with density = 1e-25 g/cm^3 
 Total number of Steps by this track: 230
 Length of this step = 22337.1 mm 
 Number of propagation trials = 1 ( vs maximum = 10 for 'important' particles ) 
   ( Number of *calls* of Transport/AlongStepDoIt = 648489 )
 =============== Recommendations / advice ====================
 Recommendations to address this issue (Transport-001-ExcessSteps)
 This warning is controlled by the SetThresholdWarningEnergy  method of G4Transportation.  
 Current value of 'warning' threshold= 100 MeV 
 - If 'unimportant' particles (with energy low enough not to matter in your   application, then increase its value. 
 - If particles of high-enough energy to be important are being  killed, you can 
   a) Increase the trial steps using the method  SetThresholdTrials().    Particles above the 'important' threshold 
  will be given this many 'chances'.  The default value was 10, and the current value is 10
   b) Increase the energy which you consider 'important' (above this they are killed only after extra trials), using the method SetThresholdImportantEnergy() 
      Note: this can incur a potentially high cost in extra simulation time  if more tracks require very large number of integration steps . 
   c) investigate alternative integration methods 
    e.g.  Helical methods for uniform or almost uniform fields or else higher order RK methods such as DormandPrince78 
 This information is provided 5 times. Current count: 4 / 5
 =============================================================

*** This is just a warning message. ***
-------- WWWW -------- G4Exception-END --------- WWWW -------

G4WT10 > 
-------- WWWW ------- G4Exception-START -------- WWWW -------
*** G4Exception : Transport-001-ExcessSteps
      issued by : G4Transportation::AlongStepDoIt
 Transportation is killing track that is looping or stuck. 
   Track is e- and has 115.001 MeV energy  ( pre-Step = 115.001 ) 
   momentum = (-112.074,16.6553,22.467) mag= 115.511
   position = (-8335,1428.83,1845.09) is in volume 'MagnetEnvelope',  its material is 'G4_Galactic' with density = 1e-25 g/cm^3 
 Total number of Steps by this track: 2
 Length of this step = 20993.1 mm 
 Number of propagation trials = 1 ( vs maximum = 10 for 'important' particles ) 
   ( Number of *calls* of Transport/AlongStepDoIt = 721138 )
 =============== Recommendations / advice ====================
 Recommendations to address this issue (Transport-001-ExcessSteps)
 This warning is controlled by the SetThresholdWarningEnergy  method of G4Transportation.  
 Current value of 'warning' threshold= 100 MeV 
 - If 'unimportant' particles (with energy low enough not to matter in your   application, then increase its value. 
 - If particles of high-enough energy to be important are being  killed, you can 
   a) Increase the trial steps using the method  SetThresholdTrials().    Particles above the 'important' threshold 
  will be given this many 'chances'.  The default value was 10, and the current value is 10
   b) Increase the energy which you consider 'important' (above this they are killed only after extra trials), using the method SetThresholdImportantEnergy() 
      Note: this can incur a potentially high cost in extra simulation time  if more tracks require very large number of integration steps . 
   c) investigate alternative integration methods 
    e.g.  Helical methods for uniform or almost uniform fields or else higher order RK methods such as DormandPrince78 
 This information is provided 5 times. Current count: 5 / 5
 =============================================================

*** This is just a warning message. ***
-------- WWWW -------- G4Exception-END --------- WWWW -------

G4WT2 > 
-------- WWWW ------- G4Exception-START -------- WWWW -------
*** G4Exception : Transport-001-ExcessSteps
      issued by : G4Transportation::AlongStepDoIt
 Transportation is killing track that is looping or stuck. 
   Track is e- and has 163.562 MeV energy  ( pre-Step = 163.562 ) 
   momentum = (-51.4668,-155.072,14.9471) mag= 164.072
   position = (-1507.38,-4240.02,561.385) is in volume 'MagnetEnvelope',  its material is 'G4_Galactic' with density = 1e-25 g/cm^3 
 Total number of Steps by this track: 5
 Length of this step = 32117.8 mm 
 Number of propagation trials = 1 ( vs maximum = 10 for 'important' particles ) 
   ( Number of *calls* of Transport/AlongStepDoIt = 942331 )

*** This is just a warning message. ***
-------- WWWW -------- G4Exception-END --------- WWWW -------

G4WT2 > 
-------- WWWW ------- G4Exception-START -------- WWWW -------
*** G4Exception : Transport-001-ExcessSteps
      issued by : G4Transportation::AlongStepDoIt
 Transportation is killing track that is looping or stuck. 
   Track is e+ and has 117.188 MeV energy  ( pre-Step = 117.188 ) 
   momentum = (84.095,74.7765,34.4868) mag= 117.698
   position = (3406.81,2940.01,1204.21) is in volume 'MagnetEnvelope',  its material is 'G4_Galactic' with density = 1e-25 g/cm^3 
 Total number of Steps by this track: 4
 Length of this step = 20963.2 mm 
 Number of propagation trials = 1 ( vs maximum = 10 for 'important' particles ) 
   ( Number of *calls* of Transport/AlongStepDoIt = 1022570 )

*** This is just a warning message. ***
-------- WWWW -------- G4Exception-END --------- WWWW -------

G4WT13 > 
-------- WWWW ------- G4Exception-START -------- WWWW -------
*** G4Exception : Transport-001-ExcessSteps
      issued by : G4Transportation::AlongStepDoIt
 Transportation is killing track that is looping or stuck. 
   Track is e+ and has 102.261 MeV energy  ( pre-Step = 102.261 ) 
   momentum = (89.0204,-39.2953,-33.0604) mag= 102.77
   position = (4189.98,-1641.35,-1225.46) is in volume 'MagnetEnvelope',  its material is 'G4_Galactic' with density = 1e-25 g/cm^3 
 Total number of Steps by this track: 6
 Length of this step = 30657.5 mm 
 Number of propagation trials = 1 ( vs maximum = 10 for 'important' particles ) 
   ( Number of *calls* of Transport/AlongStepDoIt = 660071 )

*** This is just a warning message. ***
-------- WWWW -------- G4Exception-END --------- WWWW -------

G4WT5 > 
-------- WWWW ------- G4Exception-START -------- WWWW -------
*** G4Exception : Transport-001-ExcessSteps
      issued by : G4Transportation::AlongStepDoIt
 Transportation is killing track that is looping or stuck. 
   Track is e- and has 136.882 MeV energy  ( pre-Step = 136.882 ) 
   momentum = (8.99116,-109.801,82.0946) mag= 137.392
   position = (326.891,-4488.11,3921.86) is in volume 'MagnetEnvelope',  its material is 'G4_Galactic' with density = 1e-25 g/cm^3 
 Total number of Steps by this track: 4
 Length of this step = 37431.7 mm 
 Number of propagation trials = 1 ( vs maximum = 10 for 'important' particles ) 
   ( Number of *calls* of Transport/AlongStepDoIt = 1556546 )

*** This is just a warning message. ***
-------- WWWW -------- G4Exception-END --------- WWWW -------

G4WT2 > 
-------- WWWW ------- G4Exception-START -------- WWWW -------
*** G4Exception : Transport-001-ExcessSteps
      issued by : G4Transportation::AlongStepDoIt
 Transportation is killing track that is looping or stuck. 
   Track is e+ and has 107.926 MeV energy  ( pre-Step = 107.926 ) 
   momentum = (73.4119,-79.7991,1.0936) mag= 108.436
   position = (3009.09,-3345.95,-139.944) is in volume 'MagnetEnvelope',  its material is 'G4_Galactic' with density = 1e-25 g/cm^3 
 Total number of Steps by this track: 2
 Length of this step = 21881 mm 
 Number of propagation trials = 1 ( vs maximum = 10 for 'important' particles ) 
   ( Number of *calls* of Transport/AlongStepDoIt = 2179130 )

*** This is just a warning message. ***
-------- WWWW -------- G4Exception-END --------- WWWW -------

G4WT2 > 
-------- WWWW ------- G4Exception-START -------- WWWW -------
*** G4Exception : Transport-001-ExcessSteps
      issued by : G4Transportation::AlongStepDoIt
 Transportation is killing track that is looping or stuck. 
   Track is e- and has 123.148 MeV energy  ( pre-Step = 123.148 ) 
   momentum = (106.181,-43.9094,45.7042) mag= 123.658
   position = (4111.61,-1828.85,1748.13) is in volume 'MagnetEnvelope',  its material is 'G4_Galactic' with density = 1e-25 g/cm^3 
 Total number of Steps by this track: 3
 Length of this step = 27295.7 mm 
 Number of propagation trials = 1 ( vs maximum = 10 for 'important' particles ) 
   ( Number of *calls* of Transport/AlongStepDoIt = 2765653 )

*** This is just a warning message. ***
-------- WWWW -------- G4Exception-END --------- WWWW -------

G4WT3 > 
-------- WWWW ------- G4Exception-START -------- WWWW -------
*** G4Exception : Transport-001-ExcessSteps
      issued by : G4Transportation::AlongStepDoIt
 Transportation is killing track that is looping or stuck. 
   Track is e- and has 124.073 MeV energy  ( pre-Step = 124.073 ) 
   momentum = (109.282,58.2924,13.427) mag= 124.583
   position = (4350.99,1148.43,-819.718) is in volume 'MagnetEnvelope',  its material is 'G4_Galactic' with density = 1e-25 g/cm^3 
 Total number of Steps by this track: 181
 Length of this step = 31124.7 mm 
 Number of propagation trials = 1 ( vs maximum = 10 for 'important' particles ) 
   ( Number of *calls* of Transport/AlongStepDoIt = 3013869 )

*** This is just a warning message. ***
-------- WWWW -------- G4Exception-END --------- WWWW -------

G4WT9 > 
-------- WWWW ------- G4Exception-START -------- WWWW -------
*** G4Exception : Transport-001-ExcessSteps
      issued by : G4Transportation::AlongStepDoIt
 Transportation is killing track that is looping or stuck. 
   Track is e- and has 179.013 MeV energy  ( pre-Step = 179.013 ) 
   momentum = (151.853,84.6919,-44.682) mag= 179.523
   position = (3897.17,2249.91,-1060.76) is in volume 'MagnetEnvelope',  its material is 'G4_Galactic' with density = 1e-25 g/cm^3 
 Total number of Steps by this track: 3
 Length of this step = 36191 mm 
 Number of propagation trials = 1 ( vs maximum = 10 for 'important' particles ) 
   ( Number of *calls* of Transport/AlongStepDoIt = 2461752 )

*** This is just a warning message. ***
-------- WWWW -------- G4Exception-END --------- WWWW -------

G4WT8 > 
-------- WWWW ------- G4Exception-START -------- WWWW -------
*** G4Exception : Transport-001-ExcessSteps
      issued by : G4Transportation::AlongStepDoIt
 Transportation is killing track that is looping or stuck. 
   Track is e- and has 101.256 MeV energy  ( pre-Step = 101.256 ) 
   momentum = (-91.8309,43.8444,0.971488) mag= 101.765
   position = (-3812.43,-2390.68,-432.573) is in volume 'MagnetEnvelope',  its material is 'G4_Galactic' with density = 1e-25 g/cm^3 
 Total number of Steps by this track: 33
 Length of this step = 23465.2 mm 
 Number of propagation trials = 1 ( vs maximum = 10 for 'important' particles ) 
   ( Number of *calls* of Transport/AlongStepDoIt = 2708426 )

*** This is just a warning message. ***
-------- WWWW -------- G4Exception-END --------- WWWW -------

G4WT8 > 
-------- WWWW ------- G4Exception-START -------- WWWW -------
*** G4Exception : Transport-001-ExcessSteps
      issued by : G4Transportation::AlongStepDoIt
 Transportation is killing track that is looping or stuck. 
   Track is e+ and has 121.426 MeV energy  ( pre-Step = 121.426 ) 
   momentum = (64.8912,-102.371,13.3261) mag= 121.936
   position = (1245.16,-4324.3,-1683.74) is in volume 'MagnetEnvelope',  its material is 'G4_Galactic' with density = 1e-25 g/cm^3 
 Total number of Steps by this track: 2
 Length of this step = 31572.9 mm 
 Number of propagation trials = 1 ( vs maximum = 10 for 'important' particles ) 
   ( Number of *calls* of Transport/AlongStepDoIt = 2894291 )

*** This is just a warning message. ***
-------- WWWW -------- G4Exception-END --------- WWWW -------

G4WT7 > 
-------- WWWW ------- G4Exception-START -------- WWWW -------
*** G4Exception : Transport-001-ExcessSteps
      issued by : G4Transportation::AlongStepDoIt
 Transportation is killing track that is looping or stuck. 
   Track is e+ and has 113.229 MeV energy  ( pre-Step = 113.229 ) 
   momentum = (-43.7484,8.46895,-104.647) mag= 113.739
   position = (-8602.68,2158.21,2715.96) is in volume 'MagnetEnvelope',  its material is 'G4_Galactic' with density = 1e-25 g/cm^3 
 Total number of Steps by this track: 1
 Length of this step = 27258.2 mm 
 Number of propagation trials = 1 ( vs maximum = 10 for 'important' particles ) 
   ( Number of *calls* of Transport/AlongStepDoIt = 3048131 )

*** This is just a warning message. ***
-------- WWWW -------- G4Exception-END --------- WWWW -------

G4WT0 > 
-------- WWWW ------- G4Exception-START -------- WWWW -------
*** G4Exception : Transport-001-ExcessSteps
      issued by : G4Transportation::AlongStepDoIt
 Transportation is killing track that is looping or stuck. 
   Track is e+ and has 149.17 MeV energy  ( pre-Step = 149.17 ) 
   momentum = (-52.1096,-140.308,1.51008) mag= 149.68
   position = (-1432.88,-4265.78,-66.0907) is in volume 'MagnetEnvelope',  its material is 'G4_Galactic' with density = 1e-25 g/cm^3 
 Total number of Steps by this track: 2
 Length of this step = 36657.4 mm 
 Number of propagation trials = 1 ( vs maximum = 10 for 'important' particles ) 
   ( Number of *calls* of Transport/AlongStepDoIt = 2616587 )

*** This is just a warning message. ***
-------- WWWW -------- G4Exception-END --------- WWWW -------

G4WT3 > 
-------- WWWW ------- G4Exception-START -------- WWWW -------
*** G4Exception : Transport-001-ExcessSteps
      issued by : G4Transportation::AlongStepDoIt
 Transportation is killing track that is looping or stuck. 
   Track is e- and has 155.831 MeV energy  ( pre-Step = 155.831 ) 
   momentum = (-22.2811,-146.585,49.5879) mag= 156.342
   position = (-671.991,-4449.54,1062.78) is in volume 'MagnetEnvelope',  its material is 'G4_Galactic' with density = 1e-25 g/cm^3 
 Total number of Steps by this track: 2
 Length of this step = 41063.3 mm 
 Number of propagation trials = 1 ( vs maximum = 10 for 'important' particles ) 
   ( Number of *calls* of Transport/AlongStepDoIt = 3891849 )

*** This is just a warning message. ***
-------- WWWW -------- G4Exception-END --------- WWWW -------

G4WT14 > 
-------- WWWW ------- G4Exception-START -------- WWWW -------
*** G4Exception : Transport-001-ExcessSteps
      issued by : G4Transportation::AlongStepDoIt
 Transportation is killing track that is looping or stuck. 
   Track is e+ and has 183.216 MeV energy  ( pre-Step = 183.216 ) 
   momentum = (169.584,68.3357,-18.0724) mag= 183.726
   position = (4166.26,1700.67,-483.918) is in volume 'MagnetEnvelope',  its material is 'G4_Galactic' with density = 1e-25 g/cm^3 
 Total number of Steps by this track: 2
 Length of this step = 37678.9 mm 
 Number of propagation trials = 1 ( vs maximum = 10 for 'important' particles ) 
   ( Number of *calls* of Transport/AlongStepDoIt = 3964335 )

*** This is just a warning message. ***
-------- WWWW -------- G4Exception-END --------- WWWW -------

G4WT10 > 
-------- WWWW ------- G4Exception-START -------- WWWW -------
*** G4Exception : Transport-001-ExcessSteps
      issued by : G4Transportation::AlongStepDoIt
 Transportation is killing track that is looping or stuck. 
   Track is e+ and has 113.787 MeV energy  ( pre-Step = 113.787 ) 
   momentum = (-99.3822,-12.7914,-54.9857) mag= 114.297
   position = (-1726.48,-4155.63,-2830.04) is in volume 'MagnetEnvelope',  its material is 'G4_Galactic' with density = 1e-25 g/cm^3 
 Total number of Steps by this track: 35
 Length of this step = 28071.5 mm 
 Number of propagation trials = 1 ( vs maximum = 10 for 'important' particles ) 
   ( Number of *calls* of Transport/AlongStepDoIt = 3646448 )

*** This is just a warning message. ***
-------- WWWW -------- G4Exception-END --------- WWWW -------

G4WT7 > 
-------- WWWW ------- G4Exception-START -------- WWWW -------
*** G4Exception : Transport-001-ExcessSteps
      issued by : G4Transportation::AlongStepDoIt
 Transportation is killing track that is looping or stuck. 
   Track is e- and has 159.238 MeV energy  ( pre-Step = 159.238 ) 
   momentum = (110.905,-108.021,39.3845) mag= 159.748
   position = (2943.53,-3403.77,828.915) is in volume 'MagnetEnvelope',  its material is 'G4_Galactic' with density = 1e-25 g/cm^3 
 Total number of Steps by this track: 57
 Length of this step = 22480 mm 
 Number of propagation trials = 1 ( vs maximum = 10 for 'important' particles ) 
   ( Number of *calls* of Transport/AlongStepDoIt = 4521983 )

*** This is just a warning message. ***
-------- WWWW -------- G4Exception-END --------- WWWW -------

G4WT10 > 
-------- WWWW ------- G4Exception-START -------- WWWW -------
*** G4Exception : Transport-001-ExcessSteps
      issued by : G4Transportation::AlongStepDoIt
 Transportation is killing track that is looping or stuck. 
   Track is e- and has 109.521 MeV energy  ( pre-Step = 109.521 ) 
   momentum = (66.0305,-38.3928,79.2009) mag= 110.031
   position = (3977.61,-2104.44,4678.58) is in volume 'MagnetEnvelope',  its material is 'G4_Galactic' with density = 1e-25 g/cm^3 
 Total number of Steps by this track: 5
 Length of this step = 39008.2 mm 
 Number of propagation trials = 1 ( vs maximum = 10 for 'important' particles ) 
   ( Number of *calls* of Transport/AlongStepDoIt = 4012740 )

*** This is just a warning message. ***
-------- WWWW -------- G4Exception-END --------- WWWW -------

G4WT6 > 
-------- WWWW ------- G4Exception-START -------- WWWW -------
*** G4Exception : Transport-001-ExcessSteps
      issued by : G4Transportation::AlongStepDoIt
 Transportation is killing track that is looping or stuck. 
   Track is e+ and has 138.773 MeV energy  ( pre-Step = 138.773 ) 
   momentum = (-110.582,-79.4222,29.3845) mag= 139.283
   position = (-3739.54,-2503.17,694.642) is in volume 'MagnetEnvelope',  its material is 'G4_Galactic' with density = 1e-25 g/cm^3 
 Total number of Steps by this track: 4
 Length of this step = 36939.8 mm 
 Number of propagation trials = 1 ( vs maximum = 10 for 'important' particles ) 
   ( Number of *calls* of Transport/AlongStepDoIt = 4541707 )

*** This is just a warning message. ***
-------- WWWW -------- G4Exception-END --------- WWWW -------

G4WT6 > 
-------- WWWW ------- G4Exception-START -------- WWWW -------
*** G4Exception : Transport-001-ExcessSteps
      issued by : G4Transportation::AlongStepDoIt
 Transportation is killing track that is looping or stuck. 
   Track is e- and has 109.697 MeV energy  ( pre-Step = 109.697 ) 
   momentum = (88.5115,57.7192,31.302) mag= 110.207
   position = (3732.97,2512.95,1399.86) is in volume 'MagnetEnvelope',  its material is 'G4_Galactic' with density = 1e-25 g/cm^3 
 Total number of Steps by this track: 5
 Length of this step = 31644.6 mm 
 Number of propagation trials = 1 ( vs maximum = 10 for 'important' particles ) 
   ( Number of *calls* of Transport/AlongStepDoIt = 4669405 )

*** This is just a warning message. ***
-------- WWWW -------- G4Exception-END --------- WWWW -------

G4WT15 > 
-------- WWWW ------- G4Exception-START -------- WWWW -------
*** G4Exception : Transport-001-ExcessSteps
      issued by : G4Transportation::AlongStepDoIt
 Transportation is killing track that is looping or stuck. 
   Track is e- and has 142.755 MeV energy  ( pre-Step = 142.755 ) 
   momentum = (-47.9976,-119.346,-63.0684) mag= 143.265
   position = (-4005.41,-2051.03,276.551) is in volume 'MagnetEnvelope',  its material is 'G4_Galactic' with density = 1e-25 g/cm^3 
 Total number of Steps by this track: 48
 Length of this step = 28814.8 mm 
 Number of propagation trials = 1 ( vs maximum = 10 for 'important' particles ) 
   ( Number of *calls* of Transport/AlongStepDoIt = 4391243 )

*** This is just a warning message. ***
-------- WWWW -------- G4Exception-END --------- WWWW -------

G4WT6 > 
-------- WWWW ------- G4Exception-START -------- WWWW -------
*** G4Exception : Transport-001-ExcessSteps
      issued by : G4Transportation::AlongStepDoIt
 Transportation is killing track that is looping or stuck. 
   Track is e- and has 126.62 MeV energy  ( pre-Step = 126.62 ) 
   momentum = (-2.41923,-124.272,26.6942) mag= 127.13
   position = (1338.11,-4296.45,47.3265) is in volume 'MagnetEnvelope',  its material is 'G4_Galactic' with density = 1e-25 g/cm^3 
 Total number of Steps by this track: 33
 Length of this step = 28230.7 mm 
 Number of propagation trials = 1 ( vs maximum = 10 for 'important' particles ) 
   ( Number of *calls* of Transport/AlongStepDoIt = 5055322 )

*** This is just a warning message. ***
-------- WWWW -------- G4Exception-END --------- WWWW -------

G4WT0 > 
-------- WWWW ------- G4Exception-START -------- WWWW -------
*** G4Exception : Transport-001-ExcessSteps
      issued by : G4Transportation::AlongStepDoIt
 Transportation is killing track that is looping or stuck. 
   Track is e+ and has 130.899 MeV energy  ( pre-Step = 130.899 ) 
   momentum = (60.9321,47.7195,106.2) mag= 131.409
   position = (-1926.81,-6640.82,1194.1) is in volume 'MagnetEnvelope',  its material is 'G4_Galactic' with density = 1e-25 g/cm^3 
 Total number of Steps by this track: 1
 Length of this step = 26145.3 mm 
 Number of propagation trials = 1 ( vs maximum = 10 for 'important' particles ) 
   ( Number of *calls* of Transport/AlongStepDoIt = 3679932 )

*** This is just a warning message. ***
-------- WWWW -------- G4Exception-END --------- WWWW -------

G4WT15 > 
-------- WWWW ------- G4Exception-START -------- WWWW -------
*** G4Exception : Transport-001-ExcessSteps
      issued by : G4Transportation::AlongStepDoIt
 Transportation is killing track that is looping or stuck. 
   Track is e+ and has 108.086 MeV energy  ( pre-Step = 108.086 ) 
   momentum = (5.92256,75.0539,78.2617) mag= 108.596
   position = (-69.8073,4499.46,4703.14) is in volume 'MagnetEnvelope',  its material is 'G4_Galactic' with density = 1e-25 g/cm^3 
 Total number of Steps by this track: 2
 Length of this step = 36001.1 mm 
 Number of propagation trials = 1 ( vs maximum = 10 for 'important' particles ) 
   ( Number of *calls* of Transport/AlongStepDoIt = 4866682 )

*** This is just a warning message. ***
-------- WWWW -------- G4Exception-END --------- WWWW -------

G4WT1 > 
-------- WWWW ------- G4Exception-START -------- WWWW -------
*** G4Exception : Transport-001-ExcessSteps
      issued by : G4Transportation::AlongStepDoIt
 Transportation is killing track that is looping or stuck. 
   Track is e- and has 125.38 MeV energy  ( pre-Step = 125.38 ) 
   momentum = (13.0277,-17.1529,124.033) mag= 125.889
   position = (-28.2078,-4499.91,3224.75) is in volume 'MagnetEnvelope',  its material is 'G4_Galactic' with density = 1e-25 g/cm^3 
 Total number of Steps by this track: 9
 Length of this step = 36737.3 mm 
 Number of propagation trials = 1 ( vs maximum = 10 for 'important' particles ) 
   ( Number of *calls* of Transport/AlongStepDoIt = 4331643 )

*** This is just a warning message. ***
-------- WWWW -------- G4Exception-END --------- WWWW -------

G4WT9 > --> Event 2000 starts with initial seeds (15056159,6495960).
G4WT9 > 
-------- WWWW ------- G4Exception-START -------- WWWW -------
*** G4Exception : Transport-001-ExcessSteps
      issued by : G4Transportation::AlongStepDoIt
 Transportation is killing track that is looping or stuck. 
   Track is e- and has 146.261 MeV energy  ( pre-Step = 146.261 ) 
   momentum = (-105.641,-96.2699,33.374) mag= 146.771
   position = (-3481.8,-2850.8,1123.23) is in volume 'MagnetEnvelope',  its material is 'G4_Galactic' with density = 1e-25 g/cm^3 
 Total number of Steps by this track: 4
 Length of this step = 27920 mm 
 Number of propagation trials = 1 ( vs maximum = 10 for 'important' particles ) 
   ( Number of *calls* of Transport/AlongStepDoIt = 5471851 )

*** This is just a warning message. ***
-------- WWWW -------- G4Exception-END --------- WWWW -------

G4WT3 > 
-------- WWWW ------- G4Exception-START -------- WWWW -------
*** G4Exception : Transport-001-ExcessSteps
      issued by : G4Transportation::AlongStepDoIt
 Transportation is killing track that is looping or stuck. 
   Track is e- and has 180.393 MeV energy  ( pre-Step = 180.393 ) 
   momentum = (-144.537,-88.5381,-63.2156) mag= 180.904
   position = (-3933.25,-2186.22,-1763.07) is in volume 'MagnetEnvelope',  its material is 'G4_Galactic' with density = 1e-25 g/cm^3 
 Total number of Steps by this track: 4
 Length of this step = 35398.6 mm 
 Number of propagation trials = 1 ( vs maximum = 10 for 'important' particles ) 
   ( Number of *calls* of Transport/AlongStepDoIt = 6734653 )

*** This is just a warning message. ***
-------- WWWW -------- G4Exception-END --------- WWWW -------

G4WT12 > 
-------- WWWW ------- G4Exception-START -------- WWWW -------
*** G4Exception : Transport-001-ExcessSteps
      issued by : G4Transportation::AlongStepDoIt
 Transportation is killing track that is looping or stuck. 
   Track is e- and has 105.234 MeV energy  ( pre-Step = 105.234 ) 
   momentum = (-82.3061,-32.3722,-57.9609) mag= 105.744
   position = (-4242.57,-1500.21,624.95) is in volume 'MagnetEnvelope',  its material is 'G4_Galactic' with density = 1e-25 g/cm^3 
 Total number of Steps by this track: 64
 Length of this step = 28100.9 mm 
 Number of propagation trials = 1 ( vs maximum = 10 for 'important' particles ) 
   ( Number of *calls* of Transport/AlongStepDoIt = 5384543 )

*** This is just a warning message. ***
-------- WWWW -------- G4Exception-END --------- WWWW -------

G4WT9 > 
-------- WWWW ------- G4Exception-START -------- WWWW -------
*** G4Exception : Transport-001-ExcessSteps
      issued by : G4Transportation::AlongStepDoIt
 Transportation is killing track that is looping or stuck. 
   Track is e+ and has 178.054 MeV energy  ( pre-Step = 178.054 ) 
   momentum = (-116.346,132.495,-28.1798) mag= 178.564
   position = (-3703.03,2556.87,1359.98) is in volume 'MagnetEnvelope',  its material is 'G4_Galactic' with density = 1e-25 g/cm^3 
 Total number of Steps by this track: 230
 Length of this step = 29953.7 mm 
 Number of propagation trials = 1 ( vs maximum = 10 for 'important' particles ) 
   ( Number of *calls* of Transport/AlongStepDoIt = 5879091 )

*** This is just a warning message. ***
-------- WWWW -------- G4Exception-END --------- WWWW -------

G4WT4 > 
-------- WWWW ------- G4Exception-START -------- WWWW -------
*** G4Exception : Transport-001-ExcessSteps
      issued by : G4Transportation::AlongStepDoIt
 Transportation is killing track that is looping or stuck. 
   Track is e+ and has 116.714 MeV energy  ( pre-Step = 116.714 ) 
   momentum = (83.8253,-25.3832,77.9133) mag= 117.224
   position = (335,7937.63,3692.13) is in volume 'MagnetEnvelope',  its material is 'G4_Galactic' with density = 1e-25 g/cm^3 
 Total number of Steps by this track: 9
 Length of this step = 33151.4 mm 
 Number of propagation trials = 1 ( vs maximum = 10 for 'important' particles ) 
   ( Number of *calls* of Transport/AlongStepDoIt = 5174935 )

*** This is just a warning message. ***
-------- WWWW -------- G4Exception-END --------- WWWW -------

G4WT7 > 
-------- WWWW ------- G4Exception-START -------- WWWW -------
*** G4Exception : Transport-001-ExcessSteps
      issued by : G4Transportation::AlongStepDoIt
 Transportation is killing track that is looping or stuck. 
   Track is e- and has 134.153 MeV energy  ( pre-Step = 134.153 ) 
   momentum = (32.2553,-112.691,66.2912) mag= 134.663
   position = (2103.61,-3978.04,4611.93) is in volume 'MagnetEnvelope',  its material is 'G4_Galactic' with density = 1e-25 g/cm^3 
 Total number of Steps by this track: 2
 Length of this step = 36729.1 mm 
 Number of propagation trials = 1 ( vs maximum = 10 for 'important' particles ) 
   ( Number of *calls* of Transport/AlongStepDoIt = 5963572 )

*** This is just a warning message. ***
-------- WWWW -------- G4Exception-END --------- WWWW -------

G4WT4 > 
-------- WWWW ------- G4Exception-START -------- WWWW -------
*** G4Exception : Transport-001-ExcessSteps
      issued by : G4Transportation::AlongStepDoIt
 Transportation is killing track that is looping or stuck. 
   Track is e- and has 122.356 MeV energy  ( pre-Step = 122.356 ) 
   momentum = (6.9961,-38.8048,-116.367) mag= 122.866
   position = (-252.655,-6461.09,-3291.38) is in volume 'MagnetEnvelope',  its material is 'G4_Galactic' with density = 1e-25 g/cm^3 
 Total number of Steps by this track: 2
 Length of this step = 21521.7 mm 
 Number of propagation trials = 1 ( vs maximum = 10 for 'important' particles ) 
   ( Number of *calls* of Transport/AlongStepDoIt = 5405335 )

*** This is just a warning message. ***
-------- WWWW -------- G4Exception-END --------- WWWW -------

G4WT4 > 
-------- WWWW ------- G4Exception-START -------- WWWW -------
*** G4Exception : Transport-001-ExcessSteps
      issued by : G4Transportation::AlongStepDoIt
 Transportation is killing track that is looping or stuck. 
   Track is e+ and has 102.902 MeV energy  ( pre-Step = 102.902 ) 
   momentum = (-93.6404,27.5487,34.153) mag= 103.411
   position = (-4201.04,1612.85,1033.19) is in volume 'MagnetEnvelope',  its material is 'G4_Galactic' with density = 1e-25 g/cm^3 
 Total number of Steps by this track: 6
 Length of this step = 27187.9 mm 
 Number of propagation trials = 1 ( vs maximum = 10 for 'important' particles ) 
   ( Number of *calls* of Transport/AlongStepDoIt = 5770012 )

*** This is just a warning message. ***
-------- WWWW -------- G4Exception-END --------- WWWW -------

G4WT3 > 
-------- WWWW ------- G4Exception-START -------- WWWW -------
*** G4Exception : Transport-001-ExcessSteps
      issued by : G4Transportation::AlongStepDoIt
 Transportation is killing track that is looping or stuck. 
   Track is e+ and has 124.985 MeV energy  ( pre-Step = 124.985 ) 
   momentum = (-27.5789,-67.9015,-101.871) mag= 125.495
   position = (-1381.29,-3433.73,-5000) is in volume 'MagnetEnvelope',  its material is 'G4_Galactic' with density = 1e-25 g/cm^3 
 Total number of Steps by this track: 8
 Length of this step = 37714.8 mm 
 Number of propagation trials = 1 ( vs maximum = 10 for 'important' particles ) 
   ( Number of *calls* of Transport/AlongStepDoIt = 8425120 )

*** This is just a warning message. ***
-------- WWWW -------- G4Exception-END --------- WWWW -------

G4WT8 > 
-------- WWWW ------- G4Exception-START -------- WWWW -------
*** G4Exception : Transport-001-ExcessSteps
      issued by : G4Transportation::AlongStepDoIt
 Transportation is killing track that is looping or stuck. 
   Track is e- and has 122.024 MeV energy  ( pre-Step = 122.024 ) 
   momentum = (-97.2544,59.3524,-45.0934) mag= 122.534
   position = (-3994.03,-2073.1,3568.03) is in volume 'MagnetEnvelope',  its material is 'G4_Galactic' with density = 1e-25 g/cm^3 
 Total number of Steps by this track: 31
 Length of this step = 28759.7 mm 
 Number of propagation trials = 1 ( vs maximum = 10 for 'important' particles ) 
   ( Number of *calls* of Transport/AlongStepDoIt = 5681956 )

*** This is just a warning message. ***
-------- WWWW -------- G4Exception-END --------- WWWW -------

G4WT13 > 
-------- WWWW ------- G4Exception-START -------- WWWW -------
*** G4Exception : Transport-001-ExcessSteps
      issued by : G4Transportation::AlongStepDoIt
 Transportation is killing track that is looping or stuck. 
   Track is e- and has 107.356 MeV energy  ( pre-Step = 107.356 ) 
   momentum = (-52.5462,92.5095,17.7739) mag= 107.866
   position = (-4223.78,5425.61,1824.25) is in volume 'MagnetEnvelope',  its material is 'G4_Galactic' with density = 1e-25 g/cm^3 
 Total number of Steps by this track: 23
 Length of this step = 24266.9 mm 
 Number of propagation trials = 1 ( vs maximum = 10 for 'important' particles ) 
   ( Number of *calls* of Transport/AlongStepDoIt = 6034418 )

*** This is just a warning message. ***
-------- WWWW -------- G4Exception-END --------- WWWW -------

G4WT8 > --> Event 2500 starts with initial seeds (21877356,97110318).
G4WT9 > 
-------- WWWW ------- G4Exception-START -------- WWWW -------
*** G4Exception : Transport-001-ExcessSteps
      issued by : G4Transportation::AlongStepDoIt
 Transportation is killing track that is looping or stuck. 
   Track is e+ and has 132.945 MeV energy  ( pre-Step = 132.945 ) 
   momentum = (-105.156,74.4477,-34.787) mag= 133.455
   position = (-3136.38,3226.94,462.991) is in volume 'MagnetEnvelope',  its material is 'G4_Galactic' with density = 1e-25 g/cm^3 
 Total number of Steps by this track: 68
 Length of this step = 25954.9 mm 
 Number of propagation trials = 1 ( vs maximum = 10 for 'important' particles ) 
   ( Number of *calls* of Transport/AlongStepDoIt = 7462175 )

*** This is just a warning message. ***
-------- WWWW -------- G4Exception-END --------- WWWW -------

G4WT11 > 
-------- WWWW ------- G4Exception-START -------- WWWW -------
*** G4Exception : Transport-001-ExcessSteps
      issued by : G4Transportation::AlongStepDoIt
 Transportation is killing track that is looping or stuck. 
   Track is e- and has 200.18 MeV energy  ( pre-Step = 200.18 ) 
   momentum = (-25.4274,-171.917,100.373) mag= 200.69
   position = (-4300.79,-1324.09,-132.537) is in volume 'MagnetEnvelope',  its material is 'G4_Galactic' with density = 1e-25 g/cm^3 
 Total number of Steps by this track: 4
 Length of this step = 39294.6 mm 
 Number of propagation trials = 1 ( vs maximum = 10 for 'important' particles ) 
   ( Number of *calls* of Transport/AlongStepDoIt = 7108746 )

*** This is just a warning message. ***
-------- WWWW -------- G4Exception-END --------- WWWW -------

G4WT13 > 
-------- WWWW ------- G4Exception-START -------- WWWW -------
*** G4Exception : Transport-001-ExcessSteps
      issued by : G4Transportation::AlongStepDoIt
 Transportation is killing track that is looping or stuck. 
   Track is e- and has 150.142 MeV energy  ( pre-Step = 150.142 ) 
   momentum = (7.27892,-116.832,94.8334) mag= 150.652
   position = (199.479,-4495.58,3914.32) is in volume 'MagnetEnvelope',  its material is 'G4_Galactic' with density = 1e-25 g/cm^3 
 Total number of Steps by this track: 4
 Length of this step = 35676.2 mm 
 Number of propagation trials = 1 ( vs maximum = 10 for 'important' particles ) 
   ( Number of *calls* of Transport/AlongStepDoIt = 7570197 )

*** This is just a warning message. ***
-------- WWWW -------- G4Exception-END --------- WWWW -------

G4WT5 > 
-------- WWWW ------- G4Exception-START -------- WWWW -------
*** G4Exception : Transport-001-ExcessSteps
      issued by : G4Transportation::AlongStepDoIt
 Transportation is killing track that is looping or stuck. 
   Track is e+ and has 151.106 MeV energy  ( pre-Step = 151.106 ) 
   momentum = (128.158,74.9289,-30.7992) mag= 151.616
   position = (3876.16,2285.91,-1099.64) is in volume 'MagnetEnvelope',  its material is 'G4_Galactic' with density = 1e-25 g/cm^3 
 Total number of Steps by this track: 3
 Length of this step = 28903.6 mm 
 Number of propagation trials = 1 ( vs maximum = 10 for 'important' particles ) 
   ( Number of *calls* of Transport/AlongStepDoIt = 6854477 )

*** This is just a warning message. ***
-------- WWWW -------- G4Exception-END --------- WWWW -------

G4WT5 > 
-------- WWWW ------- G4Exception-START -------- WWWW -------
*** G4Exception : Transport-001-ExcessSteps
      issued by : G4Transportation::AlongStepDoIt
 Transportation is killing track that is looping or stuck. 
   Track is e- and has 225.732 MeV energy  ( pre-Step = 225.732 ) 
   momentum = (196.755,-111.153,-10.8615) mag= 226.242
   position = (3935.15,-2182.79,-178.457) is in volume 'MagnetEnvelope',  its material is 'G4_Galactic' with density = 1e-25 g/cm^3 
 Total number of Steps by this track: 7
 Length of this step = 34372 mm 
 Number of propagation trials = 1 ( vs maximum = 10 for 'important' particles ) 
   ( Number of *calls* of Transport/AlongStepDoIt = 7093637 )

*** This is just a warning message. ***
-------- WWWW -------- G4Exception-END --------- WWWW -------

G4WT0 > 
-------- WWWW ------- G4Exception-START -------- WWWW -------
*** G4Exception : Transport-001-ExcessSteps
      issued by : G4Transportation::AlongStepDoIt
 Transportation is killing track that is looping or stuck. 
   Track is e+ and has 122.373 MeV energy  ( pre-Step = 122.373 ) 
   momentum = (-86.8572,-79.1043,-36.0358) mag= 122.883
   position = (-3394.68,-2954.01,-1283.42) is in volume 'MagnetEnvelope',  its material is 'G4_Galactic' with density = 1e-25 g/cm^3 
 Total number of Steps by this track: 2
 Length of this step = 21488.4 mm 
 Number of propagation trials = 1 ( vs maximum = 10 for 'important' particles ) 
   ( Number of *calls* of Transport/AlongStepDoIt = 6015140 )

*** This is just a warning message. ***
-------- WWWW -------- G4Exception-END --------- WWWW -------

G4WT8 > 
-------- WWWW ------- G4Exception-START -------- WWWW -------
*** G4Exception : Transport-001-ExcessSteps
      issued by : G4Transportation::AlongStepDoIt
 Transportation is killing track that is looping or stuck. 
   Track is e- and has 114.881 MeV energy  ( pre-Step = 114.881 ) 
   momentum = (-98.4165,-24.0385,-55.2387) mag= 115.391
   position = (-3901.92,-2241.65,277.412) is in volume 'MagnetEnvelope',  its material is 'G4_Galactic' with density = 1e-25 g/cm^3 
 Total number of Steps by this track: 17
 Length of this step = 27120.1 mm 
 Number of propagation trials = 1 ( vs maximum = 10 for 'important' particles ) 
   ( Number of *calls* of Transport/AlongStepDoIt = 7626434 )

*** This is just a warning message. ***
-------- WWWW -------- G4Exception-END --------- WWWW -------

G4WT3 > 
-------- WWWW ------- G4Exception-START -------- WWWW -------
*** G4Exception : Transport-001-ExcessSteps
      issued by : G4Transportation::AlongStepDoIt
 Transportation is killing track that is looping or stuck. 
   Track is e+ and has 192.163 MeV energy  ( pre-Step = 192.163 ) 
   momentum = (149.621,110.34,50.6128) mag= 192.673
   position = (3212.8,3150.85,1567.66) is in volume 'MagnetEnvelope',  its material is 'G4_Galactic' with density = 1e-25 g/cm^3 
 Total number of Steps by this track: 3
 Length of this step = 31270.7 mm 
 Number of propagation trials = 1 ( vs maximum = 10 for 'important' particles ) 
   ( Number of *calls* of Transport/AlongStepDoIt = 9582704 )

*** This is just a warning message. ***
-------- WWWW -------- G4Exception-END --------- WWWW -------

G4WT1 > --> Event 3000 starts with initial seeds (31559219,63167074).
G4WT9 > 
-------- WWWW ------- G4Exception-START -------- WWWW -------
*** G4Exception : Transport-001-ExcessSteps
      issued by : G4Transportation::AlongStepDoIt
 Transportation is killing track that is looping or stuck. 
   Track is e- and has 102.292 MeV energy  ( pre-Step = 102.292 ) 
   momentum = (-62.8721,78.2715,-22.1085) mag= 102.801
   position = (-3.81461,4500,-552.606) is in volume 'MagnetEnvelope',  its material is 'G4_Galactic' with density = 1e-25 g/cm^3 
 Total number of Steps by this track: 38
 Length of this step = 33938.7 mm 
 Number of propagation trials = 1 ( vs maximum = 10 for 'important' particles ) 
   ( Number of *calls* of Transport/AlongStepDoIt = 8842827 )

*** This is just a warning message. ***
-------- WWWW -------- G4Exception-END --------- WWWW -------

G4WT10 > 
-------- WWWW ------- G4Exception-START -------- WWWW -------
*** G4Exception : Transport-001-ExcessSteps
      issued by : G4Transportation::AlongStepDoIt
 Transportation is killing track that is looping or stuck. 
   Track is e+ and has 166.06 MeV energy  ( pre-Step = 166.06 ) 
   momentum = (-142.759,-85.0536,-11.4613) mag= 166.57
   position = (-3840.7,-2345,-344.737) is in volume 'MagnetEnvelope',  its material is 'G4_Galactic' with density = 1e-25 g/cm^3 
 Total number of Steps by this track: 2
 Length of this step = 32868.5 mm 
 Number of propagation trials = 1 ( vs maximum = 10 for 'important' particles ) 
   ( Number of *calls* of Transport/AlongStepDoIt = 8391990 )

*** This is just a warning message. ***
-------- WWWW -------- G4Exception-END --------- WWWW -------

G4WT12 > 
-------- WWWW ------- G4Exception-START -------- WWWW -------
*** G4Exception : Transport-001-ExcessSteps
      issued by : G4Transportation::AlongStepDoIt
 Transportation is killing track that is looping or stuck. 
   Track is e- and has 168.575 MeV energy  ( pre-Step = 168.575 ) 
   momentum = (-118.56,87.045,83.4056) mag= 169.085
   position = (-3499.31,2829.28,2272.21) is in volume 'MagnetEnvelope',  its material is 'G4_Galactic' with density = 1e-25 g/cm^3 
 Total number of Steps by this track: 5
 Length of this step = 32987.7 mm 
 Number of propagation trials = 1 ( vs maximum = 10 for 'important' particles ) 
   ( Number of *calls* of Transport/AlongStepDoIt = 8058640 )

*** This is just a warning message. ***
-------- WWWW -------- G4Exception-END --------- WWWW -------

G4WT1 > 
-------- WWWW ------- G4Exception-START -------- WWWW -------
*** G4Exception : Transport-001-ExcessSteps
      issued by : G4Transportation::AlongStepDoIt
 Transportation is killing track that is looping or stuck. 
   Track is e- and has 124.625 MeV energy  ( pre-Step = 124.625 ) 
   momentum = (2.31435,90.7557,-86.121) mag= 125.135
   position = (49.5743,4499.73,-4297.81) is in volume 'MagnetEnvelope',  its material is 'G4_Galactic' with density = 1e-25 g/cm^3 
 Total number of Steps by this track: 2
 Length of this step = 32596.9 mm 
 Number of propagation trials = 1 ( vs maximum = 10 for 'important' particles ) 
   ( Number of *calls* of Transport/AlongStepDoIt = 8036248 )

*** This is just a warning message. ***
-------- WWWW -------- G4Exception-END --------- WWWW -------

G4WT7 > 
-------- WWWW ------- G4Exception-START -------- WWWW -------
*** G4Exception : Transport-001-ExcessSteps
      issued by : G4Transportation::AlongStepDoIt
 Transportation is killing track that is looping or stuck. 
   Track is e- and has 112.745 MeV energy  ( pre-Step = 112.745 ) 
   momentum = (25.188,-53.0869,96.8197) mag= 113.255
   position = (1076.59,-4369.32,-294.376) is in volume 'MagnetEnvelope',  its material is 'G4_Galactic' with density = 1e-25 g/cm^3 
 Total number of Steps by this track: 4
 Length of this step = 30211.8 mm 
 Number of propagation trials = 1 ( vs maximum = 10 for 'important' particles ) 
   ( Number of *calls* of Transport/AlongStepDoIt = 9277773 )

*** This is just a warning message. ***
-------- WWWW -------- G4Exception-END --------- WWWW -------

G4WT4 > 
-------- WWWW ------- G4Exception-START -------- WWWW -------
*** G4Exception : Transport-001-ExcessSteps
      issued by : G4Transportation::AlongStepDoIt
 Transportation is killing track that is looping or stuck. 
   Track is e+ and has 124.821 MeV energy  ( pre-Step = 124.821 ) 
   momentum = (53.324,-91.6034,-66.8824) mag= 125.331
   position = (2241.46,-3902.03,-2926.88) is in volume 'MagnetEnvelope',  its material is 'G4_Galactic' with density = 1e-25 g/cm^3 
 Total number of Steps by this track: 2
 Length of this step = 19984.2 mm 
 Number of propagation trials = 1 ( vs maximum = 10 for 'important' particles ) 
   ( Number of *calls* of Transport/AlongStepDoIt = 8660912 )

*** This is just a warning message. ***
-------- WWWW -------- G4Exception-END --------- WWWW -------

G4WT14 > 
-------- WWWW ------- G4Exception-START -------- WWWW -------
*** G4Exception : Transport-001-ExcessSteps
      issued by : G4Transportation::AlongStepDoIt
 Transportation is killing track that is looping or stuck. 
   Track is e+ and has 109.569 MeV energy  ( pre-Step = 109.569 ) 
   momentum = (16.5303,93.6848,-55.3825) mag= 110.079
   position = (-3937.86,2177.91,1171.28) is in volume 'MagnetEnvelope',  its material is 'G4_Galactic' with density = 1e-25 g/cm^3 
 Total number of Steps by this track: 296
 Length of this step = 24693.4 mm 
 Number of propagation trials = 1 ( vs maximum = 10 for 'important' particles ) 
   ( Number of *calls* of Transport/AlongStepDoIt = 8892626 )

*** This is just a warning message. ***
-------- WWWW -------- G4Exception-END --------- WWWW -------

G4WT5 > 
-------- WWWW ------- G4Exception-START -------- WWWW -------
*** G4Exception : Transport-001-ExcessSteps
      issued by : G4Transportation::AlongStepDoIt
 Transportation is killing track that is looping or stuck. 
   Track is e- and has 112.148 MeV energy  ( pre-Step = 112.148 ) 
   momentum = (-9.68552,-106.775,34.6) mag= 112.658
   position = (-412.972,-4481.01,1498.67) is in volume 'MagnetEnvelope',  its material is 'G4_Galactic' with density = 1e-25 g/cm^3 
 Total number of Steps by this track: 2
 Length of this step = 35630.6 mm 
 Number of propagation trials = 1 ( vs maximum = 10 for 'important' particles ) 
   ( Number of *calls* of Transport/AlongStepDoIt = 8741310 )

*** This is just a warning message. ***
-------- WWWW -------- G4Exception-END --------- WWWW -------

G4WT1 > 
-------- WWWW ------- G4Exception-START -------- WWWW -------
*** G4Exception : Transport-001-ExcessSteps
      issued by : G4Transportation::AlongStepDoIt
 Transportation is killing track that is looping or stuck. 
   Track is e+ and has 140.39 MeV energy  ( pre-Step = 140.39 ) 
   momentum = (100.469,98.774,-1.54809) mag= 140.9
   position = (-3928.39,-5321.85,-1537.09) is in volume 'MagnetEnvelope',  its material is 'G4_Galactic' with density = 1e-25 g/cm^3 
 Total number of Steps by this track: 14
 Length of this step = 29920.1 mm 
 Number of propagation trials = 1 ( vs maximum = 10 for 'important' particles ) 
   ( Number of *calls* of Transport/AlongStepDoIt = 9013584 )

*** This is just a warning message. ***
-------- WWWW -------- G4Exception-END --------- WWWW -------

G4WT5 > 
-------- WWWW ------- G4Exception-START -------- WWWW -------
*** G4Exception : Transport-001-ExcessSteps
      issued by : G4Transportation::AlongStepDoIt
 Transportation is killing track that is looping or stuck. 
   Track is e+ and has 103.437 MeV energy  ( pre-Step = 103.437 ) 
   momentum = (-9.65284,84.5058,-59.7541) mag= 103.947
   position = (3935.3,2182.52,1152.61) is in volume 'MagnetEnvelope',  its material is 'G4_Galactic' with density = 1e-25 g/cm^3 
 Total number of Steps by this track: 295
 Length of this step = 30606.1 mm 
 Number of propagation trials = 1 ( vs maximum = 10 for 'important' particles ) 
   ( Number of *calls* of Transport/AlongStepDoIt = 8958812 )

*** This is just a warning message. ***
-------- WWWW -------- G4Exception-END --------- WWWW -------

G4WT15 > 
-------- WWWW ------- G4Exception-START -------- WWWW -------
*** G4Exception : Transport-001-ExcessSteps
      issued by : G4Transportation::AlongStepDoIt
 Transportation is killing track that is looping or stuck. 
   Track is e+ and has 165.41 MeV energy  ( pre-Step = 165.41 ) 
   momentum = (-141.122,85.814,15.807) mag= 165.92
   position = (-3909.08,2229.14,462.123) is in volume 'MagnetEnvelope',  its material is 'G4_Galactic' with density = 1e-25 g/cm^3 
 Total number of Steps by this track: 3
 Length of this step = 39426.3 mm 
 Number of propagation trials = 1 ( vs maximum = 10 for 'important' particles ) 
   ( Number of *calls* of Transport/AlongStepDoIt = 9521587 )

*** This is just a warning message. ***
-------- WWWW -------- G4Exception-END --------- WWWW -------

G4WT9 > 
-------- WWWW ------- G4Exception-START -------- WWWW -------
*** G4Exception : Transport-001-ExcessSteps
      issued by : G4Transportation::AlongStepDoIt
 Transportation is killing track that is looping or stuck. 
   Track is e+ and has 107.225 MeV energy  ( pre-Step = 107.225 ) 
   momentum = (80.4114,-69.5689,17.3483) mag= 107.735
   position = (1275.14,-4315.56,-4564.38) is in volume 'MagnetEnvelope',  its material is 'G4_Galactic' with density = 1e-25 g/cm^3 
 Total number of Steps by this track: 3
 Length of this step = 27566.6 mm 
 Number of propagation trials = 1 ( vs maximum = 10 for 'important' particles ) 
   ( Number of *calls* of Transport/AlongStepDoIt = 11049149 )

*** This is just a warning message. ***
-------- WWWW -------- G4Exception-END --------- WWWW -------

G4WT9 > 
-------- WWWW ------- G4Exception-START -------- WWWW -------
*** G4Exception : Transport-001-ExcessSteps
      issued by : G4Transportation::AlongStepDoIt
 Transportation is killing track that is looping or stuck. 
   Track is e+ and has 156.658 MeV energy  ( pre-Step = 156.658 ) 
   momentum = (-14.4325,-147.396,-52.6119) mag= 157.168
   position = (-1368.67,-4286.81,-1721.59) is in volume 'MagnetEnvelope',  its material is 'G4_Galactic' with density = 1e-25 g/cm^3 
 Total number of Steps by this track: 2
 Length of this step = 26158.6 mm 
 Number of propagation trials = 1 ( vs maximum = 10 for 'important' particles ) 
   ( Number of *calls* of Transport/AlongStepDoIt = 11514249 )

*** This is just a warning message. ***
-------- WWWW -------- G4Exception-END --------- WWWW -------

G4WT11 > 
-------- WWWW ------- G4Exception-START -------- WWWW -------
*** G4Exception : Transport-001-ExcessSteps
      issued by : G4Transportation::AlongStepDoIt
 Transportation is killing track that is looping or stuck. 
   Track is e- and has 126.76 MeV energy  ( pre-Step = 126.76 ) 
   momentum = (68.5849,93.0339,-53.2774) mag= 127.27
   position = (-950.527,3838.99,-5000) is in volume 'MagnetEnvelope',  its material is 'G4_Galactic' with density = 1e-25 g/cm^3 
 Total number of Steps by this track: 4
 Length of this step = 38552.4 mm 
 Number of propagation trials = 1 ( vs maximum = 10 for 'important' particles ) 
   ( Number of *calls* of Transport/AlongStepDoIt = 10184456 )

*** This is just a warning message. ***
-------- WWWW -------- G4Exception-END --------- WWWW -------

G4WT5 > 
-------- WWWW ------- G4Exception-START -------- WWWW -------
*** G4Exception : Transport-001-ExcessSteps
      issued by : G4Transportation::AlongStepDoIt
 Transportation is killing track that is looping or stuck. 
   Track is e+ and has 120.489 MeV energy  ( pre-Step = 120.489 ) 
   momentum = (28.0719,117.549,-5.92904) mag= 120.999
   position = (4015.63,-5961.51,600.244) is in volume 'MagnetEnvelope',  its material is 'G4_Galactic' with density = 1e-25 g/cm^3 
 Total number of Steps by this track: 4
 Length of this step = 30010.2 mm 
 Number of propagation trials = 1 ( vs maximum = 10 for 'important' particles ) 
   ( Number of *calls* of Transport/AlongStepDoIt = 9407479 )

*** This is just a warning message. ***
-------- WWWW -------- G4Exception-END --------- WWWW -------

G4WT2 > 
-------- WWWW ------- G4Exception-START -------- WWWW -------
*** G4Exception : Transport-001-ExcessSteps
      issued by : G4Transportation::AlongStepDoIt
 Transportation is killing track that is looping or stuck. 
   Track is e+ and has 191.416 MeV energy  ( pre-Step = 191.416 ) 
   momentum = (-173.302,42.6872,70.5686) mag= 191.926
   position = (-4376.49,1047.07,1795.75) is in volume 'MagnetEnvelope',  its material is 'G4_Galactic' with density = 1e-25 g/cm^3 
 Total number of Steps by this track: 3
 Length of this step = 41182.1 mm 
 Number of propagation trials = 1 ( vs maximum = 10 for 'important' particles ) 
   ( Number of *calls* of Transport/AlongStepDoIt = 10891566 )

*** This is just a warning message. ***
-------- WWWW -------- G4Exception-END --------- WWWW -------

G4WT9 > 
-------- WWWW ------- G4Exception-START -------- WWWW -------
*** G4Exception : Transport-001-ExcessSteps
      issued by : G4Transportation::AlongStepDoIt
 Transportation is killing track that is looping or stuck. 
   Track is e+ and has 117.028 MeV energy  ( pre-Step = 117.028 ) 
   momentum = (83.8006,-36.9542,73.6675) mag= 117.537
   position = (3125.58,353.075,5000) is in volume 'MagnetEnvelope',  its material is 'G4_Galactic' with density = 1e-25 g/cm^3 
 Total number of Steps by this track: 4
 Length of this step = 38799.3 mm 
 Number of propagation trials = 1 ( vs maximum = 10 for 'important' particles ) 
   ( Number of *calls* of Transport/AlongStepDoIt = 11986256 )

*** This is just a warning message. ***
-------- WWWW -------- G4Exception-END --------- WWWW -------

G4WT2 > --> Event 3500 starts with initial seeds (36543363,23309091).
G4WT7 > 
-------- WWWW ------- G4Exception-START -------- WWWW -------
*** G4Exception : Transport-001-ExcessSteps
      issued by : G4Transportation::AlongStepDoIt
 Transportation is killing track that is looping or stuck. 
   Track is e- and has 145.231 MeV energy  ( pre-Step = 145.231 ) 
   momentum = (-114.474,-28.0221,85.7367) mag= 145.741
   position = (-4388.2,-996.855,3038.1) is in volume 'MagnetEnvelope',  its material is 'G4_Galactic' with density = 1e-25 g/cm^3 
 Total number of Steps by this track: 4
 Length of this step = 40039.3 mm 
 Number of propagation trials = 1 ( vs maximum = 10 for 'important' particles ) 
   ( Number of *calls* of Transport/AlongStepDoIt = 11317398 )

*** This is just a warning message. ***
-------- WWWW -------- G4Exception-END --------- WWWW -------

G4WT7 > 
-------- WWWW ------- G4Exception-START -------- WWWW -------
*** G4Exception : Transport-001-ExcessSteps
      issued by : G4Transportation::AlongStepDoIt
 Transportation is killing track that is looping or stuck. 
   Track is e- and has 105.533 MeV energy  ( pre-Step = 105.533 ) 
   momentum = (53.3307,-91.4111,-6.69578) mag= 106.042
   position = (945.948,-4399.45,-472.666) is in volume 'MagnetEnvelope',  its material is 'G4_Galactic' with density = 1e-25 g/cm^3 
 Total number of Steps by this track: 24
 Length of this step = 21070.8 mm 
 Number of propagation trials = 1 ( vs maximum = 10 for 'important' particles ) 
   ( Number of *calls* of Transport/AlongStepDoIt = 11423953 )

*** This is just a warning message. ***
-------- WWWW -------- G4Exception-END --------- WWWW -------

G4WT4 > 
-------- WWWW ------- G4Exception-START -------- WWWW -------
*** G4Exception : Transport-001-ExcessSteps
      issued by : G4Transportation::AlongStepDoIt
 Transportation is killing track that is looping or stuck. 
   Track is e+ and has 171.305 MeV energy  ( pre-Step = 171.305 ) 
   momentum = (157.278,53.9767,-43.2506) mag= 171.815
   position = (4155,1728,-1350.4) is in volume 'MagnetEnvelope',  its material is 'G4_Galactic' with density = 1e-25 g/cm^3 
 Total number of Steps by this track: 8
 Length of this step = 37782 mm 
 Number of propagation trials = 1 ( vs maximum = 10 for 'important' particles ) 
   ( Number of *calls* of Transport/AlongStepDoIt = 10222464 )

*** This is just a warning message. ***
-------- WWWW -------- G4Exception-END --------- WWWW -------

G4WT14 > 
-------- WWWW ------- G4Exception-START -------- WWWW -------
*** G4Exception : Transport-001-ExcessSteps
      issued by : G4Transportation::AlongStepDoIt
 Transportation is killing track that is looping or stuck. 
   Track is e+ and has 228.618 MeV energy  ( pre-Step = 228.618 ) 
   momentum = (-193.878,-121.268,-14.3268) mag= 229.128
   position = (-3743.55,-2497.17,-208.227) is in volume 'MagnetEnvelope',  its material is 'G4_Galactic' with density = 1e-25 g/cm^3 
 Total number of Steps by this track: 3
 Length of this step = 31937.6 mm 
 Number of propagation trials = 1 ( vs maximum = 10 for 'important' particles ) 
   ( Number of *calls* of Transport/AlongStepDoIt = 10148433 )

*** This is just a warning message. ***
-------- WWWW -------- G4Exception-END --------- WWWW -------

G4WT6 > 
-------- WWWW ------- G4Exception-START -------- WWWW -------
*** G4Exception : Transport-001-ExcessSteps
      issued by : G4Transportation::AlongStepDoIt
 Transportation is killing track that is looping or stuck. 
   Track is e+ and has 164.682 MeV energy  ( pre-Step = 164.682 ) 
   momentum = (-28.841,138.44,85.3873) mag= 165.192
   position = (-865.281,4416.03,2536.2) is in volume 'MagnetEnvelope',  its material is 'G4_Galactic' with density = 1e-25 g/cm^3 
 Total number of Steps by this track: 2
 Length of this step = 38935.2 mm 
 Number of propagation trials = 1 ( vs maximum = 10 for 'important' particles ) 
   ( Number of *calls* of Transport/AlongStepDoIt = 10927651 )

*** This is just a warning message. ***
-------- WWWW -------- G4Exception-END --------- WWWW -------

G4WT3 > 
-------- WWWW ------- G4Exception-START -------- WWWW -------
*** G4Exception : Transport-001-ExcessSteps
      issued by : G4Transportation::AlongStepDoIt
 Transportation is killing track that is looping or stuck. 
   Track is e- and has 112.372 MeV energy  ( pre-Step = 112.372 ) 
   momentum = (-99.1927,-44.6648,-30.1374) mag= 112.882
   position = (-4105.74,-1841.97,-1214.77) is in volume 'MagnetEnvelope',  its material is 'G4_Galactic' with density = 1e-25 g/cm^3 
 Total number of Steps by this track: 2
 Length of this step = 23670.5 mm 
 Number of propagation trials = 1 ( vs maximum = 10 for 'important' particles ) 
   ( Number of *calls* of Transport/AlongStepDoIt = 12133084 )

*** This is just a warning message. ***
-------- WWWW -------- G4Exception-END --------- WWWW -------

G4WT1 > 
-------- WWWW ------- G4Exception-START -------- WWWW -------
*** G4Exception : Transport-001-ExcessSteps
      issued by : G4Transportation::AlongStepDoIt
 Transportation is killing track that is looping or stuck. 
   Track is e- and has 128.894 MeV energy  ( pre-Step = 128.894 ) 
   momentum = (11.1748,-87.7813,94.4188) mag= 129.404
   position = (227.214,-4494.26,2695.32) is in volume 'MagnetEnvelope',  its material is 'G4_Galactic' with density = 1e-25 g/cm^3 
 Total number of Steps by this track: 26
 Length of this step = 36926.8 mm 
 Number of propagation trials = 1 ( vs maximum = 10 for 'important' particles ) 
   ( Number of *calls* of Transport/AlongStepDoIt = 11416384 )

*** This is just a warning message. ***
-------- WWWW -------- G4Exception-END --------- WWWW -------

G4WT10 > 
-------- WWWW ------- G4Exception-START -------- WWWW -------
*** G4Exception : Transport-001-ExcessSteps
      issued by : G4Transportation::AlongStepDoIt
 Transportation is killing track that is looping or stuck. 
   Track is e+ and has 125.749 MeV energy  ( pre-Step = 125.749 ) 
   momentum = (-102.208,67.1358,-31.4292) mag= 126.259
   position = (-3851.87,2326.61,22.6077) is in volume 'MagnetEnvelope',  its material is 'G4_Galactic' with density = 1e-25 g/cm^3 
 Total number of Steps by this track: 5
 Length of this step = 24881.8 mm 
 Number of propagation trials = 1 ( vs maximum = 10 for 'important' particles ) 
   ( Number of *calls* of Transport/AlongStepDoIt = 11308240 )

*** This is just a warning message. ***
-------- WWWW -------- G4Exception-END --------- WWWW -------

G4WT6 > 
-------- WWWW ------- G4Exception-START -------- WWWW -------
*** G4Exception : Transport-001-ExcessSteps
      issued by : G4Transportation::AlongStepDoIt
 Transportation is killing track that is looping or stuck. 
   Track is e+ and has 144.13 MeV energy  ( pre-Step = 144.13 ) 
   momentum = (-47.9548,-136.187,-8.60915) mag= 144.64
   position = (-1352.33,-4291.99,52.5935) is in volume 'MagnetEnvelope',  its material is 'G4_Galactic' with density = 1e-25 g/cm^3 
 Total number of Steps by this track: 4
 Length of this step = 33427 mm 
 Number of propagation trials = 1 ( vs maximum = 10 for 'important' particles ) 
   ( Number of *calls* of Transport/AlongStepDoIt = 12432030 )

*** This is just a warning message. ***
-------- WWWW -------- G4Exception-END --------- WWWW -------

G4WT5 > 
-------- WWWW ------- G4Exception-START -------- WWWW -------
*** G4Exception : Transport-001-ExcessSteps
      issued by : G4Transportation::AlongStepDoIt
 Transportation is killing track that is looping or stuck. 
   Track is e+ and has 103.388 MeV energy  ( pre-Step = 103.388 ) 
   momentum = (-79.2235,-66.6825,8.4744) mag= 103.898
   position = (-3457.27,-2880.5,508.576) is in volume 'MagnetEnvelope',  its material is 'G4_Galactic' with density = 1e-25 g/cm^3 
 Total number of Steps by this track: 5
 Length of this step = 22537 mm 
 Number of propagation trials = 1 ( vs maximum = 10 for 'important' particles ) 
   ( Number of *calls* of Transport/AlongStepDoIt = 10335630 )

*** This is just a warning message. ***
-------- WWWW -------- G4Exception-END --------- WWWW -------

G4WT14 > 
-------- WWWW ------- G4Exception-START -------- WWWW -------
*** G4Exception : Transport-001-ExcessSteps
      issued by : G4Transportation::AlongStepDoIt
 Transportation is killing track that is looping or stuck. 
   Track is e+ and has 129.694 MeV energy  ( pre-Step = 129.694 ) 
   momentum = (-13.4586,79.6815,102.092) mag= 130.204
   position = (-639.913,4454.27,4706.58) is in volume 'MagnetEnvelope',  its material is 'G4_Galactic' with density = 1e-25 g/cm^3 
 Total number of Steps by this track: 3
 Length of this step = 27593.5 mm 
 Number of propagation trials = 1 ( vs maximum = 10 for 'important' particles ) 
   ( Number of *calls* of Transport/AlongStepDoIt = 11440715 )

*** This is just a warning message. ***
-------- WWWW -------- G4Exception-END --------- WWWW -------

G4WT11 > 
-------- WWWW ------- G4Exception-START -------- WWWW -------
*** G4Exception : Transport-001-ExcessSteps
      issued by : G4Transportation::AlongStepDoIt
 Transportation is killing track that is looping or stuck. 
   Track is e- and has 222.303 MeV energy  ( pre-Step = 222.303 ) 
   momentum = (158.911,-151.355,38.5327) mag= 222.814
   position = (3350.05,-3004.52,856.728) is in volume 'MagnetEnvelope',  its material is 'G4_Galactic' with density = 1e-25 g/cm^3 
 Total number of Steps by this track: 6
 Length of this step = 31079.6 mm 
 Number of propagation trials = 1 ( vs maximum = 10 for 'important' particles ) 
   ( Number of *calls* of Transport/AlongStepDoIt = 11923029 )

*** This is just a warning message. ***
-------- WWWW -------- G4Exception-END --------- WWWW -------

G4WT14 > 
-------- WWWW ------- G4Exception-START -------- WWWW -------
*** G4Exception : Transport-001-ExcessSteps
      issued by : G4Transportation::AlongStepDoIt
 Transportation is killing track that is looping or stuck. 
   Track is e+ and has 122.391 MeV energy  ( pre-Step = 122.391 ) 
   momentum = (-102.842,61.2652,27.8319) mag= 122.901
   position = (-4021.03,2020.23,-1325.07) is in volume 'MagnetEnvelope',  its material is 'G4_Galactic' with density = 1e-25 g/cm^3 
 Total number of Steps by this track: 5
 Length of this step = 28899.3 mm 
 Number of propagation trials = 1 ( vs maximum = 10 for 'important' particles ) 
   ( Number of *calls* of Transport/AlongStepDoIt = 11642586 )

*** This is just a warning message. ***
-------- WWWW -------- G4Exception-END --------- WWWW -------

G4WT14 > 
-------- WWWW ------- G4Exception-START -------- WWWW -------
*** G4Exception : Transport-001-ExcessSteps
      issued by : G4Transportation::AlongStepDoIt
 Transportation is killing track that is looping or stuck. 
   Track is e- and has 123.157 MeV energy  ( pre-Step = 123.157 ) 
   momentum = (-87.8118,77.1348,40.4095) mag= 123.667
   position = (-4150.6,-1738.53,-1069.01) is in volume 'MagnetEnvelope',  its material is 'G4_Galactic' with density = 1e-25 g/cm^3 
 Total number of Steps by this track: 262
 Length of this step = 30800.2 mm 
 Number of propagation trials = 1 ( vs maximum = 10 for 'important' particles ) 
   ( Number of *calls* of Transport/AlongStepDoIt = 12104826 )

*** This is just a warning message. ***
-------- WWWW -------- G4Exception-END --------- WWWW -------

G4WT2 > 
-------- WWWW ------- G4Exception-START -------- WWWW -------
*** G4Exception : Transport-001-ExcessSteps
      issued by : G4Transportation::AlongStepDoIt
 Transportation is killing track that is looping or stuck. 
   Track is e- and has 109.552 MeV energy  ( pre-Step = 109.552 ) 
   momentum = (101.476,-34.4918,-25.0314) mag= 110.062
   position = (4270.76,-1417.97,-1011.69) is in volume 'MagnetEnvelope',  its material is 'G4_Galactic' with density = 1e-25 g/cm^3 
 Total number of Steps by this track: 3
 Length of this step = 32999.8 mm 
 Number of propagation trials = 1 ( vs maximum = 10 for 'important' particles ) 
   ( Number of *calls* of Transport/AlongStepDoIt = 13429635 )

*** This is just a warning message. ***
-------- WWWW -------- G4Exception-END --------- WWWW -------

G4WT5 > 
-------- WWWW ------- G4Exception-START -------- WWWW -------
*** G4Exception : Transport-001-ExcessSteps
      issued by : G4Transportation::AlongStepDoIt
 Transportation is killing track that is looping or stuck. 
   Track is e+ and has 131.52 MeV energy  ( pre-Step = 131.52 ) 
   momentum = (-86.7002,-99.3475,-6.72109) mag= 132.03
   position = (-3046.21,-3312.19,209.295) is in volume 'MagnetEnvelope',  its material is 'G4_Galactic' with density = 1e-25 g/cm^3 
 Total number of Steps by this track: 4
 Length of this step = 23501.1 mm 
 Number of propagation trials = 1 ( vs maximum = 10 for 'important' particles ) 
   ( Number of *calls* of Transport/AlongStepDoIt = 11132066 )

*** This is just a warning message. ***
-------- WWWW -------- G4Exception-END --------- WWWW -------

G4WT2 > 
-------- WWWW ------- G4Exception-START -------- WWWW -------
*** G4Exception : Transport-001-ExcessSteps
      issued by : G4Transportation::AlongStepDoIt
 Transportation is killing track that is looping or stuck. 
   Track is e+ and has 152.145 MeV energy  ( pre-Step = 152.145 ) 
   momentum = (135.195,64.7353,28.8997) mag= 152.655
   position = (4026.88,2008.55,935.097) is in volume 'MagnetEnvelope',  its material is 'G4_Galactic' with density = 1e-25 g/cm^3 
 Total number of Steps by this track: 2
 Length of this step = 37394.5 mm 
 Number of propagation trials = 1 ( vs maximum = 10 for 'important' particles ) 
   ( Number of *calls* of Transport/AlongStepDoIt = 13614829 )

*** This is just a warning message. ***
-------- WWWW -------- G4Exception-END --------- WWWW -------

G4WT1 > --> Event 4000 starts with initial seeds (29936171,16051887).
G4WT15 > 
-------- WWWW ------- G4Exception-START -------- WWWW -------
*** G4Exception : Transport-001-ExcessSteps
      issued by : G4Transportation::AlongStepDoIt
 Transportation is killing track that is looping or stuck. 
   Track is e- and has 116.258 MeV energy  ( pre-Step = 116.258 ) 
   momentum = (103.383,48.1677,25.0302) mag= 116.768
   position = (3929.44,2193.05,793.038) is in volume 'MagnetEnvelope',  its material is 'G4_Galactic' with density = 1e-25 g/cm^3 
 Total number of Steps by this track: 3
 Length of this step = 32134.2 mm 
 Number of propagation trials = 1 ( vs maximum = 10 for 'important' particles ) 
   ( Number of *calls* of Transport/AlongStepDoIt = 12118747 )

*** This is just a warning message. ***
-------- WWWW -------- G4Exception-END --------- WWWW -------

G4WT15 > 
-------- WWWW ------- G4Exception-START -------- WWWW -------
*** G4Exception : Transport-001-ExcessSteps
      issued by : G4Transportation::AlongStepDoIt
 Transportation is killing track that is looping or stuck. 
   Track is e- and has 117.249 MeV energy  ( pre-Step = 117.249 ) 
   momentum = (86.0767,78.1031,-18.9144) mag= 117.758
   position = (3987.04,-2086.51,-561.77) is in volume 'MagnetEnvelope',  its material is 'G4_Galactic' with density = 1e-25 g/cm^3 
 Total number of Steps by this track: 210
 Length of this step = 33438.9 mm 
 Number of propagation trials = 1 ( vs maximum = 10 for 'important' particles ) 
   ( Number of *calls* of Transport/AlongStepDoIt = 12308101 )

*** This is just a warning message. ***
-------- WWWW -------- G4Exception-END --------- WWWW -------

G4WT13 > 
-------- WWWW ------- G4Exception-START -------- WWWW -------
*** G4Exception : Transport-001-ExcessSteps
      issued by : G4Transportation::AlongStepDoIt
 Transportation is killing track that is looping or stuck. 
   Track is e- and has 143.242 MeV energy  ( pre-Step = 143.242 ) 
   momentum = (137.348,-42.4287,-0.500846) mag= 143.753
   position = (4309.17,-1296.55,-3.00477) is in volume 'MagnetEnvelope',  its material is 'G4_Galactic' with density = 1e-25 g/cm^3 
 Total number of Steps by this track: 3
 Length of this step = 40552.1 mm 
 Number of propagation trials = 1 ( vs maximum = 10 for 'important' particles ) 
   ( Number of *calls* of Transport/AlongStepDoIt = 12978410 )

*** This is just a warning message. ***
-------- WWWW -------- G4Exception-END --------- WWWW -------

G4WT8 > 
-------- WWWW ------- G4Exception-START -------- WWWW -------
*** G4Exception : Transport-001-ExcessSteps
      issued by : G4Transportation::AlongStepDoIt
 Transportation is killing track that is looping or stuck. 
   Track is e- and has 111.3 MeV energy  ( pre-Step = 111.3 ) 
   momentum = (-19.896,109.312,12.5094) mag= 111.81
   position = (-932.552,4402.31,298.601) is in volume 'MagnetEnvelope',  its material is 'G4_Galactic' with density = 1e-25 g/cm^3 
 Total number of Steps by this track: 5
 Length of this step = 21544.4 mm 
 Number of propagation trials = 1 ( vs maximum = 10 for 'important' particles ) 
   ( Number of *calls* of Transport/AlongStepDoIt = 13750709 )

*** This is just a warning message. ***
-------- WWWW -------- G4Exception-END --------- WWWW -------

G4WT7 > 
-------- WWWW ------- G4Exception-START -------- WWWW -------
*** G4Exception : Transport-001-ExcessSteps
      issued by : G4Transportation::AlongStepDoIt
 Transportation is killing track that is looping or stuck. 
   Track is e- and has 120.61 MeV energy  ( pre-Step = 120.61 ) 
   momentum = (13.6506,-109.385,50.1873) mag= 121.12
   position = (4219.06,-1565.09,1650.56) is in volume 'MagnetEnvelope',  its material is 'G4_Galactic' with density = 1e-25 g/cm^3 
 Total number of Steps by this track: 4
 Length of this step = 28520.2 mm 
 Number of propagation trials = 1 ( vs maximum = 10 for 'important' particles ) 
   ( Number of *calls* of Transport/AlongStepDoIt = 14220208 )

*** This is just a warning message. ***
-------- WWWW -------- G4Exception-END --------- WWWW -------

G4WT13 > 
-------- WWWW ------- G4Exception-START -------- WWWW -------
*** G4Exception : Transport-001-ExcessSteps
      issued by : G4Transportation::AlongStepDoIt
 Transportation is killing track that is looping or stuck. 
   Track is e- and has 114.57 MeV energy  ( pre-Step = 114.57 ) 
   momentum = (-0.0567621,78.8847,-83.7887) mag= 115.08
   position = (158.489,4497.21,-4646.39) is in volume 'MagnetEnvelope',  its material is 'G4_Galactic' with density = 1e-25 g/cm^3 
 Total number of Steps by this track: 8
 Length of this step = 32432.6 mm 
 Number of propagation trials = 1 ( vs maximum = 10 for 'important' particles ) 
   ( Number of *calls* of Transport/AlongStepDoIt = 13176688 )

*** This is just a warning message. ***
-------- WWWW -------- G4Exception-END --------- WWWW -------

G4WT9 > 
-------- WWWW ------- G4Exception-START -------- WWWW -------
*** G4Exception : Transport-001-ExcessSteps
      issued by : G4Transportation::AlongStepDoIt
 Transportation is killing track that is looping or stuck. 
   Track is e- and has 133.342 MeV energy  ( pre-Step = 133.342 ) 
   momentum = (-48.7997,98.4152,-76.4819) mag= 133.852
   position = (-2143.51,3956.68,-3153.49) is in volume 'MagnetEnvelope',  its material is 'G4_Galactic' with density = 1e-25 g/cm^3 
 Total number of Steps by this track: 4
 Length of this step = 35845.2 mm 
 Number of propagation trials = 1 ( vs maximum = 10 for 'important' particles ) 
   ( Number of *calls* of Transport/AlongStepDoIt = 14868578 )

*** This is just a warning message. ***
-------- WWWW -------- G4Exception-END --------- WWWW -------

G4WT12 > 
-------- WWWW ------- G4Exception-START -------- WWWW -------
*** G4Exception : Transport-001-ExcessSteps
      issued by : G4Transportation::AlongStepDoIt
 Transportation is killing track that is looping or stuck. 
   Track is e- and has 149.495 MeV energy  ( pre-Step = 149.495 ) 
   momentum = (-117.036,-82.7734,44.1892) mag= 150.005
   position = (-3752.37,-2483.89,1550.61) is in volume 'MagnetEnvelope',  its material is 'G4_Galactic' with density = 1e-25 g/cm^3 
 Total number of Steps by this track: 4
 Length of this step = 30291.6 mm 
 Number of propagation trials = 1 ( vs maximum = 10 for 'important' particles ) 
   ( Number of *calls* of Transport/AlongStepDoIt = 12519967 )

*** This is just a warning message. ***
-------- WWWW -------- G4Exception-END --------- WWWW -------

G4WT0 > 
-------- WWWW ------- G4Exception-START -------- WWWW -------
*** G4Exception : Transport-001-ExcessSteps
      issued by : G4Transportation::AlongStepDoIt
 Transportation is killing track that is looping or stuck. 
   Track is e+ and has 146.989 MeV energy  ( pre-Step = 146.989 ) 
   momentum = (103.663,101.796,25.4455) mag= 147.499
   position = (3673.79,2598.7,216.02) is in volume 'MagnetEnvelope',  its material is 'G4_Galactic' with density = 1e-25 g/cm^3 
 Total number of Steps by this track: 5
 Length of this step = 27061.1 mm 
 Number of propagation trials = 1 ( vs maximum = 10 for 'important' particles ) 
   ( Number of *calls* of Transport/AlongStepDoIt = 11407606 )

*** This is just a warning message. ***
-------- WWWW -------- G4Exception-END --------- WWWW -------

G4WT9 > --> Event 4500 starts with initial seeds (85064776,32833094).
G4WT4 > 
-------- WWWW ------- G4Exception-START -------- WWWW -------
*** G4Exception : Transport-001-ExcessSteps
      issued by : G4Transportation::AlongStepDoIt
 Transportation is killing track that is looping or stuck. 
   Track is e+ and has 144.52 MeV energy  ( pre-Step = 144.52 ) 
   momentum = (134.836,-53.4124,-0.520509) mag= 145.03
   position = (4220.5,-1561.2,103.807) is in volume 'MagnetEnvelope',  its material is 'G4_Galactic' with density = 1e-25 g/cm^3 
 Total number of Steps by this track: 2
 Length of this step = 26144.3 mm 
 Number of propagation trials = 1 ( vs maximum = 10 for 'important' particles ) 
   ( Number of *calls* of Transport/AlongStepDoIt = 13890935 )

*** This is just a warning message. ***
-------- WWWW -------- G4Exception-END --------- WWWW -------

G4WT13 > 
-------- WWWW ------- G4Exception-START -------- WWWW -------
*** G4Exception : Transport-001-ExcessSteps
      issued by : G4Transportation::AlongStepDoIt
 Transportation is killing track that is looping or stuck. 
   Track is e+ and has 179.169 MeV energy  ( pre-Step = 179.169 ) 
   momentum = (115.953,114.473,75.7345) mag= 179.68
   position = (6104.59,5991.85,3630.46) is in volume 'MagnetEnvelope',  its material is 'G4_Galactic' with density = 1e-25 g/cm^3 
 Total number of Steps by this track: 5
 Length of this step = 40680.3 mm 
 Number of propagation trials = 1 ( vs maximum = 10 for 'important' particles ) 
   ( Number of *calls* of Transport/AlongStepDoIt = 14334542 )

*** This is just a warning message. ***
-------- WWWW -------- G4Exception-END --------- WWWW -------

G4WT11 > 
-------- WWWW ------- G4Exception-START -------- WWWW -------
*** G4Exception : Transport-001-ExcessSteps
      issued by : G4Transportation::AlongStepDoIt
 Transportation is killing track that is looping or stuck. 
   Track is e+ and has 178.769 MeV energy  ( pre-Step = 178.769 ) 
   momentum = (152.557,-49.1258,-80.3376) mag= 179.28
   position = (4204.34,-1604.23,-2219.07) is in volume 'MagnetEnvelope',  its material is 'G4_Galactic' with density = 1e-25 g/cm^3 
 Total number of Steps by this track: 2
 Length of this step = 35489 mm 
 Number of propagation trials = 1 ( vs maximum = 10 for 'important' particles ) 
   ( Number of *calls* of Transport/AlongStepDoIt = 13387727 )

*** This is just a warning message. ***
-------- WWWW -------- G4Exception-END --------- WWWW -------

G4WT3 > 
-------- WWWW ------- G4Exception-START -------- WWWW -------
*** G4Exception : Transport-001-ExcessSteps
      issued by : G4Transportation::AlongStepDoIt
 Transportation is killing track that is looping or stuck. 
   Track is e+ and has 190.626 MeV energy  ( pre-Step = 190.626 ) 
   momentum = (-171.677,-76.2187,35.3645) mag= 191.136
   position = (-4148.64,-1743.22,916.027) is in volume 'MagnetEnvelope',  its material is 'G4_Galactic' with density = 1e-25 g/cm^3 
 Total number of Steps by this track: 2
 Length of this step = 41076 mm 
 Number of propagation trials = 1 ( vs maximum = 10 for 'important' particles ) 
   ( Number of *calls* of Transport/AlongStepDoIt = 15411018 )

*** This is just a warning message. ***
-------- WWWW -------- G4Exception-END --------- WWWW -------

G4WT0 > 
-------- WWWW ------- G4Exception-START -------- WWWW -------
*** G4Exception : Transport-001-ExcessSteps
      issued by : G4Transportation::AlongStepDoIt
 Transportation is killing track that is looping or stuck. 
   Track is e- and has 135.563 MeV energy  ( pre-Step = 135.563 ) 
   momentum = (-47.775,-101.284,77.2981) mag= 136.073
   position = (-1743.01,-4148.72,3707.9) is in volume 'MagnetEnvelope',  its material is 'G4_Galactic' with density = 1e-25 g/cm^3 
 Total number of Steps by this track: 3
 Length of this step = 36617.6 mm 
 Number of propagation trials = 1 ( vs maximum = 10 for 'important' particles ) 
   ( Number of *calls* of Transport/AlongStepDoIt = 12051527 )

*** This is just a warning message. ***
-------- WWWW -------- G4Exception-END --------- WWWW -------

G4WT3 > 
-------- WWWW ------- G4Exception-START -------- WWWW -------
*** G4Exception : Transport-001-ExcessSteps
      issued by : G4Transportation::AlongStepDoIt
 Transportation is killing track that is looping or stuck. 
   Track is e- and has 124.556 MeV energy  ( pre-Step = 124.556 ) 
   momentum = (-100.615,-49.9045,-55.0259) mag= 125.066
   position = (-3731.64,-2514.93,-1912.64) is in volume 'MagnetEnvelope',  its material is 'G4_Galactic' with density = 1e-25 g/cm^3 
 Total number of Steps by this track: 5
 Length of this step = 27067.9 mm 
 Number of propagation trials = 1 ( vs maximum = 10 for 'important' particles ) 
   ( Number of *calls* of Transport/AlongStepDoIt = 15521679 )

*** This is just a warning message. ***
-------- WWWW -------- G4Exception-END --------- WWWW -------

G4WT3 > 
-------- WWWW ------- G4Exception-START -------- WWWW -------
*** G4Exception : Transport-001-ExcessSteps
      issued by : G4Transportation::AlongStepDoIt
 Transportation is killing track that is looping or stuck. 
   Track is e+ and has 177.498 MeV energy  ( pre-Step = 177.498 ) 
   momentum = (-158.329,-71.9431,37.9868) mag= 178.008
   position = (-4069.37,-1921,1093.96) is in volume 'MagnetEnvelope',  its material is 'G4_Galactic' with density = 1e-25 g/cm^3 
 Total number of Steps by this track: 6
 Length of this step = 31417.5 mm 
 Number of propagation trials = 1 ( vs maximum = 10 for 'important' particles ) 
   ( Number of *calls* of Transport/AlongStepDoIt = 15627508 )

*** This is just a warning message. ***
-------- WWWW -------- G4Exception-END --------- WWWW -------

G4WT13 > 
-------- WWWW ------- G4Exception-START -------- WWWW -------
*** G4Exception : Transport-001-ExcessSteps
      issued by : G4Transportation::AlongStepDoIt
 Transportation is killing track that is looping or stuck. 
   Track is e+ and has 100.871 MeV energy  ( pre-Step = 100.871 ) 
   momentum = (-7.07955,-67.8624,-74.9842) mag= 101.381
   position = (-414.171,-4480.9,-4517.62) is in volume 'MagnetEnvelope',  its material is 'G4_Galactic' with density = 1e-25 g/cm^3 
 Total number of Steps by this track: 6
 Length of this step = 31489.3 mm 
 Number of propagation trials = 1 ( vs maximum = 10 for 'important' particles ) 
   ( Number of *calls* of Transport/AlongStepDoIt = 15224080 )

*** This is just a warning message. ***
-------- WWWW -------- G4Exception-END --------- WWWW -------

G4WT5 > 
-------- WWWW ------- G4Exception-START -------- WWWW -------
*** G4Exception : Transport-001-ExcessSteps
      issued by : G4Transportation::AlongStepDoIt
 Transportation is killing track that is looping or stuck. 
   Track is e- and has 124.732 MeV energy  ( pre-Step = 124.732 ) 
   momentum = (6.90107,80.5101,-95.6872) mag= 125.242
   position = (434.303,4085.28,-5000) is in volume 'MagnetEnvelope',  its material is 'G4_Galactic' with density = 1e-25 g/cm^3 
 Total number of Steps by this track: 3
 Length of this step = 33676.4 mm 
 Number of propagation trials = 1 ( vs maximum = 10 for 'important' particles ) 
   ( Number of *calls* of Transport/AlongStepDoIt = 13245728 )

*** This is just a warning message. ***
-------- WWWW -------- G4Exception-END --------- WWWW -------

G4WT2 > 
-------- WWWW ------- G4Exception-START -------- WWWW -------
*** G4Exception : Transport-001-ExcessSteps
      issued by : G4Transportation::AlongStepDoIt
 Transportation is killing track that is looping or stuck. 
   Track is e- and has 187.38 MeV energy  ( pre-Step = 187.38 ) 
   momentum = (-167.693,77.3789,34.5611) mag= 187.89
   position = (-4066.11,1927.89,874.484) is in volume 'MagnetEnvelope',  its material is 'G4_Galactic' with density = 1e-25 g/cm^3 
 Total number of Steps by this track: 7
 Length of this step = 32506.3 mm 
 Number of propagation trials = 1 ( vs maximum = 10 for 'important' particles ) 
   ( Number of *calls* of Transport/AlongStepDoIt = 15499391 )

*** This is just a warning message. ***
-------- WWWW -------- G4Exception-END --------- WWWW -------

G4WT7 > 
-------- WWWW ------- G4Exception-START -------- WWWW -------
*** G4Exception : Transport-001-ExcessSteps
      issued by : G4Transportation::AlongStepDoIt
 Transportation is killing track that is looping or stuck. 
   Track is e+ and has 128.612 MeV energy  ( pre-Step = 128.612 ) 
   momentum = (91.1386,91.4232,-2.82427) mag= 129.122
   position = (3934.99,-2183.08,1476.07) is in volume 'MagnetEnvelope',  its material is 'G4_Galactic' with density = 1e-25 g/cm^3 
 Total number of Steps by this track: 221
 Length of this step = 34590.4 mm 
 Number of propagation trials = 1 ( vs maximum = 10 for 'important' particles ) 
   ( Number of *calls* of Transport/AlongStepDoIt = 16135990 )

*** This is just a warning message. ***
-------- WWWW -------- G4Exception-END --------- WWWW -------

G4WT1 > 
-------- WWWW ------- G4Exception-START -------- WWWW -------
*** G4Exception : Transport-001-ExcessSteps
      issued by : G4Transportation::AlongStepDoIt
 Transportation is killing track that is looping or stuck. 
   Track is e+ and has 100.503 MeV energy  ( pre-Step = 100.503 ) 
   momentum = (-70.4643,-51.5205,50.8334) mag= 101.013
   position = (-3721.7,-2529.61,2665.43) is in volume 'MagnetEnvelope',  its material is 'G4_Galactic' with density = 1e-25 g/cm^3 
 Total number of Steps by this track: 2
 Length of this step = 25185.4 mm 
 Number of propagation trials = 1 ( vs maximum = 10 for 'important' particles ) 
   ( Number of *calls* of Transport/AlongStepDoIt = 14332060 )

*** This is just a warning message. ***
-------- WWWW -------- G4Exception-END --------- WWWW -------

G4WT11 > 
-------- WWWW ------- G4Exception-START -------- WWWW -------
*** G4Exception : Transport-001-ExcessSteps
      issued by : G4Transportation::AlongStepDoIt
 Transportation is killing track that is looping or stuck. 
   Track is e+ and has 108.879 MeV energy  ( pre-Step = 108.879 ) 
   momentum = (-4.82106,51.7311,96.2627) mag= 109.389
   position = (187.235,4496.1,4084.53) is in volume 'MagnetEnvelope',  its material is 'G4_Galactic' with density = 1e-25 g/cm^3 
 Total number of Steps by this track: 8
 Length of this step = 27605.9 mm 
 Number of propagation trials = 1 ( vs maximum = 10 for 'important' particles ) 
   ( Number of *calls* of Transport/AlongStepDoIt = 14546441 )

*** This is just a warning message. ***
-------- WWWW -------- G4Exception-END --------- WWWW -------

G4WT8 > 
-------- WWWW ------- G4Exception-START -------- WWWW -------
*** G4Exception : Transport-001-ExcessSteps
      issued by : G4Transportation::AlongStepDoIt
 Transportation is killing track that is looping or stuck. 
   Track is e- and has 119.096 MeV energy  ( pre-Step = 119.096 ) 
   momentum = (119.175,-10.1222,0.683021) mag= 119.606
   position = (3886.99,-2267.44,339.766) is in volume 'MagnetEnvelope',  its material is 'G4_Galactic' with density = 1e-25 g/cm^3 
 Total number of Steps by this track: 71
 Length of this step = 27441.7 mm 
 Number of propagation trials = 1 ( vs maximum = 10 for 'important' particles ) 
   ( Number of *calls* of Transport/AlongStepDoIt = 16233405 )

*** This is just a warning message. ***
-------- WWWW -------- G4Exception-END --------- WWWW -------

G4WT0 > 
-------- WWWW ------- G4Exception-START -------- WWWW -------
*** G4Exception : Transport-001-ExcessSteps
      issued by : G4Transportation::AlongStepDoIt
 Transportation is killing track that is looping or stuck. 
   Track is e+ and has 200.359 MeV energy  ( pre-Step = 200.359 ) 
   momentum = (60.9475,-185.572,-46.8718) mag= 200.869
   position = (1974.99,-4043.44,-43.0251) is in volume 'MagnetEnvelope',  its material is 'G4_Galactic' with density = 1e-25 g/cm^3 
 Total number of Steps by this track: 2
 Length of this step = 34639.8 mm 
 Number of propagation trials = 1 ( vs maximum = 10 for 'important' particles ) 
   ( Number of *calls* of Transport/AlongStepDoIt = 13074359 )

*** This is just a warning message. ***
-------- WWWW -------- G4Exception-END --------- WWWW -------

G4WT2 > 
-------- WWWW ------- G4Exception-START -------- WWWW -------
*** G4Exception : Transport-001-ExcessSteps
      issued by : G4Transportation::AlongStepDoIt
 Transportation is killing track that is looping or stuck. 
   Track is e+ and has 109.321 MeV energy  ( pre-Step = 109.321 ) 
   momentum = (-12.2943,-104.372,31.9084) mag= 109.831
   position = (3548.5,6636.03,1535.02) is in volume 'MagnetEnvelope',  its material is 'G4_Galactic' with density = 1e-25 g/cm^3 
 Total number of Steps by this track: 1
 Length of this step = 25254.9 mm 
 Number of propagation trials = 1 ( vs maximum = 10 for 'important' particles ) 
   ( Number of *calls* of Transport/AlongStepDoIt = 16296456 )

*** This is just a warning message. ***
-------- WWWW -------- G4Exception-END --------- WWWW -------

G4WT3 > --> Event 5000 starts with initial seeds (35832004,60954409).
G4WT7 > 
-------- WWWW ------- G4Exception-START -------- WWWW -------
*** G4Exception : Transport-001-ExcessSteps
      issued by : G4Transportation::AlongStepDoIt
 Transportation is killing track that is looping or stuck. 
   Track is e+ and has 100.528 MeV energy  ( pre-Step = 100.528 ) 
   momentum = (-95.8472,-31.6044,4.79825) mag= 101.037
   position = (-4317.32,-1269.17,356.603) is in volume 'MagnetEnvelope',  its material is 'G4_Galactic' with density = 1e-25 g/cm^3 
 Total number of Steps by this track: 3
 Length of this step = 27423.5 mm 
 Number of propagation trials = 1 ( vs maximum = 10 for 'important' particles ) 
   ( Number of *calls* of Transport/AlongStepDoIt = 16806101 )

*** This is just a warning message. ***
-------- WWWW -------- G4Exception-END --------- WWWW -------

G4WT9 > 
-------- WWWW ------- G4Exception-START -------- WWWW -------
*** G4Exception : Transport-001-ExcessSteps
      issued by : G4Transportation::AlongStepDoIt
 Transportation is killing track that is looping or stuck. 
   Track is e- and has 198.84 MeV energy  ( pre-Step = 198.84 ) 
   momentum = (176.196,90.4129,22.8288) mag= 199.35
   position = (3928.73,2194.33,509.575) is in volume 'MagnetEnvelope',  its material is 'G4_Galactic' with density = 1e-25 g/cm^3 
 Total number of Steps by this track: 2
 Length of this step = 37662.9 mm 
 Number of propagation trials = 1 ( vs maximum = 10 for 'important' particles ) 
   ( Number of *calls* of Transport/AlongStepDoIt = 17551123 )

*** This is just a warning message. ***
-------- WWWW -------- G4Exception-END --------- WWWW -------

G4WT4 > 
-------- WWWW ------- G4Exception-START -------- WWWW -------
*** G4Exception : Transport-001-ExcessSteps
      issued by : G4Transportation::AlongStepDoIt
 Transportation is killing track that is looping or stuck. 
   Track is e+ and has 148.173 MeV energy  ( pre-Step = 148.173 ) 
   momentum = (139.462,48.5686,-17.2601) mag= 148.683
   position = (4220.09,1562.32,-486.127) is in volume 'MagnetEnvelope',  its material is 'G4_Galactic' with density = 1e-25 g/cm^3 
 Total number of Steps by this track: 2
 Length of this step = 32783.9 mm 
 Number of propagation trials = 1 ( vs maximum = 10 for 'important' particles ) 
   ( Number of *calls* of Transport/AlongStepDoIt = 15420583 )

*** This is just a warning message. ***
-------- WWWW -------- G4Exception-END --------- WWWW -------

G4WT14 > 
-------- WWWW ------- G4Exception-START -------- WWWW -------
*** G4Exception : Transport-001-ExcessSteps
      issued by : G4Transportation::AlongStepDoIt
 Transportation is killing track that is looping or stuck. 
   Track is e+ and has 118.681 MeV energy  ( pre-Step = 118.681 ) 
   momentum = (-17.9484,98.1909,65.1377) mag= 119.191
   position = (-1451.7,4259.41,1282.71) is in volume 'MagnetEnvelope',  its material is 'G4_Galactic' with density = 1e-25 g/cm^3 
 Total number of Steps by this track: 33
 Length of this step = 37587.7 mm 
 Number of propagation trials = 1 ( vs maximum = 10 for 'important' particles ) 
   ( Number of *calls* of Transport/AlongStepDoIt = 15981971 )

*** This is just a warning message. ***
-------- WWWW -------- G4Exception-END --------- WWWW -------

G4WT8 > 
-------- WWWW ------- G4Exception-START -------- WWWW -------
*** G4Exception : Transport-001-ExcessSteps
      issued by : G4Transportation::AlongStepDoIt
 Transportation is killing track that is looping or stuck. 
   Track is e- and has 142.527 MeV energy  ( pre-Step = 142.527 ) 
   momentum = (138.65,30.4115,-17.6365) mag= 143.037
   position = (4391.1,984.004,-499.946) is in volume 'MagnetEnvelope',  its material is 'G4_Galactic' with density = 1e-25 g/cm^3 
 Total number of Steps by this track: 2
 Length of this step = 35763.7 mm 
 Number of propagation trials = 1 ( vs maximum = 10 for 'important' particles ) 
   ( Number of *calls* of Transport/AlongStepDoIt = 17180062 )

*** This is just a warning message. ***
-------- WWWW -------- G4Exception-END --------- WWWW -------

G4WT3 > 
-------- WWWW ------- G4Exception-START -------- WWWW -------
*** G4Exception : Transport-001-ExcessSteps
      issued by : G4Transportation::AlongStepDoIt
 Transportation is killing track that is looping or stuck. 
   Track is e+ and has 233.012 MeV energy  ( pre-Step = 233.012 ) 
   momentum = (-100.963,-205.258,-46.9928) mag= 233.522
   position = (-1664.57,-4180.82,724.73) is in volume 'MagnetEnvelope',  its material is 'G4_Galactic' with density = 1e-25 g/cm^3 
 Total number of Steps by this track: 4
 Length of this step = 38863.2 mm 
 Number of propagation trials = 1 ( vs maximum = 10 for 'important' particles ) 
   ( Number of *calls* of Transport/AlongStepDoIt = 18064244 )

*** This is just a warning message. ***
-------- WWWW -------- G4Exception-END --------- WWWW -------

G4WT14 > 
-------- WWWW ------- G4Exception-START -------- WWWW -------
*** G4Exception : Transport-001-ExcessSteps
      issued by : G4Transportation::AlongStepDoIt
 Transportation is killing track that is looping or stuck. 
   Track is e+ and has 113.458 MeV energy  ( pre-Step = 113.458 ) 
   momentum = (84.7572,49.9051,57.5716) mag= 113.968
   position = (3815.79,-2385.32,1461.33) is in volume 'MagnetEnvelope',  its material is 'G4_Galactic' with density = 1e-25 g/cm^3 
 Total number of Steps by this track: 2
 Length of this step = 26673.7 mm 
 Number of propagation trials = 1 ( vs maximum = 10 for 'important' particles ) 
   ( Number of *calls* of Transport/AlongStepDoIt = 16712457 )

*** This is just a warning message. ***
-------- WWWW -------- G4Exception-END --------- WWWW -------

G4WT4 > 
-------- WWWW ------- G4Exception-START -------- WWWW -------
*** G4Exception : Transport-001-ExcessSteps
      issued by : G4Transportation::AlongStepDoIt
 Transportation is killing track that is looping or stuck. 
   Track is e- and has 183.893 MeV energy  ( pre-Step = 183.893 ) 
   momentum = (169.205,-55.8943,47.4329) mag= 184.403
   position = (4332.55,-1216.15,1112.24) is in volume 'MagnetEnvelope',  its material is 'G4_Galactic' with density = 1e-25 g/cm^3 
 Total number of Steps by this track: 2
 Length of this step = 39228.6 mm 
 Number of propagation trials = 1 ( vs maximum = 10 for 'important' particles ) 
   ( Number of *calls* of Transport/AlongStepDoIt = 16200750 )

*** This is just a warning message. ***
-------- WWWW -------- G4Exception-END --------- WWWW -------

G4WT6 > 
-------- WWWW ------- G4Exception-START -------- WWWW -------
*** G4Exception : Transport-001-ExcessSteps
      issued by : G4Transportation::AlongStepDoIt
 Transportation is killing track that is looping or stuck. 
   Track is e+ and has 109.453 MeV energy  ( pre-Step = 109.453 ) 
   momentum = (-107.221,-10.2718,-22.1338) mag= 109.963
   position = (-3746.69,2492.45,-3406.18) is in volume 'MagnetEnvelope',  its material is 'G4_Galactic' with density = 1e-25 g/cm^3 
 Total number of Steps by this track: 2
 Length of this step = 26934.1 mm 
 Number of propagation trials = 1 ( vs maximum = 10 for 'important' particles ) 
   ( Number of *calls* of Transport/AlongStepDoIt = 18588077 )

*** This is just a warning message. ***
-------- WWWW -------- G4Exception-END --------- WWWW -------

G4WT11 > 
-------- WWWW ------- G4Exception-START -------- WWWW -------
*** G4Exception : Transport-001-ExcessSteps
      issued by : G4Transportation::AlongStepDoIt
 Transportation is killing track that is looping or stuck. 
   Track is e- and has 130.251 MeV energy  ( pre-Step = 130.251 ) 
   momentum = (42.3035,85.3754,-89.5539) mag= 130.761
   position = (2138.06,3959.64,-4208.04) is in volume 'MagnetEnvelope',  its material is 'G4_Galactic' with density = 1e-25 g/cm^3 
 Total number of Steps by this track: 2
 Length of this step = 39160.7 mm 
 Number of propagation trials = 1 ( vs maximum = 10 for 'important' particles ) 
   ( Number of *calls* of Transport/AlongStepDoIt = 16810539 )

*** This is just a warning message. ***
-------- WWWW -------- G4Exception-END --------- WWWW -------

G4WT14 > --> Event 5500 starts with initial seeds (94052550,23136133).
G4WT10 > 
-------- WWWW ------- G4Exception-START -------- WWWW -------
*** G4Exception : Transport-001-ExcessSteps
      issued by : G4Transportation::AlongStepDoIt
 Transportation is killing track that is looping or stuck. 
   Track is e+ and has 161.677 MeV energy  ( pre-Step = 161.677 ) 
   momentum = (-48.4423,72.8172,-136.586) mag= 162.187
   position = (-3900.26,2244.54,1344.63) is in volume 'MagnetEnvelope',  its material is 'G4_Galactic' with density = 1e-25 g/cm^3 
 Total number of Steps by this track: 353
 Length of this step = 31915.6 mm 
 Number of propagation trials = 1 ( vs maximum = 10 for 'important' particles ) 
   ( Number of *calls* of Transport/AlongStepDoIt = 16357220 )

*** This is just a warning message. ***
-------- WWWW -------- G4Exception-END --------- WWWW -------

G4WT15 > 
-------- WWWW ------- G4Exception-START -------- WWWW -------
*** G4Exception : Transport-001-ExcessSteps
      issued by : G4Transportation::AlongStepDoIt
 Transportation is killing track that is looping or stuck. 
   Track is e- and has 125.397 MeV energy  ( pre-Step = 125.397 ) 
   momentum = (90.9286,-81.064,-31.8294) mag= 125.907
   position = (4114.33,1822.72,312.713) is in volume 'MagnetEnvelope',  its material is 'G4_Galactic' with density = 1e-25 g/cm^3 
 Total number of Steps by this track: 203
 Length of this step = 32138.9 mm 
 Number of propagation trials = 1 ( vs maximum = 10 for 'important' particles ) 
   ( Number of *calls* of Transport/AlongStepDoIt = 17234810 )

*** This is just a warning message. ***
-------- WWWW -------- G4Exception-END --------- WWWW -------

G4WT1 > 
-------- WWWW ------- G4Exception-START -------- WWWW -------
*** G4Exception : Transport-001-ExcessSteps
      issued by : G4Transportation::AlongStepDoIt
 Transportation is killing track that is looping or stuck. 
   Track is e- and has 174.779 MeV energy  ( pre-Step = 174.779 ) 
   momentum = (-61.2578,164.158,5.07274) mag= 175.289
   position = (-1607.61,4203.05,-37.1126) is in volume 'MagnetEnvelope',  its material is 'G4_Galactic' with density = 1e-25 g/cm^3 
 Total number of Steps by this track: 2
 Length of this step = 28924.2 mm 
 Number of propagation trials = 1 ( vs maximum = 10 for 'important' particles ) 
   ( Number of *calls* of Transport/AlongStepDoIt = 17413292 )

*** This is just a warning message. ***
-------- WWWW -------- G4Exception-END --------- WWWW -------

G4WT11 > 
-------- WWWW ------- G4Exception-START -------- WWWW -------
*** G4Exception : Transport-001-ExcessSteps
      issued by : G4Transportation::AlongStepDoIt
 Transportation is killing track that is looping or stuck. 
   Track is e+ and has 120.543 MeV energy  ( pre-Step = 120.543 ) 
   momentum = (-114.431,39.2745,-4.09851) mag= 121.052
   position = (-4372.59,1063.24,325.164) is in volume 'MagnetEnvelope',  its material is 'G4_Galactic' with density = 1e-25 g/cm^3 
 Total number of Steps by this track: 3
 Length of this step = 31865.3 mm 
 Number of propagation trials = 1 ( vs maximum = 10 for 'important' particles ) 
   ( Number of *calls* of Transport/AlongStepDoIt = 18198539 )

*** This is just a warning message. ***
-------- WWWW -------- G4Exception-END --------- WWWW -------

G4WT4 > 
-------- WWWW ------- G4Exception-START -------- WWWW -------
*** G4Exception : Transport-001-ExcessSteps
      issued by : G4Transportation::AlongStepDoIt
 Transportation is killing track that is looping or stuck. 
   Track is e- and has 131.29 MeV energy  ( pre-Step = 131.29 ) 
   momentum = (-128.826,-25.0622,12.1323) mag= 131.8
   position = (-4258.2,-1455.26,3275.2) is in volume 'MagnetEnvelope',  its material is 'G4_Galactic' with density = 1e-25 g/cm^3 
 Total number of Steps by this track: 31
 Length of this step = 24191.1 mm 
 Number of propagation trials = 1 ( vs maximum = 10 for 'important' particles ) 
   ( Number of *calls* of Transport/AlongStepDoIt = 18345855 )

*** This is just a warning message. ***
-------- WWWW -------- G4Exception-END --------- WWWW -------

G4WT4 > 
-------- WWWW ------- G4Exception-START -------- WWWW -------
*** G4Exception : Transport-001-ExcessSteps
      issued by : G4Transportation::AlongStepDoIt
 Transportation is killing track that is looping or stuck. 
   Track is e- and has 158.044 MeV energy  ( pre-Step = 158.044 ) 
   momentum = (-131.933,-45.8007,-75.0687) mag= 158.554
   position = (-662.375,-4450.98,2018.53) is in volume 'MagnetEnvelope',  its material is 'G4_Galactic' with density = 1e-25 g/cm^3 
 Total number of Steps by this track: 6
 Length of this step = 26239.2 mm 
 Number of propagation trials = 1 ( vs maximum = 10 for 'important' particles ) 
   ( Number of *calls* of Transport/AlongStepDoIt = 18449786 )

*** This is just a warning message. ***
-------- WWWW -------- G4Exception-END --------- WWWW -------

G4WT13 > 
-------- WWWW ------- G4Exception-START -------- WWWW -------
*** G4Exception : Transport-001-ExcessSteps
      issued by : G4Transportation::AlongStepDoIt
 Transportation is killing track that is looping or stuck. 
   Track is e- and has 155.781 MeV energy  ( pre-Step = 155.781 ) 
   momentum = (-42.2437,149.965,12.3729) mag= 156.292
   position = (-1113.6,4360.03,-186.014) is in volume 'MagnetEnvelope',  its material is 'G4_Galactic' with density = 1e-25 g/cm^3 
 Total number of Steps by this track: 4
 Length of this step = 33395.5 mm 
 Number of propagation trials = 1 ( vs maximum = 10 for 'important' particles ) 
   ( Number of *calls* of Transport/AlongStepDoIt = 19561048 )

*** This is just a warning message. ***
-------- WWWW -------- G4Exception-END --------- WWWW -------

G4WT13 > 
-------- WWWW ------- G4Exception-START -------- WWWW -------
*** G4Exception : Transport-001-ExcessSteps
      issued by : G4Transportation::AlongStepDoIt
 Transportation is killing track that is looping or stuck. 
   Track is e- and has 108.026 MeV energy  ( pre-Step = 108.026 ) 
   momentum = (97.2891,42.8557,-21.8694) mag= 108.536
   position = (4302.78,-1317.6,-337.28) is in volume 'MagnetEnvelope',  its material is 'G4_Galactic' with density = 1e-25 g/cm^3 
 Total number of Steps by this track: 139
 Length of this step = 24195.2 mm 
 Number of propagation trials = 1 ( vs maximum = 10 for 'important' particles ) 
   ( Number of *calls* of Transport/AlongStepDoIt = 19677356 )

*** This is just a warning message. ***
-------- WWWW -------- G4Exception-END --------- WWWW -------

G4WT2 > 
-------- WWWW ------- G4Exception-START -------- WWWW -------
*** G4Exception : Transport-001-ExcessSteps
      issued by : G4Transportation::AlongStepDoIt
 Transportation is killing track that is looping or stuck. 
   Track is e+ and has 103.109 MeV energy  ( pre-Step = 103.109 ) 
   momentum = (-83.9991,60.327,-6.44647) mag= 103.618
   position = (-3663.98,2612.52,136.773) is in volume 'MagnetEnvelope',  its material is 'G4_Galactic' with density = 1e-25 g/cm^3 
 Total number of Steps by this track: 2
 Length of this step = 23259.5 mm 
 Number of propagation trials = 1 ( vs maximum = 10 for 'important' particles ) 
   ( Number of *calls* of Transport/AlongStepDoIt = 20354516 )

*** This is just a warning message. ***
-------- WWWW -------- G4Exception-END --------- WWWW -------

G4WT0 > 
-------- WWWW ------- G4Exception-START -------- WWWW -------
*** G4Exception : Transport-001-ExcessSteps
      issued by : G4Transportation::AlongStepDoIt
 Transportation is killing track that is looping or stuck. 
   Track is e+ and has 200.204 MeV energy  ( pre-Step = 200.204 ) 
   momentum = (-14.8835,100.961,-172.834) mag= 200.715
   position = (-3406.79,2940.03,4203.27) is in volume 'MagnetEnvelope',  its material is 'G4_Galactic' with density = 1e-25 g/cm^3 
 Total number of Steps by this track: 7
 Length of this step = 37473.8 mm 
 Number of propagation trials = 1 ( vs maximum = 10 for 'important' particles ) 
   ( Number of *calls* of Transport/AlongStepDoIt = 16440024 )

*** This is just a warning message. ***
-------- WWWW -------- G4Exception-END --------- WWWW -------

G4WT5 > 
-------- WWWW ------- G4Exception-START -------- WWWW -------
*** G4Exception : Transport-001-ExcessSteps
      issued by : G4Transportation::AlongStepDoIt
 Transportation is killing track that is looping or stuck. 
   Track is e+ and has 136.244 MeV energy  ( pre-Step = 136.244 ) 
   momentum = (111.417,-72.5953,-31.9037) mag= 136.754
   position = (3951.74,2152.62,-1607.58) is in volume 'MagnetEnvelope',  its material is 'G4_Galactic' with density = 1e-25 g/cm^3 
 Total number of Steps by this track: 144
 Length of this step = 35084.7 mm 
 Number of propagation trials = 1 ( vs maximum = 10 for 'important' particles ) 
   ( Number of *calls* of Transport/AlongStepDoIt = 17294270 )

*** This is just a warning message. ***
-------- WWWW -------- G4Exception-END --------- WWWW -------

G4WT14 > 
-------- WWWW ------- G4Exception-START -------- WWWW -------
*** G4Exception : Transport-001-ExcessSteps
      issued by : G4Transportation::AlongStepDoIt
 Transportation is killing track that is looping or stuck. 
   Track is e- and has 114.997 MeV energy  ( pre-Step = 114.997 ) 
   momentum = (-14.9979,-98.843,57.8537) mag= 115.507
   position = (-6967.93,-5991.85,2335) is in volume 'MagnetEnvelope',  its material is 'G4_Galactic' with density = 1e-25 g/cm^3 
 Total number of Steps by this track: 4
 Length of this step = 29637.7 mm 
 Number of propagation trials = 1 ( vs maximum = 10 for 'important' particles ) 
   ( Number of *calls* of Transport/AlongStepDoIt = 18868516 )

*** This is just a warning message. ***
-------- WWWW -------- G4Exception-END --------- WWWW -------

G4WT12 > 
-------- WWWW ------- G4Exception-START -------- WWWW -------
*** G4Exception : Transport-001-ExcessSteps
      issued by : G4Transportation::AlongStepDoIt
 Transportation is killing track that is looping or stuck. 
   Track is e- and has 154.52 MeV energy  ( pre-Step = 154.52 ) 
   momentum = (141.371,54.4398,32.9383) mag= 155.03
   position = (4228.15,1540.38,934.813) is in volume 'MagnetEnvelope',  its material is 'G4_Galactic' with density = 1e-25 g/cm^3 
 Total number of Steps by this track: 4
 Length of this step = 31877.5 mm 
 Number of propagation trials = 1 ( vs maximum = 10 for 'important' particles ) 
   ( Number of *calls* of Transport/AlongStepDoIt = 17559216 )

*** This is just a warning message. ***
-------- WWWW -------- G4Exception-END --------- WWWW -------

G4WT2 > 
-------- WWWW ------- G4Exception-START -------- WWWW -------
*** G4Exception : Transport-001-ExcessSteps
      issued by : G4Transportation::AlongStepDoIt
 Transportation is killing track that is looping or stuck. 
   Track is e+ and has 133.413 MeV energy  ( pre-Step = 133.413 ) 
   momentum = (102.506,72.1448,47.1477) mag= 133.923
   position = (3715.26,2539.06,1536.2) is in volume 'MagnetEnvelope',  its material is 'G4_Galactic' with density = 1e-25 g/cm^3 
 Total number of Steps by this track: 4
 Length of this step = 25878.8 mm 
 Number of propagation trials = 1 ( vs maximum = 10 for 'important' particles ) 
   ( Number of *calls* of Transport/AlongStepDoIt = 21338047 )

*** This is just a warning message. ***
-------- WWWW -------- G4Exception-END --------- WWWW -------

G4WT1 > --> Event 6000 starts with initial seeds (20769678,89648281).
G4WT7 > 
-------- WWWW ------- G4Exception-START -------- WWWW -------
*** G4Exception : Transport-001-ExcessSteps
      issued by : G4Transportation::AlongStepDoIt
 Transportation is killing track that is looping or stuck. 
   Track is e- and has 167.756 MeV energy  ( pre-Step = 167.756 ) 
   momentum = (135.087,74.8973,66.7494) mag= 168.267
   position = (3865.52,2303.86,2007.66) is in volume 'MagnetEnvelope',  its material is 'G4_Galactic' with density = 1e-25 g/cm^3 
 Total number of Steps by this track: 4
 Length of this step = 31478.6 mm 
 Number of propagation trials = 1 ( vs maximum = 10 for 'important' particles ) 
   ( Number of *calls* of Transport/AlongStepDoIt = 20991799 )

*** This is just a warning message. ***
-------- WWWW -------- G4Exception-END --------- WWWW -------

G4WT4 > 
-------- WWWW ------- G4Exception-START -------- WWWW -------
*** G4Exception : Transport-001-ExcessSteps
      issued by : G4Transportation::AlongStepDoIt
 Transportation is killing track that is looping or stuck. 
   Track is e+ and has 115.258 MeV energy  ( pre-Step = 115.258 ) 
   momentum = (25.5117,-73.4587,-85.7629) mag= 115.768
   position = (471.509,-3878.94,-5000) is in volume 'MagnetEnvelope',  its material is 'G4_Galactic' with density = 1e-25 g/cm^3 
 Total number of Steps by this track: 6
 Length of this step = 38972.6 mm 
 Number of propagation trials = 1 ( vs maximum = 10 for 'important' particles ) 
   ( Number of *calls* of Transport/AlongStepDoIt = 19574073 )

*** This is just a warning message. ***
-------- WWWW -------- G4Exception-END --------- WWWW -------

G4WT12 > 
-------- WWWW ------- G4Exception-START -------- WWWW -------
*** G4Exception : Transport-001-ExcessSteps
      issued by : G4Transportation::AlongStepDoIt
 Transportation is killing track that is looping or stuck. 
   Track is e+ and has 138.225 MeV energy  ( pre-Step = 138.225 ) 
   momentum = (113.893,79.1451,3.46344) mag= 138.735
   position = (3714.94,2539.53,77.3761) is in volume 'MagnetEnvelope',  its material is 'G4_Galactic' with density = 1e-25 g/cm^3 
 Total number of Steps by this track: 4
 Length of this step = 30494.4 mm 
 Number of propagation trials = 1 ( vs maximum = 10 for 'important' particles ) 
   ( Number of *calls* of Transport/AlongStepDoIt = 17993772 )

*** This is just a warning message. ***
-------- WWWW -------- G4Exception-END --------- WWWW -------

G4WT4 > 
-------- WWWW ------- G4Exception-START -------- WWWW -------
*** G4Exception : Transport-001-ExcessSteps
      issued by : G4Transportation::AlongStepDoIt
 Transportation is killing track that is looping or stuck. 
   Track is e- and has 105.906 MeV energy  ( pre-Step = 105.906 ) 
   momentum = (25.7838,-95.3328,39.6382) mag= 106.416
   position = (875.928,-4413.93,2092.81) is in volume 'MagnetEnvelope',  its material is 'G4_Galactic' with density = 1e-25 g/cm^3 
 Total number of Steps by this track: 3
 Length of this step = 29449 mm 
 Number of propagation trials = 1 ( vs maximum = 10 for 'important' particles ) 
   ( Number of *calls* of Transport/AlongStepDoIt = 19610280 )

*** This is just a warning message. ***
-------- WWWW -------- G4Exception-END --------- WWWW -------

G4WT9 > 
-------- WWWW ------- G4Exception-START -------- WWWW -------
*** G4Exception : Transport-001-ExcessSteps
      issued by : G4Transportation::AlongStepDoIt
 Transportation is killing track that is looping or stuck. 
   Track is e- and has 139.159 MeV energy  ( pre-Step = 139.159 ) 
   momentum = (-120.647,-66.9848,21.5622) mag= 139.669
   position = (-3975.48,-2108.45,710.961) is in volume 'MagnetEnvelope',  its material is 'G4_Galactic' with density = 1e-25 g/cm^3 
 Total number of Steps by this track: 2
 Length of this step = 35789.3 mm 
 Number of propagation trials = 1 ( vs maximum = 10 for 'important' particles ) 
   ( Number of *calls* of Transport/AlongStepDoIt = 21484864 )

*** This is just a warning message. ***
-------- WWWW -------- G4Exception-END --------- WWWW -------

G4WT6 > 
-------- WWWW ------- G4Exception-START -------- WWWW -------
*** G4Exception : Transport-001-ExcessSteps
      issued by : G4Transportation::AlongStepDoIt
 Transportation is killing track that is looping or stuck. 
   Track is e- and has 158.546 MeV energy  ( pre-Step = 158.546 ) 
   momentum = (147.307,10.202,59.1221) mag= 159.056
   position = (8335,296.074,3608.44) is in volume 'MagnetEnvelope',  its material is 'G4_Galactic' with density = 1e-25 g/cm^3 
 Total number of Steps by this track: 5
 Length of this step = 25975 mm 
 Number of propagation trials = 1 ( vs maximum = 10 for 'important' particles ) 
   ( Number of *calls* of Transport/AlongStepDoIt = 22508587 )

*** This is just a warning message. ***
-------- WWWW -------- G4Exception-END --------- WWWW -------

G4WT15 > 
-------- WWWW ------- G4Exception-START -------- WWWW -------
*** G4Exception : Transport-001-ExcessSteps
      issued by : G4Transportation::AlongStepDoIt
 Transportation is killing track that is looping or stuck. 
   Track is e+ and has 200.029 MeV energy  ( pre-Step = 200.029 ) 
   momentum = (195.227,39.5917,23.1316) mag= 200.539
   position = (4146.92,1747.31,425.703) is in volume 'MagnetEnvelope',  its material is 'G4_Galactic' with density = 1e-25 g/cm^3 
 Total number of Steps by this track: 2
 Length of this step = 37085.9 mm 
 Number of propagation trials = 1 ( vs maximum = 10 for 'important' particles ) 
   ( Number of *calls* of Transport/AlongStepDoIt = 19688321 )

*** This is just a warning message. ***
-------- WWWW -------- G4Exception-END --------- WWWW -------

G4WT12 > 
-------- WWWW ------- G4Exception-START -------- WWWW -------
*** G4Exception : Transport-001-ExcessSteps
      issued by : G4Transportation::AlongStepDoIt
 Transportation is killing track that is looping or stuck. 
   Track is e+ and has 114.843 MeV energy  ( pre-Step = 114.843 ) 
   momentum = (39.9086,-87.7102,-63.4068) mag= 115.353
   position = (1712.09,-4161.58,-2745.71) is in volume 'MagnetEnvelope',  its material is 'G4_Galactic' with density = 1e-25 g/cm^3 
 Total number of Steps by this track: 3
 Length of this step = 32040 mm 
 Number of propagation trials = 1 ( vs maximum = 10 for 'important' particles ) 
   ( Number of *calls* of Transport/AlongStepDoIt = 18518291 )

*** This is just a warning message. ***
-------- WWWW -------- G4Exception-END --------- WWWW -------

G4WT9 > 
-------- WWWW ------- G4Exception-START -------- WWWW -------
*** G4Exception : Transport-001-ExcessSteps
      issued by : G4Transportation::AlongStepDoIt
 Transportation is killing track that is looping or stuck. 
   Track is e- and has 147.238 MeV energy  ( pre-Step = 147.238 ) 
   momentum = (108.717,74.1162,-67.207) mag= 147.748
   position = (4094.91,1865.93,-789.983) is in volume 'MagnetEnvelope',  its material is 'G4_Galactic' with density = 1e-25 g/cm^3 
 Total number of Steps by this track: 5
 Length of this step = 35521.6 mm 
 Number of propagation trials = 1 ( vs maximum = 10 for 'important' particles ) 
   ( Number of *calls* of Transport/AlongStepDoIt = 22478855 )

*** This is just a warning message. ***
-------- WWWW -------- G4Exception-END --------- WWWW -------

G4WT5 > 
-------- WWWW ------- G4Exception-START -------- WWWW -------
*** G4Exception : Transport-001-ExcessSteps
      issued by : G4Transportation::AlongStepDoIt
 Transportation is killing track that is looping or stuck. 
   Track is e+ and has 102.185 MeV energy  ( pre-Step = 102.185 ) 
   momentum = (97.3937,26.1585,19.3992) mag= 102.694
   position = (-457.797,4476.65,831.409) is in volume 'MagnetEnvelope',  its material is 'G4_Galactic' with density = 1e-25 g/cm^3 
 Total number of Steps by this track: 4
 Length of this step = 29736.9 mm 
 Number of propagation trials = 1 ( vs maximum = 10 for 'important' particles ) 
   ( Number of *calls* of Transport/AlongStepDoIt = 18808610 )

*** This is just a warning message. ***
-------- WWWW -------- G4Exception-END --------- WWWW -------

G4WT0 > --> Event 6500 starts with initial seeds (17891366,41052846).
G4WT6 > 
-------- WWWW ------- G4Exception-START -------- WWWW -------
*** G4Exception : Transport-001-ExcessSteps
      issued by : G4Transportation::AlongStepDoIt
 Transportation is killing track that is looping or stuck. 
   Track is e- and has 151.566 MeV energy  ( pre-Step = 151.566 ) 
   momentum = (-60.559,82.9049,112.189) mag= 152.076
   position = (-3658.85,2619.7,53.7356) is in volume 'MagnetEnvelope',  its material is 'G4_Galactic' with density = 1e-25 g/cm^3 
 Total number of Steps by this track: 3
 Length of this step = 37200.9 mm 
 Number of propagation trials = 1 ( vs maximum = 10 for 'important' particles ) 
   ( Number of *calls* of Transport/AlongStepDoIt = 23542763 )

*** This is just a warning message. ***
-------- WWWW -------- G4Exception-END --------- WWWW -------

G4WT5 > 
-------- WWWW ------- G4Exception-START -------- WWWW -------
*** G4Exception : Transport-001-ExcessSteps
      issued by : G4Transportation::AlongStepDoIt
 Transportation is killing track that is looping or stuck. 
   Track is e- and has 140.493 MeV energy  ( pre-Step = 140.493 ) 
   momentum = (130.578,53.2061,-0.705297) mag= 141.003
   position = (4049.07,1963.41,-46.8451) is in volume 'MagnetEnvelope',  its material is 'G4_Galactic' with density = 1e-25 g/cm^3 
 Total number of Steps by this track: 4
 Length of this step = 38713.2 mm 
 Number of propagation trials = 1 ( vs maximum = 10 for 'important' particles ) 
   ( Number of *calls* of Transport/AlongStepDoIt = 19549328 )

*** This is just a warning message. ***
-------- WWWW -------- G4Exception-END --------- WWWW -------

G4WT3 > 
-------- WWWW ------- G4Exception-START -------- WWWW -------
*** G4Exception : Transport-001-ExcessSteps
      issued by : G4Transportation::AlongStepDoIt
 Transportation is killing track that is looping or stuck. 
   Track is e- and has 131.795 MeV energy  ( pre-Step = 131.795 ) 
   momentum = (33.4175,3.37541,-127.971) mag= 132.305
   position = (64.0329,4499.54,-1370.99) is in volume 'MagnetEnvelope',  its material is 'G4_Galactic' with density = 1e-25 g/cm^3 
 Total number of Steps by this track: 2
 Length of this step = 31482 mm 
 Number of propagation trials = 1 ( vs maximum = 10 for 'important' particles ) 
   ( Number of *calls* of Transport/AlongStepDoIt = 23590309 )

*** This is just a warning message. ***
-------- WWWW -------- G4Exception-END --------- WWWW -------

G4WT7 > 
-------- WWWW ------- G4Exception-START -------- WWWW -------
*** G4Exception : Transport-001-ExcessSteps
      issued by : G4Transportation::AlongStepDoIt
 Transportation is killing track that is looping or stuck. 
   Track is e- and has 137.45 MeV energy  ( pre-Step = 137.45 ) 
   momentum = (1.05577,105.614,-88.7556) mag= 137.96
   position = (-1157.59,4057.21,-5000) is in volume 'MagnetEnvelope',  its material is 'G4_Galactic' with density = 1e-25 g/cm^3 
 Total number of Steps by this track: 2
 Length of this step = 35879.8 mm 
 Number of propagation trials = 1 ( vs maximum = 10 for 'important' particles ) 
   ( Number of *calls* of Transport/AlongStepDoIt = 22690050 )

*** This is just a warning message. ***
-------- WWWW -------- G4Exception-END --------- WWWW -------

G4WT6 > 
-------- WWWW ------- G4Exception-START -------- WWWW -------
*** G4Exception : Transport-001-ExcessSteps
      issued by : G4Transportation::AlongStepDoIt
 Transportation is killing track that is looping or stuck. 
   Track is e- and has 109.363 MeV energy  ( pre-Step = 109.363 ) 
   momentum = (93.4158,52.3408,-24.6179) mag= 109.873
   position = (3890.17,2261.98,-1081.61) is in volume 'MagnetEnvelope',  its material is 'G4_Galactic' with density = 1e-25 g/cm^3 
 Total number of Steps by this track: 2
 Length of this step = 24185.5 mm 
 Number of propagation trials = 1 ( vs maximum = 10 for 'important' particles ) 
   ( Number of *calls* of Transport/AlongStepDoIt = 24021346 )

*** This is just a warning message. ***
-------- WWWW -------- G4Exception-END --------- WWWW -------

G4WT0 > 
-------- WWWW ------- G4Exception-START -------- WWWW -------
*** G4Exception : Transport-001-ExcessSteps
      issued by : G4Transportation::AlongStepDoIt
 Transportation is killing track that is looping or stuck. 
   Track is e+ and has 100.922 MeV energy  ( pre-Step = 100.922 ) 
   momentum = (15.5768,85.8819,51.6732) mag= 101.432
   position = (-3917.74,2213.89,-2995.91) is in volume 'MagnetEnvelope',  its material is 'G4_Galactic' with density = 1e-25 g/cm^3 
 Total number of Steps by this track: 7
 Length of this step = 32729.4 mm 
 Number of propagation trials = 1 ( vs maximum = 10 for 'important' particles ) 
   ( Number of *calls* of Transport/AlongStepDoIt = 18430217 )

*** This is just a warning message. ***
-------- WWWW -------- G4Exception-END --------- WWWW -------

G4WT14 > 
-------- WWWW ------- G4Exception-START -------- WWWW -------
*** G4Exception : Transport-001-ExcessSteps
      issued by : G4Transportation::AlongStepDoIt
 Transportation is killing track that is looping or stuck. 
   Track is e- and has 155.137 MeV energy  ( pre-Step = 155.137 ) 
   momentum = (137.704,62.5847,36.6985) mag= 155.647
   position = (4096.46,1862.53,1345.87) is in volume 'MagnetEnvelope',  its material is 'G4_Galactic' with density = 1e-25 g/cm^3 
 Total number of Steps by this track: 3
 Length of this step = 32743.2 mm 
 Number of propagation trials = 1 ( vs maximum = 10 for 'important' particles ) 
   ( Number of *calls* of Transport/AlongStepDoIt = 21742883 )

*** This is just a warning message. ***
-------- WWWW -------- G4Exception-END --------- WWWW -------

G4WT9 > 
-------- WWWW ------- G4Exception-START -------- WWWW -------
*** G4Exception : Transport-001-ExcessSteps
      issued by : G4Transportation::AlongStepDoIt
 Transportation is killing track that is looping or stuck. 
   Track is e+ and has 111.863 MeV energy  ( pre-Step = 111.863 ) 
   momentum = (52.4289,13.1599,98.5179) mag= 112.373
   position = (4239.5,1508.86,50.7068) is in volume 'MagnetEnvelope',  its material is 'G4_Galactic' with density = 1e-25 g/cm^3 
 Total number of Steps by this track: 3
 Length of this step = 33397.4 mm 
 Number of propagation trials = 1 ( vs maximum = 10 for 'important' particles ) 
   ( Number of *calls* of Transport/AlongStepDoIt = 23720982 )

*** This is just a warning message. ***
-------- WWWW -------- G4Exception-END --------- WWWW -------

G4WT12 > 
-------- WWWW ------- G4Exception-START -------- WWWW -------
*** G4Exception : Transport-001-ExcessSteps
      issued by : G4Transportation::AlongStepDoIt
 Transportation is killing track that is looping or stuck. 
   Track is e+ and has 139.857 MeV energy  ( pre-Step = 139.857 ) 
   momentum = (-54.6163,-124.237,-35.8489) mag= 140.367
   position = (-1859.42,-4097.87,-1193.2) is in volume 'MagnetEnvelope',  its material is 'G4_Galactic' with density = 1e-25 g/cm^3 
 Total number of Steps by this track: 2
 Length of this step = 31209.7 mm 
 Number of propagation trials = 1 ( vs maximum = 10 for 'important' particles ) 
   ( Number of *calls* of Transport/AlongStepDoIt = 20237483 )

*** This is just a warning message. ***
-------- WWWW -------- G4Exception-END --------- WWWW -------

G4WT4 > --> Event 7000 starts with initial seeds (33039873,46623490).
G4WT1 > 
-------- WWWW ------- G4Exception-START -------- WWWW -------
*** G4Exception : Transport-001-ExcessSteps
      issued by : G4Transportation::AlongStepDoIt
 Transportation is killing track that is looping or stuck. 
   Track is e+ and has 121.342 MeV energy  ( pre-Step = 121.342 ) 
   momentum = (-85.7476,79.6359,33.963) mag= 121.852
   position = (-3303.23,3055.92,1173.41) is in volume 'MagnetEnvelope',  its material is 'G4_Galactic' with density = 1e-25 g/cm^3 
 Total number of Steps by this track: 4
 Length of this step = 23314.5 mm 
 Number of propagation trials = 1 ( vs maximum = 10 for 'important' particles ) 
   ( Number of *calls* of Transport/AlongStepDoIt = 22529801 )

*** This is just a warning message. ***
-------- WWWW -------- G4Exception-END --------- WWWW -------

G4WT1 > 
-------- WWWW ------- G4Exception-START -------- WWWW -------
*** G4Exception : Transport-001-ExcessSteps
      issued by : G4Transportation::AlongStepDoIt
 Transportation is killing track that is looping or stuck. 
   Track is e+ and has 154.854 MeV energy  ( pre-Step = 154.854 ) 
   momentum = (-41.531,-102.714,108.918) mag= 155.365
   position = (-6859.11,5321.85,3364.66) is in volume 'MagnetEnvelope',  its material is 'G4_Galactic' with density = 1e-25 g/cm^3 
 Total number of Steps by this track: 2
 Length of this step = 27942.5 mm 
 Number of propagation trials = 1 ( vs maximum = 10 for 'important' particles ) 
   ( Number of *calls* of Transport/AlongStepDoIt = 22635352 )

*** This is just a warning message. ***
-------- WWWW -------- G4Exception-END --------- WWWW -------

G4WT8 > 
-------- WWWW ------- G4Exception-START -------- WWWW -------
*** G4Exception : Transport-001-ExcessSteps
      issued by : G4Transportation::AlongStepDoIt
 Transportation is killing track that is looping or stuck. 
   Track is e- and has 104.99 MeV energy  ( pre-Step = 104.99 ) 
   momentum = (-88.4733,55.5607,14.6885) mag= 105.5
   position = (-3835.35,2353.74,737.134) is in volume 'MagnetEnvelope',  its material is 'G4_Galactic' with density = 1e-25 g/cm^3 
 Total number of Steps by this track: 2
 Length of this step = 31033.8 mm 
 Number of propagation trials = 1 ( vs maximum = 10 for 'important' particles ) 
   ( Number of *calls* of Transport/AlongStepDoIt = 22357114 )

*** This is just a warning message. ***
-------- WWWW -------- G4Exception-END --------- WWWW -------

G4WT10 > 
-------- WWWW ------- G4Exception-START -------- WWWW -------
*** G4Exception : Transport-001-ExcessSteps
      issued by : G4Transportation::AlongStepDoIt
 Transportation is killing track that is looping or stuck. 
   Track is e- and has 113.335 MeV energy  ( pre-Step = 113.335 ) 
   momentum = (78.4542,-71.7433,40.7258) mag= 113.845
   position = (3269.6,-3091.88,846.111) is in volume 'MagnetEnvelope',  its material is 'G4_Galactic' with density = 1e-25 g/cm^3 
 Total number of Steps by this track: 3
 Length of this step = 20259.3 mm 
 Number of propagation trials = 1 ( vs maximum = 10 for 'important' particles ) 
   ( Number of *calls* of Transport/AlongStepDoIt = 21019961 )

*** This is just a warning message. ***
-------- WWWW -------- G4Exception-END --------- WWWW -------

G4WT2 > 
-------- WWWW ------- G4Exception-START -------- WWWW -------
*** G4Exception : Transport-001-ExcessSteps
      issued by : G4Transportation::AlongStepDoIt
 Transportation is killing track that is looping or stuck. 
   Track is e+ and has 113.316 MeV energy  ( pre-Step = 113.316 ) 
   momentum = (-110.038,23.7784,-16.8103) mag= 113.826
   position = (-4378.93,1036.82,-643.491) is in volume 'MagnetEnvelope',  its material is 'G4_Galactic' with density = 1e-25 g/cm^3 
 Total number of Steps by this track: 4
 Length of this step = 29362.6 mm 
 Number of propagation trials = 1 ( vs maximum = 10 for 'important' particles ) 
   ( Number of *calls* of Transport/AlongStepDoIt = 25206955 )

*** This is just a warning message. ***
-------- WWWW -------- G4Exception-END --------- WWWW -------

G4WT10 > 
-------- WWWW ------- G4Exception-START -------- WWWW -------
*** G4Exception : Transport-001-ExcessSteps
      issued by : G4Transportation::AlongStepDoIt
 Transportation is killing track that is looping or stuck. 
   Track is e+ and has 141.791 MeV energy  ( pre-Step = 141.791 ) 
   momentum = (81.3121,114.694,-21.9871) mag= 142.302
   position = (1150.85,4350.35,1888.31) is in volume 'MagnetEnvelope',  its material is 'G4_Galactic' with density = 1e-25 g/cm^3 
 Total number of Steps by this track: 7
 Length of this step = 27683 mm 
 Number of propagation trials = 1 ( vs maximum = 10 for 'important' particles ) 
   ( Number of *calls* of Transport/AlongStepDoIt = 21064495 )

*** This is just a warning message. ***
-------- WWWW -------- G4Exception-END --------- WWWW -------

G4WT2 > 
-------- WWWW ------- G4Exception-START -------- WWWW -------
*** G4Exception : Transport-001-ExcessSteps
      issued by : G4Transportation::AlongStepDoIt
 Transportation is killing track that is looping or stuck. 
   Track is e+ and has 158.377 MeV energy  ( pre-Step = 158.377 ) 
   momentum = (85.7031,133.598,-7.18745) mag= 158.887
   position = (4099.93,1854.87,-612.311) is in volume 'MagnetEnvelope',  its material is 'G4_Galactic' with density = 1e-25 g/cm^3 
 Total number of Steps by this track: 4
 Length of this step = 36248.9 mm 
 Number of propagation trials = 1 ( vs maximum = 10 for 'important' particles ) 
   ( Number of *calls* of Transport/AlongStepDoIt = 25420682 )

*** This is just a warning message. ***
-------- WWWW -------- G4Exception-END --------- WWWW -------

G4WT10 > 
-------- WWWW ------- G4Exception-START -------- WWWW -------
*** G4Exception : Transport-001-ExcessSteps
      issued by : G4Transportation::AlongStepDoIt
 Transportation is killing track that is looping or stuck. 
   Track is e+ and has 131.02 MeV energy  ( pre-Step = 131.02 ) 
   momentum = (124.725,-41.7543,-0.649274) mag= 131.53
   position = (4319.78,-1260.74,-39.3654) is in volume 'MagnetEnvelope',  its material is 'G4_Galactic' with density = 1e-25 g/cm^3 
 Total number of Steps by this track: 5
 Length of this step = 37678 mm 
 Number of propagation trials = 1 ( vs maximum = 10 for 'important' particles ) 
   ( Number of *calls* of Transport/AlongStepDoIt = 21189446 )

*** This is just a warning message. ***
-------- WWWW -------- G4Exception-END --------- WWWW -------

G4WT6 > 
-------- WWWW ------- G4Exception-START -------- WWWW -------
*** G4Exception : Transport-001-ExcessSteps
      issued by : G4Transportation::AlongStepDoIt
 Transportation is killing track that is looping or stuck. 
   Track is e- and has 140.277 MeV energy  ( pre-Step = 140.277 ) 
   momentum = (-116.652,-72.6902,-30.4852) mag= 140.787
   position = (-3814.75,-2386.98,-980.559) is in volume 'MagnetEnvelope',  its material is 'G4_Galactic' with density = 1e-25 g/cm^3 
 Total number of Steps by this track: 4
 Length of this step = 28012.7 mm 
 Number of propagation trials = 1 ( vs maximum = 10 for 'important' particles ) 
   ( Number of *calls* of Transport/AlongStepDoIt = 25771011 )

*** This is just a warning message. ***
-------- WWWW -------- G4Exception-END --------- WWWW -------

G4WT3 > 
-------- WWWW ------- G4Exception-START -------- WWWW -------
*** G4Exception : Transport-001-ExcessSteps
      issued by : G4Transportation::AlongStepDoIt
 Transportation is killing track that is looping or stuck. 
   Track is e+ and has 145.118 MeV energy  ( pre-Step = 145.118 ) 
   momentum = (130.872,43.2518,-47.0039) mag= 145.628
   position = (4263.87,1438.53,306.264) is in volume 'MagnetEnvelope',  its material is 'G4_Galactic' with density = 1e-25 g/cm^3 
 Total number of Steps by this track: 76
 Length of this step = 33708.1 mm 
 Number of propagation trials = 1 ( vs maximum = 10 for 'important' particles ) 
   ( Number of *calls* of Transport/AlongStepDoIt = 25956982 )

*** This is just a warning message. ***
-------- WWWW -------- G4Exception-END --------- WWWW -------

G4WT13 > 
-------- WWWW ------- G4Exception-START -------- WWWW -------
*** G4Exception : Transport-001-ExcessSteps
      issued by : G4Transportation::AlongStepDoIt
 Transportation is killing track that is looping or stuck. 
   Track is e+ and has 109.621 MeV energy  ( pre-Step = 109.621 ) 
   momentum = (72.1868,62.5191,54.8574) mag= 110.131
   position = (7187.32,5991.85,-1548.36) is in volume 'MagnetEnvelope',  its material is 'G4_Galactic' with density = 1e-25 g/cm^3 
 Total number of Steps by this track: 12
 Length of this step = 27449.3 mm 
 Number of propagation trials = 1 ( vs maximum = 10 for 'important' particles ) 
   ( Number of *calls* of Transport/AlongStepDoIt = 24321703 )

*** This is just a warning message. ***
-------- WWWW -------- G4Exception-END --------- WWWW -------

G4WT13 > 
-------- WWWW ------- G4Exception-START -------- WWWW -------
*** G4Exception : Transport-001-ExcessSteps
      issued by : G4Transportation::AlongStepDoIt
 Transportation is killing track that is looping or stuck. 
   Track is e- and has 136.926 MeV energy  ( pre-Step = 136.926 ) 
   momentum = (88.9198,83.8443,62.8645) mag= 137.436
   position = (7186.75,5991.85,-1548.65) is in volume 'MagnetEnvelope',  its material is 'G4_Galactic' with density = 1e-25 g/cm^3 
 Total number of Steps by this track: 9
 Length of this step = 24249.9 mm 
 Number of propagation trials = 1 ( vs maximum = 10 for 'important' particles ) 
   ( Number of *calls* of Transport/AlongStepDoIt = 24321748 )

*** This is just a warning message. ***
-------- WWWW -------- G4Exception-END --------- WWWW -------

G4WT0 > 
-------- WWWW ------- G4Exception-START -------- WWWW -------
*** G4Exception : Transport-001-ExcessSteps
      issued by : G4Transportation::AlongStepDoIt
 Transportation is killing track that is looping or stuck. 
   Track is e+ and has 202.958 MeV energy  ( pre-Step = 202.958 ) 
   momentum = (143.764,133.667,53.5199) mag= 203.468
   position = (3207.43,3156.33,1041.67) is in volume 'MagnetEnvelope',  its material is 'G4_Galactic' with density = 1e-25 g/cm^3 
 Total number of Steps by this track: 3
 Length of this step = 28067.7 mm 
 Number of propagation trials = 1 ( vs maximum = 10 for 'important' particles ) 
   ( Number of *calls* of Transport/AlongStepDoIt = 21118167 )

*** This is just a warning message. ***
-------- WWWW -------- G4Exception-END --------- WWWW -------

G4WT1 > --> Event 7500 starts with initial seeds (40681867,93649300).
G4WT10 > 
-------- WWWW ------- G4Exception-START -------- WWWW -------
*** G4Exception : Transport-001-ExcessSteps
      issued by : G4Transportation::AlongStepDoIt
 Transportation is killing track that is looping or stuck. 
   Track is e- and has 130.867 MeV energy  ( pre-Step = 130.867 ) 
   momentum = (-37.2058,118.157,-43.7566) mag= 131.377
   position = (-1529.55,4232.08,-1638.62) is in volume 'MagnetEnvelope',  its material is 'G4_Galactic' with density = 1e-25 g/cm^3 
 Total number of Steps by this track: 2
 Length of this step = 26888.5 mm 
 Number of propagation trials = 1 ( vs maximum = 10 for 'important' particles ) 
   ( Number of *calls* of Transport/AlongStepDoIt = 21788904 )

*** This is just a warning message. ***
-------- WWWW -------- G4Exception-END --------- WWWW -------

G4WT11 > 
-------- WWWW ------- G4Exception-START -------- WWWW -------
*** G4Exception : Transport-001-ExcessSteps
      issued by : G4Transportation::AlongStepDoIt
 Transportation is killing track that is looping or stuck. 
   Track is e- and has 104.35 MeV energy  ( pre-Step = 104.35 ) 
   momentum = (72.3781,-33.5911,68.0333) mag= 104.859
   position = (226.524,-3827.72,5000) is in volume 'MagnetEnvelope',  its material is 'G4_Galactic' with density = 1e-25 g/cm^3 
 Total number of Steps by this track: 24
 Length of this step = 31182 mm 
 Number of propagation trials = 1 ( vs maximum = 10 for 'important' particles ) 
   ( Number of *calls* of Transport/AlongStepDoIt = 25102245 )

*** This is just a warning message. ***
-------- WWWW -------- G4Exception-END --------- WWWW -------

G4WT4 > 
-------- WWWW ------- G4Exception-START -------- WWWW -------
*** G4Exception : Transport-001-ExcessSteps
      issued by : G4Transportation::AlongStepDoIt
 Transportation is killing track that is looping or stuck. 
   Track is e+ and has 137.739 MeV energy  ( pre-Step = 137.739 ) 
   momentum = (-134.772,-25.9364,16.6375) mag= 138.249
   position = (-3721.91,2529.3,1025.7) is in volume 'MagnetEnvelope',  its material is 'G4_Galactic' with density = 1e-25 g/cm^3 
 Total number of Steps by this track: 3
 Length of this step = 27671.3 mm 
 Number of propagation trials = 1 ( vs maximum = 10 for 'important' particles ) 
   ( Number of *calls* of Transport/AlongStepDoIt = 23795321 )

*** This is just a warning message. ***
-------- WWWW -------- G4Exception-END --------- WWWW -------

G4WT2 > 
-------- WWWW ------- G4Exception-START -------- WWWW -------
*** G4Exception : Transport-001-ExcessSteps
      issued by : G4Transportation::AlongStepDoIt
 Transportation is killing track that is looping or stuck. 
   Track is e- and has 120.251 MeV energy  ( pre-Step = 120.251 ) 
   momentum = (104.218,-60.9757,-1.9587) mag= 120.761
   position = (3934.62,-2183.74,352.203) is in volume 'MagnetEnvelope',  its material is 'G4_Galactic' with density = 1e-25 g/cm^3 
 Total number of Steps by this track: 3
 Length of this step = 31505.7 mm 
 Number of propagation trials = 1 ( vs maximum = 10 for 'important' particles ) 
   ( Number of *calls* of Transport/AlongStepDoIt = 26428913 )

*** This is just a warning message. ***
-------- WWWW -------- G4Exception-END --------- WWWW -------

G4WT9 > 
-------- WWWW ------- G4Exception-START -------- WWWW -------
*** G4Exception : Transport-001-ExcessSteps
      issued by : G4Transportation::AlongStepDoIt
 Transportation is killing track that is looping or stuck. 
   Track is e- and has 153.205 MeV energy  ( pre-Step = 153.205 ) 
   momentum = (105.658,108.646,-25.705) mag= 153.715
   position = (3946.41,2162.37,-846.101) is in volume 'MagnetEnvelope',  its material is 'G4_Galactic' with density = 1e-25 g/cm^3 
 Total number of Steps by this track: 3
 Length of this step = 29326.9 mm 
 Number of propagation trials = 1 ( vs maximum = 10 for 'important' particles ) 
   ( Number of *calls* of Transport/AlongStepDoIt = 26890859 )

*** This is just a warning message. ***
-------- WWWW -------- G4Exception-END --------- WWWW -------

G4WT1 > 
-------- WWWW ------- G4Exception-START -------- WWWW -------
*** G4Exception : Transport-001-ExcessSteps
      issued by : G4Transportation::AlongStepDoIt
 Transportation is killing track that is looping or stuck. 
   Track is e+ and has 211.966 MeV energy  ( pre-Step = 211.966 ) 
   momentum = (56.1639,-204.081,18.5062) mag= 212.476
   position = (1486.72,-4247.31,959.508) is in volume 'MagnetEnvelope',  its material is 'G4_Galactic' with density = 1e-25 g/cm^3 
 Total number of Steps by this track: 5
 Length of this step = 39890.8 mm 
 Number of propagation trials = 1 ( vs maximum = 10 for 'important' particles ) 
   ( Number of *calls* of Transport/AlongStepDoIt = 25694065 )

*** This is just a warning message. ***
-------- WWWW -------- G4Exception-END --------- WWWW -------

G4WT15 > 
-------- WWWW ------- G4Exception-START -------- WWWW -------
*** G4Exception : Transport-001-ExcessSteps
      issued by : G4Transportation::AlongStepDoIt
 Transportation is killing track that is looping or stuck. 
   Track is e- and has 158.325 MeV energy  ( pre-Step = 158.325 ) 
   momentum = (122.117,-101.016,-10.573) mag= 158.835
   position = (3454.69,-2883.59,-203.937) is in volume 'MagnetEnvelope',  its material is 'G4_Galactic' with density = 1e-25 g/cm^3 
 Total number of Steps by this track: 2
 Length of this step = 27463.8 mm 
 Number of propagation trials = 1 ( vs maximum = 10 for 'important' particles ) 
   ( Number of *calls* of Transport/AlongStepDoIt = 24979138 )

*** This is just a warning message. ***
-------- WWWW -------- G4Exception-END --------- WWWW -------

G4WT10 > 
-------- WWWW ------- G4Exception-START -------- WWWW -------
*** G4Exception : Transport-001-ExcessSteps
      issued by : G4Transportation::AlongStepDoIt
 Transportation is killing track that is looping or stuck. 
   Track is e- and has 122.863 MeV energy  ( pre-Step = 122.863 ) 
   momentum = (-116.028,38.3674,16.9242) mag= 123.373
   position = (-4289.28,1360.9,470.751) is in volume 'MagnetEnvelope',  its material is 'G4_Galactic' with density = 1e-25 g/cm^3 
 Total number of Steps by this track: 2
 Length of this step = 35110.4 mm 
 Number of propagation trials = 1 ( vs maximum = 10 for 'important' particles ) 
   ( Number of *calls* of Transport/AlongStepDoIt = 22599719 )

*** This is just a warning message. ***
-------- WWWW -------- G4Exception-END --------- WWWW -------

G4WT4 > 
-------- WWWW ------- G4Exception-START -------- WWWW -------
*** G4Exception : Transport-001-ExcessSteps
      issued by : G4Transportation::AlongStepDoIt
 Transportation is killing track that is looping or stuck. 
   Track is e- and has 126.926 MeV energy  ( pre-Step = 126.926 ) 
   momentum = (11.8905,117.677,-47.4407) mag= 127.436
   position = (343.149,4486.9,-2174.03) is in volume 'MagnetEnvelope',  its material is 'G4_Galactic' with density = 1e-25 g/cm^3 
 Total number of Steps by this track: 3
 Length of this step = 38670.5 mm 
 Number of propagation trials = 1 ( vs maximum = 10 for 'important' particles ) 
   ( Number of *calls* of Transport/AlongStepDoIt = 24436197 )

*** This is just a warning message. ***
-------- WWWW -------- G4Exception-END --------- WWWW -------

G4WT4 > 
-------- WWWW ------- G4Exception-START -------- WWWW -------
*** G4Exception : Transport-001-ExcessSteps
      issued by : G4Transportation::AlongStepDoIt
 Transportation is killing track that is looping or stuck. 
   Track is e+ and has 102.039 MeV energy  ( pre-Step = 102.039 ) 
   momentum = (-98.1441,29.597,2.82608) mag= 102.549
   position = (-4328.35,1231,161.32) is in volume 'MagnetEnvelope',  its material is 'G4_Galactic' with density = 1e-25 g/cm^3 
 Total number of Steps by this track: 4
 Length of this step = 29398.1 mm 
 Number of propagation trials = 1 ( vs maximum = 10 for 'important' particles ) 
   ( Number of *calls* of Transport/AlongStepDoIt = 24629163 )

*** This is just a warning message. ***
-------- WWWW -------- G4Exception-END --------- WWWW -------

G4WT10 > 
-------- WWWW ------- G4Exception-START -------- WWWW -------
*** G4Exception : Transport-001-ExcessSteps
      issued by : G4Transportation::AlongStepDoIt
 Transportation is killing track that is looping or stuck. 
   Track is e+ and has 135.485 MeV energy  ( pre-Step = 135.485 ) 
   momentum = (-89.2205,99.5213,25.0951) mag= 135.995
   position = (-3105.93,3256.25,818.608) is in volume 'MagnetEnvelope',  its material is 'G4_Galactic' with density = 1e-25 g/cm^3 
 Total number of Steps by this track: 3
 Length of this step = 23869.1 mm 
 Number of propagation trials = 1 ( vs maximum = 10 for 'important' particles ) 
   ( Number of *calls* of Transport/AlongStepDoIt = 23311713 )

*** This is just a warning message. ***
-------- WWWW -------- G4Exception-END --------- WWWW -------

G4WT5 > 
-------- WWWW ------- G4Exception-START -------- WWWW -------
*** G4Exception : Transport-001-ExcessSteps
      issued by : G4Transportation::AlongStepDoIt
 Transportation is killing track that is looping or stuck. 
   Track is e- and has 208.633 MeV energy  ( pre-Step = 208.633 ) 
   momentum = (68.8103,-196.512,-19.7198) mag= 209.143
   position = (1377.69,-4283.92,-423.581) is in volume 'MagnetEnvelope',  its material is 'G4_Galactic' with density = 1e-25 g/cm^3 
 Total number of Steps by this track: 5
 Length of this step = 36193.4 mm 
 Number of propagation trials = 1 ( vs maximum = 10 for 'important' particles ) 
   ( Number of *calls* of Transport/AlongStepDoIt = 23271752 )

*** This is just a warning message. ***
-------- WWWW -------- G4Exception-END --------- WWWW -------

G4WT0 > 
-------- WWWW ------- G4Exception-START -------- WWWW -------
*** G4Exception : Transport-001-ExcessSteps
      issued by : G4Transportation::AlongStepDoIt
 Transportation is killing track that is looping or stuck. 
   Track is e+ and has 143.126 MeV energy  ( pre-Step = 143.126 ) 
   momentum = (-31.8011,-120.604,71.236) mag= 143.636
   position = (-931.401,-7289.59,-808.755) is in volume 'MagnetEnvelope',  its material is 'G4_Galactic' with density = 1e-25 g/cm^3 
 Total number of Steps by this track: 1
 Length of this step = 25438 mm 
 Number of propagation trials = 1 ( vs maximum = 10 for 'important' particles ) 
   ( Number of *calls* of Transport/AlongStepDoIt = 23839572 )

*** This is just a warning message. ***
-------- WWWW -------- G4Exception-END --------- WWWW -------

G4WT12 > 
-------- WWWW ------- G4Exception-START -------- WWWW -------
*** G4Exception : Transport-001-ExcessSteps
      issued by : G4Transportation::AlongStepDoIt
 Transportation is killing track that is looping or stuck. 
   Track is e- and has 143.182 MeV energy  ( pre-Step = 143.182 ) 
   momentum = (-107.213,94.7551,13.2053) mag= 143.692
   position = (-3233.91,3129.19,406.238) is in volume 'MagnetEnvelope',  its material is 'G4_Galactic' with density = 1e-25 g/cm^3 
 Total number of Steps by this track: 3
 Length of this step = 25345.9 mm 
 Number of propagation trials = 1 ( vs maximum = 10 for 'important' particles ) 
   ( Number of *calls* of Transport/AlongStepDoIt = 23297384 )

*** This is just a warning message. ***
-------- WWWW -------- G4Exception-END --------- WWWW -------

G4WT14 > 
-------- WWWW ------- G4Exception-START -------- WWWW -------
*** G4Exception : Transport-001-ExcessSteps
      issued by : G4Transportation::AlongStepDoIt
 Transportation is killing track that is looping or stuck. 
   Track is e+ and has 103.173 MeV energy  ( pre-Step = 103.173 ) 
   momentum = (36.5763,97.0066,1.38747) mag= 103.682
   position = (-3963.75,-5321.85,416.953) is in volume 'MagnetEnvelope',  its material is 'G4_Galactic' with density = 1e-25 g/cm^3 
 Total number of Steps by this track: 10
 Length of this step = 21442.2 mm 
 Number of propagation trials = 1 ( vs maximum = 10 for 'important' particles ) 
   ( Number of *calls* of Transport/AlongStepDoIt = 26216179 )

*** This is just a warning message. ***
-------- WWWW -------- G4Exception-END --------- WWWW -------

G4WT10 > --> Event 8000 starts with initial seeds (47897745,8657768).
G4WT0 > 
-------- WWWW ------- G4Exception-START -------- WWWW -------
*** G4Exception : Transport-001-ExcessSteps
      issued by : G4Transportation::AlongStepDoIt
 Transportation is killing track that is looping or stuck. 
   Track is e+ and has 172.319 MeV energy  ( pre-Step = 172.319 ) 
   momentum = (122.673,74.2546,-96.4747) mag= 172.829
   position = (4064.41,1931.48,855.172) is in volume 'MagnetEnvelope',  its material is 'G4_Galactic' with density = 1e-25 g/cm^3 
 Total number of Steps by this track: 343
 Length of this step = 35391.4 mm 
 Number of propagation trials = 1 ( vs maximum = 10 for 'important' particles ) 
   ( Number of *calls* of Transport/AlongStepDoIt = 24434225 )

*** This is just a warning message. ***
-------- WWWW -------- G4Exception-END --------- WWWW -------

G4WT0 > 
-------- WWWW ------- G4Exception-START -------- WWWW -------
*** G4Exception : Transport-001-ExcessSteps
      issued by : G4Transportation::AlongStepDoIt
 Transportation is killing track that is looping or stuck. 
   Track is e- and has 118.023 MeV energy  ( pre-Step = 118.023 ) 
   momentum = (105.37,54.2532,1.96427) mag= 118.533
   position = (4373.07,-1061.25,-780.905) is in volume 'MagnetEnvelope',  its material is 'G4_Galactic' with density = 1e-25 g/cm^3 
 Total number of Steps by this track: 392
 Length of this step = 25829.6 mm 
 Number of propagation trials = 1 ( vs maximum = 10 for 'important' particles ) 
   ( Number of *calls* of Transport/AlongStepDoIt = 24437140 )

*** This is just a warning message. ***
-------- WWWW -------- G4Exception-END --------- WWWW -------

G4WT0 > 
-------- WWWW ------- G4Exception-START -------- WWWW -------
*** G4Exception : Transport-001-ExcessSteps
      issued by : G4Transportation::AlongStepDoIt
 Transportation is killing track that is looping or stuck. 
   Track is e- and has 128.537 MeV energy  ( pre-Step = 128.537 ) 
   momentum = (-108.551,65.282,24.6573) mag= 129.047
   position = (-3919.75,2210.33,820.565) is in volume 'MagnetEnvelope',  its material is 'G4_Galactic' with density = 1e-25 g/cm^3 
 Total number of Steps by this track: 6
 Length of this step = 29553.2 mm 
 Number of propagation trials = 1 ( vs maximum = 10 for 'important' particles ) 
   ( Number of *calls* of Transport/AlongStepDoIt = 24916906 )

*** This is just a warning message. ***
-------- WWWW -------- G4Exception-END --------- WWWW -------

G4WT14 > 
-------- WWWW ------- G4Exception-START -------- WWWW -------
*** G4Exception : Transport-001-ExcessSteps
      issued by : G4Transportation::AlongStepDoIt
 Transportation is killing track that is looping or stuck. 
   Track is e- and has 139.852 MeV energy  ( pre-Step = 139.852 ) 
   momentum = (-129.608,36.982,-39.1849) mag= 140.362
   position = (-2534.4,-3718.44,603.517) is in volume 'MagnetEnvelope',  its material is 'G4_Galactic' with density = 1e-25 g/cm^3 
 Total number of Steps by this track: 81
 Length of this step = 21729.5 mm 
 Number of propagation trials = 1 ( vs maximum = 10 for 'important' particles ) 
   ( Number of *calls* of Transport/AlongStepDoIt = 26732597 )

*** This is just a warning message. ***
-------- WWWW -------- G4Exception-END --------- WWWW -------

G4WT1 > 
-------- WWWW ------- G4Exception-START -------- WWWW -------
*** G4Exception : Transport-001-ExcessSteps
      issued by : G4Transportation::AlongStepDoIt
 Transportation is killing track that is looping or stuck. 
   Track is e- and has 118.92 MeV energy  ( pre-Step = 118.92 ) 
   momentum = (-29.2411,89.4439,-73.5403) mag= 119.43
   position = (-1181.85,4342.03,-3508.16) is in volume 'MagnetEnvelope',  its material is 'G4_Galactic' with density = 1e-25 g/cm^3 
 Total number of Steps by this track: 2
 Length of this step = 35552 mm 
 Number of propagation trials = 1 ( vs maximum = 10 for 'important' particles ) 
   ( Number of *calls* of Transport/AlongStepDoIt = 27323994 )

*** This is just a warning message. ***
-------- WWWW -------- G4Exception-END --------- WWWW -------

G4WT14 > 
-------- WWWW ------- G4Exception-START -------- WWWW -------
*** G4Exception : Transport-001-ExcessSteps
      issued by : G4Transportation::AlongStepDoIt
 Transportation is killing track that is looping or stuck. 
   Track is e+ and has 128.026 MeV energy  ( pre-Step = 128.026 ) 
   momentum = (116.249,42.8242,34.2581) mag= 128.536
   position = (4184.14,1656.2,1043.95) is in volume 'MagnetEnvelope',  its material is 'G4_Galactic' with density = 1e-25 g/cm^3 
 Total number of Steps by this track: 2
 Length of this step = 28425.8 mm 
 Number of propagation trials = 1 ( vs maximum = 10 for 'important' particles ) 
   ( Number of *calls* of Transport/AlongStepDoIt = 27655623 )

*** This is just a warning message. ***
-------- WWWW -------- G4Exception-END --------- WWWW -------

G4WT2 > 
-------- WWWW ------- G4Exception-START -------- WWWW -------
*** G4Exception : Transport-001-ExcessSteps
      issued by : G4Transportation::AlongStepDoIt
 Transportation is killing track that is looping or stuck. 
   Track is e- and has 143.545 MeV energy  ( pre-Step = 143.545 ) 
   momentum = (107.798,-80.2052,-51.9482) mag= 144.055
   position = (3659.29,-2619.08,-1606.18) is in volume 'MagnetEnvelope',  its material is 'G4_Galactic' with density = 1e-25 g/cm^3 
 Total number of Steps by this track: 5
 Length of this step = 32654.3 mm 
 Number of propagation trials = 1 ( vs maximum = 10 for 'important' particles ) 
   ( Number of *calls* of Transport/AlongStepDoIt = 29427724 )

*** This is just a warning message. ***
-------- WWWW -------- G4Exception-END --------- WWWW -------

G4WT4 > 
-------- WWWW ------- G4Exception-START -------- WWWW -------
*** G4Exception : Transport-001-ExcessSteps
      issued by : G4Transportation::AlongStepDoIt
 Transportation is killing track that is looping or stuck. 
   Track is e+ and has 111.986 MeV energy  ( pre-Step = 111.986 ) 
   momentum = (56.7214,-14.7741,-96.0191) mag= 112.496
   position = (271.955,-2722.02,-5000) is in volume 'MagnetEnvelope',  its material is 'G4_Galactic' with density = 1e-25 g/cm^3 
 Total number of Steps by this track: 33
 Length of this step = 30160.3 mm 
 Number of propagation trials = 1 ( vs maximum = 10 for 'important' particles ) 
   ( Number of *calls* of Transport/AlongStepDoIt = 27625074 )

*** This is just a warning message. ***
-------- WWWW -------- G4Exception-END --------- WWWW -------

G4WT10 > 
-------- WWWW ------- G4Exception-START -------- WWWW -------
*** G4Exception : Transport-001-ExcessSteps
      issued by : G4Transportation::AlongStepDoIt
 Transportation is killing track that is looping or stuck. 
   Track is e+ and has 153.985 MeV energy  ( pre-Step = 153.985 ) 
   momentum = (128.28,48.357,-71.2357) mag= 154.495
   position = (4112.07,1827.81,529.628) is in volume 'MagnetEnvelope',  its material is 'G4_Galactic' with density = 1e-25 g/cm^3 
 Total number of Steps by this track: 228
 Length of this step = 33352.2 mm 
 Number of propagation trials = 1 ( vs maximum = 10 for 'important' particles ) 
   ( Number of *calls* of Transport/AlongStepDoIt = 25844803 )

*** This is just a warning message. ***
-------- WWWW -------- G4Exception-END --------- WWWW -------

G4WT13 > 
-------- WWWW ------- G4Exception-START -------- WWWW -------
*** G4Exception : Transport-001-ExcessSteps
      issued by : G4Transportation::AlongStepDoIt
 Transportation is killing track that is looping or stuck. 
   Track is e- and has 124.745 MeV energy  ( pre-Step = 124.745 ) 
   momentum = (-95.4324,48.2203,65.2407) mag= 125.255
   position = (-3819.5,2379.38,2432) is in volume 'MagnetEnvelope',  its material is 'G4_Galactic' with density = 1e-25 g/cm^3 
 Total number of Steps by this track: 5
 Length of this step = 35933 mm 
 Number of propagation trials = 1 ( vs maximum = 10 for 'important' particles ) 
   ( Number of *calls* of Transport/AlongStepDoIt = 29455618 )

*** This is just a warning message. ***
-------- WWWW -------- G4Exception-END --------- WWWW -------

G4WT11 > 
-------- WWWW ------- G4Exception-START -------- WWWW -------
*** G4Exception : Transport-001-ExcessSteps
      issued by : G4Transportation::AlongStepDoIt
 Transportation is killing track that is looping or stuck. 
   Track is e- and has 189.974 MeV energy  ( pre-Step = 189.974 ) 
   momentum = (173.25,53.8525,58.0407) mag= 190.484
   position = (4156.68,1723.96,-95.2014) is in volume 'MagnetEnvelope',  its material is 'G4_Galactic' with density = 1e-25 g/cm^3 
 Total number of Steps by this track: 143
 Length of this step = 35223.1 mm 
 Number of propagation trials = 1 ( vs maximum = 10 for 'important' particles ) 
   ( Number of *calls* of Transport/AlongStepDoIt = 28794704 )

*** This is just a warning message. ***
-------- WWWW -------- G4Exception-END --------- WWWW -------

G4WT15 > Loop-counter exceeded the threshold value at 391th line of /home/conda/feedstock_root/build_artifacts/bld/rattler-build_geant4_1788349596/work/src/source/processes/hadronic/models/particle_hp/src/G4ParticleHPInelasticCompFS.cc.
G4WT12 > --> Event 8500 starts with initial seeds (58188355,53450762).
G4WT6 > 
-------- WWWW ------- G4Exception-START -------- WWWW -------
*** G4Exception : Transport-001-ExcessSteps
      issued by : G4Transportation::AlongStepDoIt
 Transportation is killing track that is looping or stuck. 
   Track is e+ and has 148.142 MeV energy  ( pre-Step = 148.142 ) 
   momentum = (128.124,-69.5717,-29.0081) mag= 148.652
   position = (4004.89,-2052.04,-785.621) is in volume 'MagnetEnvelope',  its material is 'G4_Galactic' with density = 1e-25 g/cm^3 
 Total number of Steps by this track: 2
 Length of this step = 28762.9 mm 
 Number of propagation trials = 1 ( vs maximum = 10 for 'important' particles ) 
   ( Number of *calls* of Transport/AlongStepDoIt = 31216029 )

*** This is just a warning message. ***
-------- WWWW -------- G4Exception-END --------- WWWW -------

G4WT9 > 
-------- WWWW ------- G4Exception-START -------- WWWW -------
*** G4Exception : Transport-001-ExcessSteps
      issued by : G4Transportation::AlongStepDoIt
 Transportation is killing track that is looping or stuck. 
   Track is e+ and has 119.468 MeV energy  ( pre-Step = 119.468 ) 
   momentum = (90.7054,44.606,-64.633) mag= 119.977
   position = (1442.55,4262.52,2083.49) is in volume 'MagnetEnvelope',  its material is 'G4_Galactic' with density = 1e-25 g/cm^3 
 Total number of Steps by this track: 61
 Length of this step = 22601.3 mm 
 Number of propagation trials = 1 ( vs maximum = 10 for 'important' particles ) 
   ( Number of *calls* of Transport/AlongStepDoIt = 31820599 )

*** This is just a warning message. ***
-------- WWWW -------- G4Exception-END --------- WWWW -------

G4WT10 > 
-------- WWWW ------- G4Exception-START -------- WWWW -------
*** G4Exception : Transport-001-ExcessSteps
      issued by : G4Transportation::AlongStepDoIt
 Transportation is killing track that is looping or stuck. 
   Track is e+ and has 119.302 MeV energy  ( pre-Step = 119.302 ) 
   momentum = (-94.8267,-66.1267,-31.465) mag= 119.812
   position = (-3867.4,2300.69,-644.687) is in volume 'MagnetEnvelope',  its material is 'G4_Galactic' with density = 1e-25 g/cm^3 
 Total number of Steps by this track: 95
 Length of this step = 29049.3 mm 
 Number of propagation trials = 1 ( vs maximum = 10 for 'important' particles ) 
   ( Number of *calls* of Transport/AlongStepDoIt = 27511027 )

*** This is just a warning message. ***
-------- WWWW -------- G4Exception-END --------- WWWW -------

G4WT1 > 
-------- WWWW ------- G4Exception-START -------- WWWW -------
*** G4Exception : Transport-001-ExcessSteps
      issued by : G4Transportation::AlongStepDoIt
 Transportation is killing track that is looping or stuck. 
   Track is e- and has 137.628 MeV energy  ( pre-Step = 137.628 ) 
   momentum = (6.83427,108.408,-85.341) mag= 138.138
   position = (92.4993,4499.05,-3889.79) is in volume 'MagnetEnvelope',  its material is 'G4_Galactic' with density = 1e-25 g/cm^3 
 Total number of Steps by this track: 4
 Length of this step = 34663.1 mm 
 Number of propagation trials = 1 ( vs maximum = 10 for 'important' particles ) 
   ( Number of *calls* of Transport/AlongStepDoIt = 30154153 )

*** This is just a warning message. ***
-------- WWWW -------- G4Exception-END --------- WWWW -------

G4WT2 > 
-------- WWWW ------- G4Exception-START -------- WWWW -------
*** G4Exception : Transport-001-ExcessSteps
      issued by : G4Transportation::AlongStepDoIt
 Transportation is killing track that is looping or stuck. 
   Track is e+ and has 111.783 MeV energy  ( pre-Step = 111.783 ) 
   momentum = (-91.5348,-59.5767,26.1086) mag= 112.293
   position = (-3799.96,-2410.45,975.53) is in volume 'MagnetEnvelope',  its material is 'G4_Galactic' with density = 1e-25 g/cm^3 
 Total number of Steps by this track: 5
 Length of this step = 32133 mm 
 Number of propagation trials = 1 ( vs maximum = 10 for 'important' particles ) 
   ( Number of *calls* of Transport/AlongStepDoIt = 32421771 )

*** This is just a warning message. ***
-------- WWWW -------- G4Exception-END --------- WWWW -------

G4WT3 > 
-------- WWWW ------- G4Exception-START -------- WWWW -------
*** G4Exception : Transport-001-ExcessSteps
      issued by : G4Transportation::AlongStepDoIt
 Transportation is killing track that is looping or stuck. 
   Track is e- and has 104.31 MeV energy  ( pre-Step = 104.31 ) 
   momentum = (62.8085,-29.2148,-78.6687) mag= 104.82
   position = (3929.75,-2192.5,-4933.44) is in volume 'MagnetEnvelope',  its material is 'G4_Galactic' with density = 1e-25 g/cm^3 
 Total number of Steps by this track: 3
 Length of this step = 37523.3 mm 
 Number of propagation trials = 1 ( vs maximum = 10 for 'important' particles ) 
   ( Number of *calls* of Transport/AlongStepDoIt = 32388086 )

*** This is just a warning message. ***
-------- WWWW -------- G4Exception-END --------- WWWW -------

G4WT13 > 
-------- WWWW ------- G4Exception-START -------- WWWW -------
*** G4Exception : Transport-001-ExcessSteps
      issued by : G4Transportation::AlongStepDoIt
 Transportation is killing track that is looping or stuck. 
   Track is e- and has 159.794 MeV energy  ( pre-Step = 159.794 ) 
   momentum = (-133.198,-87.9457,14.8802) mag= 160.305
   position = (-3763.61,-2466.83,661.541) is in volume 'MagnetEnvelope',  its material is 'G4_Galactic' with density = 1e-25 g/cm^3 
 Total number of Steps by this track: 2
 Length of this step = 33407.4 mm 
 Number of propagation trials = 1 ( vs maximum = 10 for 'important' particles ) 
   ( Number of *calls* of Transport/AlongStepDoIt = 31738640 )

*** This is just a warning message. ***
-------- WWWW -------- G4Exception-END --------- WWWW -------

G4WT6 > 
-------- WWWW ------- G4Exception-START -------- WWWW -------
*** G4Exception : Transport-001-ExcessSteps
      issued by : G4Transportation::AlongStepDoIt
 Transportation is killing track that is looping or stuck. 
   Track is e+ and has 147.858 MeV energy  ( pre-Step = 147.858 ) 
   momentum = (-52.4438,-126.956,-56.0797) mag= 148.368
   position = (1309.38,-4305.29,-749.609) is in volume 'MagnetEnvelope',  its material is 'G4_Galactic' with density = 1e-25 g/cm^3 
 Total number of Steps by this track: 2
 Length of this step = 29781.2 mm 
 Number of propagation trials = 1 ( vs maximum = 10 for 'important' particles ) 
   ( Number of *calls* of Transport/AlongStepDoIt = 32277606 )

*** This is just a warning message. ***
-------- WWWW -------- G4Exception-END --------- WWWW -------

G4WT13 > 
-------- WWWW ------- G4Exception-START -------- WWWW -------
*** G4Exception : Transport-001-ExcessSteps
      issued by : G4Transportation::AlongStepDoIt
 Transportation is killing track that is looping or stuck. 
   Track is e- and has 109.968 MeV energy  ( pre-Step = 109.968 ) 
   momentum = (104.183,-5.60833,-36.3266) mag= 110.477
   position = (4159.65,-1716.78,-603.148) is in volume 'MagnetEnvelope',  its material is 'G4_Galactic' with density = 1e-25 g/cm^3 
 Total number of Steps by this track: 198
 Length of this step = 23517.7 mm 
 Number of propagation trials = 1 ( vs maximum = 10 for 'important' particles ) 
   ( Number of *calls* of Transport/AlongStepDoIt = 31853329 )

*** This is just a warning message. ***
-------- WWWW -------- G4Exception-END --------- WWWW -------

G4WT0 > 
-------- WWWW ------- G4Exception-START -------- WWWW -------
*** G4Exception : Transport-001-ExcessSteps
      issued by : G4Transportation::AlongStepDoIt
 Transportation is killing track that is looping or stuck. 
   Track is e- and has 136.82 MeV energy  ( pre-Step = 136.82 ) 
   momentum = (58.9634,-117.541,39.5847) mag= 137.33
   position = (1758.96,-4141.99,3518.11) is in volume 'MagnetEnvelope',  its material is 'G4_Galactic' with density = 1e-25 g/cm^3 
 Total number of Steps by this track: 4
 Length of this step = 40302.8 mm 
 Number of propagation trials = 1 ( vs maximum = 10 for 'important' particles ) 
   ( Number of *calls* of Transport/AlongStepDoIt = 28284812 )

*** This is just a warning message. ***
-------- WWWW -------- G4Exception-END --------- WWWW -------

G4WT7 > 
-------- WWWW ------- G4Exception-START -------- WWWW -------
*** G4Exception : Transport-001-ExcessSteps
      issued by : G4Transportation::AlongStepDoIt
 Transportation is killing track that is looping or stuck. 
   Track is e+ and has 127.934 MeV energy  ( pre-Step = 127.934 ) 
   momentum = (88.1386,-93.4198,1.50905) mag= 128.444
   position = (3017.11,-3338.72,58.6074) is in volume 'MagnetEnvelope',  its material is 'G4_Galactic' with density = 1e-25 g/cm^3 
 Total number of Steps by this track: 3
 Length of this step = 23388.9 mm 
 Number of propagation trials = 1 ( vs maximum = 10 for 'important' particles ) 
   ( Number of *calls* of Transport/AlongStepDoIt = 30153951 )

*** This is just a warning message. ***
-------- WWWW -------- G4Exception-END --------- WWWW -------

G4WT7 > 
-------- WWWW ------- G4Exception-START -------- WWWW -------
*** G4Exception : Transport-001-ExcessSteps
      issued by : G4Transportation::AlongStepDoIt
 Transportation is killing track that is looping or stuck. 
   Track is e- and has 156.41 MeV energy  ( pre-Step = 156.41 ) 
   momentum = (103.959,-117.48,-3.85592) mag= 156.92
   position = (3017.11,-3338.72,58.5999) is in volume 'MagnetEnvelope',  its material is 'G4_Galactic' with density = 1e-25 g/cm^3 
 Total number of Steps by this track: 3
 Length of this step = 24370.2 mm 
 Number of propagation trials = 1 ( vs maximum = 10 for 'important' particles ) 
   ( Number of *calls* of Transport/AlongStepDoIt = 30153959 )

*** This is just a warning message. ***
-------- WWWW -------- G4Exception-END --------- WWWW -------

G4WT3 > 
-------- WWWW ------- G4Exception-START -------- WWWW -------
*** G4Exception : Transport-001-ExcessSteps
      issued by : G4Transportation::AlongStepDoIt
 Transportation is killing track that is looping or stuck. 
   Track is e+ and has 111.203 MeV energy  ( pre-Step = 111.203 ) 
   momentum = (90.2115,-64.7648,-12.1267) mag= 111.712
   position = (3931.91,2188.63,-1018.77) is in volume 'MagnetEnvelope',  its material is 'G4_Galactic' with density = 1e-25 g/cm^3 
 Total number of Steps by this track: 172
 Length of this step = 32080.1 mm 
 Number of propagation trials = 1 ( vs maximum = 10 for 'important' particles ) 
   ( Number of *calls* of Transport/AlongStepDoIt = 32967804 )

*** This is just a warning message. ***
-------- WWWW -------- G4Exception-END --------- WWWW -------

G4WT13 > 
-------- WWWW ------- G4Exception-START -------- WWWW -------
*** G4Exception : Transport-001-ExcessSteps
      issued by : G4Transportation::AlongStepDoIt
 Transportation is killing track that is looping or stuck. 
   Track is e- and has 111.581 MeV energy  ( pre-Step = 111.581 ) 
   momentum = (-94.3941,-57.5506,-18.4969) mag= 112.091
   position = (-3810.34,-2394.01,-1009.53) is in volume 'MagnetEnvelope',  its material is 'G4_Galactic' with density = 1e-25 g/cm^3 
 Total number of Steps by this track: 3
 Length of this step = 24099.1 mm 
 Number of propagation trials = 1 ( vs maximum = 10 for 'important' particles ) 
   ( Number of *calls* of Transport/AlongStepDoIt = 32337213 )

*** This is just a warning message. ***
-------- WWWW -------- G4Exception-END --------- WWWW -------

G4WT2 > 
-------- WWWW ------- G4Exception-START -------- WWWW -------
*** G4Exception : Transport-001-ExcessSteps
      issued by : G4Transportation::AlongStepDoIt
 Transportation is killing track that is looping or stuck. 
   Track is e- and has 118.675 MeV energy  ( pre-Step = 118.675 ) 
   momentum = (-28.7026,-115.523,-5.969) mag= 119.185
   position = (-875.807,-4413.95,-339.201) is in volume 'MagnetEnvelope',  its material is 'G4_Galactic' with density = 1e-25 g/cm^3 
 Total number of Steps by this track: 6
 Length of this step = 25439.2 mm 
 Number of propagation trials = 1 ( vs maximum = 10 for 'important' particles ) 
   ( Number of *calls* of Transport/AlongStepDoIt = 33145083 )

*** This is just a warning message. ***
-------- WWWW -------- G4Exception-END --------- WWWW -------

G4WT5 > 
-------- WWWW ------- G4Exception-START -------- WWWW -------
*** G4Exception : Transport-001-ExcessSteps
      issued by : G4Transportation::AlongStepDoIt
 Transportation is killing track that is looping or stuck. 
   Track is e+ and has 132.079 MeV energy  ( pre-Step = 132.079 ) 
   momentum = (-96.0805,34.3958,-84.6476) mag= 132.589
   position = (-997.863,4387.97,2273.79) is in volume 'MagnetEnvelope',  its material is 'G4_Galactic' with density = 1e-25 g/cm^3 
 Total number of Steps by this track: 46
 Length of this step = 29171.6 mm 
 Number of propagation trials = 1 ( vs maximum = 10 for 'important' particles ) 
   ( Number of *calls* of Transport/AlongStepDoIt = 27005441 )

*** This is just a warning message. ***
-------- WWWW -------- G4Exception-END --------- WWWW -------

G4WT2 > --> Event 9000 starts with initial seeds (96456953,62922835).
G4WT6 > 
-------- WWWW ------- G4Exception-START -------- WWWW -------
*** G4Exception : Transport-001-ExcessSteps
      issued by : G4Transportation::AlongStepDoIt
 Transportation is killing track that is looping or stuck. 
   Track is e+ and has 104.671 MeV energy  ( pre-Step = 104.671 ) 
   momentum = (70.0943,73.5703,27.15) mag= 105.18
   position = (1244.76,4324.42,-41.8612) is in volume 'MagnetEnvelope',  its material is 'G4_Galactic' with density = 1e-25 g/cm^3 
 Total number of Steps by this track: 36
 Length of this step = 26503.9 mm 
 Number of propagation trials = 1 ( vs maximum = 10 for 'important' particles ) 
   ( Number of *calls* of Transport/AlongStepDoIt = 33411875 )

*** This is just a warning message. ***
-------- WWWW -------- G4Exception-END --------- WWWW -------

G4WT9 > 
-------- WWWW ------- G4Exception-START -------- WWWW -------
*** G4Exception : Transport-001-ExcessSteps
      issued by : G4Transportation::AlongStepDoIt
 Transportation is killing track that is looping or stuck. 
   Track is e+ and has 162.887 MeV energy  ( pre-Step = 162.887 ) 
   momentum = (-46.8617,-62.2217,-143.635) mag= 163.397
   position = (-1238.56,-2062.76,-5000) is in volume 'MagnetEnvelope',  its material is 'G4_Galactic' with density = 1e-25 g/cm^3 
 Total number of Steps by this track: 2
 Length of this step = 39111.4 mm 
 Number of propagation trials = 1 ( vs maximum = 10 for 'important' particles ) 
   ( Number of *calls* of Transport/AlongStepDoIt = 33908228 )

*** This is just a warning message. ***
-------- WWWW -------- G4Exception-END --------- WWWW -------

G4WT11 > 
-------- WWWW ------- G4Exception-START -------- WWWW -------
*** G4Exception : Transport-001-ExcessSteps
      issued by : G4Transportation::AlongStepDoIt
 Transportation is killing track that is looping or stuck. 
   Track is e+ and has 103.518 MeV energy  ( pre-Step = 103.518 ) 
   momentum = (79.3058,-62.3798,-25.3213) mag= 104.028
   position = (3326.71,-3030.35,-1159.2) is in volume 'MagnetEnvelope',  its material is 'G4_Galactic' with density = 1e-25 g/cm^3 
 Total number of Steps by this track: 2
 Length of this step = 22512.8 mm 
 Number of propagation trials = 1 ( vs maximum = 10 for 'important' particles ) 
   ( Number of *calls* of Transport/AlongStepDoIt = 32127238 )

*** This is just a warning message. ***
-------- WWWW -------- G4Exception-END --------- WWWW -------

G4WT11 > 
-------- WWWW ------- G4Exception-START -------- WWWW -------
*** G4Exception : Transport-001-ExcessSteps
      issued by : G4Transportation::AlongStepDoIt
 Transportation is killing track that is looping or stuck. 
   Track is e- and has 100.019 MeV energy  ( pre-Step = 100.019 ) 
   momentum = (0.214523,-50.1788,87.1092) mag= 100.528
   position = (-487.33,-4473.53,3125.53) is in volume 'MagnetEnvelope',  its material is 'G4_Galactic' with density = 1e-25 g/cm^3 
 Total number of Steps by this track: 16
 Length of this step = 28458.2 mm 
 Number of propagation trials = 1 ( vs maximum = 10 for 'important' particles ) 
   ( Number of *calls* of Transport/AlongStepDoIt = 32233985 )

*** This is just a warning message. ***
-------- WWWW -------- G4Exception-END --------- WWWW -------

G4WT13 > 
-------- WWWW ------- G4Exception-START -------- WWWW -------
*** G4Exception : Transport-001-ExcessSteps
      issued by : G4Transportation::AlongStepDoIt
 Transportation is killing track that is looping or stuck. 
   Track is e+ and has 109.217 MeV energy  ( pre-Step = 109.217 ) 
   momentum = (101.551,-39.693,-12.3242) mag= 109.727
   position = (4136.94,-1770.79,-506.648) is in volume 'MagnetEnvelope',  its material is 'G4_Galactic' with density = 1e-25 g/cm^3 
 Total number of Steps by this track: 4
 Length of this step = 35953.6 mm 
 Number of propagation trials = 1 ( vs maximum = 10 for 'important' particles ) 
   ( Number of *calls* of Transport/AlongStepDoIt = 33911531 )

*** This is just a warning message. ***
-------- WWWW -------- G4Exception-END --------- WWWW -------

G4WT13 > 
-------- WWWW ------- G4Exception-START -------- WWWW -------
*** G4Exception : Transport-001-ExcessSteps
      issued by : G4Transportation::AlongStepDoIt
 Transportation is killing track that is looping or stuck. 
   Track is e- and has 111.298 MeV energy  ( pre-Step = 111.298 ) 
   momentum = (-98.6684,35.3326,-38.9498) mag= 111.808
   position = (-4303.6,-1314.92,-345.398) is in volume 'MagnetEnvelope',  its material is 'G4_Galactic' with density = 1e-25 g/cm^3 
 Total number of Steps by this track: 296
 Length of this step = 28073.1 mm 
 Number of propagation trials = 1 ( vs maximum = 10 for 'important' particles ) 
   ( Number of *calls* of Transport/AlongStepDoIt = 34353612 )

*** This is just a warning message. ***
-------- WWWW -------- G4Exception-END --------- WWWW -------

G4WT4 > 
-------- WWWW ------- G4Exception-START -------- WWWW -------
*** G4Exception : Transport-001-ExcessSteps
      issued by : G4Transportation::AlongStepDoIt
 Transportation is killing track that is looping or stuck. 
   Track is e- and has 104.968 MeV energy  ( pre-Step = 104.968 ) 
   momentum = (96.3001,24.7002,-35.2374) mag= 105.477
   position = (8335,1441.63,-1913.39) is in volume 'MagnetEnvelope',  its material is 'G4_Galactic' with density = 1e-25 g/cm^3 
 Total number of Steps by this track: 3
 Length of this step = 21731.3 mm 
 Number of propagation trials = 1 ( vs maximum = 10 for 'important' particles ) 
   ( Number of *calls* of Transport/AlongStepDoIt = 31530909 )

*** This is just a warning message. ***
-------- WWWW -------- G4Exception-END --------- WWWW -------

G4WT15 > 
-------- WWWW ------- G4Exception-START -------- WWWW -------
*** G4Exception : Transport-001-ExcessSteps
      issued by : G4Transportation::AlongStepDoIt
 Transportation is killing track that is looping or stuck. 
   Track is e+ and has 104.055 MeV energy  ( pre-Step = 104.055 ) 
   momentum = (88.8388,-54.8221,-6.00363) mag= 104.565
   position = (4027.82,-2006.66,-116.762) is in volume 'MagnetEnvelope',  its material is 'G4_Galactic' with density = 1e-25 g/cm^3 
 Total number of Steps by this track: 5
 Length of this step = 26893.2 mm 
 Number of propagation trials = 1 ( vs maximum = 10 for 'important' particles ) 
   ( Number of *calls* of Transport/AlongStepDoIt = 31931860 )

*** This is just a warning message. ***
-------- WWWW -------- G4Exception-END --------- WWWW -------

G4WT13 > --> Event 9500 starts with initial seeds (47697972,42366530).
G4WT13 > 
-------- WWWW ------- G4Exception-START -------- WWWW -------
*** G4Exception : Transport-001-ExcessSteps
      issued by : G4Transportation::AlongStepDoIt
 Transportation is killing track that is looping or stuck. 
   Track is e- and has 108.602 MeV energy  ( pre-Step = 108.602 ) 
   momentum = (-81.9733,57.4452,43.4267) mag= 109.112
   position = (-3632.28,2656.41,1927.67) is in volume 'MagnetEnvelope',  its material is 'G4_Galactic' with density = 1e-25 g/cm^3 
 Total number of Steps by this track: 5
 Length of this step = 26761.4 mm 
 Number of propagation trials = 1 ( vs maximum = 10 for 'important' particles ) 
   ( Number of *calls* of Transport/AlongStepDoIt = 35393240 )

*** This is just a warning message. ***
-------- WWWW -------- G4Exception-END --------- WWWW -------

G4WT2 > 
-------- WWWW ------- G4Exception-START -------- WWWW -------
*** G4Exception : Transport-001-ExcessSteps
      issued by : G4Transportation::AlongStepDoIt
 Transportation is killing track that is looping or stuck. 
   Track is e- and has 100.215 MeV energy  ( pre-Step = 100.215 ) 
   momentum = (35.8155,-57.235,74.7456) mag= 100.725
   position = (7687.76,1372.2,2031.74) is in volume 'MagnetEnvelope',  its material is 'G4_Galactic' with density = 1e-25 g/cm^3 
 Total number of Steps by this track: 3
 Length of this step = 20423.7 mm 
 Number of propagation trials = 1 ( vs maximum = 10 for 'important' particles ) 
   ( Number of *calls* of Transport/AlongStepDoIt = 36211637 )

*** This is just a warning message. ***
-------- WWWW -------- G4Exception-END --------- WWWW -------

G4WT11 > 
-------- WWWW ------- G4Exception-START -------- WWWW -------
*** G4Exception : Transport-001-ExcessSteps
      issued by : G4Transportation::AlongStepDoIt
 Transportation is killing track that is looping or stuck. 
   Track is e- and has 124.733 MeV energy  ( pre-Step = 124.733 ) 
   momentum = (85.0737,91.8281,-3.98721) mag= 125.243
   position = (3057.57,3301.71,-63.9807) is in volume 'MagnetEnvelope',  its material is 'G4_Galactic' with density = 1e-25 g/cm^3 
 Total number of Steps by this track: 5
 Length of this step = 23224.2 mm 
 Number of propagation trials = 1 ( vs maximum = 10 for 'important' particles ) 
   ( Number of *calls* of Transport/AlongStepDoIt = 33667946 )

*** This is just a warning message. ***
-------- WWWW -------- G4Exception-END --------- WWWW -------

G4WT6 > 
-------- WWWW ------- G4Exception-START -------- WWWW -------
*** G4Exception : Transport-001-ExcessSteps
      issued by : G4Transportation::AlongStepDoIt
 Transportation is killing track that is looping or stuck. 
   Track is e- and has 122.218 MeV energy  ( pre-Step = 122.218 ) 
   momentum = (-116.026,-38.8378,-9.57477) mag= 122.728
   position = (-4295.53,-1341.06,-357.893) is in volume 'MagnetEnvelope',  its material is 'G4_Galactic' with density = 1e-25 g/cm^3 
 Total number of Steps by this track: 2
 Length of this step = 30485.3 mm 
 Number of propagation trials = 1 ( vs maximum = 10 for 'important' particles ) 
   ( Number of *calls* of Transport/AlongStepDoIt = 35739952 )

*** This is just a warning message. ***
-------- WWWW -------- G4Exception-END --------- WWWW -------

G4WT9 > 
-------- WWWW ------- G4Exception-START -------- WWWW -------
*** G4Exception : Transport-001-ExcessSteps
      issued by : G4Transportation::AlongStepDoIt
 Transportation is killing track that is looping or stuck. 
   Track is e- and has 131.426 MeV energy  ( pre-Step = 131.426 ) 
   momentum = (-118.464,-40.5959,41.5372) mag= 131.936
   position = (-4178.98,-1669.17,1467.53) is in volume 'MagnetEnvelope',  its material is 'G4_Galactic' with density = 1e-25 g/cm^3 
 Total number of Steps by this track: 4
 Length of this step = 26277.1 mm 
 Number of propagation trials = 1 ( vs maximum = 10 for 'important' particles ) 
   ( Number of *calls* of Transport/AlongStepDoIt = 36563259 )

*** This is just a warning message. ***
-------- WWWW -------- G4Exception-END --------- WWWW -------

G4WT5 > 
-------- WWWW ------- G4Exception-START -------- WWWW -------
*** G4Exception : Transport-001-ExcessSteps
      issued by : G4Transportation::AlongStepDoIt
 Transportation is killing track that is looping or stuck. 
   Track is e+ and has 141.509 MeV energy  ( pre-Step = 141.509 ) 
   momentum = (-99.7222,-97.757,25.8538) mag= 142.019
   position = (-3964.92,-2128.24,359.918) is in volume 'MagnetEnvelope',  its material is 'G4_Galactic' with density = 1e-25 g/cm^3 
 Total number of Steps by this track: 7
 Length of this step = 38248.5 mm 
 Number of propagation trials = 1 ( vs maximum = 10 for 'important' particles ) 
   ( Number of *calls* of Transport/AlongStepDoIt = 29387840 )

*** This is just a warning message. ***
-------- WWWW -------- G4Exception-END --------- WWWW -------

G4WT13 > 
-------- WWWW ------- G4Exception-START -------- WWWW -------
*** G4Exception : Transport-001-ExcessSteps
      issued by : G4Transportation::AlongStepDoIt
 Transportation is killing track that is looping or stuck. 
   Track is e- and has 110.976 MeV energy  ( pre-Step = 110.976 ) 
   momentum = (12.1902,-104.138,-37.8913) mag= 111.486
   position = (-3922.09,-2206.17,1550.34) is in volume 'MagnetEnvelope',  its material is 'G4_Galactic' with density = 1e-25 g/cm^3 
 Total number of Steps by this track: 441
 Length of this step = 26820.7 mm 
 Number of propagation trials = 1 ( vs maximum = 10 for 'important' particles ) 
   ( Number of *calls* of Transport/AlongStepDoIt = 36508593 )

*** This is just a warning message. ***
-------- WWWW -------- G4Exception-END --------- WWWW -------

G4WT15 > 
-------- WWWW ------- G4Exception-START -------- WWWW -------
*** G4Exception : Transport-001-ExcessSteps
      issued by : G4Transportation::AlongStepDoIt
 Transportation is killing track that is looping or stuck. 
   Track is e- and has 129.063 MeV energy  ( pre-Step = 129.063 ) 
   momentum = (-90.31,-87.2136,32.0474) mag= 129.573
   position = (-3302.76,-3056.43,1172.18) is in volume 'MagnetEnvelope',  its material is 'G4_Galactic' with density = 1e-25 g/cm^3 
 Total number of Steps by this track: 2
 Length of this step = 24189.1 mm 
 Number of propagation trials = 1 ( vs maximum = 10 for 'important' particles ) 
   ( Number of *calls* of Transport/AlongStepDoIt = 33041201 )

*** This is just a warning message. ***
-------- WWWW -------- G4Exception-END --------- WWWW -------

G4WT15 > 
-------- WWWW ------- G4Exception-START -------- WWWW -------
*** G4Exception : Transport-001-ExcessSteps
      issued by : G4Transportation::AlongStepDoIt
 Transportation is killing track that is looping or stuck. 
   Track is e+ and has 112.697 MeV energy  ( pre-Step = 112.697 ) 
   momentum = (14.8632,-104.937,-39.7879) mag= 113.207
   position = (628.673,-4455.87,-1946.8) is in volume 'MagnetEnvelope',  its material is 'G4_Galactic' with density = 1e-25 g/cm^3 
 Total number of Steps by this track: 4
 Length of this step = 30636.6 mm 
 Number of propagation trials = 1 ( vs maximum = 10 for 'important' particles ) 
   ( Number of *calls* of Transport/AlongStepDoIt = 33096088 )

*** This is just a warning message. ***
-------- WWWW -------- G4Exception-END --------- WWWW -------

G4WT4 > 
-------- WWWW ------- G4Exception-START -------- WWWW -------
*** G4Exception : Transport-001-ExcessSteps
      issued by : G4Transportation::AlongStepDoIt
 Transportation is killing track that is looping or stuck. 
   Track is e- and has 152.716 MeV energy  ( pre-Step = 152.716 ) 
   momentum = (-26.5474,-139.875,56.6432) mag= 153.226
   position = (-1382.34,-4282.42,-2267.07) is in volume 'MagnetEnvelope',  its material is 'G4_Galactic' with density = 1e-25 g/cm^3 
 Total number of Steps by this track: 2
 Length of this step = 28195.9 mm 
 Number of propagation trials = 1 ( vs maximum = 10 for 'important' particles ) 
   ( Number of *calls* of Transport/AlongStepDoIt = 33971165 )

*** This is just a warning message. ***
-------- WWWW -------- G4Exception-END --------- WWWW -------

G4WT4 > 
-------- WWWW ------- G4Exception-START -------- WWWW -------
*** G4Exception : Transport-001-ExcessSteps
      issued by : G4Transportation::AlongStepDoIt
 Transportation is killing track that is looping or stuck. 
   Track is e- and has 117.506 MeV energy  ( pre-Step = 117.506 ) 
   momentum = (80.7978,85.9104,4.35328) mag= 118.016
   position = (3040,3317.89,147.995) is in volume 'MagnetEnvelope',  its material is 'G4_Galactic' with density = 1e-25 g/cm^3 
 Total number of Steps by this track: 2
 Length of this step = 21944.6 mm 
 Number of propagation trials = 1 ( vs maximum = 10 for 'important' particles ) 
   ( Number of *calls* of Transport/AlongStepDoIt = 34034929 )

*** This is just a warning message. ***
-------- WWWW -------- G4Exception-END --------- WWWW -------

G4WT8 > 
-------- WWWW ------- G4Exception-START -------- WWWW -------
*** G4Exception : Transport-001-ExcessSteps
      issued by : G4Transportation::AlongStepDoIt
 Transportation is killing track that is looping or stuck. 
   Track is e+ and has 114.148 MeV energy  ( pre-Step = 114.148 ) 
   momentum = (-7.47819,75.4161,86.0408) mag= 114.658
   position = (-811.591,4402.99,5000) is in volume 'MagnetEnvelope',  its material is 'G4_Galactic' with density = 1e-25 g/cm^3 
 Total number of Steps by this track: 4
 Length of this step = 39563.9 mm 
 Number of propagation trials = 1 ( vs maximum = 10 for 'important' particles ) 
   ( Number of *calls* of Transport/AlongStepDoIt = 33567758 )

*** This is just a warning message. ***
-------- WWWW -------- G4Exception-END --------- WWWW -------

G4WT10 > 
-------- WWWW ------- G4Exception-START -------- WWWW -------
*** G4Exception : Transport-001-ExcessSteps
      issued by : G4Transportation::AlongStepDoIt
 Transportation is killing track that is looping or stuck. 
   Track is e+ and has 114.311 MeV energy  ( pre-Step = 114.311 ) 
   momentum = (78.4427,-52.6621,-65.2475) mag= 114.821
   position = (3845.44,2337.22,665.684) is in volume 'MagnetEnvelope',  its material is 'G4_Galactic' with density = 1e-25 g/cm^3 
 Total number of Steps by this track: 11
 Length of this step = 37475.5 mm 
 Number of propagation trials = 1 ( vs maximum = 10 for 'important' particles ) 
   ( Number of *calls* of Transport/AlongStepDoIt = 31683164 )

*** This is just a warning message. ***
-------- WWWW -------- G4Exception-END --------- WWWW -------

G4WT5 > 
-------- WWWW ------- G4Exception-START -------- WWWW -------
*** G4Exception : Transport-001-ExcessSteps
      issued by : G4Transportation::AlongStepDoIt
 Transportation is killing track that is looping or stuck. 
   Track is e- and has 239.755 MeV energy  ( pre-Step = 239.755 ) 
   momentum = (-98.422,-213.644,-48.9584) mag= 240.265
   position = (-638.57,-4454.46,-393.164) is in volume 'MagnetEnvelope',  its material is 'G4_Galactic' with density = 1e-25 g/cm^3 
 Total number of Steps by this track: 3
 Length of this step = 35983.7 mm 
 Number of propagation trials = 1 ( vs maximum = 10 for 'important' particles ) 
   ( Number of *calls* of Transport/AlongStepDoIt = 30481641 )

*** This is just a warning message. ***
-------- WWWW -------- G4Exception-END --------- WWWW -------

G4WT1 > 
-------- WWWW ------- G4Exception-START -------- WWWW -------
*** G4Exception : Transport-001-ExcessSteps
      issued by : G4Transportation::AlongStepDoIt
 Transportation is killing track that is looping or stuck. 
   Track is e+ and has 191.791 MeV energy  ( pre-Step = 191.791 ) 
   momentum = (-66.4658,179.1,-22.0309) mag= 192.302
   position = (-1375.5,4284.62,-522.977) is in volume 'MagnetEnvelope',  its material is 'G4_Galactic' with density = 1e-25 g/cm^3 
 Total number of Steps by this track: 2
 Length of this step = 36734.2 mm 
 Number of propagation trials = 1 ( vs maximum = 10 for 'important' particles ) 
   ( Number of *calls* of Transport/AlongStepDoIt = 34641290 )

*** This is just a warning message. ***
-------- WWWW -------- G4Exception-END --------- WWWW -------

G4WT3 > 
-------- WWWW ------- G4Exception-START -------- WWWW -------
*** G4Exception : Transport-001-ExcessSteps
      issued by : G4Transportation::AlongStepDoIt
 Transportation is killing track that is looping or stuck. 
   Track is e+ and has 165.089 MeV energy  ( pre-Step = 165.089 ) 
   momentum = (-89.1838,-105.804,-90.9662) mag= 165.599
   position = (-1834.73,-4108.99,-3021.38) is in volume 'MagnetEnvelope',  its material is 'G4_Galactic' with density = 1e-25 g/cm^3 
 Total number of Steps by this track: 6
 Length of this step = 35525.9 mm 
 Number of propagation trials = 1 ( vs maximum = 10 for 'important' particles ) 
   ( Number of *calls* of Transport/AlongStepDoIt = 36664532 )

*** This is just a warning message. ***
-------- WWWW -------- G4Exception-END --------- WWWW -------

G4WT3 > 
-------- WWWW ------- G4Exception-START -------- WWWW -------
*** G4Exception : Transport-001-ExcessSteps
      issued by : G4Transportation::AlongStepDoIt
 Transportation is killing track that is looping or stuck. 
   Track is e+ and has 103.428 MeV energy  ( pre-Step = 103.428 ) 
   momentum = (-22.9591,-57.1828,-83.7023) mag= 103.938
   position = (-1830.92,-4110.69,-3028.18) is in volume 'MagnetEnvelope',  its material is 'G4_Galactic' with density = 1e-25 g/cm^3 
 Total number of Steps by this track: 2
 Length of this step = 39018.9 mm 
 Number of propagation trials = 1 ( vs maximum = 10 for 'important' particles ) 
   ( Number of *calls* of Transport/AlongStepDoIt = 36664884 )

*** This is just a warning message. ***
-------- WWWW -------- G4Exception-END --------- WWWW -------

G4WT13 > 
-------- WWWW ------- G4Exception-START -------- WWWW -------
*** G4Exception : Transport-001-ExcessSteps
      issued by : G4Transportation::AlongStepDoIt
 Transportation is killing track that is looping or stuck. 
   Track is e+ and has 103.368 MeV energy  ( pre-Step = 103.368 ) 
   momentum = (49.0864,-82.7389,39.1838) mag= 103.878
   position = (-863.829,-6367.57,-4288.08) is in volume 'MagnetEnvelope',  its material is 'G4_Galactic' with density = 1e-25 g/cm^3 
 Total number of Steps by this track: 1
 Length of this step = 32775.9 mm 
 Number of propagation trials = 1 ( vs maximum = 10 for 'important' particles ) 
   ( Number of *calls* of Transport/AlongStepDoIt = 37622752 )

*** This is just a warning message. ***
-------- WWWW -------- G4Exception-END --------- WWWW -------

G4WT6 > 
-------- WWWW ------- G4Exception-START -------- WWWW -------
*** G4Exception : Transport-001-ExcessSteps
      issued by : G4Transportation::AlongStepDoIt
 Transportation is killing track that is looping or stuck. 
   Track is e- and has 127.3 MeV energy  ( pre-Step = 127.3 ) 
   momentum = (-86.6307,-59.0647,-73.0878) mag= 127.81
   position = (-4176.43,-1675.53,868.603) is in volume 'MagnetEnvelope',  its material is 'G4_Galactic' with density = 1e-25 g/cm^3 
 Total number of Steps by this track: 131
 Length of this step = 30292.5 mm 
 Number of propagation trials = 1 ( vs maximum = 10 for 'important' particles ) 
   ( Number of *calls* of Transport/AlongStepDoIt = 37070752 )

*** This is just a warning message. ***
-------- WWWW -------- G4Exception-END --------- WWWW -------

G4WT0 > 
-------- WWWW ------- G4Exception-START -------- WWWW -------
*** G4Exception : Transport-001-ExcessSteps
      issued by : G4Transportation::AlongStepDoIt
 Transportation is killing track that is looping or stuck. 
   Track is e+ and has 134.224 MeV energy  ( pre-Step = 134.224 ) 
   momentum = (28.8747,131.403,-7.25806) mag= 134.734
   position = (1227.05,4329.48,-224.239) is in volume 'MagnetEnvelope',  its material is 'G4_Galactic' with density = 1e-25 g/cm^3 
 Total number of Steps by this track: 3
 Length of this step = 31216 mm 
 Number of propagation trials = 1 ( vs maximum = 10 for 'important' particles ) 
   ( Number of *calls* of Transport/AlongStepDoIt = 32537888 )

*** This is just a warning message. ***
-------- WWWW -------- G4Exception-END --------- WWWW -------

G4WT11 > 
-------- WWWW ------- G4Exception-START -------- WWWW -------
*** G4Exception : Transport-001-ExcessSteps
      issued by : G4Transportation::AlongStepDoIt
 Transportation is killing track that is looping or stuck. 
   Track is e- and has 174.528 MeV energy  ( pre-Step = 174.528 ) 
   momentum = (134.497,107.394,-31.866) mag= 175.038
   position = (3957.79,-2141.47,-580.914) is in volume 'MagnetEnvelope',  its material is 'G4_Galactic' with density = 1e-25 g/cm^3 
 Total number of Steps by this track: 145
 Length of this step = 31536.6 mm 
 Number of propagation trials = 1 ( vs maximum = 10 for 'important' particles ) 
   ( Number of *calls* of Transport/AlongStepDoIt = 35711139 )

*** This is just a warning message. ***
-------- WWWW -------- G4Exception-END --------- WWWW -------

G4WT13 > 
-------- WWWW ------- G4Exception-START -------- WWWW -------
*** G4Exception : Transport-001-ExcessSteps
      issued by : G4Transportation::AlongStepDoIt
 Transportation is killing track that is looping or stuck. 
   Track is e+ and has 134.566 MeV energy  ( pre-Step = 134.566 ) 
   momentum = (101.884,-86.9473,17.4793) mag= 135.077
   position = (4089.74,1877.24,-240.506) is in volume 'MagnetEnvelope',  its material is 'G4_Galactic' with density = 1e-25 g/cm^3 
 Total number of Steps by this track: 99
 Length of this step = 26740 mm 
 Number of propagation trials = 1 ( vs maximum = 10 for 'important' particles ) 
   ( Number of *calls* of Transport/AlongStepDoIt = 38118829 )

*** This is just a warning message. ***
-------- WWWW -------- G4Exception-END --------- WWWW -------

G4WT10 > 
-------- WWWW ------- G4Exception-START -------- WWWW -------
*** G4Exception : Transport-001-ExcessSteps
      issued by : G4Transportation::AlongStepDoIt
 Transportation is killing track that is looping or stuck. 
   Track is e- and has 120.64 MeV energy  ( pre-Step = 120.64 ) 
   momentum = (-104.235,61.0496,-9.23998) mag= 121.15
   position = (-3973.87,2111.48,-471.561) is in volume 'MagnetEnvelope',  its material is 'G4_Galactic' with density = 1e-25 g/cm^3 
 Total number of Steps by this track: 6
 Length of this step = 29965.4 mm 
 Number of propagation trials = 1 ( vs maximum = 10 for 'important' particles ) 
   ( Number of *calls* of Transport/AlongStepDoIt = 33696772 )

*** This is just a warning message. ***
-------- WWWW -------- G4Exception-END --------- WWWW -------

G4WT7 > 
-------- WWWW ------- G4Exception-START -------- WWWW -------
*** G4Exception : Transport-001-ExcessSteps
      issued by : G4Transportation::AlongStepDoIt
 Transportation is killing track that is looping or stuck. 
   Track is e+ and has 134.946 MeV energy  ( pre-Step = 134.946 ) 
   momentum = (68.1107,-75.7166,-89.3107) mag= 135.457
   position = (1588.33,-4210.37,-2924.67) is in volume 'MagnetEnvelope',  its material is 'G4_Galactic' with density = 1e-25 g/cm^3 
 Total number of Steps by this track: 2
 Length of this step = 31749.1 mm 
 Number of propagation trials = 1 ( vs maximum = 10 for 'important' particles ) 
   ( Number of *calls* of Transport/AlongStepDoIt = 35619526 )

*** This is just a warning message. ***
-------- WWWW -------- G4Exception-END --------- WWWW -------

G4WT15 > 
-------- WWWW ------- G4Exception-START -------- WWWW -------
*** G4Exception : Transport-001-ExcessSteps
      issued by : G4Transportation::AlongStepDoIt
 Transportation is killing track that is looping or stuck. 
   Track is e- and has 179.026 MeV energy  ( pre-Step = 179.026 ) 
   momentum = (98.3553,124.796,83.5796) mag= 179.536
   position = (630.642,4455.59,-3750.24) is in volume 'MagnetEnvelope',  its material is 'G4_Galactic' with density = 1e-25 g/cm^3 
 Total number of Steps by this track: 57
 Length of this step = 30956.5 mm 
 Number of propagation trials = 1 ( vs maximum = 10 for 'important' particles ) 
   ( Number of *calls* of Transport/AlongStepDoIt = 35234485 )

*** This is just a warning message. ***
-------- WWWW -------- G4Exception-END --------- WWWW -------

G4WT11 > 
-------- WWWW ------- G4Exception-START -------- WWWW -------
*** G4Exception : Transport-001-ExcessSteps
      issued by : G4Transportation::AlongStepDoIt
 Transportation is killing track that is looping or stuck. 
   Track is e+ and has 195.713 MeV energy  ( pre-Step = 195.713 ) 
   momentum = (150.873,125.341,5.5335) mag= 196.224
   position = (3475.5,2858.48,35.2746) is in volume 'MagnetEnvelope',  its material is 'G4_Galactic' with density = 1e-25 g/cm^3 
 Total number of Steps by this track: 4
 Length of this step = 29424.7 mm 
 Number of propagation trials = 1 ( vs maximum = 10 for 'important' particles ) 
   ( Number of *calls* of Transport/AlongStepDoIt = 36855403 )

*** This is just a warning message. ***
-------- WWWW -------- G4Exception-END --------- WWWW -------

G4WT10 > 
-------- WWWW ------- G4Exception-START -------- WWWW -------
*** G4Exception : Transport-001-ExcessSteps
      issued by : G4Transportation::AlongStepDoIt
 Transportation is killing track that is looping or stuck. 
   Track is e+ and has 185.319 MeV energy  ( pre-Step = 185.319 ) 
   momentum = (-50.7083,165.546,67.4957) mag= 185.829
   position = (-1371.75,4285.83,2002.96) is in volume 'MagnetEnvelope',  its material is 'G4_Galactic' with density = 1e-25 g/cm^3 
 Total number of Steps by this track: 2
 Length of this step = 41185 mm 
 Number of propagation trials = 1 ( vs maximum = 10 for 'important' particles ) 
   ( Number of *calls* of Transport/AlongStepDoIt = 34075150 )

*** This is just a warning message. ***
-------- WWWW -------- G4Exception-END --------- WWWW -------

G4WT13 > 
-------- WWWW ------- G4Exception-START -------- WWWW -------
*** G4Exception : Transport-001-ExcessSteps
      issued by : G4Transportation::AlongStepDoIt
 Transportation is killing track that is looping or stuck. 
   Track is e- and has 105.905 MeV energy  ( pre-Step = 105.905 ) 
   momentum = (102.728,27.0354,-6.34684) mag= 106.415
   position = (4237.78,-1513.68,3516.92) is in volume 'MagnetEnvelope',  its material is 'G4_Galactic' with density = 1e-25 g/cm^3 
 Total number of Steps by this track: 6
 Length of this step = 26213.9 mm 
 Number of propagation trials = 1 ( vs maximum = 10 for 'important' particles ) 
   ( Number of *calls* of Transport/AlongStepDoIt = 39269512 )

*** This is just a warning message. ***
-------- WWWW -------- G4Exception-END --------- WWWW -------

G4WT0 > 
-------- WWWW ------- G4Exception-START -------- WWWW -------
*** G4Exception : Transport-001-ExcessSteps
      issued by : G4Transportation::AlongStepDoIt
 Transportation is killing track that is looping or stuck. 
   Track is e+ and has 117.916 MeV energy  ( pre-Step = 117.916 ) 
   momentum = (-8.33533,-85.2538,-81.7747) mag= 118.426
   position = (572.367,-4463.45,-1330.79) is in volume 'MagnetEnvelope',  its material is 'G4_Galactic' with density = 1e-25 g/cm^3 
 Total number of Steps by this track: 45
 Length of this step = 36382.4 mm 
 Number of propagation trials = 1 ( vs maximum = 10 for 'important' particles ) 
   ( Number of *calls* of Transport/AlongStepDoIt = 33615314 )

*** This is just a warning message. ***
-------- WWWW -------- G4Exception-END --------- WWWW -------

G4WT9 > 
-------- WWWW ------- G4Exception-START -------- WWWW -------
*** G4Exception : Transport-001-ExcessSteps
      issued by : G4Transportation::AlongStepDoIt
 Transportation is killing track that is looping or stuck. 
   Track is e- and has 119.052 MeV energy  ( pre-Step = 119.052 ) 
   momentum = (31.8776,104.996,-47.4822) mag= 119.562
   position = (1458.62,4257.04,-2501.76) is in volume 'MagnetEnvelope',  its material is 'G4_Galactic' with density = 1e-25 g/cm^3 
 Total number of Steps by this track: 2
 Length of this step = 41522.5 mm 
 Number of propagation trials = 1 ( vs maximum = 10 for 'important' particles ) 
   ( Number of *calls* of Transport/AlongStepDoIt = 40885220 )

*** This is just a warning message. ***
-------- WWWW -------- G4Exception-END --------- WWWW -------

G4WT0 > 
-------- WWWW ------- G4Exception-START -------- WWWW -------
*** G4Exception : Transport-001-ExcessSteps
      issued by : G4Transportation::AlongStepDoIt
 Transportation is killing track that is looping or stuck. 
   Track is e+ and has 158.371 MeV energy  ( pre-Step = 158.371 ) 
   momentum = (50.0444,-110.639,-102.459) mag= 158.881
   position = (1824.72,-4113.44,-3517.39) is in volume 'MagnetEnvelope',  its material is 'G4_Galactic' with density = 1e-25 g/cm^3 
 Total number of Steps by this track: 2
 Length of this step = 40180.8 mm 
 Number of propagation trials = 1 ( vs maximum = 10 for 'important' particles ) 
   ( Number of *calls* of Transport/AlongStepDoIt = 35288968 )

*** This is just a warning message. ***
-------- WWWW -------- G4Exception-END --------- WWWW -------

G4WT0 > 
-------- WWWW ------- G4Exception-START -------- WWWW -------
*** G4Exception : Transport-001-ExcessSteps
      issued by : G4Transportation::AlongStepDoIt
 Transportation is killing track that is looping or stuck. 
   Track is e+ and has 181.154 MeV energy  ( pre-Step = 181.154 ) 
   momentum = (-92.2487,-58.7321,145.061) mag= 181.665
   position = (2216.57,-6486.63,878.399) is in volume 'MagnetEnvelope',  its material is 'G4_Galactic' with density = 1e-25 g/cm^3 
 Total number of Steps by this track: 1
 Length of this step = 28892.7 mm 
 Number of propagation trials = 1 ( vs maximum = 10 for 'important' particles ) 
   ( Number of *calls* of Transport/AlongStepDoIt = 35873500 )

*** This is just a warning message. ***
-------- WWWW -------- G4Exception-END --------- WWWW -------

G4WT3 > 
-------- WWWW ------- G4Exception-START -------- WWWW -------
*** G4Exception : Transport-001-ExcessSteps
      issued by : G4Transportation::AlongStepDoIt
 Transportation is killing track that is looping or stuck. 
   Track is e+ and has 115.382 MeV energy  ( pre-Step = 115.382 ) 
   momentum = (79.9641,83.3635,-9.3439) mag= 115.892
   position = (3218.67,3144.86,-234.326) is in volume 'MagnetEnvelope',  its material is 'G4_Galactic' with density = 1e-25 g/cm^3 
 Total number of Steps by this track: 3
 Length of this step = 20893.7 mm 
 Number of propagation trials = 1 ( vs maximum = 10 for 'important' particles ) 
   ( Number of *calls* of Transport/AlongStepDoIt = 41048342 )

*** This is just a warning message. ***
-------- WWWW -------- G4Exception-END --------- WWWW -------

/score/dumpQuantityToFile PhantomMesh energyDeposit PhantomMesh_Edep.txt
ICRP110UserScorer-defined DumpQuantityToFile() method is invoked.
Phantom Sex: male
Phantom Section: full
Selecting data file ICRPdata/MaleData.dat...
Opening Data.dat File...
Number of Phantom Slices Simulated = 222
Number of X Voxels per slice = 254
Number of Y Voxels per slice = 127
Opening Phantom Slice File: AM_slice1.g4dat
Opening Phantom Slice File: AM_slice2.g4dat
Opening Phantom Slice File: AM_slice3.g4dat
Opening Phantom Slice File: AM_slice4.g4dat
Opening Phantom Slice File: AM_slice5.g4dat
Opening Phantom Slice File: AM_slice6.g4dat
Opening Phantom Slice File: AM_slice7.g4dat
Opening Phantom Slice File: AM_slice8.g4dat
Opening Phantom Slice File: AM_slice9.g4dat
Opening Phantom Slice File: AM_slice10.g4dat
Opening Phantom Slice File: AM_slice11.g4dat
Opening Phantom Slice File: AM_slice12.g4dat
Opening Phantom Slice File: AM_slice13.g4dat
Opening Phantom Slice File: AM_slice14.g4dat
Opening Phantom Slice File: AM_slice15.g4dat
Opening Phantom Slice File: AM_slice16.g4dat
Opening Phantom Slice File: AM_slice17.g4dat
Opening Phantom Slice File: AM_slice18.g4dat
Opening Phantom Slice File: AM_slice19.g4dat
Opening Phantom Slice File: AM_slice20.g4dat
Opening Phantom Slice File: AM_slice21.g4dat
Opening Phantom Slice File: AM_slice22.g4dat
Opening Phantom Slice File: AM_slice23.g4dat
Opening Phantom Slice File: AM_slice24.g4dat
Opening Phantom Slice File: AM_slice25.g4dat
Opening Phantom Slice File: AM_slice26.g4dat
Opening Phantom Slice File: AM_slice27.g4dat
Opening Phantom Slice File: AM_slice28.g4dat
Opening Phantom Slice File: AM_slice29.g4dat
Opening Phantom Slice File: AM_slice30.g4dat
Opening Phantom Slice File: AM_slice31.g4dat
Opening Phantom Slice File: AM_slice32.g4dat
Opening Phantom Slice File: AM_slice33.g4dat
Opening Phantom Slice File: AM_slice34.g4dat
Opening Phantom Slice File: AM_slice35.g4dat
Opening Phantom Slice File: AM_slice36.g4dat
Opening Phantom Slice File: AM_slice37.g4dat
Opening Phantom Slice File: AM_slice38.g4dat
Opening Phantom Slice File: AM_slice39.g4dat
Opening Phantom Slice File: AM_slice40.g4dat
Opening Phantom Slice File: AM_slice41.g4dat
Opening Phantom Slice File: AM_slice42.g4dat
Opening Phantom Slice File: AM_slice43.g4dat
Opening Phantom Slice File: AM_slice44.g4dat
Opening Phantom Slice File: AM_slice45.g4dat
Opening Phantom Slice File: AM_slice46.g4dat
Opening Phantom Slice File: AM_slice47.g4dat
Opening Phantom Slice File: AM_slice48.g4dat
Opening Phantom Slice File: AM_slice49.g4dat
Opening Phantom Slice File: AM_slice50.g4dat
Opening Phantom Slice File: AM_slice51.g4dat
Opening Phantom Slice File: AM_slice52.g4dat
Opening Phantom Slice File: AM_slice53.g4dat
Opening Phantom Slice File: AM_slice54.g4dat
Opening Phantom Slice File: AM_slice55.g4dat
Opening Phantom Slice File: AM_slice56.g4dat
Opening Phantom Slice File: AM_slice57.g4dat
Opening Phantom Slice File: AM_slice58.g4dat
Opening Phantom Slice File: AM_slice59.g4dat
Opening Phantom Slice File: AM_slice60.g4dat
Opening Phantom Slice File: AM_slice61.g4dat
Opening Phantom Slice File: AM_slice62.g4dat
Opening Phantom Slice File: AM_slice63.g4dat
Opening Phantom Slice File: AM_slice64.g4dat
Opening Phantom Slice File: AM_slice65.g4dat
Opening Phantom Slice File: AM_slice66.g4dat
Opening Phantom Slice File: AM_slice67.g4dat
Opening Phantom Slice File: AM_slice68.g4dat
Opening Phantom Slice File: AM_slice69.g4dat
Opening Phantom Slice File: AM_slice70.g4dat
Opening Phantom Slice File: AM_slice71.g4dat
Opening Phantom Slice File: AM_slice72.g4dat
Opening Phantom Slice File: AM_slice73.g4dat
Opening Phantom Slice File: AM_slice74.g4dat
Opening Phantom Slice File: AM_slice75.g4dat
Opening Phantom Slice File: AM_slice76.g4dat
Opening Phantom Slice File: AM_slice77.g4dat
Opening Phantom Slice File: AM_slice78.g4dat
Opening Phantom Slice File: AM_slice79.g4dat
Opening Phantom Slice File: AM_slice80.g4dat
Opening Phantom Slice File: AM_slice81.g4dat
Opening Phantom Slice File: AM_slice82.g4dat
Opening Phantom Slice File: AM_slice83.g4dat
Opening Phantom Slice File: AM_slice84.g4dat
Opening Phantom Slice File: AM_slice85.g4dat
Opening Phantom Slice File: AM_slice86.g4dat
Opening Phantom Slice File: AM_slice87.g4dat
Opening Phantom Slice File: AM_slice88.g4dat
Opening Phantom Slice File: AM_slice89.g4dat
Opening Phantom Slice File: AM_slice90.g4dat
Opening Phantom Slice File: AM_slice91.g4dat
Opening Phantom Slice File: AM_slice92.g4dat
Opening Phantom Slice File: AM_slice93.g4dat
Opening Phantom Slice File: AM_slice94.g4dat
Opening Phantom Slice File: AM_slice95.g4dat
Opening Phantom Slice File: AM_slice96.g4dat
Opening Phantom Slice File: AM_slice97.g4dat
Opening Phantom Slice File: AM_slice98.g4dat
Opening Phantom Slice File: AM_slice99.g4dat
Opening Phantom Slice File: AM_slice100.g4dat
Opening Phantom Slice File: AM_slice101.g4dat
Opening Phantom Slice File: AM_slice102.g4dat
Opening Phantom Slice File: AM_slice103.g4dat
Opening Phantom Slice File: AM_slice104.g4dat
Opening Phantom Slice File: AM_slice105.g4dat
Opening Phantom Slice File: AM_slice106.g4dat
Opening Phantom Slice File: AM_slice107.g4dat
Opening Phantom Slice File: AM_slice108.g4dat
Opening Phantom Slice File: AM_slice109.g4dat
Opening Phantom Slice File: AM_slice110.g4dat
Opening Phantom Slice File: AM_slice111.g4dat
Opening Phantom Slice File: AM_slice112.g4dat
Opening Phantom Slice File: AM_slice113.g4dat
Opening Phantom Slice File: AM_slice114.g4dat
Opening Phantom Slice File: AM_slice115.g4dat
Opening Phantom Slice File: AM_slice116.g4dat
Opening Phantom Slice File: AM_slice117.g4dat
Opening Phantom Slice File: AM_slice118.g4dat
Opening Phantom Slice File: AM_slice119.g4dat
Opening Phantom Slice File: AM_slice120.g4dat
Opening Phantom Slice File: AM_slice121.g4dat
Opening Phantom Slice File: AM_slice122.g4dat
Opening Phantom Slice File: AM_slice123.g4dat
Opening Phantom Slice File: AM_slice124.g4dat
Opening Phantom Slice File: AM_slice125.g4dat
Opening Phantom Slice File: AM_slice126.g4dat
Opening Phantom Slice File: AM_slice127.g4dat
Opening Phantom Slice File: AM_slice128.g4dat
Opening Phantom Slice File: AM_slice129.g4dat
Opening Phantom Slice File: AM_slice130.g4dat
Opening Phantom Slice File: AM_slice131.g4dat
Opening Phantom Slice File: AM_slice132.g4dat
Opening Phantom Slice File: AM_slice133.g4dat
Opening Phantom Slice File: AM_slice134.g4dat
Opening Phantom Slice File: AM_slice135.g4dat
Opening Phantom Slice File: AM_slice136.g4dat
Opening Phantom Slice File: AM_slice137.g4dat
Opening Phantom Slice File: AM_slice138.g4dat
Opening Phantom Slice File: AM_slice139.g4dat
Opening Phantom Slice File: AM_slice140.g4dat
Opening Phantom Slice File: AM_slice141.g4dat
Opening Phantom Slice File: AM_slice142.g4dat
Opening Phantom Slice File: AM_slice143.g4dat
Opening Phantom Slice File: AM_slice144.g4dat
Opening Phantom Slice File: AM_slice145.g4dat
Opening Phantom Slice File: AM_slice146.g4dat
Opening Phantom Slice File: AM_slice147.g4dat
Opening Phantom Slice File: AM_slice148.g4dat
Opening Phantom Slice File: AM_slice149.g4dat
Opening Phantom Slice File: AM_slice150.g4dat
Opening Phantom Slice File: AM_slice151.g4dat
Opening Phantom Slice File: AM_slice152.g4dat
Opening Phantom Slice File: AM_slice153.g4dat
Opening Phantom Slice File: AM_slice154.g4dat
Opening Phantom Slice File: AM_slice155.g4dat
Opening Phantom Slice File: AM_slice156.g4dat
Opening Phantom Slice File: AM_slice157.g4dat
Opening Phantom Slice File: AM_slice158.g4dat
Opening Phantom Slice File: AM_slice159.g4dat
Opening Phantom Slice File: AM_slice160.g4dat
Opening Phantom Slice File: AM_slice161.g4dat
Opening Phantom Slice File: AM_slice162.g4dat
Opening Phantom Slice File: AM_slice163.g4dat
Opening Phantom Slice File: AM_slice164.g4dat
Opening Phantom Slice File: AM_slice165.g4dat
Opening Phantom Slice File: AM_slice166.g4dat
Opening Phantom Slice File: AM_slice167.g4dat
Opening Phantom Slice File: AM_slice168.g4dat
Opening Phantom Slice File: AM_slice169.g4dat
Opening Phantom Slice File: AM_slice170.g4dat
Opening Phantom Slice File: AM_slice171.g4dat
Opening Phantom Slice File: AM_slice172.g4dat
Opening Phantom Slice File: AM_slice173.g4dat
Opening Phantom Slice File: AM_slice174.g4dat
Opening Phantom Slice File: AM_slice175.g4dat
Opening Phantom Slice File: AM_slice176.g4dat
Opening Phantom Slice File: AM_slice177.g4dat
Opening Phantom Slice File: AM_slice178.g4dat
Opening Phantom Slice File: AM_slice179.g4dat
Opening Phantom Slice File: AM_slice180.g4dat
Opening Phantom Slice File: AM_slice181.g4dat
Opening Phantom Slice File: AM_slice182.g4dat
Opening Phantom Slice File: AM_slice183.g4dat
Opening Phantom Slice File: AM_slice184.g4dat
Opening Phantom Slice File: AM_slice185.g4dat
Opening Phantom Slice File: AM_slice186.g4dat
Opening Phantom Slice File: AM_slice187.g4dat
Opening Phantom Slice File: AM_slice188.g4dat
Opening Phantom Slice File: AM_slice189.g4dat
Opening Phantom Slice File: AM_slice190.g4dat
Opening Phantom Slice File: AM_slice191.g4dat
Opening Phantom Slice File: AM_slice192.g4dat
Opening Phantom Slice File: AM_slice193.g4dat
Opening Phantom Slice File: AM_slice194.g4dat
Opening Phantom Slice File: AM_slice195.g4dat
Opening Phantom Slice File: AM_slice196.g4dat
Opening Phantom Slice File: AM_slice197.g4dat
Opening Phantom Slice File: AM_slice198.g4dat
Opening Phantom Slice File: AM_slice199.g4dat
Opening Phantom Slice File: AM_slice200.g4dat
Opening Phantom Slice File: AM_slice201.g4dat
Opening Phantom Slice File: AM_slice202.g4dat
Opening Phantom Slice File: AM_slice203.g4dat
Opening Phantom Slice File: AM_slice204.g4dat
Opening Phantom Slice File: AM_slice205.g4dat
Opening Phantom Slice File: AM_slice206.g4dat
Opening Phantom Slice File: AM_slice207.g4dat
Opening Phantom Slice File: AM_slice208.g4dat
Opening Phantom Slice File: AM_slice209.g4dat
Opening Phantom Slice File: AM_slice210.g4dat
Opening Phantom Slice File: AM_slice211.g4dat
Opening Phantom Slice File: AM_slice212.g4dat
Opening Phantom Slice File: AM_slice213.g4dat
Opening Phantom Slice File: AM_slice214.g4dat
Opening Phantom Slice File: AM_slice215.g4dat
Opening Phantom Slice File: AM_slice216.g4dat
Opening Phantom Slice File: AM_slice217.g4dat
Opening Phantom Slice File: AM_slice218.g4dat
Opening Phantom Slice File: AM_slice219.g4dat
Opening Phantom Slice File: AM_slice220.g4dat
Opening Phantom Slice File: AM_slice221.g4dat
Opening Phantom Slice File: AM_slice222.g4dat
Opening File: PhantomMesh_Edep.txt
Reading AM_organs.dat
Reading OrganMasses.dat
NOrganIDs: 142
Writing output to ICRP110.out
Total energy deposited over all Organs within the Phantom is 1.3175e-06 J
Total absorbed dose over all phantom organs is 1.94664e-06 Gy 
/control/shell cp ICRP110.out /home/bryam/Documents/iac-project/geant4/ActiveShield_Sim/scripts/pilots/results/intrarun_pilot_20260921T022121Z/checkpoints/run_GCR_He_min_6_M10000_seed2.out
Graphics systems deleted.
Visualization Manager deleting...
