
**************************************************************
 Geant4 version Name: geant4-11-04-patch-02 [MT]   (12-June-2026)
  << in Multi-threaded mode >> 
                       Copyright : Geant4 Collaboration
                      References : NIM A 506 (2003), 250-303
                                 : IEEE-TNS 53 (2006), 270-278
                                 : NIM A 835 (2016), 186-225
                             WWW : http://geant4.org/
**************************************************************

G4PhysListFactory::GetReferencePhysList <Shielding>
<<< Geant4 Physics List simulation engine: Shielding
<<< (Note that Shielding and Shielding_HP are equivalent!)

Visualization Manager instantiating with verbosity "warnings (3)"...
WARNING: No extent set for user vis action "phantom".
Visualization Manager initialising...
Registering graphics systems...

You have successfully registered the following graphics systems.
Registered graphics systems are:
  ASCIITree (ATree)
  DAWNFILE (DAWNFILE)
  RayTracer (RT)
  VRML2FILE (VRML2FILE)
  gMocrenFile (gMocrenFile)
  TOOLSSG_OFFSCREEN (TSG_OFFSCREEN, TSG_FILE)
  OpenGLImmediateQt (OGLIQt, OGLI)
  OpenGLStoredQt (OGLSQt, OGLS)
  OpenGLImmediateX (OGLIX, OGLIQt_FALLBACK)
  OpenGLStoredX (OGLSX, OGLSQt_FALLBACK)
  RayTracerX (RTX)
  RayTracerQt (RTQt)
  TOOLSSG_X11_GLES (TSG_X11_GLES, TSGX11, TSG_QT_GLES_FALLBACK)
  TOOLSSG_X11_ZB (TSG_X11_ZB, TSGX11ZB)
  TOOLSSG_QT_GLES (TSG_QT_GLES, TSGQt, TSG, OGL)
  TOOLSSG_QT_ZB (TSG_QT_ZB, TSGQtZB, TSGZB)
You may choose a graphics system (driver) with a parameter of
the command "/vis/open" or "/vis/sceneHandler/create",
or you may omit the driver parameter and choose at run time:
- by argument in the construction of G4VisExecutive;
- by environment variable "G4VIS_DEFAULT_DRIVER";
- by entry in "~/.g4session";
- by build flags.
- Note: This feature is not allowed in batch mode.
For further information see "examples/basic/B1/exampleB1.cc"
and "vis.mac".

Registering model factories...

You have successfully registered the following model factories.
Registered model factories:
  generic
  drawByAttribute
  drawByCharge
  drawByOriginVolume
  drawByParticleID
  drawByEncounteredVolume

Registered models:
  None

Registered filter factories:
  attributeFilter
  chargeFilter
  originVolumeFilter
  particleFilter
  encounteredVolumeFilter

Registered filters:
  None

You have successfully registered the following user vis actions.
Run Duration User Vis Actions:
  phantom
End of Event User Vis Actions: none
End of Run User Vis Actions: none

Some /vis commands (optionally) take a string to specify colour.
"/vis/list" to see available colours.
>> Male Phantom will be built.
>> Male Phantom identified by UserScoreWriter.
>> Full/Custom Phantom will be built.
>> Custom/Full Phantom identified by UserScoreWriter.
Field map: /home/bryam/Documents/iac-project/field/production/crewhat_elmer_fullscale.map; bounds [m]: (-11.3,-13.3,-7.6) to (11.3,13.3,7.6); scale: 1; max boundary |B| [T]: 0.39746
Field is ZERO outside map bounds. Domain and fringe-field convergence must be checked before production.
Checking overlaps for volume MagnetEnvelope:0 (G4Box) ... OK! 
Checking overlaps for volume ShipHull:0 (G4SubtractionSolid) ... OK! 
Checking overlaps for volume ShipInterior:0 (G4Tubs) ... OK! 
G4GDML: Reading '/home/bryam/Documents/iac-project/field/production/crewhat_corc_array.gdml'...
G4GDML: Reading definitions...
G4GDML: Reading materials...
G4GDML: Reading solids...
G4GDML: Reading structure...
G4GDML: Reading setup...
G4GDML: Reading '/home/bryam/Documents/iac-project/field/production/crewhat_corc_array.gdml' done!
Stripping off GDML names of materials, solids and volumes ...
Checking overlaps for volume coil_placement_1:0 (G4TessellatedSolid) ... OK! 
Imported coil component: coil_part_1; material=coil_mat_crewhat_corc_homogenized; density [g/cm3]=8.95693; mass [kg]=77905.4
Checking overlaps for volume coil_placement_2:1 (G4TessellatedSolid) ... OK! 
Imported coil component: coil_part_2; material=coil_mat_crewhat_corc_homogenized; density [g/cm3]=8.95693; mass [kg]=77906.1
Checking overlaps for volume coil_placement_3:2 (G4TessellatedSolid) ... OK! 
Imported coil component: coil_part_3; material=coil_mat_crewhat_corc_homogenized; density [g/cm3]=8.95693; mass [kg]=77904.9
Checking overlaps for volume coil_placement_4:3 (G4TessellatedSolid) ... OK! 
Imported coil component: coil_part_4; material=coil_mat_crewhat_corc_homogenized; density [g/cm3]=8.95693; mass [kg]=77905.4
Checking overlaps for volume coil_placement_5:4 (G4TessellatedSolid) ... OK! 
Imported coil component: coil_part_5; material=coil_mat_crewhat_corc_homogenized; density [g/cm3]=8.95693; mass [kg]=77905.3
Checking overlaps for volume coil_placement_6:5 (G4TessellatedSolid) ... OK! 
Imported coil component: coil_part_6; material=coil_mat_crewhat_corc_homogenized; density [g/cm3]=8.95693; mass [kg]=77904.8
Checking overlaps for volume coil_placement_7:6 (G4TessellatedSolid) ... OK! 
Imported coil component: coil_part_7; material=coil_mat_crewhat_corc_homogenized; density [g/cm3]=8.95693; mass [kg]=77905.2
Checking overlaps for volume coil_placement_8:7 (G4TessellatedSolid) ... OK! 
Imported coil component: coil_part_8; material=coil_mat_crewhat_corc_homogenized; density [g/cm3]=8.95693; mass [kg]=77904.8
Spacecraft: outer radius [m]=4.5; outer length [m]=10; Al hull thickness [cm]=1.5; hull mass [kg]=16544.6; world half sizes [m]=(14,14.3,14)
Phantom Sex: male
Phantom Section: full
Data file ICRPdata/MaleData.dat is read by Detector Construction.
Number of files = 222
Number of X,Y,Z voxels = 254, 127, 222
Total Number of Voxels = 7161276
ICRP110PhantomConstruction::ReadPhantomDataFile is openining the following phantom files: 
AM_slice1.g4dat
AM_slice2.g4dat
AM_slice3.g4dat
AM_slice4.g4dat
AM_slice5.g4dat
AM_slice6.g4dat
AM_slice7.g4dat
AM_slice8.g4dat
AM_slice9.g4dat
AM_slice10.g4dat
AM_slice11.g4dat
AM_slice12.g4dat
AM_slice13.g4dat
AM_slice14.g4dat
AM_slice15.g4dat
AM_slice16.g4dat
AM_slice17.g4dat
AM_slice18.g4dat
AM_slice19.g4dat
AM_slice20.g4dat
AM_slice21.g4dat
AM_slice22.g4dat
AM_slice23.g4dat
AM_slice24.g4dat
AM_slice25.g4dat
AM_slice26.g4dat
AM_slice27.g4dat
AM_slice28.g4dat
AM_slice29.g4dat
AM_slice30.g4dat
AM_slice31.g4dat
AM_slice32.g4dat
AM_slice33.g4dat
AM_slice34.g4dat
AM_slice35.g4dat
AM_slice36.g4dat
AM_slice37.g4dat
AM_slice38.g4dat
AM_slice39.g4dat
AM_slice40.g4dat
AM_slice41.g4dat
AM_slice42.g4dat
AM_slice43.g4dat
AM_slice44.g4dat
AM_slice45.g4dat
AM_slice46.g4dat
AM_slice47.g4dat
AM_slice48.g4dat
AM_slice49.g4dat
AM_slice50.g4dat
AM_slice51.g4dat
AM_slice52.g4dat
AM_slice53.g4dat
AM_slice54.g4dat
AM_slice55.g4dat
AM_slice56.g4dat
AM_slice57.g4dat
AM_slice58.g4dat
AM_slice59.g4dat
AM_slice60.g4dat
AM_slice61.g4dat
AM_slice62.g4dat
AM_slice63.g4dat
AM_slice64.g4dat
AM_slice65.g4dat
AM_slice66.g4dat
AM_slice67.g4dat
AM_slice68.g4dat
AM_slice69.g4dat
AM_slice70.g4dat
AM_slice71.g4dat
AM_slice72.g4dat
AM_slice73.g4dat
AM_slice74.g4dat
AM_slice75.g4dat
AM_slice76.g4dat
AM_slice77.g4dat
AM_slice78.g4dat
AM_slice79.g4dat
AM_slice80.g4dat
AM_slice81.g4dat
AM_slice82.g4dat
AM_slice83.g4dat
AM_slice84.g4dat
AM_slice85.g4dat
AM_slice86.g4dat
AM_slice87.g4dat
AM_slice88.g4dat
AM_slice89.g4dat
AM_slice90.g4dat
AM_slice91.g4dat
AM_slice92.g4dat
AM_slice93.g4dat
AM_slice94.g4dat
AM_slice95.g4dat
AM_slice96.g4dat
AM_slice97.g4dat
AM_slice98.g4dat
AM_slice99.g4dat
AM_slice100.g4dat
AM_slice101.g4dat
AM_slice102.g4dat
AM_slice103.g4dat
AM_slice104.g4dat
AM_slice105.g4dat
AM_slice106.g4dat
AM_slice107.g4dat
AM_slice108.g4dat
AM_slice109.g4dat
AM_slice110.g4dat
AM_slice111.g4dat
AM_slice112.g4dat
AM_slice113.g4dat
AM_slice114.g4dat
AM_slice115.g4dat
AM_slice116.g4dat
AM_slice117.g4dat
AM_slice118.g4dat
AM_slice119.g4dat
AM_slice120.g4dat
AM_slice121.g4dat
AM_slice122.g4dat
AM_slice123.g4dat
AM_slice124.g4dat
AM_slice125.g4dat
AM_slice126.g4dat
AM_slice127.g4dat
AM_slice128.g4dat
AM_slice129.g4dat
AM_slice130.g4dat
AM_slice131.g4dat
AM_slice132.g4dat
AM_slice133.g4dat
AM_slice134.g4dat
AM_slice135.g4dat
AM_slice136.g4dat
AM_slice137.g4dat
AM_slice138.g4dat
AM_slice139.g4dat
AM_slice140.g4dat
AM_slice141.g4dat
AM_slice142.g4dat
AM_slice143.g4dat
AM_slice144.g4dat
AM_slice145.g4dat
AM_slice146.g4dat
AM_slice147.g4dat
AM_slice148.g4dat
AM_slice149.g4dat
AM_slice150.g4dat
AM_slice151.g4dat
AM_slice152.g4dat
AM_slice153.g4dat
AM_slice154.g4dat
AM_slice155.g4dat
AM_slice156.g4dat
AM_slice157.g4dat
AM_slice158.g4dat
AM_slice159.g4dat
AM_slice160.g4dat
AM_slice161.g4dat
AM_slice162.g4dat
AM_slice163.g4dat
AM_slice164.g4dat
AM_slice165.g4dat
AM_slice166.g4dat
AM_slice167.g4dat
AM_slice168.g4dat
AM_slice169.g4dat
AM_slice170.g4dat
AM_slice171.g4dat
AM_slice172.g4dat
AM_slice173.g4dat
AM_slice174.g4dat
AM_slice175.g4dat
AM_slice176.g4dat
AM_slice177.g4dat
AM_slice178.g4dat
AM_slice179.g4dat
AM_slice180.g4dat
AM_slice181.g4dat
AM_slice182.g4dat
AM_slice183.g4dat
AM_slice184.g4dat
AM_slice185.g4dat
AM_slice186.g4dat
AM_slice187.g4dat
AM_slice188.g4dat
AM_slice189.g4dat
AM_slice190.g4dat
AM_slice191.g4dat
AM_slice192.g4dat
AM_slice193.g4dat
AM_slice194.g4dat
AM_slice195.g4dat
AM_slice196.g4dat
AM_slice197.g4dat
AM_slice198.g4dat
AM_slice199.g4dat
AM_slice200.g4dat
AM_slice201.g4dat
AM_slice202.g4dat
AM_slice203.g4dat
AM_slice204.g4dat
AM_slice205.g4dat
AM_slice206.g4dat
AM_slice207.g4dat
AM_slice208.g4dat
AM_slice209.g4dat
AM_slice210.g4dat
AM_slice211.g4dat
AM_slice212.g4dat
AM_slice213.g4dat
AM_slice214.g4dat
AM_slice215.g4dat
AM_slice216.g4dat
AM_slice217.g4dat
AM_slice218.g4dat
AM_slice219.g4dat
AM_slice220.g4dat
AM_slice221.g4dat
AM_slice222.g4dat
Number of X,Y,Z voxels = 254, 127, 222
 placing voxel container volume at (0,0,0)
Checking overlaps for volume phantomContainer:1 (G4Box) ... OK! 
Phantom Material Colours set via ColourMap.dat data file 
Global field created with stepper DormandPrince745
 G4ChordFinder: stepperDriverId: 2
--- G4CoupledTransportation is used 

 hInelastic Shielding : threshold between BERT and FTFP is over the interval 
 for pions :   3 to 6 GeV
 for kaons :   3 to 6 GeV
 for proton :  3 to 6 GeV
 for neutron : 3 to 6 GeV

@@@ G4ParticleHPInelasticData instantiated for particle neutron data directory variable is G4NEUTRONHPDATA pointing to /home/bryam/miniconda3/envs/geant4_env/share/Geant4/data/NDL4.7.1
=======================================================================
======                 Electromagnetic Physics Parameters      ========
=======================================================================
LPM effect enabled                                 1
Enable creation and use of sampling tables         0
Apply cuts on all EM processes                     0
Use combined TransportationWithMsc                 Disabled
Use general process                                1
Enable linear polarisation for gamma               0
Enable photoeffect sampling below K-shell          1
Enable sampling of quantum entanglement            0
X-section factor for integral approach             0.8
Min kinetic energy for tables                      100 eV 
Max kinetic energy for tables                      100 TeV
Number of bins per decade of a table               7
Verbose level                                      1
Verbose level for worker thread                    0
Bremsstrahlung energy threshold above which 
  primary e+- is added to the list of secondary    100 TeV
Bremsstrahlung energy threshold above which primary
  muon/hadron is added to the list of secondary    100 TeV
Positron annihilation at rest model                SimplePositronium
Enable 3 gamma annihilation on fly                 0
Lowest triplet kinetic energy                      1 MeV
Enable sampling of gamma linear polarisation       0
5D gamma conversion model type                     0
5D gamma conversion model on isolated ion          0
Use RiGe 5D e+e- pair production model by muons    0
Livermore data directory                           epics_2017
=======================================================================
======                 Ionisation Parameters                   ========
=======================================================================
Step function for e+-                              (0.2, 1 mm)
Step function for muons/hadrons                    (0.2, 0.1 mm)
Step function for light ions                       (0.2, 0.1 mm)
Step function for general ions                     (0.2, 0.1 mm)
Lowest e+e- kinetic energy                         1 keV
Lowest muon/hadron kinetic energy                  1 keV
Use ICRU90 data                                    0
Fluctuations of dE/dx are enabled                  1
Type of fluctuation model for leptons and hadrons  Urban
Use built-in Birks saturation                      0
Build CSDA range enabled                           0
Use cut as a final range enabled                   0
Enable angular generator interface                 0
Max kinetic energy for CSDA tables                 1 GeV
Max kinetic energy for NIEL computation            0 eV 
Linear loss limit                                  0.01
Read data from file for e+e- pair production by mu 0
=======================================================================
======                 Multiple Scattering Parameters          ========
=======================================================================
Type of msc step limit algorithm for e+-           1
Type of msc step limit algorithm for muons/hadrons 0
Msc lateral displacement for e+- enabled           1
Msc lateral displacement for muons and hadrons     0
Urban msc model lateral displacement alg96         1
Range factor for msc step limit for e+-            0.04
Range factor for msc step limit for muons/hadrons  0.2
Geometry factor for msc step limitation of e+-     2.5
Safety factor for msc step limit for e+-           0.6
Skin parameter for msc step limitation of e+-      1
Lambda limit for msc step limit for e+-            1 mm
Use Mott correction for e- scattering              0
Factor used for dynamic computation of angular 
  limit between single and multiple scattering     1
Fixed angular limit between single 
  and multiple scattering                          3.1416 rad
Upper energy limit for e+- multiple scattering     100 MeV
Type of electron single scattering model           0
Type of nuclear form-factor                        1
Screening factor                                   1
=======================================================================
======                 Atomic Deexcitation Parameters          ========
=======================================================================
Fluorescence enabled                               1
Directory in G4LEDATA for fluorescence data files  fluor
Auger electron cascade enabled                     1
PIXE atomic de-excitation enabled                  0
De-excitation module ignores cuts                  1
Type of PIXE cross section for hadrons             Empirical
Type of PIXE cross section for e+-                 Livermore
=======================================================================

### ===  Deexcitation model UAtomDeexcitation is activated for 1 region:
          DefaultRegionForTheWorld  1  1  0
### ===  Auger flag: 1
### ===  Ignore cuts flag:   1

phot:  for gamma SubType=12 BuildTable=0
      LambdaPrime table from 200 keV to 100 TeV in 61 bins 
      ===== EM models for the G4Region  DefaultRegionForTheWorld ======
 LivermorePhElectric : Emin=    0 eV  Emax=  100 TeV  SauterGavrila Fluo

compt:  for gamma SubType=13 BuildTable=1
      Lambda table from 100 eV  to 1 MeV, 7 bins/decade, spline: 1
      LambdaPrime table from 1 MeV to 100 TeV in 56 bins 
      ===== EM models for the G4Region  DefaultRegionForTheWorld ======
       Klein-Nishina : Emin=    0 eV  Emax=  100 TeV

conv:  for gamma SubType=14 BuildTable=1
      Lambda table from 1.022 MeV to 100 TeV, 18 bins/decade, spline: 1
      ===== EM models for the G4Region  DefaultRegionForTheWorld ======
     BetheHeitlerLPM : Emin=    0 eV  Emax=  100 TeV  ModifiedTsai

Rayl:  for gamma SubType=11 BuildTable=1
      Lambda table from 100 eV  to 150 keV, 7 bins/decade, spline: 0
      LambdaPrime table from 150 keV to 100 TeV in 62 bins 
      ===== EM models for the G4Region  DefaultRegionForTheWorld ======
   LivermoreRayleigh : Emin=    0 eV  Emax=  100 TeV  CullenGenerator

msc:  for e-  SubType= 10
      ===== EM models for the G4Region  DefaultRegionForTheWorld ======
            UrbanMsc : Emin=    0 eV  Emax=  100 MeV Nbins=42 100 eV  - 100 MeV
          StepLim=UseSafety Rfact=0.04 Gfact=2.5 Sfact=0.6 DispFlag:1 Skin=1 Llim=1 mm
        WentzelVIUni : Emin=  100 MeV Emax=  100 TeV Nbins=42 100 MeV - 100 TeV
          StepLim=UseSafety Rfact=0.04 Gfact=2.5 Sfact=0.6 DispFlag:1 Skin=1 Llim=1 mm

eIoni:  for e-  XStype:3  SubType=2
      dE/dx and range tables from 100 eV  to 100 TeV in 84 bins
      Lambda tables from threshold to 100 TeV, 7 bins/decade, spline: 1
      StepFunction=(0.2, 1 mm), integ: 3, fluct: 1, linLossLim= 0.01
      ===== EM models for the G4Region  DefaultRegionForTheWorld ======
        MollerBhabha : Emin=    0 eV  Emax=  100 TeV

eBrem:  for e-  XStype:4  SubType=3
      dE/dx and range tables from 100 eV  to 100 TeV in 84 bins
      Lambda tables from threshold to 100 TeV, 7 bins/decade, spline: 1
      LPM flag: 1 for E > 1 GeV,  VertexHighEnergyTh(GeV)= 100000
      ===== EM models for the G4Region  DefaultRegionForTheWorld ======
             eBremSB : Emin=    0 eV  Emax=    1 GeV  ModifiedTsai
            eBremLPM : Emin=    1 GeV Emax=  100 TeV  ModifiedTsai

CoulombScat:  for e- XStype:1 SubType=1 BuildTable=1
      Lambda table from 100 MeV to 100 TeV, 7 bins/decade, spline: 0
      ThetaMin(p) < Theta(degree) < 180, pLimit(GeV^1)= 0.139531
      ===== EM models for the G4Region  DefaultRegionForTheWorld ======
  eCoulombScattering : Emin=  100 MeV Emax=  100 TeV

msc:  for e+  SubType= 10
      ===== EM models for the G4Region  DefaultRegionForTheWorld ======
            UrbanMsc : Emin=    0 eV  Emax=  100 MeV Nbins=42 100 eV  - 100 MeV
          StepLim=UseSafety Rfact=0.04 Gfact=2.5 Sfact=0.6 DispFlag:1 Skin=1 Llim=1 mm
        WentzelVIUni : Emin=  100 MeV Emax=  100 TeV Nbins=42 100 MeV - 100 TeV
          StepLim=UseSafety Rfact=0.04 Gfact=2.5 Sfact=0.6 DispFlag:1 Skin=1 Llim=1 mm

eIoni:  for e+  XStype:3  SubType=2
      dE/dx and range tables from 100 eV  to 100 TeV in 84 bins
      Lambda tables from threshold to 100 TeV, 7 bins/decade, spline: 1
      StepFunction=(0.2, 1 mm), integ: 3, fluct: 1, linLossLim= 0.01
      ===== EM models for the G4Region  DefaultRegionForTheWorld ======
        MollerBhabha : Emin=    0 eV  Emax=  100 TeV

eBrem:  for e+  XStype:4  SubType=3
      dE/dx and range tables from 100 eV  to 100 TeV in 84 bins
      Lambda tables from threshold to 100 TeV, 7 bins/decade, spline: 1
      LPM flag: 1 for E > 1 GeV,  VertexHighEnergyTh(GeV)= 100000
      ===== EM models for the G4Region  DefaultRegionForTheWorld ======
             eBremSB : Emin=    0 eV  Emax=    1 GeV  ModifiedTsai
            eBremLPM : Emin=    1 GeV Emax=  100 TeV  ModifiedTsai

annihil:  for e+ XStype:2 SubType=5 AtRestModel:Simple BuildTable=0
      ===== EM models for the G4Region  DefaultRegionForTheWorld ======
            eplus2gg : Emin=    0 eV  Emax=  100 TeV

CoulombScat:  for e+ XStype:1 SubType=1 BuildTable=1
      Lambda table from 100 MeV to 100 TeV, 7 bins/decade, spline: 0
      ThetaMin(p) < Theta(degree) < 180, pLimit(GeV^1)= 0.139531
      ===== EM models for the G4Region  DefaultRegionForTheWorld ======
  eCoulombScattering : Emin=  100 MeV Emax=  100 TeV

msc:  for proton  SubType= 10
      ===== EM models for the G4Region  DefaultRegionForTheWorld ======
        WentzelVIUni : Emin=    0 eV  Emax=  100 TeV Nbins=84 100 eV  - 100 TeV
          StepLim=Minimal Rfact=0.2 Gfact=2.5 Sfact=0.6 DispFlag:0 Skin=1 Llim=1 mm

hIoni:  for proton  XStype:3  SubType=2
      dE/dx and range tables from 100 eV  to 100 TeV in 84 bins
      Lambda tables from threshold to 100 TeV, 7 bins/decade, spline: 1
      StepFunction=(0.2, 0.1 mm), integ: 3, fluct: 1, linLossLim= 0.01
      ===== EM models for the G4Region  DefaultRegionForTheWorld ======
               Bragg : Emin=    0 eV  Emax=    2 MeV
          BetheBloch : Emin=    2 MeV Emax=  100 TeV

hBrems:  for proton  XStype:1  SubType=3
      dE/dx and range tables from 100 eV  to 100 TeV in 84 bins
      Lambda tables from threshold to 100 TeV, 7 bins/decade, spline: 1
      ===== EM models for the G4Region  DefaultRegionForTheWorld ======
               hBrem : Emin=    0 eV  Emax=  100 TeV  ModifiedMephi

hPairProd:  for proton  XStype:1  SubType=4
      dE/dx and range tables from 100 eV  to 100 TeV in 84 bins
      Lambda tables from threshold to 100 TeV, 7 bins/decade, spline: 1
      Sampling table 17x1001, from 7.50618 GeV to 100 TeV 
      ===== EM models for the G4Region  DefaultRegionForTheWorld ======
           hPairProd : Emin=    0 eV  Emax=  100 TeV  ModifiedMephi

CoulombScat:  for proton XStype:1 SubType=1 BuildTable=1
      Lambda table from threshold  to 100 TeV, 7 bins/decade, spline: 0
      ThetaMin(p) < Theta(degree) < 180, pLimit(GeV^1)= 0.139531
      ===== EM models for the G4Region  DefaultRegionForTheWorld ======
  eCoulombScattering : Emin=    0 eV  Emax=  100 TeV

msc:  for GenericIon  SubType= 10
      ===== EM models for the G4Region  DefaultRegionForTheWorld ======
            UrbanMsc : Emin=    0 eV  Emax=  100 TeV
          StepLim=Minimal Rfact=0.2 Gfact=2.5 Sfact=0.6 DispFlag:0 Skin=1 Llim=1 mm

ionIoni:  for GenericIon  XStype:3  SubType=2
      dE/dx and range tables from 100 eV  to 100 TeV in 84 bins
      Lambda tables from threshold to 100 TeV, 7 bins/decade, spline: 1
      StepFunction=(0.2, 0.1 mm), integ: 3, fluct: 1, linLossLim= 0.02
      ===== EM models for the G4Region  DefaultRegionForTheWorld ======
               Bragg : Emin=    0 eV  Emax=    2 MeV
          BetheBloch : Emin=    2 MeV Emax=  100 TeV
======================================================================
======          Radioactive Decay Physics Parameters           =======
======================================================================
min MeanLife (from G4NuclideTable)                1 ns 
Max life time (from G4DeexPrecoParameters)        1000 ps 
Internal e- conversion flag                       1
Stored internal conversion coefficients           1
Enabled atomic relaxation mode                    1
Enable correlated gamma emission                  0
Max 2J for sampling of angular correlations       10
Atomic de-excitation enabled                      1
Auger electron emission enabled                   1
Check EM cuts disabled for atomic de-excitation   1
Use Bearden atomic level energies                 0
Use ANSTO fluorescence model                      0
Threshold for very long decay time at rest        1 y  
======================================================================

msc:  for alpha  SubType= 10
      ===== EM models for the G4Region  DefaultRegionForTheWorld ======
            UrbanMsc : Emin=    0 eV  Emax=  100 TeV
          StepLim=Minimal Rfact=0.2 Gfact=2.5 Sfact=0.6 DispFlag:0 Skin=1 Llim=1 mm

ionIoni:  for alpha  XStype:3  SubType=2
      dE/dx and range tables from 100 eV  to 100 TeV in 84 bins
      Lambda tables from threshold to 100 TeV, 7 bins/decade, spline: 1
      StepFunction=(0.2, 0.1 mm), integ: 3, fluct: 1, linLossLim= 0.02
      ===== EM models for the G4Region  DefaultRegionForTheWorld ======
            BraggIon : Emin=    0 eV  Emax=7.9452 MeV
          BetheBloch : Emin=7.9452 MeV Emax=  100 TeV

msc:  for anti_proton  SubType= 10
      ===== EM models for the G4Region  DefaultRegionForTheWorld ======
        WentzelVIUni : Emin=    0 eV  Emax=  100 TeV Nbins=84 100 eV  - 100 TeV
          StepLim=Minimal Rfact=0.2 Gfact=2.5 Sfact=0.6 DispFlag:0 Skin=1 Llim=1 mm

hIoni:  for anti_proton  XStype:3  SubType=2
      dE/dx and range tables from 100 eV  to 100 TeV in 84 bins
      Lambda tables from threshold to 100 TeV, 7 bins/decade, spline: 1
      StepFunction=(0.2, 0.1 mm), integ: 3, fluct: 1, linLossLim= 0.01
      ===== EM models for the G4Region  DefaultRegionForTheWorld ======
            ICRU73QO : Emin=    0 eV  Emax=    2 MeV
          BetheBloch : Emin=    2 MeV Emax=  100 TeV

hBrems:  for anti_proton  XStype:1  SubType=3
      dE/dx and range tables from 100 eV  to 100 TeV in 84 bins
      Lambda tables from threshold to 100 TeV, 7 bins/decade, spline: 1
      ===== EM models for the G4Region  DefaultRegionForTheWorld ======
               hBrem : Emin=    0 eV  Emax=  100 TeV  ModifiedMephi

hPairProd:  for anti_proton  XStype:1  SubType=4
      dE/dx and range tables from 100 eV  to 100 TeV in 84 bins
      Lambda tables from threshold to 100 TeV, 7 bins/decade, spline: 1
      Sampling table 17x1001, from 7.50618 GeV to 100 TeV 
      ===== EM models for the G4Region  DefaultRegionForTheWorld ======
           hPairProd : Emin=    0 eV  Emax=  100 TeV  ModifiedMephi

CoulombScat:  for anti_proton XStype:1 SubType=1 BuildTable=1
      Lambda table from threshold  to 100 TeV, 7 bins/decade, spline: 0
      ThetaMin(p) < Theta(degree) < 180, pLimit(GeV^1)= 0.139531
      ===== EM models for the G4Region  DefaultRegionForTheWorld ======
  eCoulombScattering : Emin=    0 eV  Emax=  100 TeV

msc:  for kaon+  SubType= 10
      ===== EM models for the G4Region  DefaultRegionForTheWorld ======
        WentzelVIUni : Emin=    0 eV  Emax=  100 TeV Nbins=84 100 eV  - 100 TeV
          StepLim=Minimal Rfact=0.2 Gfact=2.5 Sfact=0.6 DispFlag:0 Skin=1 Llim=1 mm

hIoni:  for kaon+  XStype:3  SubType=2
      dE/dx and range tables from 100 eV  to 100 TeV in 84 bins
      Lambda tables from threshold to 100 TeV, 7 bins/decade, spline: 1
      StepFunction=(0.2, 0.1 mm), integ: 3, fluct: 1, linLossLim= 0.01
      ===== EM models for the G4Region  DefaultRegionForTheWorld ======
               Bragg : Emin=    0 eV  Emax=1.05231 MeV
          BetheBloch : Emin=1.05231 MeV Emax=  100 TeV

hBrems:  for kaon+  XStype:1  SubType=3
      dE/dx and range tables from 100 eV  to 100 TeV in 84 bins
      Lambda tables from threshold to 100 TeV, 7 bins/decade, spline: 1
      ===== EM models for the G4Region  DefaultRegionForTheWorld ======
               hBrem : Emin=    0 eV  Emax=  100 TeV  ModifiedMephi

hPairProd:  for kaon+  XStype:1  SubType=4
      dE/dx and range tables from 100 eV  to 100 TeV in 84 bins
      Lambda tables from threshold to 100 TeV, 7 bins/decade, spline: 1
      Sampling table 18x1001, from 3.94942 GeV to 100 TeV 
      ===== EM models for the G4Region  DefaultRegionForTheWorld ======
           hPairProd : Emin=    0 eV  Emax=  100 TeV  ModifiedMephi

CoulombScat:  for kaon+ XStype:1 SubType=1 BuildTable=1
      Lambda table from threshold  to 100 TeV, 7 bins/decade, spline: 0
      ThetaMin(p) < Theta(degree) < 180, pLimit(GeV^1)= 0.139531
      ===== EM models for the G4Region  DefaultRegionForTheWorld ======
  eCoulombScattering : Emin=    0 eV  Emax=  100 TeV

msc:  for kaon-  SubType= 10
      ===== EM models for the G4Region  DefaultRegionForTheWorld ======
        WentzelVIUni : Emin=    0 eV  Emax=  100 TeV Nbins=84 100 eV  - 100 TeV
          StepLim=Minimal Rfact=0.2 Gfact=2.5 Sfact=0.6 DispFlag:0 Skin=1 Llim=1 mm

hIoni:  for kaon-  XStype:3  SubType=2
      dE/dx and range tables from 100 eV  to 100 TeV in 84 bins
      Lambda tables from threshold to 100 TeV, 7 bins/decade, spline: 1
      StepFunction=(0.2, 0.1 mm), integ: 3, fluct: 1, linLossLim= 0.01
      ===== EM models for the G4Region  DefaultRegionForTheWorld ======
            ICRU73QO : Emin=    0 eV  Emax=1.05231 MeV
          BetheBloch : Emin=1.05231 MeV Emax=  100 TeV

hBrems:  for kaon-  XStype:1  SubType=3
      dE/dx and range tables from 100 eV  to 100 TeV in 84 bins
      Lambda tables from threshold to 100 TeV, 7 bins/decade, spline: 1
      ===== EM models for the G4Region  DefaultRegionForTheWorld ======
               hBrem : Emin=    0 eV  Emax=  100 TeV  ModifiedMephi

hPairProd:  for kaon-  XStype:1  SubType=4
      dE/dx and range tables from 100 eV  to 100 TeV in 84 bins
      Lambda tables from threshold to 100 TeV, 7 bins/decade, spline: 1
      Sampling table 18x1001, from 3.94942 GeV to 100 TeV 
      ===== EM models for the G4Region  DefaultRegionForTheWorld ======
           hPairProd : Emin=    0 eV  Emax=  100 TeV  ModifiedMephi

CoulombScat:  for kaon- XStype:1 SubType=1 BuildTable=1
      Used Lambda table of kaon+
      ThetaMin(p) < Theta(degree) < 180, pLimit(GeV^1)= 0.139531
      ===== EM models for the G4Region  DefaultRegionForTheWorld ======
  eCoulombScattering : Emin=    0 eV  Emax=  100 TeV

msc:  for mu+  SubType= 10
      ===== EM models for the G4Region  DefaultRegionForTheWorld ======
        WentzelVIUni : Emin=    0 eV  Emax=  100 TeV Nbins=84 100 eV  - 100 TeV
          StepLim=Minimal Rfact=0.2 Gfact=2.5 Sfact=0.6 DispFlag:0 Skin=1 Llim=1 mm

muIoni:  for mu+  XStype:3  SubType=2
      dE/dx and range tables from 100 eV  to 100 TeV in 84 bins
      Lambda tables from threshold to 100 TeV, 7 bins/decade, spline: 1
      StepFunction=(0.2, 0.1 mm), integ: 3, fluct: 1, linLossLim= 0.01
      ===== EM models for the G4Region  DefaultRegionForTheWorld ======
               Bragg : Emin=    0 eV  Emax=  200 keV
        MuBetheBloch : Emin=  200 keV Emax=  100 TeV

muBrems:  for mu+  XStype:1  SubType=3
      dE/dx and range tables from 100 eV  to 100 TeV in 84 bins
      Lambda tables from threshold to 100 TeV, 7 bins/decade, spline: 1
      ===== EM models for the G4Region  DefaultRegionForTheWorld ======
              MuBrem : Emin=    0 eV  Emax=  100 TeV  ModifiedMephi

muPairProd:  for mu+  XStype:1  SubType=4
      dE/dx and range tables from 100 eV  to 100 TeV in 84 bins
      Lambda tables from threshold to 100 TeV, 7 bins/decade, spline: 1
      Sampling table 21x1001, from 0.85 GeV to 100 TeV 
      ===== EM models for the G4Region  DefaultRegionForTheWorld ======
          muPairProd : Emin=    0 eV  Emax=  100 TeV  ModifiedMephi

CoulombScat:  for mu+ XStype:1 SubType=1 BuildTable=1
      Lambda table from threshold  to 100 TeV, 7 bins/decade, spline: 0
      ThetaMin(p) < Theta(degree) < 180, pLimit(GeV^1)= 0.139531
      ===== EM models for the G4Region  DefaultRegionForTheWorld ======
  eCoulombScattering : Emin=    0 eV  Emax=  100 TeV

msc:  for mu-  SubType= 10
      ===== EM models for the G4Region  DefaultRegionForTheWorld ======
        WentzelVIUni : Emin=    0 eV  Emax=  100 TeV Nbins=84 100 eV  - 100 TeV
          StepLim=Minimal Rfact=0.2 Gfact=2.5 Sfact=0.6 DispFlag:0 Skin=1 Llim=1 mm

muIoni:  for mu-  XStype:3  SubType=2
      dE/dx and range tables from 100 eV  to 100 TeV in 84 bins
      Lambda tables from threshold to 100 TeV, 7 bins/decade, spline: 1
      StepFunction=(0.2, 0.1 mm), integ: 3, fluct: 1, linLossLim= 0.01
      ===== EM models for the G4Region  DefaultRegionForTheWorld ======
            ICRU73QO : Emin=    0 eV  Emax=  200 keV
        MuBetheBloch : Emin=  200 keV Emax=  100 TeV

muBrems:  for mu-  XStype:1  SubType=3
      dE/dx and range tables from 100 eV  to 100 TeV in 84 bins
      Lambda tables from threshold to 100 TeV, 7 bins/decade, spline: 1
      ===== EM models for the G4Region  DefaultRegionForTheWorld ======
              MuBrem : Emin=    0 eV  Emax=  100 TeV  ModifiedMephi

muPairProd:  for mu-  XStype:1  SubType=4
      dE/dx and range tables from 100 eV  to 100 TeV in 84 bins
      Lambda tables from threshold to 100 TeV, 7 bins/decade, spline: 1
      Sampling table 21x1001, from 0.85 GeV to 100 TeV 
      ===== EM models for the G4Region  DefaultRegionForTheWorld ======
          muPairProd : Emin=    0 eV  Emax=  100 TeV  ModifiedMephi

CoulombScat:  for mu- XStype:1 SubType=1 BuildTable=1
      Used Lambda table of mu+
      ThetaMin(p) < Theta(degree) < 180, pLimit(GeV^1)= 0.139531
      ===== EM models for the G4Region  DefaultRegionForTheWorld ======
  eCoulombScattering : Emin=    0 eV  Emax=  100 TeV

=======================================================
======       ParticleHP Physics Parameters     ========
=======================================================
 Use only photo-evaporation      0
 Skip missing isotopes           0
 Neglect Doppler                 0
 Do not adjust final state       0
 Produce fission fragments       1
 Use WendtFissionModel           0
 Use NRESP71Model                0
 Use DBRC                        0
 PHP use Poisson                 0
 PHP check                       1
 CHECK HP NAMES                  0
 Enable DEBUG                    0
 Use probability tables from     
=======================================================

@@@ G4ParticleHPInelastic instantiated for particle neutron/n    data directory is /home/bryam/miniconda3/envs/geant4_env/share/Geant4/data/NDL4.7.1/Inelastic

msc:  for pi+  SubType= 10
      ===== EM models for the G4Region  DefaultRegionForTheWorld ======
        WentzelVIUni : Emin=    0 eV  Emax=  100 TeV Nbins=84 100 eV  - 100 TeV
          StepLim=Minimal Rfact=0.2 Gfact=2.5 Sfact=0.6 DispFlag:0 Skin=1 Llim=1 mm

hIoni:  for pi+  XStype:3  SubType=2
      dE/dx and range tables from 100 eV  to 100 TeV in 84 bins
      Lambda tables from threshold to 100 TeV, 7 bins/decade, spline: 1
      StepFunction=(0.2, 0.1 mm), integ: 3, fluct: 1, linLossLim= 0.01
      ===== EM models for the G4Region  DefaultRegionForTheWorld ======
               Bragg : Emin=    0 eV  Emax=297.505 keV
          BetheBloch : Emin=297.505 keV Emax=  100 TeV

hBrems:  for pi+  XStype:1  SubType=3
      dE/dx and range tables from 100 eV  to 100 TeV in 84 bins
      Lambda tables from threshold to 100 TeV, 7 bins/decade, spline: 1
      ===== EM models for the G4Region  DefaultRegionForTheWorld ======
               hBrem : Emin=    0 eV  Emax=  100 TeV  ModifiedMephi

hPairProd:  for pi+  XStype:1  SubType=4
      dE/dx and range tables from 100 eV  to 100 TeV in 84 bins
      Lambda tables from threshold to 100 TeV, 7 bins/decade, spline: 1
      Sampling table 20x1001, from 1.11656 GeV to 100 TeV 
      ===== EM models for the G4Region  DefaultRegionForTheWorld ======
           hPairProd : Emin=    0 eV  Emax=  100 TeV  ModifiedMephi

CoulombScat:  for pi+ XStype:1 SubType=1 BuildTable=1
      Lambda table from threshold  to 100 TeV, 7 bins/decade, spline: 0
      ThetaMin(p) < Theta(degree) < 180, pLimit(GeV^1)= 0.139531
      ===== EM models for the G4Region  DefaultRegionForTheWorld ======
  eCoulombScattering : Emin=    0 eV  Emax=  100 TeV

msc:  for pi-  SubType= 10
      ===== EM models for the G4Region  DefaultRegionForTheWorld ======
        WentzelVIUni : Emin=    0 eV  Emax=  100 TeV Nbins=84 100 eV  - 100 TeV
          StepLim=Minimal Rfact=0.2 Gfact=2.5 Sfact=0.6 DispFlag:0 Skin=1 Llim=1 mm

hIoni:  for pi-  XStype:3  SubType=2
      dE/dx and range tables from 100 eV  to 100 TeV in 84 bins
      Lambda tables from threshold to 100 TeV, 7 bins/decade, spline: 1
      StepFunction=(0.2, 0.1 mm), integ: 3, fluct: 1, linLossLim= 0.01
      ===== EM models for the G4Region  DefaultRegionForTheWorld ======
            ICRU73QO : Emin=    0 eV  Emax=297.505 keV
          BetheBloch : Emin=297.505 keV Emax=  100 TeV

hBrems:  for pi-  XStype:1  SubType=3
      dE/dx and range tables from 100 eV  to 100 TeV in 84 bins
      Lambda tables from threshold to 100 TeV, 7 bins/decade, spline: 1
      ===== EM models for the G4Region  DefaultRegionForTheWorld ======
               hBrem : Emin=    0 eV  Emax=  100 TeV  ModifiedMephi

hPairProd:  for pi-  XStype:1  SubType=4
      dE/dx and range tables from 100 eV  to 100 TeV in 84 bins
      Lambda tables from threshold to 100 TeV, 7 bins/decade, spline: 1
      Sampling table 20x1001, from 1.11656 GeV to 100 TeV 
      ===== EM models for the G4Region  DefaultRegionForTheWorld ======
           hPairProd : Emin=    0 eV  Emax=  100 TeV  ModifiedMephi

CoulombScat:  for pi- XStype:1 SubType=1 BuildTable=1
      Used Lambda table of pi+
      ThetaMin(p) < Theta(degree) < 180, pLimit(GeV^1)= 0.139531
      ===== EM models for the G4Region  DefaultRegionForTheWorld ======
  eCoulombScattering : Emin=    0 eV  Emax=  100 TeV

====================================================================
                  HADRONIC PROCESSES SUMMARY (verbose level 1)
-----------------------------------------------------------------------
                           Hadronic Processes for B-
  Process: hadElastic
        Model:              hElasticLHEP: 0 eV  ---> 100 TeV
     Cr_sctns:            Glauber-Gribov: 0 eV  ---> 100 TeV
  Process: B-Inelastic
        Model:                      FTFP: 0 eV  ---> 100 TeV
     Cr_sctns:            Glauber-Gribov: 0 eV  ---> 100 TeV
-----------------------------------------------------------------------
                           Hadronic Processes for D-
  Process: hadElastic
        Model:              hElasticLHEP: 0 eV  ---> 100 TeV
     Cr_sctns:            Glauber-Gribov: 0 eV  ---> 100 TeV
  Process: D-Inelastic
        Model:                      FTFP: 0 eV  ---> 100 TeV
     Cr_sctns:            Glauber-Gribov: 0 eV  ---> 100 TeV
-----------------------------------------------------------------------
                           Hadronic Processes for GenericIon
  Process: ionElastic
        Model:          NNDiffuseElastic: 0 eV /n ---> 100 TeV/n
     Cr_sctns:  Glauber-Gribov Nucl-nucl: 0 eV  ---> 25.6 PeV
  Process: ionInelastic
        Model:  Binary Light Ion Cascade: 0 eV /n ---> 110 MeV/n
        Model:                  QMDModel: 100 MeV/n ---> 6 GeV/n
        Model:                      FTFP: 5.99 GeV/n ---> 100 TeV/n
     Cr_sctns:  Glauber-Gribov Nucl-nucl: 0 eV  ---> 25.6 PeV
  Process: RadioactiveDecay
-----------------------------------------------------------------------
                           Hadronic Processes for He3
  Process: hadElastic
        Model:              hElasticLHEP: 0 eV /n ---> 100 TeV/n
     Cr_sctns:  Glauber-Gribov Nucl-nucl: 0 eV  ---> 25.6 PeV
  Process: He3Inelastic
        Model:  Binary Light Ion Cascade: 0 eV /n ---> 110 MeV/n
        Model:                  QMDModel: 100 MeV/n ---> 6 GeV/n
        Model:                      FTFP: 5.99 GeV/n ---> 100 TeV/n
     Cr_sctns:  Glauber-Gribov Nucl-nucl: 0 eV  ---> 25.6 PeV
-----------------------------------------------------------------------
                           Hadronic Processes for alpha
  Process: hadElastic
        Model:              hElasticLHEP: 0 eV /n ---> 100 TeV/n
     Cr_sctns:  Glauber-Gribov Nucl-nucl: 0 eV  ---> 25.6 PeV
  Process: alphaInelastic
        Model:  Binary Light Ion Cascade: 0 eV /n ---> 110 MeV/n
        Model:                  QMDModel: 100 MeV/n ---> 6 GeV/n
        Model:                      FTFP: 5.99 GeV/n ---> 100 TeV/n
     Cr_sctns:  Glauber-Gribov Nucl-nucl: 0 eV  ---> 25.6 PeV
-----------------------------------------------------------------------
                           Hadronic Processes for anti_He3
  Process: hadElastic
        Model:              hElasticLHEP: 0 eV /n ---> 100.1 MeV/n
        Model:              AntiAElastic: 100 MeV/n ---> 100 TeV/n
     Cr_sctns:              AntiAGlauber: 0 eV  ---> 25.6 PeV
  Process: anti_He3Inelastic
        Model:                      FTFP: 0 eV /n ---> 100 TeV/n
     Cr_sctns:              AntiAGlauber: 0 eV  ---> 25.6 PeV
  Process: hFritiofCaptureAtRest
-----------------------------------------------------------------------
                           Hadronic Processes for anti_alpha
  Process: hadElastic
        Model:              hElasticLHEP: 0 eV /n ---> 100.1 MeV/n
        Model:              AntiAElastic: 100 MeV/n ---> 100 TeV/n
     Cr_sctns:              AntiAGlauber: 0 eV  ---> 25.6 PeV
  Process: anti_alphaInelastic
        Model:                      FTFP: 0 eV /n ---> 100 TeV/n
     Cr_sctns:              AntiAGlauber: 0 eV  ---> 25.6 PeV
  Process: hFritiofCaptureAtRest
-----------------------------------------------------------------------
                           Hadronic Processes for anti_deuteron
  Process: hadElastic
        Model:              hElasticLHEP: 0 eV /n ---> 100.1 MeV/n
        Model:              AntiAElastic: 100 MeV/n ---> 100 TeV/n
     Cr_sctns:              AntiAGlauber: 0 eV  ---> 25.6 PeV
  Process: anti_deuteronInelastic
        Model:                      FTFP: 0 eV /n ---> 100 TeV/n
     Cr_sctns:              AntiAGlauber: 0 eV  ---> 25.6 PeV
  Process: hFritiofCaptureAtRest
-------------------------------------------------------------------------
                           Hadronic Processes for anti_hypertriton
  Process: hFritiofCaptureAtRest
-----------------------------------------------------------------------
                           Hadronic Processes for anti_lambda
  Process: hadElastic
        Model:              hElasticLHEP: 0 eV  ---> 100 TeV
     Cr_sctns:            Glauber-Gribov: 0 eV  ---> 100 TeV
  Process: anti_lambdaInelastic
        Model:                      FTFP: 0 eV  ---> 100 TeV
     Cr_sctns:            Glauber-Gribov: 0 eV  ---> 100 TeV
  Process: hFritiofCaptureAtRest
-----------------------------------------------------------------------
                           Hadronic Processes for anti_neutron
  Process: hadElastic
        Model:              hElasticLHEP: 0 eV  ---> 100.1 MeV
        Model:              AntiAElastic: 100 MeV ---> 100 TeV
     Cr_sctns:              AntiAGlauber: 0 eV  ---> 25.6 PeV
  Process: anti_neutronInelastic
        Model:                      FTFP: 0 eV  ---> 100 TeV
     Cr_sctns:              AntiAGlauber: 0 eV  ---> 25.6 PeV
  Process: hFritiofCaptureAtRest
-----------------------------------------------------------------------
                           Hadronic Processes for anti_proton
  Process: hadElastic
        Model:              hElasticLHEP: 0 eV  ---> 100.1 MeV
        Model:              AntiAElastic: 100 MeV ---> 100 TeV
     Cr_sctns:              AntiAGlauber: 0 eV  ---> 25.6 PeV
  Process: anti_protonInelastic
        Model:                      FTFP: 0 eV  ---> 100 TeV
     Cr_sctns:              AntiAGlauber: 0 eV  ---> 25.6 PeV
  Process: hFritiofCaptureAtRest
-----------------------------------------------------------------------
                           Hadronic Processes for anti_triton
  Process: hadElastic
        Model:              hElasticLHEP: 0 eV /n ---> 100.1 MeV/n
        Model:              AntiAElastic: 100 MeV/n ---> 100 TeV/n
     Cr_sctns:              AntiAGlauber: 0 eV  ---> 25.6 PeV
  Process: anti_tritonInelastic
        Model:                      FTFP: 0 eV /n ---> 100 TeV/n
     Cr_sctns:              AntiAGlauber: 0 eV  ---> 25.6 PeV
  Process: hFritiofCaptureAtRest
-----------------------------------------------------------------------
                           Hadronic Processes for deuteron
  Process: hadElastic
        Model:              hElasticLHEP: 0 eV /n ---> 100 TeV/n
     Cr_sctns:  Glauber-Gribov Nucl-nucl: 0 eV  ---> 25.6 PeV
  Process: dInelastic
        Model:  Binary Light Ion Cascade: 0 eV /n ---> 110 MeV/n
        Model:                  QMDModel: 100 MeV/n ---> 6 GeV/n
        Model:                      FTFP: 5.99 GeV/n ---> 100 TeV/n
     Cr_sctns:  Glauber-Gribov Nucl-nucl: 0 eV  ---> 25.6 PeV
-----------------------------------------------------------------------
                           Hadronic Processes for e+
  Process: positronNuclear
        Model:   G4ElectroVDNuclearModel: 0 eV  ---> 1 PeV
     Cr_sctns:          ElectroNuclearXS: 0 eV  ---> 100 TeV
-----------------------------------------------------------------------
                           Hadronic Processes for e-
  Process: electronNuclear
        Model:   G4ElectroVDNuclearModel: 0 eV  ---> 1 PeV
     Cr_sctns:          ElectroNuclearXS: 0 eV  ---> 100 TeV
-----------------------------------------------------------------------
                           Hadronic Processes for gamma
  Process: photonNuclear
        Model:               GammaNPreco: 0 eV  ---> 200 MeV
        Model:            BertiniCascade: 199 MeV ---> 6 GeV
        Model:           TheoFSGenerator: 3 GeV ---> 100 TeV
     Cr_sctns:            GammaNuclearXS: 0 eV  ---> 100 TeV
-----------------------------------------------------------------------
                           Hadronic Processes for kaon+
  Process: hadElastic
        Model:              hElasticLHEP: 0 eV  ---> 100 TeV
     Cr_sctns:            Glauber-Gribov: 0 eV  ---> 100 TeV
  Process: kaon+Inelastic
        Model:                      FTFP: 3 GeV ---> 100 TeV
        Model:            BertiniCascade: 0 eV  ---> 6 GeV
     Cr_sctns:            Glauber-Gribov: 0 eV  ---> 100 TeV
-----------------------------------------------------------------------
                           Hadronic Processes for kaon-
  Process: hadElastic
        Model:              hElasticLHEP: 0 eV  ---> 100 TeV
     Cr_sctns:            Glauber-Gribov: 0 eV  ---> 100 TeV
  Process: kaon-Inelastic
        Model:                      FTFP: 3 GeV ---> 100 TeV
        Model:            BertiniCascade: 0 eV  ---> 6 GeV
     Cr_sctns:            Glauber-Gribov: 0 eV  ---> 100 TeV
  Process: hBertiniCaptureAtRest
-----------------------------------------------------------------------
                           Hadronic Processes for lambda
  Process: hadElastic
        Model:              hElasticLHEP: 0 eV  ---> 100 TeV
     Cr_sctns:            Glauber-Gribov: 0 eV  ---> 100 TeV
  Process: lambdaInelastic
        Model:                      FTFP: 3 GeV ---> 100 TeV
        Model:            BertiniCascade: 0 eV  ---> 6 GeV
     Cr_sctns:            Glauber-Gribov: 0 eV  ---> 100 TeV
-----------------------------------------------------------------------
                           Hadronic Processes for mu+
  Process: muonNuclear
        Model:      G4MuonVDNuclearModel: 0 eV  ---> 1 PeV
     Cr_sctns:     KokoulinMuonNuclearXS: 0 eV  ---> 100 TeV
-----------------------------------------------------------------------
                           Hadronic Processes for mu-
  Process: muonNuclear
        Model:      G4MuonVDNuclearModel: 0 eV  ---> 1 PeV
     Cr_sctns:     KokoulinMuonNuclearXS: 0 eV  ---> 100 TeV
  Process: muMinusCaptureAtRest
-----------------------------------------------------------------------
                           Hadronic Processes for neutron
  Process: hadElastic
        Model:             hElasticCHIPS: 19.5 MeV ---> 100 TeV
        Model:          NeutronHPElastic: 0 eV  ---> 20 MeV
     Cr_sctns:        NeutronHPElasticXS: 0 eV  ---> 20 MeV
     Cr_sctns:        G4NeutronElasticXS: 0 eV  ---> 100 TeV
  Process: neutronInelastic
        Model:                      FTFP: 3 GeV ---> 100 TeV
        Model:            BertiniCascade: 19.9 MeV ---> 6 GeV
        Model:        NeutronHPInelastic: 0 eV  ---> 20 MeV
     Cr_sctns:      NeutronHPInelasticXS: 0 eV  ---> 20 MeV
     Cr_sctns: JENDLHEInelasticCrossSection: 0 eV  ---> 100 TeV
     Cr_sctns:      G4NeutronInelasticXS: 0 eV  ---> 100 TeV
  Process: nCapture
        Model:             nRadCaptureHP: 0 eV  ---> 20 MeV
        Model:               nRadCapture: 19.9 MeV ---> 100 TeV
     Cr_sctns:        NeutronHPCaptureXS: 0 eV  ---> 100 TeV
     Cr_sctns:        G4NeutronCaptureXS: 0 eV  ---> 100 TeV
  Process: nFission
        Model:          NeutronHPFission: 0 eV  ---> 20 MeV
        Model:                G4LFission: 19.9 MeV ---> 100 TeV
     Cr_sctns:        NeutronHPFissionXS: 0 eV  ---> 20 MeV
     Cr_sctns:                    ZeroXS: 0 eV  ---> 100 TeV
-----------------------------------------------------------------------
                           Hadronic Processes for pi+
  Process: hadElastic
        Model:           hElasticGlauber: 0 eV  ---> 100 TeV
     Cr_sctns:  BarashenkovGlauberGribov: 0 eV  ---> 100 TeV
  Process: pi+Inelastic
        Model:                      FTFP: 3 GeV ---> 100 TeV
        Model:            BertiniCascade: 0 eV  ---> 6 GeV
     Cr_sctns:  BarashenkovGlauberGribov: 0 eV  ---> 100 TeV
-----------------------------------------------------------------------
                           Hadronic Processes for pi-
  Process: hadElastic
        Model:           hElasticGlauber: 0 eV  ---> 100 TeV
     Cr_sctns:  BarashenkovGlauberGribov: 0 eV  ---> 100 TeV
  Process: pi-Inelastic
        Model:                      FTFP: 3 GeV ---> 100 TeV
        Model:            BertiniCascade: 0 eV  ---> 6 GeV
     Cr_sctns:  BarashenkovGlauberGribov: 0 eV  ---> 100 TeV
  Process: hBertiniCaptureAtRest
-----------------------------------------------------------------------
                           Hadronic Processes for proton
  Process: hadElastic
        Model:             hElasticCHIPS: 0 eV  ---> 100 TeV
     Cr_sctns:  BarashenkovGlauberGribov: 0 eV  ---> 100 TeV
  Process: protonInelastic
        Model:                      FTFP: 3 GeV ---> 100 TeV
        Model:            BertiniCascade: 0 eV  ---> 6 GeV
     Cr_sctns:  BarashenkovGlauberGribov: 0 eV  ---> 100 TeV
-----------------------------------------------------------------------
                           Hadronic Processes for sigma-
  Process: hadElastic
        Model:              hElasticLHEP: 0 eV  ---> 100 TeV
     Cr_sctns:            Glauber-Gribov: 0 eV  ---> 100 TeV
  Process: sigma-Inelastic
        Model:                      FTFP: 3 GeV ---> 100 TeV
        Model:            BertiniCascade: 0 eV  ---> 6 GeV
     Cr_sctns:            Glauber-Gribov: 0 eV  ---> 100 TeV
  Process: hBertiniCaptureAtRest
-----------------------------------------------------------------------
                           Hadronic Processes for triton
  Process: hadElastic
        Model:              hElasticLHEP: 0 eV /n ---> 100 TeV/n
     Cr_sctns:  Glauber-Gribov Nucl-nucl: 0 eV  ---> 25.6 PeV
  Process: tInelastic
        Model:  Binary Light Ion Cascade: 0 eV /n ---> 110 MeV/n
        Model:                  QMDModel: 100 MeV/n ---> 6 GeV/n
        Model:                      FTFP: 5.99 GeV/n ---> 100 TeV/n
     Cr_sctns:  Glauber-Gribov Nucl-nucl: 0 eV  ---> 25.6 PeV
  Process: RadioactiveDecay
=======================================================================
======       Geant4 Native Pre-compound Model Parameters       ========
=======================================================================
Type of pre-compound model                          0
Type of pre-compound inverse x-section              1
Pre-compound model active                           1
Pre-compound excitation low energy                  0.1 MeV 
Pre-compound excitation high energy                 15 MeV 
Angular generator for pre-compound model            1
Use NeverGoBack option for pre-compound model       0
Use SoftCutOff option for pre-compound model        0
Use CEM transitions for pre-compound model          1
Use GNASH transitions for pre-compound model        0
Use HETC submodel for pre-compound model            0
=======================================================================
======       Nuclear De-excitation Module Parameters           ========
=======================================================================
Type of de-excitation inverse x-section             3
Type of de-excitation factory                       Evaporation+GEM
Number of de-excitation channels                    68
Type of Fermi BreakUp model                         ModelVI
Min excitation energy                               0.01 keV 
Min energy per nucleon for multifragmentation       2e+05 MeV
Level density (1/MeV)                               0.075
Use simple level density model                      1
Use discrete excitation energy of the residual      0
Time limit for long lived isomeres                  1 ns 
Isomer production flag                              1
Internal e- conversion flag                         1
Store e- internal conversion data                   1
Correlated gamma emission flag                      0
Max 2J for sampling of angular correlations         10
=======================================================================
/tracking/verbose 0
/run/verbose 0
/event/verbose 0
/run/printProgress 500
/gun/species GCR_He
/gun/phase min
/gun/fixedEnergyMeV 17782.79410038923
/score/create/boxMesh PhantomMesh
/score/mesh/boxSize 271.399 135.6995 888. mm
/score/mesh/nBin 254 127 222
.... G4ScoringMessenger::MeshBinCommand - G4ScoringBox
/score/mesh/translate/xyz 0. 0. 0. mm
/score/quantity/energyDeposit energyDeposit
G4VScoringMesh::SetPrimitiveScorer() : energyDeposit is registered. 3D size: (254, 127, 222)
/score/close
/run/beamOn 10000
/run/geometryModified
### Run 0 starts.
G4WT10 > /tracking/verbose 0
G4WT0 > /tracking/verbose 0
G4WT3 > /tracking/verbose 0
G4WT10 > /run/verbose 0
G4WT8 > /tracking/verbose 0
G4WT4 > /tracking/verbose 0
G4WT15 > /tracking/verbose 0
G4WT10 > /event/verbose 0
G4WT4 > /run/verbose 0
G4WT3 > /run/verbose 0
G4WT10 > /run/printProgress 500
G4WT2 > /tracking/verbose 0
G4WT4 > /event/verbose 0
G4WT5 > /tracking/verbose 0
G4WT4 > /run/printProgress 500
G4WT1 > /tracking/verbose 0
G4WT10 > /gun/species GCR_He
G4WT9 > /tracking/verbose 0
G4WT6 > /tracking/verbose 0
G4WT4 > /gun/species GCR_He
G4WT8 > /run/verbose 0
G4WT11 > /tracking/verbose 0
G4WT9 > /run/verbose 0
G4WT15 > /run/verbose 0
G4WT9 > /event/verbose 0
G4WT3 > /event/verbose 0
G4WT13 > /tracking/verbose 0
G4WT15 > /event/verbose 0
G4WT2 > /run/verbose 0
G4WT15 > /run/printProgress 500
G4WT12 > /tracking/verbose 0
G4WT2 > /event/verbose 0
G4WT13 > /run/verbose 0
G4WT7 > /tracking/verbose 0
G4WT4 > /gun/phase min
G4WT7 > /run/verbose 0
G4WT4 > /gun/fixedEnergyMeV 17782.79410038923
G4WT11 > /run/verbose 0
G4WT4 > /score/create/boxMesh PhantomMesh
G4WT7 > /event/verbose 0
G4WT0 > /run/verbose 0
G4WT11 > /event/verbose 0
G4WT7 > /run/printProgress 500
G4WT3 > /run/printProgress 500
G4WT4 > /score/mesh/boxSize 271.399 135.6995 888. mm
G4WT1 > /run/verbose 0
G4WT3 > /gun/species GCR_He
G4WT3 > /gun/phase min
G4WT1 > /event/verbose 0
G4WT12 > /run/verbose 0
G4WT13 > /event/verbose 0
G4WT12 > /event/verbose 0
G4WT6 > /run/verbose 0
G4WT12 > /run/printProgress 500
G4WT12 > /gun/species GCR_He
G4WT6 > /event/verbose 0
G4WT12 > /gun/phase min
G4WT6 > /run/printProgress 500
G4WT8 > /event/verbose 0
G4WT6 > /gun/species GCR_He
G4WT9 > /run/printProgress 500
G4WT15 > /gun/species GCR_He
G4WT6 > /gun/phase min
G4WT6 > /gun/fixedEnergyMeV 17782.79410038923
G4WT0 > /event/verbose 0
G4WT15 > /gun/phase min
G4WT6 > /score/create/boxMesh PhantomMesh
G4WT11 > /run/printProgress 500
G4WT2 > /run/printProgress 500
G4WT6 > /score/mesh/boxSize 271.399 135.6995 888. mm
G4WT2 > /gun/species GCR_He
G4WT3 > /gun/fixedEnergyMeV 17782.79410038923
G4WT2 > /gun/phase min
G4WT2 > /gun/fixedEnergyMeV 17782.79410038923
G4WT6 > /score/mesh/nBin 254 127 222
G4WT3 > /score/create/boxMesh PhantomMesh
G4WT2 > /score/create/boxMesh PhantomMesh
G4WT13 > /run/printProgress 500
G4WT14 > /tracking/verbose 0
G4WT12 > /gun/fixedEnergyMeV 17782.79410038923
G4WT13 > /gun/species GCR_He
G4WT3 > /score/mesh/boxSize 271.399 135.6995 888. mm
G4WT13 > /gun/phase min
G4WT2 > /score/mesh/boxSize 271.399 135.6995 888. mm
G4WT8 > /run/printProgress 500
G4WT9 > /gun/species GCR_He
G4WT7 > /gun/species GCR_He
G4WT9 > /gun/phase min
G4WT7 > /gun/phase min
G4WT1 > /run/printProgress 500
G4WT7 > /gun/fixedEnergyMeV 17782.79410038923
G4WT15 > /gun/fixedEnergyMeV 17782.79410038923
G4WT1 > /gun/species GCR_He
G4WT4 > /score/mesh/nBin 254 127 222
G4WT7 > /score/create/boxMesh PhantomMesh
G4WT8 > /gun/species GCR_He
G4WT12 > /score/create/boxMesh PhantomMesh
G4WT4 > .... G4ScoringMessenger::MeshBinCommand - G4ScoringBox
G4WT8 > /gun/phase min
G4WT4 > /score/mesh/translate/xyz 0. 0. 0. mm
G4WT7 > /score/mesh/boxSize 271.399 135.6995 888. mm
G4WT13 > /gun/fixedEnergyMeV 17782.79410038923
G4WT9 > /gun/fixedEnergyMeV 17782.79410038923
G4WT8 > /gun/fixedEnergyMeV 17782.79410038923
G4WT10 > /gun/phase min
G4WT8 > /score/create/boxMesh PhantomMesh
G4WT13 > /score/create/boxMesh PhantomMesh
G4WT9 > /score/create/boxMesh PhantomMesh
G4WT11 > /gun/species GCR_He
G4WT12 > /score/mesh/boxSize 271.399 135.6995 888. mm
G4WT15 > /score/create/boxMesh PhantomMesh
G4WT11 > /gun/phase min
G4WT11 > /gun/fixedEnergyMeV 17782.79410038923
G4WT9 > /score/mesh/boxSize 271.399 135.6995 888. mm
G4WT6 > .... G4ScoringMessenger::MeshBinCommand - G4ScoringBox
G4WT8 > /score/mesh/boxSize 271.399 135.6995 888. mm
G4WT14 > /run/verbose 0
G4WT12 > /score/mesh/nBin 254 127 222
G4WT0 > /run/printProgress 500
G4WT3 > /score/mesh/nBin 254 127 222
G4WT12 > .... G4ScoringMessenger::MeshBinCommand - G4ScoringBox
G4WT8 > /score/mesh/nBin 254 127 222
G4WT0 > /gun/species GCR_He
G4WT10 > /gun/fixedEnergyMeV 17782.79410038923
G4WT4 > /score/quantity/energyDeposit energyDeposit
G4WT1 > /gun/phase min
G4WT5 > /run/verbose 0
G4WT10 > /score/create/boxMesh PhantomMesh
G4WT11 > /score/create/boxMesh PhantomMesh
G4WT1 > /gun/fixedEnergyMeV 17782.79410038923
G4WT5 > /event/verbose 0
G4WT6 > /score/mesh/translate/xyz 0. 0. 0. mm
G4WT4 > /score/close 
G4WT14 > /event/verbose 0
G4WT4 > /run/geometryModified 
G4WT11 > /score/mesh/boxSize 271.399 135.6995 888. mm
G4WT6 > /score/quantity/energyDeposit energyDeposit
G4WT12 > /score/mesh/translate/xyz 0. 0. 0. mm
G4WT14 > /run/printProgress 500
G4WT14 > /gun/species GCR_He
G4WT3 > .... G4ScoringMessenger::MeshBinCommand - G4ScoringBox
G4WT14 > /gun/phase min
G4WT14 > /gun/fixedEnergyMeV 17782.79410038923
G4WT3 > /score/mesh/translate/xyz 0. 0. 0. mm
G4WT14 > /score/create/boxMesh PhantomMesh
G4WT0 > /gun/phase min
G4WT3 > /score/quantity/energyDeposit energyDeposit
G4WT0 > /gun/fixedEnergyMeV 17782.79410038923
G4WT8 > .... G4ScoringMessenger::MeshBinCommand - G4ScoringBox
G4WT0 > /score/create/boxMesh PhantomMesh
G4WT8 > /score/mesh/translate/xyz 0. 0. 0. mm
G4WT13 > /score/mesh/boxSize 271.399 135.6995 888. mm
G4WT3 > /score/close 
G4WT0 > /score/mesh/boxSize 271.399 135.6995 888. mm
G4WT5 > /run/printProgress 500
G4WT3 > /run/geometryModified 
G4WT10 > /score/mesh/boxSize 271.399 135.6995 888. mm
G4WT5 > /gun/species GCR_He
G4WT0 > /score/mesh/nBin 254 127 222
G4WT9 > /score/mesh/nBin 254 127 222
G4WT2 > /score/mesh/nBin 254 127 222
G4WT11 > /score/mesh/nBin 254 127 222
G4WT9 > .... G4ScoringMessenger::MeshBinCommand - G4ScoringBox
G4WT9 > /score/mesh/translate/xyz 0. 0. 0. mm
G4WT6 > /score/close 
G4WT12 > /score/quantity/energyDeposit energyDeposit
G4WT11 > .... G4ScoringMessenger::MeshBinCommand - G4ScoringBox
G4WT6 > /run/geometryModified 
G4WT9 > /score/quantity/energyDeposit energyDeposit
G4WT7 > /score/mesh/nBin 254 127 222
G4WT1 > /score/create/boxMesh PhantomMesh
G4WT8 > /score/quantity/energyDeposit energyDeposit
G4WT12 > /score/close 
G4WT9 > /score/close 
G4WT5 > /gun/phase min
G4WT7 > .... G4ScoringMessenger::MeshBinCommand - G4ScoringBox
G4WT12 > /run/geometryModified 
G4WT9 > /run/geometryModified 
G4WT0 > .... G4ScoringMessenger::MeshBinCommand - G4ScoringBox
G4WT11 > /score/mesh/translate/xyz 0. 0. 0. mm
G4WT8 > /score/close 
G4WT14 > /score/mesh/boxSize 271.399 135.6995 888. mm
G4WT15 > /score/mesh/boxSize 271.399 135.6995 888. mm
G4WT11 > /score/quantity/energyDeposit energyDeposit
G4WT1 > /score/mesh/boxSize 271.399 135.6995 888. mm
G4WT10 > /score/mesh/nBin 254 127 222
G4WT13 > /score/mesh/nBin 254 127 222
G4WT5 > /gun/fixedEnergyMeV 17782.79410038923
G4WT11 > /score/close 
G4WT11 > /run/geometryModified 
G4WT10 > .... G4ScoringMessenger::MeshBinCommand - G4ScoringBox
G4WT10 > /score/mesh/translate/xyz 0. 0. 0. mm
G4WT5 > /score/create/boxMesh PhantomMesh
G4WT1 > /score/mesh/nBin 254 127 222
G4WT0 > /score/mesh/translate/xyz 0. 0. 0. mm
G4WT13 > .... G4ScoringMessenger::MeshBinCommand - G4ScoringBox
G4WT7 > /score/mesh/translate/xyz 0. 0. 0. mm
G4WT10 > /score/quantity/energyDeposit energyDeposit
G4WT13 > /score/mesh/translate/xyz 0. 0. 0. mm
G4WT1 > .... G4ScoringMessenger::MeshBinCommand - G4ScoringBox
G4WT15 > /score/mesh/nBin 254 127 222
G4WT14 > /score/mesh/nBin 254 127 222
G4WT5 > /score/mesh/boxSize 271.399 135.6995 888. mm
G4WT8 > /run/geometryModified 
G4WT2 > .... G4ScoringMessenger::MeshBinCommand - G4ScoringBox
G4WT13 > /score/quantity/energyDeposit energyDeposit
G4WT7 > /score/quantity/energyDeposit energyDeposit
G4WT10 > /score/close 
G4WT14 > .... G4ScoringMessenger::MeshBinCommand - G4ScoringBox
G4WT15 > .... G4ScoringMessenger::MeshBinCommand - G4ScoringBox
G4WT0 > /score/quantity/energyDeposit energyDeposit
G4WT1 > /score/mesh/translate/xyz 0. 0. 0. mm
G4WT5 > /score/mesh/nBin 254 127 222
G4WT14 > /score/mesh/translate/xyz 0. 0. 0. mm
G4WT13 > /score/close 
G4WT15 > /score/mesh/translate/xyz 0. 0. 0. mm
G4WT2 > /score/mesh/translate/xyz 0. 0. 0. mm
G4WT5 > .... G4ScoringMessenger::MeshBinCommand - G4ScoringBox
G4WT5 > /score/mesh/translate/xyz 0. 0. 0. mm
G4WT0 > /score/close 
G4WT1 > /score/quantity/energyDeposit energyDeposit
G4WT0 > /run/geometryModified 
G4WT14 > /score/quantity/energyDeposit energyDeposit
G4WT2 > /score/quantity/energyDeposit energyDeposit
G4WT7 > /score/close 
G4WT15 > /score/quantity/energyDeposit energyDeposit
G4WT10 > /run/geometryModified 
G4WT14 > /score/close 
G4WT2 > /score/close 
G4WT14 > /run/geometryModified 
G4WT2 > /run/geometryModified 
G4WT15 > /score/close 
G4WT5 > /score/quantity/energyDeposit energyDeposit
G4WT7 > /run/geometryModified 
G4WT15 > /run/geometryModified 
G4WT13 > /run/geometryModified 
G4WT1 > /score/close 
G4WT5 > /score/close 
G4WT1 > /run/geometryModified 
G4WT5 > /run/geometryModified 
G4WT9 > ### Run 0 starts on worker thread 9.
G4WT13 > ### Run 0 starts on worker thread 13.
G4WT2 > ### Run 0 starts on worker thread 2.
G4WT0 > ### Run 0 starts on worker thread 0.
G4WT5 > ### Run 0 starts on worker thread 5.
G4WT9 > --> Event 0 starts with initial seeds (62178574,85862044).
G4WT15 > ### Run 0 starts on worker thread 15.
G4WT12 > ### Run 0 starts on worker thread 12.
G4WT14 > ### Run 0 starts on worker thread 14.
G4WT15 > --> Event 500 starts with initial seeds (8069980,49933004).
G4WT6 > ### Run 0 starts on worker thread 6.
G4WT10 > ### Run 0 starts on worker thread 10.
G4WT4 > ### Run 0 starts on worker thread 4.
G4WT4 > --> Event 1000 starts with initial seeds (10992255,25916382).
G4WT11 > ### Run 0 starts on worker thread 11.
G4WT1 > ### Run 0 starts on worker thread 1.
G4WT8 > ### Run 0 starts on worker thread 8.
G4WT3 > ### Run 0 starts on worker thread 3.
G4WT7 > ### Run 0 starts on worker thread 7.
G4WT7 > --> Event 1500 starts with initial seeds (41328109,49975030).
G4WT4 > 
-------- WWWW ------- G4Exception-START -------- WWWW -------
*** G4Exception : Transport-001-ExcessSteps
      issued by : G4Transportation::AlongStepDoIt
 Transportation is killing track that is looping or stuck. 
   Track is e+ and has 132.11 MeV energy  ( pre-Step = 132.11 ) 
   momentum = (-131.662,15.7319,2.37744) mag= 132.62
   position = (-2955.93,-3393,-1727.7) is in volume 'MagnetEnvelope',  its material is 'G4_Galactic' with density = 1e-25 g/cm^3 
 Total number of Steps by this track: 3
 Length of this step = 35238 mm 
 Number of propagation trials = 1 ( vs maximum = 10 for 'important' particles ) 
   ( Number of *calls* of Transport/AlongStepDoIt = 219153 )
 =============== Recommendations / advice ====================
 Recommendations to address this issue (Transport-001-ExcessSteps)
 This warning is controlled by the SetThresholdWarningEnergy  method of G4Transportation.  
 Current value of 'warning' threshold= 100 MeV 
 - If 'unimportant' particles (with energy low enough not to matter in your   application, then increase its value. 
 - If particles of high-enough energy to be important are being  killed, you can 
   a) Increase the trial steps using the method  SetThresholdTrials().    Particles above the 'important' threshold 
  will be given this many 'chances'.  The default value was 10, and the current value is 10
   b) Increase the energy which you consider 'important' (above this they are killed only after extra trials), using the method SetThresholdImportantEnergy() 
      Note: this can incur a potentially high cost in extra simulation time  if more tracks require very large number of integration steps . 
   c) investigate alternative integration methods 
    e.g.  Helical methods for uniform or almost uniform fields or else higher order RK methods such as DormandPrince78 
 This information is provided 5 times. Current count: 1 / 5
 =============================================================

*** This is just a warning message. ***
-------- WWWW -------- G4Exception-END --------- WWWW -------

G4WT14 > 
-------- WWWW ------- G4Exception-START -------- WWWW -------
*** G4Exception : Transport-001-ExcessSteps
      issued by : G4Transportation::AlongStepDoIt
 Transportation is killing track that is looping or stuck. 
   Track is e+ and has 172.291 MeV energy  ( pre-Step = 172.291 ) 
   momentum = (126.387,-117.124,12.9847) mag= 172.801
   position = (3429.66,-2913.32,101.593) is in volume 'MagnetEnvelope',  its material is 'G4_Galactic' with density = 1e-25 g/cm^3 
 Total number of Steps by this track: 3
 Length of this step = 27911.9 mm 
 Number of propagation trials = 1 ( vs maximum = 10 for 'important' particles ) 
   ( Number of *calls* of Transport/AlongStepDoIt = 111027 )
 =============== Recommendations / advice ====================
 Recommendations to address this issue (Transport-001-ExcessSteps)
 This warning is controlled by the SetThresholdWarningEnergy  method of G4Transportation.  
 Current value of 'warning' threshold= 100 MeV 
 - If 'unimportant' particles (with energy low enough not to matter in your   application, then increase its value. 
 - If particles of high-enough energy to be important are being  killed, you can 
   a) Increase the trial steps using the method  SetThresholdTrials().    Particles above the 'important' threshold 
  will be given this many 'chances'.  The default value was 10, and the current value is 10
   b) Increase the energy which you consider 'important' (above this they are killed only after extra trials), using the method SetThresholdImportantEnergy() 
      Note: this can incur a potentially high cost in extra simulation time  if more tracks require very large number of integration steps . 
   c) investigate alternative integration methods 
    e.g.  Helical methods for uniform or almost uniform fields or else higher order RK methods such as DormandPrince78 
 This information is provided 5 times. Current count: 2 / 5
 =============================================================

*** This is just a warning message. ***
-------- WWWW -------- G4Exception-END --------- WWWW -------

G4WT14 > 
-------- WWWW ------- G4Exception-START -------- WWWW -------
*** G4Exception : Transport-001-ExcessSteps
      issued by : G4Transportation::AlongStepDoIt
 Transportation is killing track that is looping or stuck. 
   Track is e+ and has 146.9 MeV energy  ( pre-Step = 146.9 ) 
   momentum = (27.5632,-143.91,16.1218) mag= 147.41
   position = (868.997,-4415.3,517.382) is in volume 'MagnetEnvelope',  its material is 'G4_Galactic' with density = 1e-25 g/cm^3 
 Total number of Steps by this track: 2
 Length of this step = 24145.4 mm 
 Number of propagation trials = 1 ( vs maximum = 10 for 'important' particles ) 
   ( Number of *calls* of Transport/AlongStepDoIt = 192294 )
 =============== Recommendations / advice ====================
 Recommendations to address this issue (Transport-001-ExcessSteps)
 This warning is controlled by the SetThresholdWarningEnergy  method of G4Transportation.  
 Current value of 'warning' threshold= 100 MeV 
 - If 'unimportant' particles (with energy low enough not to matter in your   application, then increase its value. 
 - If particles of high-enough energy to be important are being  killed, you can 
   a) Increase the trial steps using the method  SetThresholdTrials().    Particles above the 'important' threshold 
  will be given this many 'chances'.  The default value was 10, and the current value is 10
   b) Increase the energy which you consider 'important' (above this they are killed only after extra trials), using the method SetThresholdImportantEnergy() 
      Note: this can incur a potentially high cost in extra simulation time  if more tracks require very large number of integration steps . 
   c) investigate alternative integration methods 
    e.g.  Helical methods for uniform or almost uniform fields or else higher order RK methods such as DormandPrince78 
 This information is provided 5 times. Current count: 3 / 5
 =============================================================

*** This is just a warning message. ***
-------- WWWW -------- G4Exception-END --------- WWWW -------

G4WT4 > 
-------- WWWW ------- G4Exception-START -------- WWWW -------
*** G4Exception : Transport-001-ExcessSteps
      issued by : G4Transportation::AlongStepDoIt
 Transportation is killing track that is looping or stuck. 
   Track is e+ and has 170.74 MeV energy  ( pre-Step = 170.74 ) 
   momentum = (-110.744,73.3774,108.066) mag= 171.251
   position = (-4279.2,1392.28,1933.79) is in volume 'MagnetEnvelope',  its material is 'G4_Galactic' with density = 1e-25 g/cm^3 
 Total number of Steps by this track: 3
 Length of this step = 34669.3 mm 
 Number of propagation trials = 1 ( vs maximum = 10 for 'important' particles ) 
   ( Number of *calls* of Transport/AlongStepDoIt = 504975 )
 =============== Recommendations / advice ====================
 Recommendations to address this issue (Transport-001-ExcessSteps)
 This warning is controlled by the SetThresholdWarningEnergy  method of G4Transportation.  
 Current value of 'warning' threshold= 100 MeV 
 - If 'unimportant' particles (with energy low enough not to matter in your   application, then increase its value. 
 - If particles of high-enough energy to be important are being  killed, you can 
   a) Increase the trial steps using the method  SetThresholdTrials().    Particles above the 'important' threshold 
  will be given this many 'chances'.  The default value was 10, and the current value is 10
   b) Increase the energy which you consider 'important' (above this they are killed only after extra trials), using the method SetThresholdImportantEnergy() 
      Note: this can incur a potentially high cost in extra simulation time  if more tracks require very large number of integration steps . 
   c) investigate alternative integration methods 
    e.g.  Helical methods for uniform or almost uniform fields or else higher order RK methods such as DormandPrince78 
 This information is provided 5 times. Current count: 4 / 5
 =============================================================

*** This is just a warning message. ***
-------- WWWW -------- G4Exception-END --------- WWWW -------

G4WT14 > 
-------- WWWW ------- G4Exception-START -------- WWWW -------
*** G4Exception : Transport-001-ExcessSteps
      issued by : G4Transportation::AlongStepDoIt
 Transportation is killing track that is looping or stuck. 
   Track is e- and has 110.463 MeV energy  ( pre-Step = 110.463 ) 
   momentum = (88.2537,-34.4921,57.7634) mag= 110.973
   position = (3676.88,-2594.34,375.009) is in volume 'MagnetEnvelope',  its material is 'G4_Galactic' with density = 1e-25 g/cm^3 
 Total number of Steps by this track: 4
 Length of this step = 24361.8 mm 
 Number of propagation trials = 1 ( vs maximum = 10 for 'important' particles ) 
   ( Number of *calls* of Transport/AlongStepDoIt = 804308 )
 =============== Recommendations / advice ====================
 Recommendations to address this issue (Transport-001-ExcessSteps)
 This warning is controlled by the SetThresholdWarningEnergy  method of G4Transportation.  
 Current value of 'warning' threshold= 100 MeV 
 - If 'unimportant' particles (with energy low enough not to matter in your   application, then increase its value. 
 - If particles of high-enough energy to be important are being  killed, you can 
   a) Increase the trial steps using the method  SetThresholdTrials().    Particles above the 'important' threshold 
  will be given this many 'chances'.  The default value was 10, and the current value is 10
   b) Increase the energy which you consider 'important' (above this they are killed only after extra trials), using the method SetThresholdImportantEnergy() 
      Note: this can incur a potentially high cost in extra simulation time  if more tracks require very large number of integration steps . 
   c) investigate alternative integration methods 
    e.g.  Helical methods for uniform or almost uniform fields or else higher order RK methods such as DormandPrince78 
 This information is provided 5 times. Current count: 5 / 5
 =============================================================

*** This is just a warning message. ***
-------- WWWW -------- G4Exception-END --------- WWWW -------

G4WT2 > 
-------- WWWW ------- G4Exception-START -------- WWWW -------
*** G4Exception : Transport-001-ExcessSteps
      issued by : G4Transportation::AlongStepDoIt
 Transportation is killing track that is looping or stuck. 
   Track is e- and has 150.711 MeV energy  ( pre-Step = 150.711 ) 
   momentum = (129.035,-76.8823,17.5209) mag= 151.221
   position = (3828.28,-2365.22,804.958) is in volume 'MagnetEnvelope',  its material is 'G4_Galactic' with density = 1e-25 g/cm^3 
 Total number of Steps by this track: 3
 Length of this step = 36552.6 mm 
 Number of propagation trials = 1 ( vs maximum = 10 for 'important' particles ) 
   ( Number of *calls* of Transport/AlongStepDoIt = 916782 )

*** This is just a warning message. ***
-------- WWWW -------- G4Exception-END --------- WWWW -------

G4WT9 > 
-------- WWWW ------- G4Exception-START -------- WWWW -------
*** G4Exception : Transport-001-ExcessSteps
      issued by : G4Transportation::AlongStepDoIt
 Transportation is killing track that is looping or stuck. 
   Track is e- and has 113.803 MeV energy  ( pre-Step = 113.803 ) 
   momentum = (-93.9398,61.1572,22.4191) mag= 114.313
   position = (-3792.95,2421.47,887.714) is in volume 'MagnetEnvelope',  its material is 'G4_Galactic' with density = 1e-25 g/cm^3 
 Total number of Steps by this track: 2
 Length of this step = 25612 mm 
 Number of propagation trials = 1 ( vs maximum = 10 for 'important' particles ) 
   ( Number of *calls* of Transport/AlongStepDoIt = 680977 )

*** This is just a warning message. ***
-------- WWWW -------- G4Exception-END --------- WWWW -------

G4WT7 > 
-------- WWWW ------- G4Exception-START -------- WWWW -------
*** G4Exception : Transport-001-ExcessSteps
      issued by : G4Transportation::AlongStepDoIt
 Transportation is killing track that is looping or stuck. 
   Track is e- and has 185.595 MeV energy  ( pre-Step = 185.595 ) 
   momentum = (-12.7299,-176.668,-57.1103) mag= 186.105
   position = (936.979,-4401.37,714.386) is in volume 'MagnetEnvelope',  its material is 'G4_Galactic' with density = 1e-25 g/cm^3 
 Total number of Steps by this track: 310
 Length of this step = 28977.6 mm 
 Number of propagation trials = 1 ( vs maximum = 10 for 'important' particles ) 
   ( Number of *calls* of Transport/AlongStepDoIt = 658645 )

*** This is just a warning message. ***
-------- WWWW -------- G4Exception-END --------- WWWW -------

G4WT7 > 
-------- WWWW ------- G4Exception-START -------- WWWW -------
*** G4Exception : Transport-001-ExcessSteps
      issued by : G4Transportation::AlongStepDoIt
 Transportation is killing track that is looping or stuck. 
   Track is e+ and has 112.164 MeV energy  ( pre-Step = 112.164 ) 
   momentum = (105.881,33.5564,18.9412) mag= 112.674
   position = (4228.11,1540.47,877.353) is in volume 'MagnetEnvelope',  its material is 'G4_Galactic' with density = 1e-25 g/cm^3 
 Total number of Steps by this track: 3
 Length of this step = 27359 mm 
 Number of propagation trials = 1 ( vs maximum = 10 for 'important' particles ) 
   ( Number of *calls* of Transport/AlongStepDoIt = 702323 )

*** This is just a warning message. ***
-------- WWWW -------- G4Exception-END --------- WWWW -------

G4WT1 > 
-------- WWWW ------- G4Exception-START -------- WWWW -------
*** G4Exception : Transport-001-ExcessSteps
      issued by : G4Transportation::AlongStepDoIt
 Transportation is killing track that is looping or stuck. 
   Track is e- and has 132.69 MeV energy  ( pre-Step = 132.69 ) 
   momentum = (120.73,-44.3071,34.691) mag= 133.2
   position = (4249.83,-1479.52,1042.96) is in volume 'MagnetEnvelope',  its material is 'G4_Galactic' with density = 1e-25 g/cm^3 
 Total number of Steps by this track: 6
 Length of this step = 29301.1 mm 
 Number of propagation trials = 1 ( vs maximum = 10 for 'important' particles ) 
   ( Number of *calls* of Transport/AlongStepDoIt = 1743221 )

*** This is just a warning message. ***
-------- WWWW -------- G4Exception-END --------- WWWW -------

G4WT14 > 
-------- WWWW ------- G4Exception-START -------- WWWW -------
*** G4Exception : Transport-001-ExcessSteps
      issued by : G4Transportation::AlongStepDoIt
 Transportation is killing track that is looping or stuck. 
   Track is e+ and has 101.879 MeV energy  ( pre-Step = 101.879 ) 
   momentum = (22.8334,97.3356,22.087) mag= 102.389
   position = (998.832,4387.75,1048.62) is in volume 'MagnetEnvelope',  its material is 'G4_Galactic' with density = 1e-25 g/cm^3 
 Total number of Steps by this track: 5
 Length of this step = 28432.8 mm 
 Number of propagation trials = 1 ( vs maximum = 10 for 'important' particles ) 
   ( Number of *calls* of Transport/AlongStepDoIt = 1939887 )

*** This is just a warning message. ***
-------- WWWW -------- G4Exception-END --------- WWWW -------

G4WT4 > 
-------- WWWW ------- G4Exception-START -------- WWWW -------
*** G4Exception : Transport-001-ExcessSteps
      issued by : G4Transportation::AlongStepDoIt
 Transportation is killing track that is looping or stuck. 
   Track is e+ and has 109.144 MeV energy  ( pre-Step = 109.144 ) 
   momentum = (-100.486,31.2537,30.8148) mag= 109.653
   position = (-4256.92,1458.99,1343.18) is in volume 'MagnetEnvelope',  its material is 'G4_Galactic' with density = 1e-25 g/cm^3 
 Total number of Steps by this track: 3
 Length of this step = 28313.8 mm 
 Number of propagation trials = 1 ( vs maximum = 10 for 'important' particles ) 
   ( Number of *calls* of Transport/AlongStepDoIt = 1894386 )

*** This is just a warning message. ***
-------- WWWW -------- G4Exception-END --------- WWWW -------

G4WT7 > 
-------- WWWW ------- G4Exception-START -------- WWWW -------
*** G4Exception : Transport-001-ExcessSteps
      issued by : G4Transportation::AlongStepDoIt
 Transportation is killing track that is looping or stuck. 
   Track is e- and has 133.999 MeV energy  ( pre-Step = 133.999 ) 
   momentum = (119.176,60.7486,14.1142) mag= 134.509
   position = (3919.1,2211.48,425.6) is in volume 'MagnetEnvelope',  its material is 'G4_Galactic' with density = 1e-25 g/cm^3 
 Total number of Steps by this track: 4
 Length of this step = 26089.2 mm 
 Number of propagation trials = 1 ( vs maximum = 10 for 'important' particles ) 
   ( Number of *calls* of Transport/AlongStepDoIt = 1439031 )

*** This is just a warning message. ***
-------- WWWW -------- G4Exception-END --------- WWWW -------

G4WT1 > 
-------- WWWW ------- G4Exception-START -------- WWWW -------
*** G4Exception : Transport-001-ExcessSteps
      issued by : G4Transportation::AlongStepDoIt
 Transportation is killing track that is looping or stuck. 
   Track is e- and has 123.036 MeV energy  ( pre-Step = 123.036 ) 
   momentum = (-89.2644,-84.8952,-9.39868) mag= 123.546
   position = (-3137.71,-3225.65,-402.367) is in volume 'MagnetEnvelope',  its material is 'G4_Galactic' with density = 1e-25 g/cm^3 
 Total number of Steps by this track: 5
 Length of this step = 23037.7 mm 
 Number of propagation trials = 1 ( vs maximum = 10 for 'important' particles ) 
   ( Number of *calls* of Transport/AlongStepDoIt = 1831021 )

*** This is just a warning message. ***
-------- WWWW -------- G4Exception-END --------- WWWW -------

G4WT5 > 
-------- WWWW ------- G4Exception-START -------- WWWW -------
*** G4Exception : Transport-001-ExcessSteps
      issued by : G4Transportation::AlongStepDoIt
 Transportation is killing track that is looping or stuck. 
   Track is e+ and has 210.596 MeV energy  ( pre-Step = 210.596 ) 
   momentum = (-50.092,-202.408,32.9796) mag= 211.106
   position = (-1021.96,-4382.42,764.187) is in volume 'MagnetEnvelope',  its material is 'G4_Galactic' with density = 1e-25 g/cm^3 
 Total number of Steps by this track: 5
 Length of this step = 29725.4 mm 
 Number of propagation trials = 1 ( vs maximum = 10 for 'important' particles ) 
   ( Number of *calls* of Transport/AlongStepDoIt = 1696509 )

*** This is just a warning message. ***
-------- WWWW -------- G4Exception-END --------- WWWW -------

G4WT6 > 
-------- WWWW ------- G4Exception-START -------- WWWW -------
*** G4Exception : Transport-001-ExcessSteps
      issued by : G4Transportation::AlongStepDoIt
 Transportation is killing track that is looping or stuck. 
   Track is e- and has 164.689 MeV energy  ( pre-Step = 164.689 ) 
   momentum = (-146.377,34.8525,-68.1896) mag= 165.199
   position = (-4378.21,1039.86,-1975.07) is in volume 'MagnetEnvelope',  its material is 'G4_Galactic' with density = 1e-25 g/cm^3 
 Total number of Steps by this track: 2
 Length of this step = 33021.8 mm 
 Number of propagation trials = 1 ( vs maximum = 10 for 'important' particles ) 
   ( Number of *calls* of Transport/AlongStepDoIt = 3322933 )

*** This is just a warning message. ***
-------- WWWW -------- G4Exception-END --------- WWWW -------

G4WT2 > 
-------- WWWW ------- G4Exception-START -------- WWWW -------
*** G4Exception : Transport-001-ExcessSteps
      issued by : G4Transportation::AlongStepDoIt
 Transportation is killing track that is looping or stuck. 
   Track is e+ and has 226.447 MeV energy  ( pre-Step = 226.447 ) 
   momentum = (-166.826,151.727,25.6485) mag= 226.957
   position = (-3402.23,2945.3,514.544) is in volume 'MagnetEnvelope',  its material is 'G4_Galactic' with density = 1e-25 g/cm^3 
 Total number of Steps by this track: 3
 Length of this step = 35297.6 mm 
 Number of propagation trials = 1 ( vs maximum = 10 for 'important' particles ) 
   ( Number of *calls* of Transport/AlongStepDoIt = 3347005 )

*** This is just a warning message. ***
-------- WWWW -------- G4Exception-END --------- WWWW -------

G4WT13 > 
-------- WWWW ------- G4Exception-START -------- WWWW -------
*** G4Exception : Transport-001-ExcessSteps
      issued by : G4Transportation::AlongStepDoIt
 Transportation is killing track that is looping or stuck. 
   Track is e+ and has 147.706 MeV energy  ( pre-Step = 147.706 ) 
   momentum = (90.0798,-64.2309,-98.6306) mag= 148.216
   position = (3319.01,-3038.78,442.195) is in volume 'MagnetEnvelope',  its material is 'G4_Galactic' with density = 1e-25 g/cm^3 
 Total number of Steps by this track: 2
 Length of this step = 24528.6 mm 
 Number of propagation trials = 1 ( vs maximum = 10 for 'important' particles ) 
   ( Number of *calls* of Transport/AlongStepDoIt = 3053897 )

*** This is just a warning message. ***
-------- WWWW -------- G4Exception-END --------- WWWW -------

G4WT14 > 
-------- WWWW ------- G4Exception-START -------- WWWW -------
*** G4Exception : Transport-001-ExcessSteps
      issued by : G4Transportation::AlongStepDoIt
 Transportation is killing track that is looping or stuck. 
   Track is e+ and has 130.111 MeV energy  ( pre-Step = 130.111 ) 
   momentum = (110.02,-52.9509,-46.4073) mag= 130.621
   position = (4035.58,-1990.99,-1674.82) is in volume 'MagnetEnvelope',  its material is 'G4_Galactic' with density = 1e-25 g/cm^3 
 Total number of Steps by this track: 5
 Length of this step = 27899.4 mm 
 Number of propagation trials = 1 ( vs maximum = 10 for 'important' particles ) 
   ( Number of *calls* of Transport/AlongStepDoIt = 3324918 )

*** This is just a warning message. ***
-------- WWWW -------- G4Exception-END --------- WWWW -------

G4WT9 > 
-------- WWWW ------- G4Exception-START -------- WWWW -------
*** G4Exception : Transport-001-ExcessSteps
      issued by : G4Transportation::AlongStepDoIt
 Transportation is killing track that is looping or stuck. 
   Track is e+ and has 159.219 MeV energy  ( pre-Step = 159.219 ) 
   momentum = (-118.112,98.8507,42.3289) mag= 159.73
   position = (-3951.99,2152.15,1129.89) is in volume 'MagnetEnvelope',  its material is 'G4_Galactic' with density = 1e-25 g/cm^3 
 Total number of Steps by this track: 4
 Length of this step = 34831.7 mm 
 Number of propagation trials = 1 ( vs maximum = 10 for 'important' particles ) 
   ( Number of *calls* of Transport/AlongStepDoIt = 3391068 )

*** This is just a warning message. ***
-------- WWWW -------- G4Exception-END --------- WWWW -------

G4WT9 > 
-------- WWWW ------- G4Exception-START -------- WWWW -------
*** G4Exception : Transport-001-ExcessSteps
      issued by : G4Transportation::AlongStepDoIt
 Transportation is killing track that is looping or stuck. 
   Track is e+ and has 146.37 MeV energy  ( pre-Step = 146.37 ) 
   momentum = (139.506,-42.9446,16.3605) mag= 146.88
   position = (4279.33,-1391.89,173.055) is in volume 'MagnetEnvelope',  its material is 'G4_Galactic' with density = 1e-25 g/cm^3 
 Total number of Steps by this track: 10
 Length of this step = 34843.2 mm 
 Number of propagation trials = 1 ( vs maximum = 10 for 'important' particles ) 
   ( Number of *calls* of Transport/AlongStepDoIt = 3497624 )

*** This is just a warning message. ***
-------- WWWW -------- G4Exception-END --------- WWWW -------

G4WT1 > 
-------- WWWW ------- G4Exception-START -------- WWWW -------
*** G4Exception : Transport-001-ExcessSteps
      issued by : G4Transportation::AlongStepDoIt
 Transportation is killing track that is looping or stuck. 
   Track is e- and has 118.494 MeV energy  ( pre-Step = 118.494 ) 
   momentum = (54.4724,-34.2886,-100.095) mag= 119.004
   position = (7676.86,-2308.15,-662.91) is in volume 'MagnetEnvelope',  its material is 'G4_Galactic' with density = 1e-25 g/cm^3 
 Total number of Steps by this track: 12
 Length of this step = 18791.4 mm 
 Number of propagation trials = 1 ( vs maximum = 10 for 'important' particles ) 
   ( Number of *calls* of Transport/AlongStepDoIt = 4035940 )

*** This is just a warning message. ***
-------- WWWW -------- G4Exception-END --------- WWWW -------

G4WT3 > 
-------- WWWW ------- G4Exception-START -------- WWWW -------
*** G4Exception : Transport-001-ExcessSteps
      issued by : G4Transportation::AlongStepDoIt
 Transportation is killing track that is looping or stuck. 
   Track is e- and has 203.087 MeV energy  ( pre-Step = 203.087 ) 
   momentum = (169.171,16.1032,112.133) mag= 203.597
   position = (3554.24,2759.95,329.025) is in volume 'MagnetEnvelope',  its material is 'G4_Galactic' with density = 1e-25 g/cm^3 
 Total number of Steps by this track: 267
 Length of this step = 35185.1 mm 
 Number of propagation trials = 1 ( vs maximum = 10 for 'important' particles ) 
   ( Number of *calls* of Transport/AlongStepDoIt = 3273803 )

*** This is just a warning message. ***
-------- WWWW -------- G4Exception-END --------- WWWW -------

G4WT10 > 
-------- WWWW ------- G4Exception-START -------- WWWW -------
*** G4Exception : Transport-001-ExcessSteps
      issued by : G4Transportation::AlongStepDoIt
 Transportation is killing track that is looping or stuck. 
   Track is e+ and has 158.783 MeV energy  ( pre-Step = 158.783 ) 
   momentum = (68.4528,-27.8735,141.109) mag= 159.294
   position = (4363.48,1100.03,909.669) is in volume 'MagnetEnvelope',  its material is 'G4_Galactic' with density = 1e-25 g/cm^3 
 Total number of Steps by this track: 252
 Length of this step = 29814.5 mm 
 Number of propagation trials = 1 ( vs maximum = 10 for 'important' particles ) 
   ( Number of *calls* of Transport/AlongStepDoIt = 3072890 )

*** This is just a warning message. ***
-------- WWWW -------- G4Exception-END --------- WWWW -------

G4WT8 > 
-------- WWWW ------- G4Exception-START -------- WWWW -------
*** G4Exception : Transport-001-ExcessSteps
      issued by : G4Transportation::AlongStepDoIt
 Transportation is killing track that is looping or stuck. 
   Track is e- and has 141.981 MeV energy  ( pre-Step = 141.981 ) 
   momentum = (95.9726,76.2103,72.6977) mag= 142.491
   position = (3497.35,2831.71,2595.89) is in volume 'MagnetEnvelope',  its material is 'G4_Galactic' with density = 1e-25 g/cm^3 
 Total number of Steps by this track: 4
 Length of this step = 35453.8 mm 
 Number of propagation trials = 1 ( vs maximum = 10 for 'important' particles ) 
   ( Number of *calls* of Transport/AlongStepDoIt = 3716002 )

*** This is just a warning message. ***
-------- WWWW -------- G4Exception-END --------- WWWW -------

G4WT14 > 
-------- WWWW ------- G4Exception-START -------- WWWW -------
*** G4Exception : Transport-001-ExcessSteps
      issued by : G4Transportation::AlongStepDoIt
 Transportation is killing track that is looping or stuck. 
   Track is e- and has 228.115 MeV energy  ( pre-Step = 228.115 ) 
   momentum = (-62.8532,-215.427,-43.7058) mag= 228.625
   position = (-1302.96,-4307.24,-711.896) is in volume 'MagnetEnvelope',  its material is 'G4_Galactic' with density = 1e-25 g/cm^3 
 Total number of Steps by this track: 3
 Length of this step = 37325 mm 
 Number of propagation trials = 1 ( vs maximum = 10 for 'important' particles ) 
   ( Number of *calls* of Transport/AlongStepDoIt = 4600787 )

*** This is just a warning message. ***
-------- WWWW -------- G4Exception-END --------- WWWW -------

G4WT10 > 
-------- WWWW ------- G4Exception-START -------- WWWW -------
*** G4Exception : Transport-001-ExcessSteps
      issued by : G4Transportation::AlongStepDoIt
 Transportation is killing track that is looping or stuck. 
   Track is e- and has 126.647 MeV energy  ( pre-Step = 126.647 ) 
   momentum = (98.8013,-50.987,61.7046) mag= 127.157
   position = (4293.03,-1349.04,2524.47) is in volume 'MagnetEnvelope',  its material is 'G4_Galactic' with density = 1e-25 g/cm^3 
 Total number of Steps by this track: 3
 Length of this step = 33101.5 mm 
 Number of propagation trials = 1 ( vs maximum = 10 for 'important' particles ) 
   ( Number of *calls* of Transport/AlongStepDoIt = 3664339 )

*** This is just a warning message. ***
-------- WWWW -------- G4Exception-END --------- WWWW -------

G4WT7 > 
-------- WWWW ------- G4Exception-START -------- WWWW -------
*** G4Exception : Transport-001-ExcessSteps
      issued by : G4Transportation::AlongStepDoIt
 Transportation is killing track that is looping or stuck. 
   Track is e- and has 154.584 MeV energy  ( pre-Step = 154.584 ) 
   momentum = (-56.2929,105.356,-98.9208) mag= 155.094
   position = (8916.25,-1445.7,-694.765) is in volume 'MagnetEnvelope',  its material is 'G4_Galactic' with density = 1e-25 g/cm^3 
 Total number of Steps by this track: 1
 Length of this step = 27403.9 mm 
 Number of propagation trials = 1 ( vs maximum = 10 for 'important' particles ) 
   ( Number of *calls* of Transport/AlongStepDoIt = 4126551 )

*** This is just a warning message. ***
-------- WWWW -------- G4Exception-END --------- WWWW -------

G4WT5 > 
-------- WWWW ------- G4Exception-START -------- WWWW -------
*** G4Exception : Transport-001-ExcessSteps
      issued by : G4Transportation::AlongStepDoIt
 Transportation is killing track that is looping or stuck. 
   Track is e- and has 102.889 MeV energy  ( pre-Step = 102.889 ) 
   momentum = (91.5201,48.0882,1.70465) mag= 103.399
   position = (4013.04,2036.05,-36.7206) is in volume 'MagnetEnvelope',  its material is 'G4_Galactic' with density = 1e-25 g/cm^3 
 Total number of Steps by this track: 6
 Length of this step = 25628.6 mm 
 Number of propagation trials = 1 ( vs maximum = 10 for 'important' particles ) 
   ( Number of *calls* of Transport/AlongStepDoIt = 3918921 )

*** This is just a warning message. ***
-------- WWWW -------- G4Exception-END --------- WWWW -------

G4WT9 > --> Event 2000 starts with initial seeds (99523842,59530667).
G4WT9 > 
-------- WWWW ------- G4Exception-START -------- WWWW -------
*** G4Exception : Transport-001-ExcessSteps
      issued by : G4Transportation::AlongStepDoIt
 Transportation is killing track that is looping or stuck. 
   Track is e+ and has 174.697 MeV energy  ( pre-Step = 174.697 ) 
   momentum = (142.81,41.6806,92.5504) mag= 175.207
   position = (4323.84,1246.74,2717.94) is in volume 'MagnetEnvelope',  its material is 'G4_Galactic' with density = 1e-25 g/cm^3 
 Total number of Steps by this track: 2
 Length of this step = 35019.2 mm 
 Number of propagation trials = 1 ( vs maximum = 10 for 'important' particles ) 
   ( Number of *calls* of Transport/AlongStepDoIt = 5132593 )

*** This is just a warning message. ***
-------- WWWW -------- G4Exception-END --------- WWWW -------

G4WT7 > 
-------- WWWW ------- G4Exception-START -------- WWWW -------
*** G4Exception : Transport-001-ExcessSteps
      issued by : G4Transportation::AlongStepDoIt
 Transportation is killing track that is looping or stuck. 
   Track is e- and has 214.119 MeV energy  ( pre-Step = 214.119 ) 
   momentum = (-120.629,-129.868,121.031) mag= 214.629
   position = (-3709.57,-2547.37,627.68) is in volume 'MagnetEnvelope',  its material is 'G4_Galactic' with density = 1e-25 g/cm^3 
 Total number of Steps by this track: 7
 Length of this step = 31841.1 mm 
 Number of propagation trials = 1 ( vs maximum = 10 for 'important' particles ) 
   ( Number of *calls* of Transport/AlongStepDoIt = 4839831 )

*** This is just a warning message. ***
-------- WWWW -------- G4Exception-END --------- WWWW -------

G4WT7 > 
-------- WWWW ------- G4Exception-START -------- WWWW -------
*** G4Exception : Transport-001-ExcessSteps
      issued by : G4Transportation::AlongStepDoIt
 Transportation is killing track that is looping or stuck. 
   Track is e+ and has 116.525 MeV energy  ( pre-Step = 116.525 ) 
   momentum = (-75.2966,-40.3842,79.9794) mag= 117.035
   position = (-3711.88,-2544,631.051) is in volume 'MagnetEnvelope',  its material is 'G4_Galactic' with density = 1e-25 g/cm^3 
 Total number of Steps by this track: 4
 Length of this step = 30151.4 mm 
 Number of propagation trials = 1 ( vs maximum = 10 for 'important' particles ) 
   ( Number of *calls* of Transport/AlongStepDoIt = 4841530 )

*** This is just a warning message. ***
-------- WWWW -------- G4Exception-END --------- WWWW -------

G4WT14 > 
-------- WWWW ------- G4Exception-START -------- WWWW -------
*** G4Exception : Transport-001-ExcessSteps
      issued by : G4Transportation::AlongStepDoIt
 Transportation is killing track that is looping or stuck. 
   Track is e+ and has 163.939 MeV energy  ( pre-Step = 163.939 ) 
   momentum = (150.677,-53.1117,-38.976) mag= 164.449
   position = (4259.32,-1451.95,-923.817) is in volume 'MagnetEnvelope',  its material is 'G4_Galactic' with density = 1e-25 g/cm^3 
 Total number of Steps by this track: 2
 Length of this step = 33479.5 mm 
 Number of propagation trials = 1 ( vs maximum = 10 for 'important' particles ) 
   ( Number of *calls* of Transport/AlongStepDoIt = 5570843 )

*** This is just a warning message. ***
-------- WWWW -------- G4Exception-END --------- WWWW -------

G4WT9 > 
-------- WWWW ------- G4Exception-START -------- WWWW -------
*** G4Exception : Transport-001-ExcessSteps
      issued by : G4Transportation::AlongStepDoIt
 Transportation is killing track that is looping or stuck. 
   Track is e+ and has 125.214 MeV energy  ( pre-Step = 125.214 ) 
   momentum = (-92.6188,84.711,-7.2343) mag= 125.724
   position = (-3340.64,3014.98,-263.964) is in volume 'MagnetEnvelope',  its material is 'G4_Galactic' with density = 1e-25 g/cm^3 
 Total number of Steps by this track: 5
 Length of this step = 24488 mm 
 Number of propagation trials = 1 ( vs maximum = 10 for 'important' particles ) 
   ( Number of *calls* of Transport/AlongStepDoIt = 6006519 )

*** This is just a warning message. ***
-------- WWWW -------- G4Exception-END --------- WWWW -------

G4WT2 > 
-------- WWWW ------- G4Exception-START -------- WWWW -------
*** G4Exception : Transport-001-ExcessSteps
      issued by : G4Transportation::AlongStepDoIt
 Transportation is killing track that is looping or stuck. 
   Track is e+ and has 132.137 MeV energy  ( pre-Step = 132.137 ) 
   momentum = (-15.0913,130.153,20.6852) mag= 132.647
   position = (-434.954,4478.93,1184.01) is in volume 'MagnetEnvelope',  its material is 'G4_Galactic' with density = 1e-25 g/cm^3 
 Total number of Steps by this track: 3
 Length of this step = 37372.7 mm 
 Number of propagation trials = 1 ( vs maximum = 10 for 'important' particles ) 
   ( Number of *calls* of Transport/AlongStepDoIt = 6251580 )

*** This is just a warning message. ***
-------- WWWW -------- G4Exception-END --------- WWWW -------

G4WT8 > 
-------- WWWW ------- G4Exception-START -------- WWWW -------
*** G4Exception : Transport-001-ExcessSteps
      issued by : G4Transportation::AlongStepDoIt
 Transportation is killing track that is looping or stuck. 
   Track is e- and has 159.292 MeV energy  ( pre-Step = 159.292 ) 
   momentum = (146.054,9.10219,64.2039) mag= 159.802
   position = (2772.61,-3544.38,353.375) is in volume 'MagnetEnvelope',  its material is 'G4_Galactic' with density = 1e-25 g/cm^3 
 Total number of Steps by this track: 66
 Length of this step = 24307.1 mm 
 Number of propagation trials = 1 ( vs maximum = 10 for 'important' particles ) 
   ( Number of *calls* of Transport/AlongStepDoIt = 5597291 )

*** This is just a warning message. ***
-------- WWWW -------- G4Exception-END --------- WWWW -------

G4WT6 > 
-------- WWWW ------- G4Exception-START -------- WWWW -------
*** G4Exception : Transport-001-ExcessSteps
      issued by : G4Transportation::AlongStepDoIt
 Transportation is killing track that is looping or stuck. 
   Track is e- and has 101.03 MeV energy  ( pre-Step = 101.03 ) 
   momentum = (71.1291,-70.3564,17.3472) mag= 101.54
   position = (3277.75,-3083.24,878.763) is in volume 'MagnetEnvelope',  its material is 'G4_Galactic' with density = 1e-25 g/cm^3 
 Total number of Steps by this track: 3
 Length of this step = 22143.2 mm 
 Number of propagation trials = 1 ( vs maximum = 10 for 'important' particles ) 
   ( Number of *calls* of Transport/AlongStepDoIt = 6531172 )

*** This is just a warning message. ***
-------- WWWW -------- G4Exception-END --------- WWWW -------

G4WT1 > 
-------- WWWW ------- G4Exception-START -------- WWWW -------
*** G4Exception : Transport-001-ExcessSteps
      issued by : G4Transportation::AlongStepDoIt
 Transportation is killing track that is looping or stuck. 
   Track is e- and has 147.689 MeV energy  ( pre-Step = 147.689 ) 
   momentum = (14.0506,147.208,9.76145) mag= 148.199
   position = (675.178,4449.06,11.1178) is in volume 'MagnetEnvelope',  its material is 'G4_Galactic' with density = 1e-25 g/cm^3 
 Total number of Steps by this track: 6
 Length of this step = 31526.5 mm 
 Number of propagation trials = 1 ( vs maximum = 10 for 'important' particles ) 
   ( Number of *calls* of Transport/AlongStepDoIt = 6650561 )

*** This is just a warning message. ***
-------- WWWW -------- G4Exception-END --------- WWWW -------

G4WT0 > 
-------- WWWW ------- G4Exception-START -------- WWWW -------
*** G4Exception : Transport-001-ExcessSteps
      issued by : G4Transportation::AlongStepDoIt
 Transportation is killing track that is looping or stuck. 
   Track is e+ and has 165.047 MeV energy  ( pre-Step = 165.047 ) 
   momentum = (-150.447,-63.5938,-27.0343) mag= 165.557
   position = (-4196.71,-1624.08,-577.783) is in volume 'MagnetEnvelope',  its material is 'G4_Galactic' with density = 1e-25 g/cm^3 
 Total number of Steps by this track: 4
 Length of this step = 32141.1 mm 
 Number of propagation trials = 1 ( vs maximum = 10 for 'important' particles ) 
   ( Number of *calls* of Transport/AlongStepDoIt = 7203050 )

*** This is just a warning message. ***
-------- WWWW -------- G4Exception-END --------- WWWW -------

G4WT11 > 
-------- WWWW ------- G4Exception-START -------- WWWW -------
*** G4Exception : Transport-001-ExcessSteps
      issued by : G4Transportation::AlongStepDoIt
 Transportation is killing track that is looping or stuck. 
   Track is e- and has 142.291 MeV energy  ( pre-Step = 142.291 ) 
   momentum = (125.65,67.3823,-7.99228) mag= 142.801
   position = (3969.51,2119.66,-159.188) is in volume 'MagnetEnvelope',  its material is 'G4_Galactic' with density = 1e-25 g/cm^3 
 Total number of Steps by this track: 4
 Length of this step = 33285.9 mm 
 Number of propagation trials = 1 ( vs maximum = 10 for 'important' particles ) 
   ( Number of *calls* of Transport/AlongStepDoIt = 5082292 )

*** This is just a warning message. ***
-------- WWWW -------- G4Exception-END --------- WWWW -------

G4WT0 > 
-------- WWWW ------- G4Exception-START -------- WWWW -------
*** G4Exception : Transport-001-ExcessSteps
      issued by : G4Transportation::AlongStepDoIt
 Transportation is killing track that is looping or stuck. 
   Track is e- and has 120.024 MeV energy  ( pre-Step = 120.024 ) 
   momentum = (-50.1281,-109.309,-8.19409) mag= 120.534
   position = (3907.71,5321.85,401.452) is in volume 'MagnetEnvelope',  its material is 'G4_Galactic' with density = 1e-25 g/cm^3 
 Total number of Steps by this track: 6
 Length of this step = 32111.2 mm 
 Number of propagation trials = 1 ( vs maximum = 10 for 'important' particles ) 
   ( Number of *calls* of Transport/AlongStepDoIt = 7753714 )

*** This is just a warning message. ***
-------- WWWW -------- G4Exception-END --------- WWWW -------

G4WT0 > 
-------- WWWW ------- G4Exception-START -------- WWWW -------
*** G4Exception : Transport-001-ExcessSteps
      issued by : G4Transportation::AlongStepDoIt
 Transportation is killing track that is looping or stuck. 
   Track is e- and has 107.855 MeV energy  ( pre-Step = 107.855 ) 
   momentum = (-43.766,-99.0964,-2.70282) mag= 108.364
   position = (-454.288,-4477.01,-113.175) is in volume 'MagnetEnvelope',  its material is 'G4_Galactic' with density = 1e-25 g/cm^3 
 Total number of Steps by this track: 4
 Length of this step = 36096 mm 
 Number of propagation trials = 1 ( vs maximum = 10 for 'important' particles ) 
   ( Number of *calls* of Transport/AlongStepDoIt = 7755926 )

*** This is just a warning message. ***
-------- WWWW -------- G4Exception-END --------- WWWW -------

G4WT10 > --> Event 2500 starts with initial seeds (36075759,19208639).
G4WT2 > 
-------- WWWW ------- G4Exception-START -------- WWWW -------
*** G4Exception : Transport-001-ExcessSteps
      issued by : G4Transportation::AlongStepDoIt
 Transportation is killing track that is looping or stuck. 
   Track is e+ and has 126.759 MeV energy  ( pre-Step = 126.759 ) 
   momentum = (65.0586,91.7999,-59.4775) mag= 127.269
   position = (3867.5,2300.52,1683.64) is in volume 'MagnetEnvelope',  its material is 'G4_Galactic' with density = 1e-25 g/cm^3 
 Total number of Steps by this track: 241
 Length of this step = 29970.2 mm 
 Number of propagation trials = 1 ( vs maximum = 10 for 'important' particles ) 
   ( Number of *calls* of Transport/AlongStepDoIt = 8532276 )

*** This is just a warning message. ***
-------- WWWW -------- G4Exception-END --------- WWWW -------

G4WT12 > --> Event 3000 starts with initial seeds (50275406,79613940).
G4WT14 > 
-------- WWWW ------- G4Exception-START -------- WWWW -------
*** G4Exception : Transport-001-ExcessSteps
      issued by : G4Transportation::AlongStepDoIt
 Transportation is killing track that is looping or stuck. 
   Track is e+ and has 118.894 MeV energy  ( pre-Step = 118.894 ) 
   momentum = (100.132,-39.2489,-51.8692) mag= 119.404
   position = (4245.06,-1493.15,-2401.96) is in volume 'MagnetEnvelope',  its material is 'G4_Galactic' with density = 1e-25 g/cm^3 
 Total number of Steps by this track: 3
 Length of this step = 31431.8 mm 
 Number of propagation trials = 1 ( vs maximum = 10 for 'important' particles ) 
   ( Number of *calls* of Transport/AlongStepDoIt = 7905263 )

*** This is just a warning message. ***
-------- WWWW -------- G4Exception-END --------- WWWW -------

G4WT5 > 
-------- WWWW ------- G4Exception-START -------- WWWW -------
*** G4Exception : Transport-001-ExcessSteps
      issued by : G4Transportation::AlongStepDoIt
 Transportation is killing track that is looping or stuck. 
   Track is e- and has 121.026 MeV energy  ( pre-Step = 121.026 ) 
   momentum = (-17.19,-96.5063,71.8477) mag= 121.536
   position = (-996.637,-4388.25,3550.07) is in volume 'MagnetEnvelope',  its material is 'G4_Galactic' with density = 1e-25 g/cm^3 
 Total number of Steps by this track: 2
 Length of this step = 34899.8 mm 
 Number of propagation trials = 1 ( vs maximum = 10 for 'important' particles ) 
   ( Number of *calls* of Transport/AlongStepDoIt = 7635856 )

*** This is just a warning message. ***
-------- WWWW -------- G4Exception-END --------- WWWW -------

G4WT11 > 
-------- WWWW ------- G4Exception-START -------- WWWW -------
*** G4Exception : Transport-001-ExcessSteps
      issued by : G4Transportation::AlongStepDoIt
 Transportation is killing track that is looping or stuck. 
   Track is e- and has 163.709 MeV energy  ( pre-Step = 163.709 ) 
   momentum = (112.688,-78.5925,-89.9581) mag= 164.219
   position = (381.835,-4483.77,668.905) is in volume 'MagnetEnvelope',  its material is 'G4_Galactic' with density = 1e-25 g/cm^3 
 Total number of Steps by this track: 40
 Length of this step = 29353.7 mm 
 Number of propagation trials = 1 ( vs maximum = 10 for 'important' particles ) 
   ( Number of *calls* of Transport/AlongStepDoIt = 7197582 )

*** This is just a warning message. ***
-------- WWWW -------- G4Exception-END --------- WWWW -------

G4WT13 > 
-------- WWWW ------- G4Exception-START -------- WWWW -------
*** G4Exception : Transport-001-ExcessSteps
      issued by : G4Transportation::AlongStepDoIt
 Transportation is killing track that is looping or stuck. 
   Track is e+ and has 117.059 MeV energy  ( pre-Step = 117.059 ) 
   momentum = (-83.381,-82.01,12.021) mag= 117.569
   position = (-3230.96,-3132.24,-4.44659) is in volume 'MagnetEnvelope',  its material is 'G4_Galactic' with density = 1e-25 g/cm^3 
 Total number of Steps by this track: 4
 Length of this step = 23464.2 mm 
 Number of propagation trials = 1 ( vs maximum = 10 for 'important' particles ) 
   ( Number of *calls* of Transport/AlongStepDoIt = 9626621 )

*** This is just a warning message. ***
-------- WWWW -------- G4Exception-END --------- WWWW -------

G4WT9 > 
-------- WWWW ------- G4Exception-START -------- WWWW -------
*** G4Exception : Transport-001-ExcessSteps
      issued by : G4Transportation::AlongStepDoIt
 Transportation is killing track that is looping or stuck. 
   Track is e+ and has 107.388 MeV energy  ( pre-Step = 107.388 ) 
   momentum = (43.3024,-97.6296,-15.342) mag= 107.898
   position = (510.753,-4470.92,-2118.14) is in volume 'MagnetEnvelope',  its material is 'G4_Galactic' with density = 1e-25 g/cm^3 
 Total number of Steps by this track: 4
 Length of this step = 35029.4 mm 
 Number of propagation trials = 1 ( vs maximum = 10 for 'important' particles ) 
   ( Number of *calls* of Transport/AlongStepDoIt = 8129505 )

*** This is just a warning message. ***
-------- WWWW -------- G4Exception-END --------- WWWW -------

G4WT13 > 
-------- WWWW ------- G4Exception-START -------- WWWW -------
*** G4Exception : Transport-001-ExcessSteps
      issued by : G4Transportation::AlongStepDoIt
 Transportation is killing track that is looping or stuck. 
   Track is e+ and has 129.983 MeV energy  ( pre-Step = 129.983 ) 
   momentum = (-106.363,-46.8077,59.3664) mag= 130.493
   position = (-2532.82,-3719.52,-1303.7) is in volume 'MagnetEnvelope',  its material is 'G4_Galactic' with density = 1e-25 g/cm^3 
 Total number of Steps by this track: 55
 Length of this step = 30296.1 mm 
 Number of propagation trials = 1 ( vs maximum = 10 for 'important' particles ) 
   ( Number of *calls* of Transport/AlongStepDoIt = 10011738 )

*** This is just a warning message. ***
-------- WWWW -------- G4Exception-END --------- WWWW -------

G4WT9 > 
-------- WWWW ------- G4Exception-START -------- WWWW -------
*** G4Exception : Transport-001-ExcessSteps
      issued by : G4Transportation::AlongStepDoIt
 Transportation is killing track that is looping or stuck. 
   Track is e- and has 126.867 MeV energy  ( pre-Step = 126.867 ) 
   momentum = (98.3144,64.9357,-48.4007) mag= 127.377
   position = (4229.57,1536.47,-1953.83) is in volume 'MagnetEnvelope',  its material is 'G4_Galactic' with density = 1e-25 g/cm^3 
 Total number of Steps by this track: 5
 Length of this step = 39149 mm 
 Number of propagation trials = 1 ( vs maximum = 10 for 'important' particles ) 
   ( Number of *calls* of Transport/AlongStepDoIt = 8410762 )

*** This is just a warning message. ***
-------- WWWW -------- G4Exception-END --------- WWWW -------

G4WT9 > 
-------- WWWW ------- G4Exception-START -------- WWWW -------
*** G4Exception : Transport-001-ExcessSteps
      issued by : G4Transportation::AlongStepDoIt
 Transportation is killing track that is looping or stuck. 
   Track is e- and has 194.039 MeV energy  ( pre-Step = 194.039 ) 
   momentum = (148.3,75.885,-100.489) mag= 194.549
   position = (4230.24,1534.63,-1956.59) is in volume 'MagnetEnvelope',  its material is 'G4_Galactic' with density = 1e-25 g/cm^3 
 Total number of Steps by this track: 2
 Length of this step = 34260.4 mm 
 Number of propagation trials = 1 ( vs maximum = 10 for 'important' particles ) 
   ( Number of *calls* of Transport/AlongStepDoIt = 8423750 )

*** This is just a warning message. ***
-------- WWWW -------- G4Exception-END --------- WWWW -------

G4WT2 > 
-------- WWWW ------- G4Exception-START -------- WWWW -------
*** G4Exception : Transport-001-ExcessSteps
      issued by : G4Transportation::AlongStepDoIt
 Transportation is killing track that is looping or stuck. 
   Track is e- and has 108.726 MeV energy  ( pre-Step = 108.726 ) 
   momentum = (-84.8674,61.6396,-30.5056) mag= 109.236
   position = (-3575.74,2732.04,-1337.12) is in volume 'MagnetEnvelope',  its material is 'G4_Galactic' with density = 1e-25 g/cm^3 
 Total number of Steps by this track: 4
 Length of this step = 23631.4 mm 
 Number of propagation trials = 1 ( vs maximum = 10 for 'important' particles ) 
   ( Number of *calls* of Transport/AlongStepDoIt = 10834094 )

*** This is just a warning message. ***
-------- WWWW -------- G4Exception-END --------- WWWW -------

G4WT15 > 
-------- WWWW ------- G4Exception-START -------- WWWW -------
*** G4Exception : Transport-001-ExcessSteps
      issued by : G4Transportation::AlongStepDoIt
 Transportation is killing track that is looping or stuck. 
   Track is e+ and has 111.785 MeV energy  ( pre-Step = 111.785 ) 
   momentum = (-97.3316,-50.3251,-24.5801) mag= 112.295
   position = (-3950.3,-2155.25,-1068.3) is in volume 'MagnetEnvelope',  its material is 'G4_Galactic' with density = 1e-25 g/cm^3 
 Total number of Steps by this track: 2
 Length of this step = 23644 mm 
 Number of propagation trials = 1 ( vs maximum = 10 for 'important' particles ) 
   ( Number of *calls* of Transport/AlongStepDoIt = 9849591 )

*** This is just a warning message. ***
-------- WWWW -------- G4Exception-END --------- WWWW -------

G4WT4 > 
-------- WWWW ------- G4Exception-START -------- WWWW -------
*** G4Exception : Transport-001-ExcessSteps
      issued by : G4Transportation::AlongStepDoIt
 Transportation is killing track that is looping or stuck. 
   Track is e+ and has 102.362 MeV energy  ( pre-Step = 102.362 ) 
   momentum = (85.3885,-1.28321,57.3557) mag= 102.871
   position = (4156.04,1725.5,1764.55) is in volume 'MagnetEnvelope',  its material is 'G4_Galactic' with density = 1e-25 g/cm^3 
 Total number of Steps by this track: 2
 Length of this step = 28731.7 mm 
 Number of propagation trials = 1 ( vs maximum = 10 for 'important' particles ) 
   ( Number of *calls* of Transport/AlongStepDoIt = 12395848 )

*** This is just a warning message. ***
-------- WWWW -------- G4Exception-END --------- WWWW -------

G4WT11 > 
-------- WWWW ------- G4Exception-START -------- WWWW -------
*** G4Exception : Transport-001-ExcessSteps
      issued by : G4Transportation::AlongStepDoIt
 Transportation is killing track that is looping or stuck. 
   Track is e+ and has 104.794 MeV energy  ( pre-Step = 104.794 ) 
   momentum = (-52.0368,-91.3558,-5.92821) mag= 105.304
   position = (4013.27,5321.85,1307.76) is in volume 'MagnetEnvelope',  its material is 'G4_Galactic' with density = 1e-25 g/cm^3 
 Total number of Steps by this track: 23
 Length of this step = 24935.1 mm 
 Number of propagation trials = 1 ( vs maximum = 10 for 'important' particles ) 
   ( Number of *calls* of Transport/AlongStepDoIt = 8339875 )

*** This is just a warning message. ***
-------- WWWW -------- G4Exception-END --------- WWWW -------

G4WT6 > 
-------- WWWW ------- G4Exception-START -------- WWWW -------
*** G4Exception : Transport-001-ExcessSteps
      issued by : G4Transportation::AlongStepDoIt
 Transportation is killing track that is looping or stuck. 
   Track is e- and has 107.072 MeV energy  ( pre-Step = 107.072 ) 
   momentum = (-94.166,-52.0215,0.667078) mag= 107.582
   position = (-3983.54,-2093.19,476.048) is in volume 'MagnetEnvelope',  its material is 'G4_Galactic' with density = 1e-25 g/cm^3 
 Total number of Steps by this track: 4
 Length of this step = 31228.7 mm 
 Number of propagation trials = 1 ( vs maximum = 10 for 'important' particles ) 
   ( Number of *calls* of Transport/AlongStepDoIt = 10704216 )

*** This is just a warning message. ***
-------- WWWW -------- G4Exception-END --------- WWWW -------

G4WT0 > --> Event 3500 starts with initial seeds (36899519,36186825).
G4WT3 > 
-------- WWWW ------- G4Exception-START -------- WWWW -------
*** G4Exception : Transport-001-ExcessSteps
      issued by : G4Transportation::AlongStepDoIt
 Transportation is killing track that is looping or stuck. 
   Track is e- and has 122.363 MeV energy  ( pre-Step = 122.363 ) 
   momentum = (-80.3942,-92.9135,1.26164) mag= 122.873
   position = (-3012.47,-3342.91,117.499) is in volume 'MagnetEnvelope',  its material is 'G4_Galactic' with density = 1e-25 g/cm^3 
 Total number of Steps by this track: 2
 Length of this step = 20669.4 mm 
 Number of propagation trials = 1 ( vs maximum = 10 for 'important' particles ) 
   ( Number of *calls* of Transport/AlongStepDoIt = 10004032 )

*** This is just a warning message. ***
-------- WWWW -------- G4Exception-END --------- WWWW -------

G4WT13 > 
-------- WWWW ------- G4Exception-START -------- WWWW -------
*** G4Exception : Transport-001-ExcessSteps
      issued by : G4Transportation::AlongStepDoIt
 Transportation is killing track that is looping or stuck. 
   Track is e- and has 149.823 MeV energy  ( pre-Step = 149.823 ) 
   momentum = (93.0165,-117.328,-13.4937) mag= 150.333
   position = (-3968.97,5321.85,1336.64) is in volume 'MagnetEnvelope',  its material is 'G4_Galactic' with density = 1e-25 g/cm^3 
 Total number of Steps by this track: 8
 Length of this step = 32398.9 mm 
 Number of propagation trials = 1 ( vs maximum = 10 for 'important' particles ) 
   ( Number of *calls* of Transport/AlongStepDoIt = 11801260 )

*** This is just a warning message. ***
-------- WWWW -------- G4Exception-END --------- WWWW -------

G4WT6 > 
-------- WWWW ------- G4Exception-START -------- WWWW -------
*** G4Exception : Transport-001-ExcessSteps
      issued by : G4Transportation::AlongStepDoIt
 Transportation is killing track that is looping or stuck. 
   Track is e- and has 158.279 MeV energy  ( pre-Step = 158.279 ) 
   momentum = (-142.184,-57.4813,41.1543) mag= 158.789
   position = (-4198.85,-1618.53,1098.68) is in volume 'MagnetEnvelope',  its material is 'G4_Galactic' with density = 1e-25 g/cm^3 
 Total number of Steps by this track: 3
 Length of this step = 31180.1 mm 
 Number of propagation trials = 1 ( vs maximum = 10 for 'important' particles ) 
   ( Number of *calls* of Transport/AlongStepDoIt = 11501548 )

*** This is just a warning message. ***
-------- WWWW -------- G4Exception-END --------- WWWW -------

G4WT0 > 
-------- WWWW ------- G4Exception-START -------- WWWW -------
*** G4Exception : Transport-001-ExcessSteps
      issued by : G4Transportation::AlongStepDoIt
 Transportation is killing track that is looping or stuck. 
   Track is e- and has 155.59 MeV energy  ( pre-Step = 155.59 ) 
   momentum = (-146.739,29.6214,44.2418) mag= 156.1
   position = (-4172.22,1686,323.551) is in volume 'MagnetEnvelope',  its material is 'G4_Galactic' with density = 1e-25 g/cm^3 
 Total number of Steps by this track: 195
 Length of this step = 36611.6 mm 
 Number of propagation trials = 1 ( vs maximum = 10 for 'important' particles ) 
   ( Number of *calls* of Transport/AlongStepDoIt = 11705342 )

*** This is just a warning message. ***
-------- WWWW -------- G4Exception-END --------- WWWW -------

G4WT10 > 
-------- WWWW ------- G4Exception-START -------- WWWW -------
*** G4Exception : Transport-001-ExcessSteps
      issued by : G4Transportation::AlongStepDoIt
 Transportation is killing track that is looping or stuck. 
   Track is e- and has 128.229 MeV energy  ( pre-Step = 128.229 ) 
   momentum = (96.8112,-38.1694,-75.7925) mag= 128.739
   position = (3880.75,-2278.1,579.823) is in volume 'MagnetEnvelope',  its material is 'G4_Galactic' with density = 1e-25 g/cm^3 
 Total number of Steps by this track: 134
 Length of this step = 28212.6 mm 
 Number of propagation trials = 1 ( vs maximum = 10 for 'important' particles ) 
   ( Number of *calls* of Transport/AlongStepDoIt = 10094328 )

*** This is just a warning message. ***
-------- WWWW -------- G4Exception-END --------- WWWW -------

G4WT8 > 
-------- WWWW ------- G4Exception-START -------- WWWW -------
*** G4Exception : Transport-001-ExcessSteps
      issued by : G4Transportation::AlongStepDoIt
 Transportation is killing track that is looping or stuck. 
   Track is e+ and has 119.745 MeV energy  ( pre-Step = 119.745 ) 
   momentum = (-52.6878,10.5435,107.583) mag= 120.255
   position = (528.412,4468.87,1353.03) is in volume 'MagnetEnvelope',  its material is 'G4_Galactic' with density = 1e-25 g/cm^3 
 Total number of Steps by this track: 12
 Length of this step = 33740 mm 
 Number of propagation trials = 1 ( vs maximum = 10 for 'important' particles ) 
   ( Number of *calls* of Transport/AlongStepDoIt = 10208572 )

*** This is just a warning message. ***
-------- WWWW -------- G4Exception-END --------- WWWW -------

G4WT6 > 
-------- WWWW ------- G4Exception-START -------- WWWW -------
*** G4Exception : Transport-001-ExcessSteps
      issued by : G4Transportation::AlongStepDoIt
 Transportation is killing track that is looping or stuck. 
   Track is e- and has 122.067 MeV energy  ( pre-Step = 122.067 ) 
   momentum = (95.9087,71.9073,-25.6119) mag= 122.577
   position = (3891.53,2259.65,-1525.36) is in volume 'MagnetEnvelope',  its material is 'G4_Galactic' with density = 1e-25 g/cm^3 
 Total number of Steps by this track: 3
 Length of this step = 26964.4 mm 
 Number of propagation trials = 1 ( vs maximum = 10 for 'important' particles ) 
   ( Number of *calls* of Transport/AlongStepDoIt = 11669001 )

*** This is just a warning message. ***
-------- WWWW -------- G4Exception-END --------- WWWW -------

G4WT1 > 
-------- WWWW ------- G4Exception-START -------- WWWW -------
*** G4Exception : Transport-001-ExcessSteps
      issued by : G4Transportation::AlongStepDoIt
 Transportation is killing track that is looping or stuck. 
   Track is e- and has 110.907 MeV energy  ( pre-Step = 110.907 ) 
   momentum = (-24.6314,105.579,-25.6918) mag= 111.417
   position = (942.553,4400.18,-1151.97) is in volume 'MagnetEnvelope',  its material is 'G4_Galactic' with density = 1e-25 g/cm^3 
 Total number of Steps by this track: 27
 Length of this step = 30989 mm 
 Number of propagation trials = 1 ( vs maximum = 10 for 'important' particles ) 
   ( Number of *calls* of Transport/AlongStepDoIt = 11080466 )

*** This is just a warning message. ***
-------- WWWW -------- G4Exception-END --------- WWWW -------

G4WT15 > 
-------- WWWW ------- G4Exception-START -------- WWWW -------
*** G4Exception : Transport-001-ExcessSteps
      issued by : G4Transportation::AlongStepDoIt
 Transportation is killing track that is looping or stuck. 
   Track is e+ and has 133.157 MeV energy  ( pre-Step = 133.157 ) 
   momentum = (110.76,59.9605,44.763) mag= 133.667
   position = (2669.48,3622.69,720.108) is in volume 'MagnetEnvelope',  its material is 'G4_Galactic' with density = 1e-25 g/cm^3 
 Total number of Steps by this track: 68
 Length of this step = 22829.1 mm 
 Number of propagation trials = 1 ( vs maximum = 10 for 'important' particles ) 
   ( Number of *calls* of Transport/AlongStepDoIt = 11117057 )

*** This is just a warning message. ***
-------- WWWW -------- G4Exception-END --------- WWWW -------

G4WT14 > 
-------- WWWW ------- G4Exception-START -------- WWWW -------
*** G4Exception : Transport-001-ExcessSteps
      issued by : G4Transportation::AlongStepDoIt
 Transportation is killing track that is looping or stuck. 
   Track is e+ and has 123.789 MeV energy  ( pre-Step = 123.789 ) 
   momentum = (-110.695,-46.2477,32.5296) mag= 124.299
   position = (-4299.71,-1327.59,-1300.88) is in volume 'MagnetEnvelope',  its material is 'G4_Galactic' with density = 1e-25 g/cm^3 
 Total number of Steps by this track: 4
 Length of this step = 30295.7 mm 
 Number of propagation trials = 1 ( vs maximum = 10 for 'important' particles ) 
   ( Number of *calls* of Transport/AlongStepDoIt = 11394874 )

*** This is just a warning message. ***
-------- WWWW -------- G4Exception-END --------- WWWW -------

G4WT0 > 
-------- WWWW ------- G4Exception-START -------- WWWW -------
*** G4Exception : Transport-001-ExcessSteps
      issued by : G4Transportation::AlongStepDoIt
 Transportation is killing track that is looping or stuck. 
   Track is e- and has 136.769 MeV energy  ( pre-Step = 136.769 ) 
   momentum = (136.869,7.06561,7.90336) mag= 137.279
   position = (4252.84,1470.84,-3815.58) is in volume 'MagnetEnvelope',  its material is 'G4_Galactic' with density = 1e-25 g/cm^3 
 Total number of Steps by this track: 39
 Length of this step = 34191 mm 
 Number of propagation trials = 1 ( vs maximum = 10 for 'important' particles ) 
   ( Number of *calls* of Transport/AlongStepDoIt = 12020270 )

*** This is just a warning message. ***
-------- WWWW -------- G4Exception-END --------- WWWW -------

G4WT8 > 
-------- WWWW ------- G4Exception-START -------- WWWW -------
*** G4Exception : Transport-001-ExcessSteps
      issued by : G4Transportation::AlongStepDoIt
 Transportation is killing track that is looping or stuck. 
   Track is e- and has 123.094 MeV energy  ( pre-Step = 123.094 ) 
   momentum = (-8.54425,-43.4667,115.393) mag= 123.604
   position = (-1843.58,-4105.02,3850.7) is in volume 'MagnetEnvelope',  its material is 'G4_Galactic' with density = 1e-25 g/cm^3 
 Total number of Steps by this track: 5
 Length of this step = 40076.9 mm 
 Number of propagation trials = 1 ( vs maximum = 10 for 'important' particles ) 
   ( Number of *calls* of Transport/AlongStepDoIt = 10478020 )

*** This is just a warning message. ***
-------- WWWW -------- G4Exception-END --------- WWWW -------

G4WT8 > 
-------- WWWW ------- G4Exception-START -------- WWWW -------
*** G4Exception : Transport-001-ExcessSteps
      issued by : G4Transportation::AlongStepDoIt
 Transportation is killing track that is looping or stuck. 
   Track is e- and has 122.229 MeV energy  ( pre-Step = 122.229 ) 
   momentum = (-21.2716,-100.847,66.6499) mag= 122.739
   position = (-1012.02,-4384.73,3242.14) is in volume 'MagnetEnvelope',  its material is 'G4_Galactic' with density = 1e-25 g/cm^3 
 Total number of Steps by this track: 4
 Length of this step = 35217.3 mm 
 Number of propagation trials = 1 ( vs maximum = 10 for 'important' particles ) 
   ( Number of *calls* of Transport/AlongStepDoIt = 10712363 )

*** This is just a warning message. ***
-------- WWWW -------- G4Exception-END --------- WWWW -------

G4WT5 > 
-------- WWWW ------- G4Exception-START -------- WWWW -------
*** G4Exception : Transport-001-ExcessSteps
      issued by : G4Transportation::AlongStepDoIt
 Transportation is killing track that is looping or stuck. 
   Track is e- and has 163.022 MeV energy  ( pre-Step = 163.022 ) 
   momentum = (6.28011,-70.8777,147.24) mag= 163.532
   position = (258.818,-4492.55,-860.468) is in volume 'MagnetEnvelope',  its material is 'G4_Galactic' with density = 1e-25 g/cm^3 
 Total number of Steps by this track: 6
 Length of this step = 33426.3 mm 
 Number of propagation trials = 1 ( vs maximum = 10 for 'important' particles ) 
   ( Number of *calls* of Transport/AlongStepDoIt = 10474267 )

*** This is just a warning message. ***
-------- WWWW -------- G4Exception-END --------- WWWW -------

G4WT6 > 
-------- WWWW ------- G4Exception-START -------- WWWW -------
*** G4Exception : Transport-001-ExcessSteps
      issued by : G4Transportation::AlongStepDoIt
 Transportation is killing track that is looping or stuck. 
   Track is e+ and has 192.408 MeV energy  ( pre-Step = 192.408 ) 
   momentum = (184.63,48.2483,-28.3091) mag= 192.918
   position = (3681.26,-2588.11,1344.86) is in volume 'MagnetEnvelope',  its material is 'G4_Galactic' with density = 1e-25 g/cm^3 
 Total number of Steps by this track: 2
 Length of this step = 39405.2 mm 
 Number of propagation trials = 1 ( vs maximum = 10 for 'important' particles ) 
   ( Number of *calls* of Transport/AlongStepDoIt = 12462968 )

*** This is just a warning message. ***
-------- WWWW -------- G4Exception-END --------- WWWW -------

G4WT6 > 
-------- WWWW ------- G4Exception-START -------- WWWW -------
*** G4Exception : Transport-001-ExcessSteps
      issued by : G4Transportation::AlongStepDoIt
 Transportation is killing track that is looping or stuck. 
   Track is e- and has 102.164 MeV energy  ( pre-Step = 102.164 ) 
   momentum = (88.3639,-44.0509,28.1629) mag= 102.673
   position = (4044.09,-1973.66,1535.09) is in volume 'MagnetEnvelope',  its material is 'G4_Galactic' with density = 1e-25 g/cm^3 
 Total number of Steps by this track: 5
 Length of this step = 24600.8 mm 
 Number of propagation trials = 1 ( vs maximum = 10 for 'important' particles ) 
   ( Number of *calls* of Transport/AlongStepDoIt = 12482479 )

*** This is just a warning message. ***
-------- WWWW -------- G4Exception-END --------- WWWW -------

G4WT14 > 
-------- WWWW ------- G4Exception-START -------- WWWW -------
*** G4Exception : Transport-001-ExcessSteps
      issued by : G4Transportation::AlongStepDoIt
 Transportation is killing track that is looping or stuck. 
   Track is e+ and has 101.407 MeV energy  ( pre-Step = 101.407 ) 
   momentum = (72.343,71.5281,-6.10383) mag= 101.917
   position = (3295.35,3064.42,-370.505) is in volume 'MagnetEnvelope',  its material is 'G4_Galactic' with density = 1e-25 g/cm^3 
 Total number of Steps by this track: 4
 Length of this step = 21376.9 mm 
 Number of propagation trials = 1 ( vs maximum = 10 for 'important' particles ) 
   ( Number of *calls* of Transport/AlongStepDoIt = 12595714 )

*** This is just a warning message. ***
-------- WWWW -------- G4Exception-END --------- WWWW -------

G4WT10 > --> Event 4000 starts with initial seeds (56961481,52944321).
G4WT9 > 
-------- WWWW ------- G4Exception-START -------- WWWW -------
*** G4Exception : Transport-001-ExcessSteps
      issued by : G4Transportation::AlongStepDoIt
 Transportation is killing track that is looping or stuck. 
   Track is e- and has 113.081 MeV energy  ( pre-Step = 113.081 ) 
   momentum = (103.302,40.9366,-23.5744) mag= 113.591
   position = (4225.82,1546.74,-716.911) is in volume 'MagnetEnvelope',  its material is 'G4_Galactic' with density = 1e-25 g/cm^3 
 Total number of Steps by this track: 3
 Length of this step = 36357 mm 
 Number of propagation trials = 1 ( vs maximum = 10 for 'important' particles ) 
   ( Number of *calls* of Transport/AlongStepDoIt = 12054823 )

*** This is just a warning message. ***
-------- WWWW -------- G4Exception-END --------- WWWW -------

G4WT11 > 
-------- WWWW ------- G4Exception-START -------- WWWW -------
*** G4Exception : Transport-001-ExcessSteps
      issued by : G4Transportation::AlongStepDoIt
 Transportation is killing track that is looping or stuck. 
   Track is e+ and has 140.993 MeV energy  ( pre-Step = 140.993 ) 
   momentum = (53.2063,-113.255,66.072) mag= 141.503
   position = (3746.58,-2492.62,1388.94) is in volume 'MagnetEnvelope',  its material is 'G4_Galactic' with density = 1e-25 g/cm^3 
 Total number of Steps by this track: 2
 Length of this step = 31629.1 mm 
 Number of propagation trials = 1 ( vs maximum = 10 for 'important' particles ) 
   ( Number of *calls* of Transport/AlongStepDoIt = 10446764 )

*** This is just a warning message. ***
-------- WWWW -------- G4Exception-END --------- WWWW -------

G4WT7 > 
-------- WWWW ------- G4Exception-START -------- WWWW -------
*** G4Exception : Transport-001-ExcessSteps
      issued by : G4Transportation::AlongStepDoIt
 Transportation is killing track that is looping or stuck. 
   Track is e+ and has 144.063 MeV energy  ( pre-Step = 144.063 ) 
   momentum = (-103.38,-92.5307,-40.6432) mag= 144.573
   position = (-3288.37,-3071.91,-1184.32) is in volume 'MagnetEnvelope',  its material is 'G4_Galactic' with density = 1e-25 g/cm^3 
 Total number of Steps by this track: 2
 Length of this step = 22690.6 mm 
 Number of propagation trials = 1 ( vs maximum = 10 for 'important' particles ) 
   ( Number of *calls* of Transport/AlongStepDoIt = 11405225 )

*** This is just a warning message. ***
-------- WWWW -------- G4Exception-END --------- WWWW -------

G4WT7 > 
-------- WWWW ------- G4Exception-START -------- WWWW -------
*** G4Exception : Transport-001-ExcessSteps
      issued by : G4Transportation::AlongStepDoIt
 Transportation is killing track that is looping or stuck. 
   Track is e- and has 217.426 MeV energy  ( pre-Step = 217.426 ) 
   momentum = (-75.8567,-203.134,21.8809) mag= 217.937
   position = (-1658.02,-4183.42,-1380.2) is in volume 'MagnetEnvelope',  its material is 'G4_Galactic' with density = 1e-25 g/cm^3 
 Total number of Steps by this track: 2
 Length of this step = 35678.8 mm 
 Number of propagation trials = 1 ( vs maximum = 10 for 'important' particles ) 
   ( Number of *calls* of Transport/AlongStepDoIt = 11412056 )

*** This is just a warning message. ***
-------- WWWW -------- G4Exception-END --------- WWWW -------

G4WT8 > 
-------- WWWW ------- G4Exception-START -------- WWWW -------
*** G4Exception : Transport-001-ExcessSteps
      issued by : G4Transportation::AlongStepDoIt
 Transportation is killing track that is looping or stuck. 
   Track is e- and has 145.634 MeV energy  ( pre-Step = 145.634 ) 
   momentum = (-97.0064,-109.306,0.524978) mag= 146.145
   position = (1908.47,7272.83,-589.703) is in volume 'MagnetEnvelope',  its material is 'G4_Galactic' with density = 1e-25 g/cm^3 
 Total number of Steps by this track: 1
 Length of this step = 24694.2 mm 
 Number of propagation trials = 1 ( vs maximum = 10 for 'important' particles ) 
   ( Number of *calls* of Transport/AlongStepDoIt = 11638887 )

*** This is just a warning message. ***
-------- WWWW -------- G4Exception-END --------- WWWW -------

G4WT1 > 
-------- WWWW ------- G4Exception-START -------- WWWW -------
*** G4Exception : Transport-001-ExcessSteps
      issued by : G4Transportation::AlongStepDoIt
 Transportation is killing track that is looping or stuck. 
   Track is e- and has 120.964 MeV energy  ( pre-Step = 120.964 ) 
   momentum = (-18.3565,-119.32,13.4818) mag= 121.474
   position = (-882.3,-4412.66,495.151) is in volume 'MagnetEnvelope',  its material is 'G4_Galactic' with density = 1e-25 g/cm^3 
 Total number of Steps by this track: 3
 Length of this step = 33558.4 mm 
 Number of propagation trials = 1 ( vs maximum = 10 for 'important' particles ) 
   ( Number of *calls* of Transport/AlongStepDoIt = 12648576 )

*** This is just a warning message. ***
-------- WWWW -------- G4Exception-END --------- WWWW -------

G4WT13 > 
-------- WWWW ------- G4Exception-START -------- WWWW -------
*** G4Exception : Transport-001-ExcessSteps
      issued by : G4Transportation::AlongStepDoIt
 Transportation is killing track that is looping or stuck. 
   Track is e- and has 115.682 MeV energy  ( pre-Step = 115.682 ) 
   momentum = (-8.73689,31.5223,-111.493) mag= 116.192
   position = (558.704,4465.18,1209.36) is in volume 'MagnetEnvelope',  its material is 'G4_Galactic' with density = 1e-25 g/cm^3 
 Total number of Steps by this track: 2
 Length of this step = 34085.3 mm 
 Number of propagation trials = 1 ( vs maximum = 10 for 'important' particles ) 
   ( Number of *calls* of Transport/AlongStepDoIt = 13817158 )

*** This is just a warning message. ***
-------- WWWW -------- G4Exception-END --------- WWWW -------

G4WT2 > 
-------- WWWW ------- G4Exception-START -------- WWWW -------
*** G4Exception : Transport-001-ExcessSteps
      issued by : G4Transportation::AlongStepDoIt
 Transportation is killing track that is looping or stuck. 
   Track is e- and has 100.22 MeV energy  ( pre-Step = 100.22 ) 
   momentum = (80.7612,-51.432,-31.2873) mag= 100.73
   position = (4305.42,-1308.94,-91.5523) is in volume 'MagnetEnvelope',  its material is 'G4_Galactic' with density = 1e-25 g/cm^3 
 Total number of Steps by this track: 2
 Length of this step = 28279 mm 
 Number of propagation trials = 1 ( vs maximum = 10 for 'important' particles ) 
   ( Number of *calls* of Transport/AlongStepDoIt = 14496379 )

*** This is just a warning message. ***
-------- WWWW -------- G4Exception-END --------- WWWW -------

G4WT14 > 
-------- WWWW ------- G4Exception-START -------- WWWW -------
*** G4Exception : Transport-001-ExcessSteps
      issued by : G4Transportation::AlongStepDoIt
 Transportation is killing track that is looping or stuck. 
   Track is e+ and has 238.123 MeV energy  ( pre-Step = 238.123 ) 
   momentum = (153.099,182.556,13.4273) mag= 238.634
   position = (2919.94,3424.03,254.501) is in volume 'MagnetEnvelope',  its material is 'G4_Galactic' with density = 1e-25 g/cm^3 
 Total number of Steps by this track: 5
 Length of this step = 30956.4 mm 
 Number of propagation trials = 1 ( vs maximum = 10 for 'important' particles ) 
   ( Number of *calls* of Transport/AlongStepDoIt = 13778802 )

*** This is just a warning message. ***
-------- WWWW -------- G4Exception-END --------- WWWW -------

G4WT11 > 
-------- WWWW ------- G4Exception-START -------- WWWW -------
*** G4Exception : Transport-001-ExcessSteps
      issued by : G4Transportation::AlongStepDoIt
 Transportation is killing track that is looping or stuck. 
   Track is e+ and has 146.498 MeV energy  ( pre-Step = 146.498 ) 
   momentum = (80.6404,100.433,-70.8644) mag= 147.008
   position = (4156.55,5326.29,-1552.49) is in volume 'MagnetEnvelope',  its material is 'G4_Galactic' with density = 1e-25 g/cm^3 
 Total number of Steps by this track: 3
 Length of this step = 32681.2 mm 
 Number of propagation trials = 1 ( vs maximum = 10 for 'important' particles ) 
   ( Number of *calls* of Transport/AlongStepDoIt = 11364723 )

*** This is just a warning message. ***
-------- WWWW -------- G4Exception-END --------- WWWW -------

G4WT14 > 
-------- WWWW ------- G4Exception-START -------- WWWW -------
*** G4Exception : Transport-001-ExcessSteps
      issued by : G4Transportation::AlongStepDoIt
 Transportation is killing track that is looping or stuck. 
   Track is e+ and has 153.075 MeV energy  ( pre-Step = 153.075 ) 
   momentum = (119.797,95.6552,-9.3334) mag= 153.585
   position = (3447.54,2892.14,-111.671) is in volume 'MagnetEnvelope',  its material is 'G4_Galactic' with density = 1e-25 g/cm^3 
 Total number of Steps by this track: 4
 Length of this step = 25175.1 mm 
 Number of propagation trials = 1 ( vs maximum = 10 for 'important' particles ) 
   ( Number of *calls* of Transport/AlongStepDoIt = 13988914 )

*** This is just a warning message. ***
-------- WWWW -------- G4Exception-END --------- WWWW -------

G4WT14 > 
-------- WWWW ------- G4Exception-START -------- WWWW -------
*** G4Exception : Transport-001-ExcessSteps
      issued by : G4Transportation::AlongStepDoIt
 Transportation is killing track that is looping or stuck. 
   Track is e+ and has 123.294 MeV energy  ( pre-Step = 123.294 ) 
   momentum = (-12.7682,-113.782,47.0955) mag= 123.804
   position = (-1186.66,-4340.72,-2002.04) is in volume 'MagnetEnvelope',  its material is 'G4_Galactic' with density = 1e-25 g/cm^3 
 Total number of Steps by this track: 77
 Length of this step = 23718.8 mm 
 Number of propagation trials = 1 ( vs maximum = 10 for 'important' particles ) 
   ( Number of *calls* of Transport/AlongStepDoIt = 14298021 )

*** This is just a warning message. ***
-------- WWWW -------- G4Exception-END --------- WWWW -------

G4WT11 > 
-------- WWWW ------- G4Exception-START -------- WWWW -------
*** G4Exception : Transport-001-ExcessSteps
      issued by : G4Transportation::AlongStepDoIt
 Transportation is killing track that is looping or stuck. 
   Track is e+ and has 128.594 MeV energy  ( pre-Step = 128.594 ) 
   momentum = (85.3377,-34.925,90.3637) mag= 129.104
   position = (6752.55,5321.85,2921.91) is in volume 'MagnetEnvelope',  its material is 'G4_Galactic' with density = 1e-25 g/cm^3 
 Total number of Steps by this track: 14
 Length of this step = 32228.4 mm 
 Number of propagation trials = 1 ( vs maximum = 10 for 'important' particles ) 
   ( Number of *calls* of Transport/AlongStepDoIt = 12077096 )

*** This is just a warning message. ***
-------- WWWW -------- G4Exception-END --------- WWWW -------

G4WT9 > 
-------- WWWW ------- G4Exception-START -------- WWWW -------
*** G4Exception : Transport-001-ExcessSteps
      issued by : G4Transportation::AlongStepDoIt
 Transportation is killing track that is looping or stuck. 
   Track is e- and has 110.809 MeV energy  ( pre-Step = 110.809 ) 
   momentum = (77.1332,-75.8335,26.2975) mag= 111.318
   position = (3267.22,-3094.4,1020.88) is in volume 'MagnetEnvelope',  its material is 'G4_Galactic' with density = 1e-25 g/cm^3 
 Total number of Steps by this track: 2
 Length of this step = 21614.9 mm 
 Number of propagation trials = 1 ( vs maximum = 10 for 'important' particles ) 
   ( Number of *calls* of Transport/AlongStepDoIt = 13889367 )

*** This is just a warning message. ***
-------- WWWW -------- G4Exception-END --------- WWWW -------

G4WT15 > 
-------- WWWW ------- G4Exception-START -------- WWWW -------
*** G4Exception : Transport-001-ExcessSteps
      issued by : G4Transportation::AlongStepDoIt
 Transportation is killing track that is looping or stuck. 
   Track is e- and has 100.571 MeV energy  ( pre-Step = 100.571 ) 
   momentum = (-60.826,19.9215,78.2349) mag= 101.081
   position = (-373.725,-3503.33,5000) is in volume 'MagnetEnvelope',  its material is 'G4_Galactic' with density = 1e-25 g/cm^3 
 Total number of Steps by this track: 25
 Length of this step = 31034.1 mm 
 Number of propagation trials = 1 ( vs maximum = 10 for 'important' particles ) 
   ( Number of *calls* of Transport/AlongStepDoIt = 13708488 )

*** This is just a warning message. ***
-------- WWWW -------- G4Exception-END --------- WWWW -------

G4WT5 > 
-------- WWWW ------- G4Exception-START -------- WWWW -------
*** G4Exception : Transport-001-ExcessSteps
      issued by : G4Transportation::AlongStepDoIt
 Transportation is killing track that is looping or stuck. 
   Track is e- and has 105.357 MeV energy  ( pre-Step = 105.357 ) 
   momentum = (-85.9596,33.2581,-52.0835) mag= 105.867
   position = (-4218.76,1565.92,-2777.08) is in volume 'MagnetEnvelope',  its material is 'G4_Galactic' with density = 1e-25 g/cm^3 
 Total number of Steps by this track: 2
 Length of this step = 26644.1 mm 
 Number of propagation trials = 1 ( vs maximum = 10 for 'important' particles ) 
   ( Number of *calls* of Transport/AlongStepDoIt = 12649691 )

*** This is just a warning message. ***
-------- WWWW -------- G4Exception-END --------- WWWW -------

G4WT7 > 
-------- WWWW ------- G4Exception-START -------- WWWW -------
*** G4Exception : Transport-001-ExcessSteps
      issued by : G4Transportation::AlongStepDoIt
 Transportation is killing track that is looping or stuck. 
   Track is e- and has 105.979 MeV energy  ( pre-Step = 105.979 ) 
   momentum = (89.7278,55.6353,13.9136) mag= 106.489
   position = (4262.48,1442.65,645.802) is in volume 'MagnetEnvelope',  its material is 'G4_Galactic' with density = 1e-25 g/cm^3 
 Total number of Steps by this track: 5
 Length of this step = 27412.1 mm 
 Number of propagation trials = 1 ( vs maximum = 10 for 'important' particles ) 
   ( Number of *calls* of Transport/AlongStepDoIt = 12700032 )

*** This is just a warning message. ***
-------- WWWW -------- G4Exception-END --------- WWWW -------

G4WT7 > 
-------- WWWW ------- G4Exception-START -------- WWWW -------
*** G4Exception : Transport-001-ExcessSteps
      issued by : G4Transportation::AlongStepDoIt
 Transportation is killing track that is looping or stuck. 
   Track is e+ and has 180.935 MeV energy  ( pre-Step = 180.935 ) 
   momentum = (-121.376,-125.866,-48.4557) mag= 181.445
   position = (-3100.49,-3261.44,-1030.84) is in volume 'MagnetEnvelope',  its material is 'G4_Galactic' with density = 1e-25 g/cm^3 
 Total number of Steps by this track: 2
 Length of this step = 28503.9 mm 
 Number of propagation trials = 1 ( vs maximum = 10 for 'important' particles ) 
   ( Number of *calls* of Transport/AlongStepDoIt = 13322816 )

*** This is just a warning message. ***
-------- WWWW -------- G4Exception-END --------- WWWW -------

G4WT7 > 
-------- WWWW ------- G4Exception-START -------- WWWW -------
*** G4Exception : Transport-001-ExcessSteps
      issued by : G4Transportation::AlongStepDoIt
 Transportation is killing track that is looping or stuck. 
   Track is e- and has 116.41 MeV energy  ( pre-Step = 116.41 ) 
   momentum = (86.9932,-9.8512,-77.4948) mag= 116.92
   position = (4269.8,1420.84,-1748.94) is in volume 'MagnetEnvelope',  its material is 'G4_Galactic' with density = 1e-25 g/cm^3 
 Total number of Steps by this track: 7
 Length of this step = 33264.8 mm 
 Number of propagation trials = 1 ( vs maximum = 10 for 'important' particles ) 
   ( Number of *calls* of Transport/AlongStepDoIt = 13449674 )

*** This is just a warning message. ***
-------- WWWW -------- G4Exception-END --------- WWWW -------

G4WT7 > --> Event 4500 starts with initial seeds (96035736,1335210).
G4WT4 > 
-------- WWWW ------- G4Exception-START -------- WWWW -------
*** G4Exception : Transport-001-ExcessSteps
      issued by : G4Transportation::AlongStepDoIt
 Transportation is killing track that is looping or stuck. 
   Track is e+ and has 137.868 MeV energy  ( pre-Step = 137.868 ) 
   momentum = (107.043,73.9548,-47.1276) mag= 138.378
   position = (3703.25,2556.55,-1494.31) is in volume 'MagnetEnvelope',  its material is 'G4_Galactic' with density = 1e-25 g/cm^3 
 Total number of Steps by this track: 2
 Length of this step = 36144.2 mm 
 Number of propagation trials = 1 ( vs maximum = 10 for 'important' particles ) 
   ( Number of *calls* of Transport/AlongStepDoIt = 17591165 )

*** This is just a warning message. ***
-------- WWWW -------- G4Exception-END --------- WWWW -------

G4WT10 > 
-------- WWWW ------- G4Exception-START -------- WWWW -------
*** G4Exception : Transport-001-ExcessSteps
      issued by : G4Transportation::AlongStepDoIt
 Transportation is killing track that is looping or stuck. 
   Track is e- and has 139.661 MeV energy  ( pre-Step = 139.661 ) 
   momentum = (128.197,12.3429,55.3274) mag= 140.171
   position = (3955.42,-2145.85,900.144) is in volume 'MagnetEnvelope',  its material is 'G4_Galactic' with density = 1e-25 g/cm^3 
 Total number of Steps by this track: 5
 Length of this step = 31784.8 mm 
 Number of propagation trials = 1 ( vs maximum = 10 for 'important' particles ) 
   ( Number of *calls* of Transport/AlongStepDoIt = 14158041 )

*** This is just a warning message. ***
-------- WWWW -------- G4Exception-END --------- WWWW -------

G4WT0 > 
-------- WWWW ------- G4Exception-START -------- WWWW -------
*** G4Exception : Transport-001-ExcessSteps
      issued by : G4Transportation::AlongStepDoIt
 Transportation is killing track that is looping or stuck. 
   Track is e+ and has 228.107 MeV energy  ( pre-Step = 228.107 ) 
   momentum = (-174.227,122.118,83.6534) mag= 228.617
   position = (-3653.73,2626.83,1640.87) is in volume 'MagnetEnvelope',  its material is 'G4_Galactic' with density = 1e-25 g/cm^3 
 Total number of Steps by this track: 2
 Length of this step = 38464.5 mm 
 Number of propagation trials = 1 ( vs maximum = 10 for 'important' particles ) 
   ( Number of *calls* of Transport/AlongStepDoIt = 16223533 )

*** This is just a warning message. ***
-------- WWWW -------- G4Exception-END --------- WWWW -------

G4WT2 > 
-------- WWWW ------- G4Exception-START -------- WWWW -------
*** G4Exception : Transport-001-ExcessSteps
      issued by : G4Transportation::AlongStepDoIt
 Transportation is killing track that is looping or stuck. 
   Track is e- and has 130.842 MeV energy  ( pre-Step = 130.842 ) 
   momentum = (-38.3852,51.9819,114.359) mag= 131.352
   position = (1584.56,-4464.22,-2700.26) is in volume 'MagnetEnvelope',  its material is 'G4_Galactic' with density = 1e-25 g/cm^3 
 Total number of Steps by this track: 1
 Length of this step = 34049.2 mm 
 Number of propagation trials = 1 ( vs maximum = 10 for 'important' particles ) 
   ( Number of *calls* of Transport/AlongStepDoIt = 16330163 )

*** This is just a warning message. ***
-------- WWWW -------- G4Exception-END --------- WWWW -------

G4WT0 > 
-------- WWWW ------- G4Exception-START -------- WWWW -------
*** G4Exception : Transport-001-ExcessSteps
      issued by : G4Transportation::AlongStepDoIt
 Transportation is killing track that is looping or stuck. 
   Track is e- and has 103.501 MeV energy  ( pre-Step = 103.501 ) 
   momentum = (-56.9502,-60.0861,-62.9652) mag= 104.011
   position = (-1117.72,-4358.98,4958.81) is in volume 'MagnetEnvelope',  its material is 'G4_Galactic' with density = 1e-25 g/cm^3 
 Total number of Steps by this track: 56
 Length of this step = 21776.2 mm 
 Number of propagation trials = 1 ( vs maximum = 10 for 'important' particles ) 
   ( Number of *calls* of Transport/AlongStepDoIt = 16558416 )

*** This is just a warning message. ***
-------- WWWW -------- G4Exception-END --------- WWWW -------

G4WT5 > 
-------- WWWW ------- G4Exception-START -------- WWWW -------
*** G4Exception : Transport-001-ExcessSteps
      issued by : G4Transportation::AlongStepDoIt
 Transportation is killing track that is looping or stuck. 
   Track is e+ and has 153.311 MeV energy  ( pre-Step = 153.311 ) 
   momentum = (40.9574,-144.89,31.4648) mag= 153.821
   position = (335,-7735.47,3771.55) is in volume 'MagnetEnvelope',  its material is 'G4_Galactic' with density = 1e-25 g/cm^3 
 Total number of Steps by this track: 20
 Length of this step = 29875.4 mm 
 Number of propagation trials = 1 ( vs maximum = 10 for 'important' particles ) 
   ( Number of *calls* of Transport/AlongStepDoIt = 14993508 )

*** This is just a warning message. ***
-------- WWWW -------- G4Exception-END --------- WWWW -------

G4WT6 > 
-------- WWWW ------- G4Exception-START -------- WWWW -------
*** G4Exception : Transport-001-ExcessSteps
      issued by : G4Transportation::AlongStepDoIt
 Transportation is killing track that is looping or stuck. 
   Track is e+ and has 101.219 MeV energy  ( pre-Step = 101.219 ) 
   momentum = (-88.318,-48.965,-12.292) mag= 101.729
   position = (-3928.26,-2195.16,-998.799) is in volume 'MagnetEnvelope',  its material is 'G4_Galactic' with density = 1e-25 g/cm^3 
 Total number of Steps by this track: 5
 Length of this step = 25361 mm 
 Number of propagation trials = 1 ( vs maximum = 10 for 'important' particles ) 
   ( Number of *calls* of Transport/AlongStepDoIt = 15701223 )

*** This is just a warning message. ***
-------- WWWW -------- G4Exception-END --------- WWWW -------

G4WT14 > 
-------- WWWW ------- G4Exception-START -------- WWWW -------
*** G4Exception : Transport-001-ExcessSteps
      issued by : G4Transportation::AlongStepDoIt
 Transportation is killing track that is looping or stuck. 
   Track is e- and has 132.731 MeV energy  ( pre-Step = 132.731 ) 
   momentum = (116.58,-50.2129,40.508) mag= 133.241
   position = (4235.74,-1519.37,1442.06) is in volume 'MagnetEnvelope',  its material is 'G4_Galactic' with density = 1e-25 g/cm^3 
 Total number of Steps by this track: 4
 Length of this step = 32455.9 mm 
 Number of propagation trials = 1 ( vs maximum = 10 for 'important' particles ) 
   ( Number of *calls* of Transport/AlongStepDoIt = 15539967 )

*** This is just a warning message. ***
-------- WWWW -------- G4Exception-END --------- WWWW -------

G4WT15 > 
-------- WWWW ------- G4Exception-START -------- WWWW -------
*** G4Exception : Transport-001-ExcessSteps
      issued by : G4Transportation::AlongStepDoIt
 Transportation is killing track that is looping or stuck. 
   Track is e- and has 149.646 MeV energy  ( pre-Step = 149.646 ) 
   momentum = (-2.5171,-141.058,51.4119) mag= 150.156
   position = (-262.689,-4492.33,2073.08) is in volume 'MagnetEnvelope',  its material is 'G4_Galactic' with density = 1e-25 g/cm^3 
 Total number of Steps by this track: 7
 Length of this step = 41007.6 mm 
 Number of propagation trials = 1 ( vs maximum = 10 for 'important' particles ) 
   ( Number of *calls* of Transport/AlongStepDoIt = 16037229 )

*** This is just a warning message. ***
-------- WWWW -------- G4Exception-END --------- WWWW -------

G4WT15 > 
-------- WWWW ------- G4Exception-START -------- WWWW -------
*** G4Exception : Transport-001-ExcessSteps
      issued by : G4Transportation::AlongStepDoIt
 Transportation is killing track that is looping or stuck. 
   Track is e- and has 168.15 MeV energy  ( pre-Step = 168.15 ) 
   momentum = (-122.671,-71.1526,91.2983) mag= 168.66
   position = (-3716.15,-2537.76,552.72) is in volume 'MagnetEnvelope',  its material is 'G4_Galactic' with density = 1e-25 g/cm^3 
 Total number of Steps by this track: 2
 Length of this step = 27908.5 mm 
 Number of propagation trials = 1 ( vs maximum = 10 for 'important' particles ) 
   ( Number of *calls* of Transport/AlongStepDoIt = 16088696 )

*** This is just a warning message. ***
-------- WWWW -------- G4Exception-END --------- WWWW -------

G4WT14 > 
-------- WWWW ------- G4Exception-START -------- WWWW -------
*** G4Exception : Transport-001-ExcessSteps
      issued by : G4Transportation::AlongStepDoIt
 Transportation is killing track that is looping or stuck. 
   Track is e- and has 125.198 MeV energy  ( pre-Step = 125.198 ) 
   momentum = (60.5406,-68.4606,86.3157) mag= 125.708
   position = (3369.64,-2982.54,-1147.33) is in volume 'MagnetEnvelope',  its material is 'G4_Galactic' with density = 1e-25 g/cm^3 
 Total number of Steps by this track: 64
 Length of this step = 21002.4 mm 
 Number of propagation trials = 1 ( vs maximum = 10 for 'important' particles ) 
   ( Number of *calls* of Transport/AlongStepDoIt = 15995809 )

*** This is just a warning message. ***
-------- WWWW -------- G4Exception-END --------- WWWW -------

G4WT14 > --> Event 5000 starts with initial seeds (37007673,19268885).
G4WT6 > 
-------- WWWW ------- G4Exception-START -------- WWWW -------
*** G4Exception : Transport-001-ExcessSteps
      issued by : G4Transportation::AlongStepDoIt
 Transportation is killing track that is looping or stuck. 
   Track is e+ and has 165.212 MeV energy  ( pre-Step = 165.212 ) 
   momentum = (-148.427,32.0738,66.368) mag= 165.723
   position = (-4094.84,-1866.1,365.72) is in volume 'MagnetEnvelope',  its material is 'G4_Galactic' with density = 1e-25 g/cm^3 
 Total number of Steps by this track: 182
 Length of this step = 36013.2 mm 
 Number of propagation trials = 1 ( vs maximum = 10 for 'important' particles ) 
   ( Number of *calls* of Transport/AlongStepDoIt = 16521045 )

*** This is just a warning message. ***
-------- WWWW -------- G4Exception-END --------- WWWW -------

G4WT3 > 
-------- WWWW ------- G4Exception-START -------- WWWW -------
*** G4Exception : Transport-001-ExcessSteps
      issued by : G4Transportation::AlongStepDoIt
 Transportation is killing track that is looping or stuck. 
   Track is e+ and has 111.985 MeV energy  ( pre-Step = 111.985 ) 
   momentum = (-40.0952,102.843,-21.6988) mag= 112.495
   position = (-1033.02,4379.83,1232.96) is in volume 'MagnetEnvelope',  its material is 'G4_Galactic' with density = 1e-25 g/cm^3 
 Total number of Steps by this track: 67
 Length of this step = 25243.7 mm 
 Number of propagation trials = 1 ( vs maximum = 10 for 'important' particles ) 
   ( Number of *calls* of Transport/AlongStepDoIt = 15625681 )

*** This is just a warning message. ***
-------- WWWW -------- G4Exception-END --------- WWWW -------

G4WT15 > 
-------- WWWW ------- G4Exception-START -------- WWWW -------
*** G4Exception : Transport-001-ExcessSteps
      issued by : G4Transportation::AlongStepDoIt
 Transportation is killing track that is looping or stuck. 
   Track is e+ and has 175.15 MeV energy  ( pre-Step = 175.15 ) 
   momentum = (130.91,-102.056,-57.4784) mag= 175.66
   position = (3404.03,-2943.23,-1624.7) is in volume 'MagnetEnvelope',  its material is 'G4_Galactic' with density = 1e-25 g/cm^3 
 Total number of Steps by this track: 2
 Length of this step = 27648.9 mm 
 Number of propagation trials = 1 ( vs maximum = 10 for 'important' particles ) 
   ( Number of *calls* of Transport/AlongStepDoIt = 17106008 )

*** This is just a warning message. ***
-------- WWWW -------- G4Exception-END --------- WWWW -------

G4WT2 > 
-------- WWWW ------- G4Exception-START -------- WWWW -------
*** G4Exception : Transport-001-ExcessSteps
      issued by : G4Transportation::AlongStepDoIt
 Transportation is killing track that is looping or stuck. 
   Track is e- and has 110.013 MeV energy  ( pre-Step = 110.013 ) 
   momentum = (106.523,-24.753,15.9788) mag= 110.523
   position = (4398.77,-949.095,749.768) is in volume 'MagnetEnvelope',  its material is 'G4_Galactic' with density = 1e-25 g/cm^3 
 Total number of Steps by this track: 3
 Length of this step = 36932.2 mm 
 Number of propagation trials = 1 ( vs maximum = 10 for 'important' particles ) 
   ( Number of *calls* of Transport/AlongStepDoIt = 17983238 )

*** This is just a warning message. ***
-------- WWWW -------- G4Exception-END --------- WWWW -------

G4WT10 > 
-------- WWWW ------- G4Exception-START -------- WWWW -------
*** G4Exception : Transport-001-ExcessSteps
      issued by : G4Transportation::AlongStepDoIt
 Transportation is killing track that is looping or stuck. 
   Track is e- and has 142.406 MeV energy  ( pre-Step = 142.406 ) 
   momentum = (-133.788,-49.8534,-6.36504) mag= 142.917
   position = (-4233.5,-1525.62,-258.325) is in volume 'MagnetEnvelope',  its material is 'G4_Galactic' with density = 1e-25 g/cm^3 
 Total number of Steps by this track: 4
 Length of this step = 29531.6 mm 
 Number of propagation trials = 1 ( vs maximum = 10 for 'important' particles ) 
   ( Number of *calls* of Transport/AlongStepDoIt = 16642455 )

*** This is just a warning message. ***
-------- WWWW -------- G4Exception-END --------- WWWW -------

G4WT6 > 
-------- WWWW ------- G4Exception-START -------- WWWW -------
*** G4Exception : Transport-001-ExcessSteps
      issued by : G4Transportation::AlongStepDoIt
 Transportation is killing track that is looping or stuck. 
   Track is e- and has 120.181 MeV energy  ( pre-Step = 120.181 ) 
   momentum = (30.2361,-115.411,18.2292) mag= 120.691
   position = (1444.86,-4261.73,838.873) is in volume 'MagnetEnvelope',  its material is 'G4_Galactic' with density = 1e-25 g/cm^3 
 Total number of Steps by this track: 2
 Length of this step = 32439.4 mm 
 Number of propagation trials = 1 ( vs maximum = 10 for 'important' particles ) 
   ( Number of *calls* of Transport/AlongStepDoIt = 17362217 )

*** This is just a warning message. ***
-------- WWWW -------- G4Exception-END --------- WWWW -------

G4WT9 > --> Event 5500 starts with initial seeds (27651226,31062645).
G4WT0 > 
-------- WWWW ------- G4Exception-START -------- WWWW -------
*** G4Exception : Transport-001-ExcessSteps
      issued by : G4Transportation::AlongStepDoIt
 Transportation is killing track that is looping or stuck. 
   Track is e+ and has 106.602 MeV energy  ( pre-Step = 106.602 ) 
   momentum = (-8.31357,-98.9538,-40.1494) mag= 107.112
   position = (-836.318,-4421.6,1711.34) is in volume 'MagnetEnvelope',  its material is 'G4_Galactic' with density = 1e-25 g/cm^3 
 Total number of Steps by this track: 39
 Length of this step = 22693.1 mm 
 Number of propagation trials = 1 ( vs maximum = 10 for 'important' particles ) 
   ( Number of *calls* of Transport/AlongStepDoIt = 18720086 )

*** This is just a warning message. ***
-------- WWWW -------- G4Exception-END --------- WWWW -------

G4WT7 > 
-------- WWWW ------- G4Exception-START -------- WWWW -------
*** G4Exception : Transport-001-ExcessSteps
      issued by : G4Transportation::AlongStepDoIt
 Transportation is killing track that is looping or stuck. 
   Track is e+ and has 126.998 MeV energy  ( pre-Step = 126.998 ) 
   momentum = (-118.411,11.7955,-45.8023) mag= 127.508
   position = (-4257.66,1456.82,156.93) is in volume 'MagnetEnvelope',  its material is 'G4_Galactic' with density = 1e-25 g/cm^3 
 Total number of Steps by this track: 107
 Length of this step = 34413.8 mm 
 Number of propagation trials = 1 ( vs maximum = 10 for 'important' particles ) 
   ( Number of *calls* of Transport/AlongStepDoIt = 15850191 )

*** This is just a warning message. ***
-------- WWWW -------- G4Exception-END --------- WWWW -------

G4WT7 > 
-------- WWWW ------- G4Exception-START -------- WWWW -------
*** G4Exception : Transport-001-ExcessSteps
      issued by : G4Transportation::AlongStepDoIt
 Transportation is killing track that is looping or stuck. 
   Track is e- and has 108.983 MeV energy  ( pre-Step = 108.983 ) 
   momentum = (-73.9282,-80.587,5.38867) mag= 109.493
   position = (-2997.7,-3356.15,247.624) is in volume 'MagnetEnvelope',  its material is 'G4_Galactic' with density = 1e-25 g/cm^3 
 Total number of Steps by this track: 3
 Length of this step = 21449.8 mm 
 Number of propagation trials = 1 ( vs maximum = 10 for 'important' particles ) 
   ( Number of *calls* of Transport/AlongStepDoIt = 16096122 )

*** This is just a warning message. ***
-------- WWWW -------- G4Exception-END --------- WWWW -------

G4WT15 > 
-------- WWWW ------- G4Exception-START -------- WWWW -------
*** G4Exception : Transport-001-ExcessSteps
      issued by : G4Transportation::AlongStepDoIt
 Transportation is killing track that is looping or stuck. 
   Track is e+ and has 142.264 MeV energy  ( pre-Step = 142.264 ) 
   momentum = (5.86,78.4039,119.176) mag= 142.774
   position = (127.053,3546.95,5000) is in volume 'MagnetEnvelope',  its material is 'G4_Galactic' with density = 1e-25 g/cm^3 
 Total number of Steps by this track: 6
 Length of this step = 38836.1 mm 
 Number of propagation trials = 1 ( vs maximum = 10 for 'important' particles ) 
   ( Number of *calls* of Transport/AlongStepDoIt = 18370116 )

*** This is just a warning message. ***
-------- WWWW -------- G4Exception-END --------- WWWW -------

G4WT1 > 
-------- WWWW ------- G4Exception-START -------- WWWW -------
*** G4Exception : Transport-001-ExcessSteps
      issued by : G4Transportation::AlongStepDoIt
 Transportation is killing track that is looping or stuck. 
   Track is e+ and has 100.518 MeV energy  ( pre-Step = 100.518 ) 
   momentum = (-93.6439,5.97161,-37.4401) mag= 101.028
   position = (-4307.11,1303.38,-141.117) is in volume 'MagnetEnvelope',  its material is 'G4_Galactic' with density = 1e-25 g/cm^3 
 Total number of Steps by this track: 158
 Length of this step = 29815.5 mm 
 Number of propagation trials = 1 ( vs maximum = 10 for 'important' particles ) 
   ( Number of *calls* of Transport/AlongStepDoIt = 18551345 )

*** This is just a warning message. ***
-------- WWWW -------- G4Exception-END --------- WWWW -------

G4WT3 > 
-------- WWWW ------- G4Exception-START -------- WWWW -------
*** G4Exception : Transport-001-ExcessSteps
      issued by : G4Transportation::AlongStepDoIt
 Transportation is killing track that is looping or stuck. 
   Track is e- and has 139.309 MeV energy  ( pre-Step = 139.309 ) 
   momentum = (125.958,-49.3918,-35.2745) mag= 139.819
   position = (4164.71,-1704.46,-1010.55) is in volume 'MagnetEnvelope',  its material is 'G4_Galactic' with density = 1e-25 g/cm^3 
 Total number of Steps by this track: 3
 Length of this step = 34588.5 mm 
 Number of propagation trials = 1 ( vs maximum = 10 for 'important' particles ) 
   ( Number of *calls* of Transport/AlongStepDoIt = 17135561 )

*** This is just a warning message. ***
-------- WWWW -------- G4Exception-END --------- WWWW -------

G4WT2 > 
-------- WWWW ------- G4Exception-START -------- WWWW -------
*** G4Exception : Transport-001-ExcessSteps
      issued by : G4Transportation::AlongStepDoIt
 Transportation is killing track that is looping or stuck. 
   Track is e- and has 113.646 MeV energy  ( pre-Step = 113.646 ) 
   momentum = (16.6927,-105.191,41.0824) mag= 114.156
   position = (634.208,-4455.08,1963.07) is in volume 'MagnetEnvelope',  its material is 'G4_Galactic' with density = 1e-25 g/cm^3 
 Total number of Steps by this track: 6
 Length of this step = 32004.7 mm 
 Number of propagation trials = 1 ( vs maximum = 10 for 'important' particles ) 
   ( Number of *calls* of Transport/AlongStepDoIt = 19202411 )

*** This is just a warning message. ***
-------- WWWW -------- G4Exception-END --------- WWWW -------

G4WT12 > 
-------- WWWW ------- G4Exception-START -------- WWWW -------
*** G4Exception : Transport-001-ExcessSteps
      issued by : G4Transportation::AlongStepDoIt
 Transportation is killing track that is looping or stuck. 
   Track is e+ and has 112.54 MeV energy  ( pre-Step = 112.54 ) 
   momentum = (108.044,-32.4702,7.25225) mag= 113.05
   position = (4349,-1155.93,148.786) is in volume 'MagnetEnvelope',  its material is 'G4_Galactic' with density = 1e-25 g/cm^3 
 Total number of Steps by this track: 4
 Length of this step = 35153.8 mm 
 Number of propagation trials = 1 ( vs maximum = 10 for 'important' particles ) 
   ( Number of *calls* of Transport/AlongStepDoIt = 16145584 )

*** This is just a warning message. ***
-------- WWWW -------- G4Exception-END --------- WWWW -------

G4WT10 > Loop-counter exceeded the threshold value at 391th line of /home/conda/feedstock_root/build_artifacts/bld/rattler-build_geant4_1788349596/work/src/source/processes/hadronic/models/particle_hp/src/G4ParticleHPInelasticCompFS.cc.
G4WT8 > 
-------- WWWW ------- G4Exception-START -------- WWWW -------
*** G4Exception : Transport-001-ExcessSteps
      issued by : G4Transportation::AlongStepDoIt
 Transportation is killing track that is looping or stuck. 
   Track is e- and has 183.285 MeV energy  ( pre-Step = 183.285 ) 
   momentum = (124.213,135.42,-3.63314) mag= 183.795
   position = (2961.24,3388.37,-668.947) is in volume 'MagnetEnvelope',  its material is 'G4_Galactic' with density = 1e-25 g/cm^3 
 Total number of Steps by this track: 4
 Length of this step = 26955.1 mm 
 Number of propagation trials = 1 ( vs maximum = 10 for 'important' particles ) 
   ( Number of *calls* of Transport/AlongStepDoIt = 17707180 )

*** This is just a warning message. ***
-------- WWWW -------- G4Exception-END --------- WWWW -------

G4WT12 > 
-------- WWWW ------- G4Exception-START -------- WWWW -------
*** G4Exception : Transport-001-ExcessSteps
      issued by : G4Transportation::AlongStepDoIt
 Transportation is killing track that is looping or stuck. 
   Track is e+ and has 125.578 MeV energy  ( pre-Step = 125.578 ) 
   momentum = (90.9893,83.3091,26.051) mag= 126.088
   position = (3366.31,2986.3,834.563) is in volume 'MagnetEnvelope',  its material is 'G4_Galactic' with density = 1e-25 g/cm^3 
 Total number of Steps by this track: 3
 Length of this step = 24714.3 mm 
 Number of propagation trials = 1 ( vs maximum = 10 for 'important' particles ) 
   ( Number of *calls* of Transport/AlongStepDoIt = 16774007 )

*** This is just a warning message. ***
-------- WWWW -------- G4Exception-END --------- WWWW -------

G4WT3 > 
-------- WWWW ------- G4Exception-START -------- WWWW -------
*** G4Exception : Transport-001-ExcessSteps
      issued by : G4Transportation::AlongStepDoIt
 Transportation is killing track that is looping or stuck. 
   Track is e+ and has 107.901 MeV energy  ( pre-Step = 107.901 ) 
   momentum = (98.9562,-42.2313,-13.3102) mag= 108.411
   position = (3351.77,-3002.61,-2159.81) is in volume 'MagnetEnvelope',  its material is 'G4_Galactic' with density = 1e-25 g/cm^3 
 Total number of Steps by this track: 2
 Length of this step = 23067 mm 
 Number of propagation trials = 1 ( vs maximum = 10 for 'important' particles ) 
   ( Number of *calls* of Transport/AlongStepDoIt = 17609804 )

*** This is just a warning message. ***
-------- WWWW -------- G4Exception-END --------- WWWW -------

G4WT1 > 
-------- WWWW ------- G4Exception-START -------- WWWW -------
*** G4Exception : Transport-001-ExcessSteps
      issued by : G4Transportation::AlongStepDoIt
 Transportation is killing track that is looping or stuck. 
   Track is e+ and has 135.522 MeV energy  ( pre-Step = 135.522 ) 
   momentum = (-119.177,21.4972,-61.9619) mag= 136.032
   position = (-3713.17,2542.12,-140.601) is in volume 'MagnetEnvelope',  its material is 'G4_Galactic' with density = 1e-25 g/cm^3 
 Total number of Steps by this track: 102
 Length of this step = 30078.4 mm 
 Number of propagation trials = 1 ( vs maximum = 10 for 'important' particles ) 
   ( Number of *calls* of Transport/AlongStepDoIt = 19757617 )

*** This is just a warning message. ***
-------- WWWW -------- G4Exception-END --------- WWWW -------

G4WT0 > 
-------- WWWW ------- G4Exception-START -------- WWWW -------
*** G4Exception : Transport-001-ExcessSteps
      issued by : G4Transportation::AlongStepDoIt
 Transportation is killing track that is looping or stuck. 
   Track is e+ and has 137.027 MeV energy  ( pre-Step = 137.027 ) 
   momentum = (-103.922,40.4839,80.4841) mag= 137.537
   position = (-4130.46,1785.86,-2607.77) is in volume 'MagnetEnvelope',  its material is 'G4_Galactic' with density = 1e-25 g/cm^3 
 Total number of Steps by this track: 3
 Length of this step = 28699.9 mm 
 Number of propagation trials = 1 ( vs maximum = 10 for 'important' particles ) 
   ( Number of *calls* of Transport/AlongStepDoIt = 20747287 )

*** This is just a warning message. ***
-------- WWWW -------- G4Exception-END --------- WWWW -------

G4WT1 > 
-------- WWWW ------- G4Exception-START -------- WWWW -------
*** G4Exception : Transport-001-ExcessSteps
      issued by : G4Transportation::AlongStepDoIt
 Transportation is killing track that is looping or stuck. 
   Track is e- and has 103.645 MeV energy  ( pre-Step = 103.645 ) 
   momentum = (98.0012,-11.3132,-33.4077) mag= 104.155
   position = (4333,-1214.55,-971.089) is in volume 'MagnetEnvelope',  its material is 'G4_Galactic' with density = 1e-25 g/cm^3 
 Total number of Steps by this track: 4
 Length of this step = 36599.8 mm 
 Number of propagation trials = 1 ( vs maximum = 10 for 'important' particles ) 
   ( Number of *calls* of Transport/AlongStepDoIt = 19911902 )

*** This is just a warning message. ***
-------- WWWW -------- G4Exception-END --------- WWWW -------

G4WT10 > 
-------- WWWW ------- G4Exception-START -------- WWWW -------
*** G4Exception : Transport-001-ExcessSteps
      issued by : G4Transportation::AlongStepDoIt
 Transportation is killing track that is looping or stuck. 
   Track is e- and has 103.947 MeV energy  ( pre-Step = 103.947 ) 
   momentum = (-19.6065,-102.084,10.278) mag= 104.457
   position = (-916.412,-4405.7,434.936) is in volume 'MagnetEnvelope',  its material is 'G4_Galactic' with density = 1e-25 g/cm^3 
 Total number of Steps by this track: 2
 Length of this step = 29485.6 mm 
 Number of propagation trials = 1 ( vs maximum = 10 for 'important' particles ) 
   ( Number of *calls* of Transport/AlongStepDoIt = 18978870 )

*** This is just a warning message. ***
-------- WWWW -------- G4Exception-END --------- WWWW -------

G4WT5 > 
-------- WWWW ------- G4Exception-START -------- WWWW -------
*** G4Exception : Transport-001-ExcessSteps
      issued by : G4Transportation::AlongStepDoIt
 Transportation is killing track that is looping or stuck. 
   Track is e+ and has 228.046 MeV energy  ( pre-Step = 228.046 ) 
   momentum = (120.853,-184.246,-60.7152) mag= 228.557
   position = (852.581,-4418.5,2962.86) is in volume 'MagnetEnvelope',  its material is 'G4_Galactic' with density = 1e-25 g/cm^3 
 Total number of Steps by this track: 3
 Length of this step = 40290.7 mm 
 Number of propagation trials = 1 ( vs maximum = 10 for 'important' particles ) 
   ( Number of *calls* of Transport/AlongStepDoIt = 19852311 )

*** This is just a warning message. ***
-------- WWWW -------- G4Exception-END --------- WWWW -------

G4WT0 > --> Event 6000 starts with initial seeds (75699511,9678268).
G4WT6 > 
-------- WWWW ------- G4Exception-START -------- WWWW -------
*** G4Exception : Transport-001-ExcessSteps
      issued by : G4Transportation::AlongStepDoIt
 Transportation is killing track that is looping or stuck. 
   Track is e- and has 119.581 MeV energy  ( pre-Step = 119.581 ) 
   momentum = (94.4319,-67.2628,31.308) mag= 120.091
   position = (3877.77,-2283.18,1520.62) is in volume 'MagnetEnvelope',  its material is 'G4_Galactic' with density = 1e-25 g/cm^3 
 Total number of Steps by this track: 6
 Length of this step = 25805.3 mm 
 Number of propagation trials = 1 ( vs maximum = 10 for 'important' particles ) 
   ( Number of *calls* of Transport/AlongStepDoIt = 20005328 )

*** This is just a warning message. ***
-------- WWWW -------- G4Exception-END --------- WWWW -------

G4WT8 > 
-------- WWWW ------- G4Exception-START -------- WWWW -------
*** G4Exception : Transport-001-ExcessSteps
      issued by : G4Transportation::AlongStepDoIt
 Transportation is killing track that is looping or stuck. 
   Track is e+ and has 105.821 MeV energy  ( pre-Step = 105.821 ) 
   momentum = (70.8002,30.6006,-73.1932) mag= 106.331
   position = (4184.3,1655.79,638.984) is in volume 'MagnetEnvelope',  its material is 'G4_Galactic' with density = 1e-25 g/cm^3 
 Total number of Steps by this track: 253
 Length of this step = 27130.4 mm 
 Number of propagation trials = 1 ( vs maximum = 10 for 'important' particles ) 
   ( Number of *calls* of Transport/AlongStepDoIt = 19071481 )

*** This is just a warning message. ***
-------- WWWW -------- G4Exception-END --------- WWWW -------

G4WT1 > 
-------- WWWW ------- G4Exception-START -------- WWWW -------
*** G4Exception : Transport-001-ExcessSteps
      issued by : G4Transportation::AlongStepDoIt
 Transportation is killing track that is looping or stuck. 
   Track is e- and has 236.777 MeV energy  ( pre-Step = 236.777 ) 
   momentum = (-83.6663,221.999,4.65869) mag= 237.287
   position = (-1799.2,4124.67,547.713) is in volume 'MagnetEnvelope',  its material is 'G4_Galactic' with density = 1e-25 g/cm^3 
 Total number of Steps by this track: 2
 Length of this step = 37093.2 mm 
 Number of propagation trials = 1 ( vs maximum = 10 for 'important' particles ) 
   ( Number of *calls* of Transport/AlongStepDoIt = 20611270 )

*** This is just a warning message. ***
-------- WWWW -------- G4Exception-END --------- WWWW -------

G4WT3 > 
-------- WWWW ------- G4Exception-START -------- WWWW -------
*** G4Exception : Transport-001-ExcessSteps
      issued by : G4Transportation::AlongStepDoIt
 Transportation is killing track that is looping or stuck. 
   Track is e- and has 133.7 MeV energy  ( pre-Step = 133.7 ) 
   momentum = (101.675,75.9181,-43.7161) mag= 134.21
   position = (3602.45,2696.72,-1671.87) is in volume 'MagnetEnvelope',  its material is 'G4_Galactic' with density = 1e-25 g/cm^3 
 Total number of Steps by this track: 2
 Length of this step = 23127.5 mm 
 Number of propagation trials = 1 ( vs maximum = 10 for 'important' particles ) 
   ( Number of *calls* of Transport/AlongStepDoIt = 18939394 )

*** This is just a warning message. ***
-------- WWWW -------- G4Exception-END --------- WWWW -------

G4WT2 > 
-------- WWWW ------- G4Exception-START -------- WWWW -------
*** G4Exception : Transport-001-ExcessSteps
      issued by : G4Transportation::AlongStepDoIt
 Transportation is killing track that is looping or stuck. 
   Track is e+ and has 160.553 MeV energy  ( pre-Step = 160.553 ) 
   momentum = (129.048,-51.1846,81.6572) mag= 161.063
   position = (1227.81,-4329.26,-2078.43) is in volume 'MagnetEnvelope',  its material is 'G4_Galactic' with density = 1e-25 g/cm^3 
 Total number of Steps by this track: 40
 Length of this step = 27991.5 mm 
 Number of propagation trials = 1 ( vs maximum = 10 for 'important' particles ) 
   ( Number of *calls* of Transport/AlongStepDoIt = 21299471 )

*** This is just a warning message. ***
-------- WWWW -------- G4Exception-END --------- WWWW -------

G4WT8 > 
-------- WWWW ------- G4Exception-START -------- WWWW -------
*** G4Exception : Transport-001-ExcessSteps
      issued by : G4Transportation::AlongStepDoIt
 Transportation is killing track that is looping or stuck. 
   Track is e+ and has 103.403 MeV energy  ( pre-Step = 103.403 ) 
   momentum = (7.81118,102.282,-16.589) mag= 103.912
   position = (589.255,4461.25,20.0561) is in volume 'MagnetEnvelope',  its material is 'G4_Galactic' with density = 1e-25 g/cm^3 
 Total number of Steps by this track: 78
 Length of this step = 26373.5 mm 
 Number of propagation trials = 1 ( vs maximum = 10 for 'important' particles ) 
   ( Number of *calls* of Transport/AlongStepDoIt = 19872210 )

*** This is just a warning message. ***
-------- WWWW -------- G4Exception-END --------- WWWW -------

G4WT8 > 
-------- WWWW ------- G4Exception-START -------- WWWW -------
*** G4Exception : Transport-001-ExcessSteps
      issued by : G4Transportation::AlongStepDoIt
 Transportation is killing track that is looping or stuck. 
   Track is e- and has 158.046 MeV energy  ( pre-Step = 158.046 ) 
   momentum = (13.5029,-124.949,96.672) mag= 158.556
   position = (787.162,-4430.62,1003.4) is in volume 'MagnetEnvelope',  its material is 'G4_Galactic' with density = 1e-25 g/cm^3 
 Total number of Steps by this track: 4
 Length of this step = 35506.5 mm 
 Number of propagation trials = 1 ( vs maximum = 10 for 'important' particles ) 
   ( Number of *calls* of Transport/AlongStepDoIt = 19879238 )

*** This is just a warning message. ***
-------- WWWW -------- G4Exception-END --------- WWWW -------

G4WT7 > 
-------- WWWW ------- G4Exception-START -------- WWWW -------
*** G4Exception : Transport-001-ExcessSteps
      issued by : G4Transportation::AlongStepDoIt
 Transportation is killing track that is looping or stuck. 
   Track is e- and has 125.27 MeV energy  ( pre-Step = 125.27 ) 
   momentum = (-110.83,58.8733,-8.43685) mag= 125.78
   position = (-4072.32,1914.73,-376.355) is in volume 'MagnetEnvelope',  its material is 'G4_Galactic' with density = 1e-25 g/cm^3 
 Total number of Steps by this track: 8
 Length of this step = 33050.5 mm 
 Number of propagation trials = 1 ( vs maximum = 10 for 'important' particles ) 
   ( Number of *calls* of Transport/AlongStepDoIt = 19557396 )

*** This is just a warning message. ***
-------- WWWW -------- G4Exception-END --------- WWWW -------

G4WT11 > 
-------- WWWW ------- G4Exception-START -------- WWWW -------
*** G4Exception : Transport-001-ExcessSteps
      issued by : G4Transportation::AlongStepDoIt
 Transportation is killing track that is looping or stuck. 
   Track is e+ and has 113.253 MeV energy  ( pre-Step = 113.253 ) 
   momentum = (89.4988,47.4162,-51.8041) mag= 113.763
   position = (6516.96,5991.85,3160.09) is in volume 'MagnetEnvelope',  its material is 'G4_Galactic' with density = 1e-25 g/cm^3 
 Total number of Steps by this track: 14
 Length of this step = 25485.2 mm 
 Number of propagation trials = 1 ( vs maximum = 10 for 'important' particles ) 
   ( Number of *calls* of Transport/AlongStepDoIt = 19929754 )

*** This is just a warning message. ***
-------- WWWW -------- G4Exception-END --------- WWWW -------

G4WT12 > --> Event 6500 starts with initial seeds (29375803,15676063).
G4WT11 > 
-------- WWWW ------- G4Exception-START -------- WWWW -------
*** G4Exception : Transport-001-ExcessSteps
      issued by : G4Transportation::AlongStepDoIt
 Transportation is killing track that is looping or stuck. 
   Track is e- and has 127.053 MeV energy  ( pre-Step = 127.053 ) 
   momentum = (-124.202,10.8883,-26.9755) mag= 127.563
   position = (-4373.03,1061.42,19.4211) is in volume 'MagnetEnvelope',  its material is 'G4_Galactic' with density = 1e-25 g/cm^3 
 Total number of Steps by this track: 3
 Length of this step = 30004.8 mm 
 Number of propagation trials = 1 ( vs maximum = 10 for 'important' particles ) 
   ( Number of *calls* of Transport/AlongStepDoIt = 20137707 )

*** This is just a warning message. ***
-------- WWWW -------- G4Exception-END --------- WWWW -------

G4WT12 > 
-------- WWWW ------- G4Exception-START -------- WWWW -------
*** G4Exception : Transport-001-ExcessSteps
      issued by : G4Transportation::AlongStepDoIt
 Transportation is killing track that is looping or stuck. 
   Track is e- and has 137.037 MeV energy  ( pre-Step = 137.037 ) 
   momentum = (122.693,35.9766,-50.7075) mag= 137.547
   position = (4337.84,1197.13,-1761.6) is in volume 'MagnetEnvelope',  its material is 'G4_Galactic' with density = 1e-25 g/cm^3 
 Total number of Steps by this track: 2
 Length of this step = 33392.1 mm 
 Number of propagation trials = 1 ( vs maximum = 10 for 'important' particles ) 
   ( Number of *calls* of Transport/AlongStepDoIt = 19481466 )

*** This is just a warning message. ***
-------- WWWW -------- G4Exception-END --------- WWWW -------

G4WT2 > 
-------- WWWW ------- G4Exception-START -------- WWWW -------
*** G4Exception : Transport-001-ExcessSteps
      issued by : G4Transportation::AlongStepDoIt
 Transportation is killing track that is looping or stuck. 
   Track is e- and has 153.895 MeV energy  ( pre-Step = 153.895 ) 
   momentum = (-8.63654,-137.632,69.4534) mag= 154.405
   position = (-269.701,-4491.91,2413.38) is in volume 'MagnetEnvelope',  its material is 'G4_Galactic' with density = 1e-25 g/cm^3 
 Total number of Steps by this track: 5
 Length of this step = 36558.2 mm 
 Number of propagation trials = 1 ( vs maximum = 10 for 'important' particles ) 
   ( Number of *calls* of Transport/AlongStepDoIt = 22898599 )

*** This is just a warning message. ***
-------- WWWW -------- G4Exception-END --------- WWWW -------

G4WT6 > 
-------- WWWW ------- G4Exception-START -------- WWWW -------
*** G4Exception : Transport-001-ExcessSteps
      issued by : G4Transportation::AlongStepDoIt
 Transportation is killing track that is looping or stuck. 
   Track is e- and has 148.276 MeV energy  ( pre-Step = 148.276 ) 
   momentum = (-131.366,-2.09466,-69.8268) mag= 148.786
   position = (-4166.86,-1699.19,206.991) is in volume 'MagnetEnvelope',  its material is 'G4_Galactic' with density = 1e-25 g/cm^3 
 Total number of Steps by this track: 31
 Length of this step = 36474.5 mm 
 Number of propagation trials = 1 ( vs maximum = 10 for 'important' particles ) 
   ( Number of *calls* of Transport/AlongStepDoIt = 22182318 )

*** This is just a warning message. ***
-------- WWWW -------- G4Exception-END --------- WWWW -------

G4WT14 > 
-------- WWWW ------- G4Exception-START -------- WWWW -------
*** G4Exception : Transport-001-ExcessSteps
      issued by : G4Transportation::AlongStepDoIt
 Transportation is killing track that is looping or stuck. 
   Track is e- and has 126.376 MeV energy  ( pre-Step = 126.376 ) 
   momentum = (-88.149,91.1168,5.2552) mag= 126.886
   position = (-3210.75,3152.94,289.887) is in volume 'MagnetEnvelope',  its material is 'G4_Galactic' with density = 1e-25 g/cm^3 
 Total number of Steps by this track: 3
 Length of this step = 23817.1 mm 
 Number of propagation trials = 1 ( vs maximum = 10 for 'important' particles ) 
   ( Number of *calls* of Transport/AlongStepDoIt = 21525652 )

*** This is just a warning message. ***
-------- WWWW -------- G4Exception-END --------- WWWW -------

G4WT7 > 
-------- WWWW ------- G4Exception-START -------- WWWW -------
*** G4Exception : Transport-001-ExcessSteps
      issued by : G4Transportation::AlongStepDoIt
 Transportation is killing track that is looping or stuck. 
   Track is e+ and has 134.608 MeV energy  ( pre-Step = 134.608 ) 
   momentum = (-53.7274,103.934,67.5855) mag= 135.118
   position = (-1919.17,4070.23,2828.28) is in volume 'MagnetEnvelope',  its material is 'G4_Galactic' with density = 1e-25 g/cm^3 
 Total number of Steps by this track: 7
 Length of this step = 39119.3 mm 
 Number of propagation trials = 1 ( vs maximum = 10 for 'important' particles ) 
   ( Number of *calls* of Transport/AlongStepDoIt = 20226507 )

*** This is just a warning message. ***
-------- WWWW -------- G4Exception-END --------- WWWW -------

G4WT6 > 
-------- WWWW ------- G4Exception-START -------- WWWW -------
*** G4Exception : Transport-001-ExcessSteps
      issued by : G4Transportation::AlongStepDoIt
 Transportation is killing track that is looping or stuck. 
   Track is e- and has 107.651 MeV energy  ( pre-Step = 107.651 ) 
   momentum = (-100.838,38.4039,7.45193) mag= 108.161
   position = (-6648.28,5991.85,-3024.53) is in volume 'MagnetEnvelope',  its material is 'G4_Galactic' with density = 1e-25 g/cm^3 
 Total number of Steps by this track: 3
 Length of this step = 30690.5 mm 
 Number of propagation trials = 1 ( vs maximum = 10 for 'important' particles ) 
   ( Number of *calls* of Transport/AlongStepDoIt = 22785604 )

*** This is just a warning message. ***
-------- WWWW -------- G4Exception-END --------- WWWW -------

G4WT7 > 
-------- WWWW ------- G4Exception-START -------- WWWW -------
*** G4Exception : Transport-001-ExcessSteps
      issued by : G4Transportation::AlongStepDoIt
 Transportation is killing track that is looping or stuck. 
   Track is e- and has 141.713 MeV energy  ( pre-Step = 141.713 ) 
   momentum = (2.97916,-116.926,80.9127) mag= 142.223
   position = (752.814,-4436.58,4658.22) is in volume 'MagnetEnvelope',  its material is 'G4_Galactic' with density = 1e-25 g/cm^3 
 Total number of Steps by this track: 2
 Length of this step = 39482.9 mm 
 Number of propagation trials = 1 ( vs maximum = 10 for 'important' particles ) 
   ( Number of *calls* of Transport/AlongStepDoIt = 21050186 )

*** This is just a warning message. ***
-------- WWWW -------- G4Exception-END --------- WWWW -------

G4WT8 > 
-------- WWWW ------- G4Exception-START -------- WWWW -------
*** G4Exception : Transport-001-ExcessSteps
      issued by : G4Transportation::AlongStepDoIt
 Transportation is killing track that is looping or stuck. 
   Track is e- and has 100.137 MeV energy  ( pre-Step = 100.137 ) 
   momentum = (19.389,-97.1171,17.948) mag= 100.647
   position = (807.42,-4426.97,724.651) is in volume 'MagnetEnvelope',  its material is 'G4_Galactic' with density = 1e-25 g/cm^3 
 Total number of Steps by this track: 4
 Length of this step = 27322.1 mm 
 Number of propagation trials = 1 ( vs maximum = 10 for 'important' particles ) 
   ( Number of *calls* of Transport/AlongStepDoIt = 22121556 )

*** This is just a warning message. ***
-------- WWWW -------- G4Exception-END --------- WWWW -------

G4WT8 > 
-------- WWWW ------- G4Exception-START -------- WWWW -------
*** G4Exception : Transport-001-ExcessSteps
      issued by : G4Transportation::AlongStepDoIt
 Transportation is killing track that is looping or stuck. 
   Track is e- and has 145.212 MeV energy  ( pre-Step = 145.212 ) 
   momentum = (81.483,109.552,-50.9292) mag= 145.722
   position = (1765.57,4139.17,-3596.66) is in volume 'MagnetEnvelope',  its material is 'G4_Galactic' with density = 1e-25 g/cm^3 
 Total number of Steps by this track: 2
 Length of this step = 36447.6 mm 
 Number of propagation trials = 1 ( vs maximum = 10 for 'important' particles ) 
   ( Number of *calls* of Transport/AlongStepDoIt = 22341691 )

*** This is just a warning message. ***
-------- WWWW -------- G4Exception-END --------- WWWW -------

G4WT8 > 
-------- WWWW ------- G4Exception-START -------- WWWW -------
*** G4Exception : Transport-001-ExcessSteps
      issued by : G4Transportation::AlongStepDoIt
 Transportation is killing track that is looping or stuck. 
   Track is e+ and has 218.28 MeV energy  ( pre-Step = 218.28 ) 
   momentum = (209.812,-56.0466,26.5897) mag= 218.79
   position = (2693.58,-3604.81,405.683) is in volume 'MagnetEnvelope',  its material is 'G4_Galactic' with density = 1e-25 g/cm^3 
 Total number of Steps by this track: 65
 Length of this step = 28739.3 mm 
 Number of propagation trials = 1 ( vs maximum = 10 for 'important' particles ) 
   ( Number of *calls* of Transport/AlongStepDoIt = 22702081 )

*** This is just a warning message. ***
-------- WWWW -------- G4Exception-END --------- WWWW -------

G4WT13 > --> Event 7000 starts with initial seeds (11321729,39909231).
G4WT1 > 
-------- WWWW ------- G4Exception-START -------- WWWW -------
*** G4Exception : Transport-001-ExcessSteps
      issued by : G4Transportation::AlongStepDoIt
 Transportation is killing track that is looping or stuck. 
   Track is e- and has 116.717 MeV energy  ( pre-Step = 116.717 ) 
   momentum = (98.7677,28.9344,-56.1239) mag= 117.227
   position = (4333.73,1211.92,-2259.66) is in volume 'MagnetEnvelope',  its material is 'G4_Galactic' with density = 1e-25 g/cm^3 
 Total number of Steps by this track: 6
 Length of this step = 25739.6 mm 
 Number of propagation trials = 1 ( vs maximum = 10 for 'important' particles ) 
   ( Number of *calls* of Transport/AlongStepDoIt = 24303254 )

*** This is just a warning message. ***
-------- WWWW -------- G4Exception-END --------- WWWW -------

G4WT15 > 
-------- WWWW ------- G4Exception-START -------- WWWW -------
*** G4Exception : Transport-001-ExcessSteps
      issued by : G4Transportation::AlongStepDoIt
 Transportation is killing track that is looping or stuck. 
   Track is e- and has 216.737 MeV energy  ( pre-Step = 216.737 ) 
   momentum = (202.308,-72.7564,31.2169) mag= 217.248
   position = (4240.67,-1505.55,763.417) is in volume 'MagnetEnvelope',  its material is 'G4_Galactic' with density = 1e-25 g/cm^3 
 Total number of Steps by this track: 6
 Length of this step = 35067.7 mm 
 Number of propagation trials = 1 ( vs maximum = 10 for 'important' particles ) 
   ( Number of *calls* of Transport/AlongStepDoIt = 23399423 )

*** This is just a warning message. ***
-------- WWWW -------- G4Exception-END --------- WWWW -------

G4WT2 > 
-------- WWWW ------- G4Exception-START -------- WWWW -------
*** G4Exception : Transport-001-ExcessSteps
      issued by : G4Transportation::AlongStepDoIt
 Transportation is killing track that is looping or stuck. 
   Track is e- and has 103.082 MeV energy  ( pre-Step = 103.082 ) 
   momentum = (-94.2109,-24.6822,35.3022) mag= 103.591
   position = (-1416.38,-4271.28,-1582.76) is in volume 'MagnetEnvelope',  its material is 'G4_Galactic' with density = 1e-25 g/cm^3 
 Total number of Steps by this track: 7
 Length of this step = 18944.9 mm 
 Number of propagation trials = 1 ( vs maximum = 10 for 'important' particles ) 
   ( Number of *calls* of Transport/AlongStepDoIt = 25078685 )

*** This is just a warning message. ***
-------- WWWW -------- G4Exception-END --------- WWWW -------

G4WT11 > 
-------- WWWW ------- G4Exception-START -------- WWWW -------
*** G4Exception : Transport-001-ExcessSteps
      issued by : G4Transportation::AlongStepDoIt
 Transportation is killing track that is looping or stuck. 
   Track is e- and has 164.074 MeV energy  ( pre-Step = 164.074 ) 
   momentum = (125.565,92.1303,53.2276) mag= 164.584
   position = (3616.22,2678.24,1762.3) is in volume 'MagnetEnvelope',  its material is 'G4_Galactic' with density = 1e-25 g/cm^3 
 Total number of Steps by this track: 3
 Length of this step = 38268.3 mm 
 Number of propagation trials = 1 ( vs maximum = 10 for 'important' particles ) 
   ( Number of *calls* of Transport/AlongStepDoIt = 22026800 )

*** This is just a warning message. ***
-------- WWWW -------- G4Exception-END --------- WWWW -------

G4WT6 > 
-------- WWWW ------- G4Exception-START -------- WWWW -------
*** G4Exception : Transport-001-ExcessSteps
      issued by : G4Transportation::AlongStepDoIt
 Transportation is killing track that is looping or stuck. 
   Track is e+ and has 178.962 MeV energy  ( pre-Step = 178.962 ) 
   momentum = (-163.888,-54.947,-48.2872) mag= 179.472
   position = (-4261.77,-1444.76,-1193.35) is in volume 'MagnetEnvelope',  its material is 'G4_Galactic' with density = 1e-25 g/cm^3 
 Total number of Steps by this track: 2
 Length of this step = 37812.6 mm 
 Number of propagation trials = 1 ( vs maximum = 10 for 'important' particles ) 
   ( Number of *calls* of Transport/AlongStepDoIt = 24442390 )

*** This is just a warning message. ***
-------- WWWW -------- G4Exception-END --------- WWWW -------

G4WT6 > 
-------- WWWW ------- G4Exception-START -------- WWWW -------
*** G4Exception : Transport-001-ExcessSteps
      issued by : G4Transportation::AlongStepDoIt
 Transportation is killing track that is looping or stuck. 
   Track is e- and has 209.058 MeV energy  ( pre-Step = 209.058 ) 
   momentum = (-205.794,-32.8093,-22.1714) mag= 209.569
   position = (-2396.84,3808.56,380.715) is in volume 'MagnetEnvelope',  its material is 'G4_Galactic' with density = 1e-25 g/cm^3 
 Total number of Steps by this track: 32
 Length of this step = 33765.2 mm 
 Number of propagation trials = 1 ( vs maximum = 10 for 'important' particles ) 
   ( Number of *calls* of Transport/AlongStepDoIt = 24522749 )

*** This is just a warning message. ***
-------- WWWW -------- G4Exception-END --------- WWWW -------

G4WT11 > 
-------- WWWW ------- G4Exception-START -------- WWWW -------
*** G4Exception : Transport-001-ExcessSteps
      issued by : G4Transportation::AlongStepDoIt
 Transportation is killing track that is looping or stuck. 
   Track is e+ and has 100.215 MeV energy  ( pre-Step = 100.215 ) 
   momentum = (35.8822,17.4119,-92.4918) mag= 100.725
   position = (3897.08,2250.06,937.518) is in volume 'MagnetEnvelope',  its material is 'G4_Galactic' with density = 1e-25 g/cm^3 
 Total number of Steps by this track: 5
 Length of this step = 29178 mm 
 Number of propagation trials = 1 ( vs maximum = 10 for 'important' particles ) 
   ( Number of *calls* of Transport/AlongStepDoIt = 22443955 )

*** This is just a warning message. ***
-------- WWWW -------- G4Exception-END --------- WWWW -------

G4WT7 > 
-------- WWWW ------- G4Exception-START -------- WWWW -------
*** G4Exception : Transport-001-ExcessSteps
      issued by : G4Transportation::AlongStepDoIt
 Transportation is killing track that is looping or stuck. 
   Track is e- and has 162.19 MeV energy  ( pre-Step = 162.19 ) 
   momentum = (-4.55794,128.239,-100.027) mag= 162.701
   position = (-68.68,4499.48,-3572.89) is in volume 'MagnetEnvelope',  its material is 'G4_Galactic' with density = 1e-25 g/cm^3 
 Total number of Steps by this track: 2
 Length of this step = 38252 mm 
 Number of propagation trials = 1 ( vs maximum = 10 for 'important' particles ) 
   ( Number of *calls* of Transport/AlongStepDoIt = 22405538 )

*** This is just a warning message. ***
-------- WWWW -------- G4Exception-END --------- WWWW -------

G4WT2 > 
-------- WWWW ------- G4Exception-START -------- WWWW -------
*** G4Exception : Transport-001-ExcessSteps
      issued by : G4Transportation::AlongStepDoIt
 Transportation is killing track that is looping or stuck. 
   Track is e+ and has 200.94 MeV energy  ( pre-Step = 200.94 ) 
   momentum = (177.845,89.6178,30.3684) mag= 201.451
   position = (4064.9,1930.44,696.8) is in volume 'MagnetEnvelope',  its material is 'G4_Galactic' with density = 1e-25 g/cm^3 
 Total number of Steps by this track: 2
 Length of this step = 37620.4 mm 
 Number of propagation trials = 1 ( vs maximum = 10 for 'important' particles ) 
   ( Number of *calls* of Transport/AlongStepDoIt = 25663126 )

*** This is just a warning message. ***
-------- WWWW -------- G4Exception-END --------- WWWW -------

G4WT1 > 
-------- WWWW ------- G4Exception-START -------- WWWW -------
*** G4Exception : Transport-001-ExcessSteps
      issued by : G4Transportation::AlongStepDoIt
 Transportation is killing track that is looping or stuck. 
   Track is e- and has 193.354 MeV energy  ( pre-Step = 193.354 ) 
   momentum = (31.8247,-52.0792,-184.006) mag= 193.864
   position = (1863.7,-6363.6,503.929) is in volume 'MagnetEnvelope',  its material is 'G4_Galactic' with density = 1e-25 g/cm^3 
 Total number of Steps by this track: 1
 Length of this step = 32467.8 mm 
 Number of propagation trials = 1 ( vs maximum = 10 for 'important' particles ) 
   ( Number of *calls* of Transport/AlongStepDoIt = 25322013 )

*** This is just a warning message. ***
-------- WWWW -------- G4Exception-END --------- WWWW -------

G4WT4 > 
-------- WWWW ------- G4Exception-START -------- WWWW -------
*** G4Exception : Transport-001-ExcessSteps
      issued by : G4Transportation::AlongStepDoIt
 Transportation is killing track that is looping or stuck. 
   Track is e+ and has 115.668 MeV energy  ( pre-Step = 115.668 ) 
   momentum = (101.847,27.1257,48.8748) mag= 116.178
   position = (3778.73,-2443.6,1283.56) is in volume 'MagnetEnvelope',  its material is 'G4_Galactic' with density = 1e-25 g/cm^3 
 Total number of Steps by this track: 204
 Length of this step = 26727.8 mm 
 Number of propagation trials = 1 ( vs maximum = 10 for 'important' particles ) 
   ( Number of *calls* of Transport/AlongStepDoIt = 26530407 )

*** This is just a warning message. ***
-------- WWWW -------- G4Exception-END --------- WWWW -------

G4WT7 > 
-------- WWWW ------- G4Exception-START -------- WWWW -------
*** G4Exception : Transport-001-ExcessSteps
      issued by : G4Transportation::AlongStepDoIt
 Transportation is killing track that is looping or stuck. 
   Track is e+ and has 109.45 MeV energy  ( pre-Step = 109.45 ) 
   momentum = (91.0289,26.3318,-55.7817) mag= 109.96
   position = (4234.16,1523.77,389.685) is in volume 'MagnetEnvelope',  its material is 'G4_Galactic' with density = 1e-25 g/cm^3 
 Total number of Steps by this track: 114
 Length of this step = 29350.3 mm 
 Number of propagation trials = 1 ( vs maximum = 10 for 'important' particles ) 
   ( Number of *calls* of Transport/AlongStepDoIt = 22720135 )

*** This is just a warning message. ***
-------- WWWW -------- G4Exception-END --------- WWWW -------

G4WT1 > 
-------- WWWW ------- G4Exception-START -------- WWWW -------
*** G4Exception : Transport-001-ExcessSteps
      issued by : G4Transportation::AlongStepDoIt
 Transportation is killing track that is looping or stuck. 
   Track is e- and has 215.598 MeV energy  ( pre-Step = 215.598 ) 
   momentum = (-144.498,157.946,-29.5973) mag= 216.108
   position = (-3044.56,3313.71,-707.372) is in volume 'MagnetEnvelope',  its material is 'G4_Galactic' with density = 1e-25 g/cm^3 
 Total number of Steps by this track: 2
 Length of this step = 33320.5 mm 
 Number of propagation trials = 1 ( vs maximum = 10 for 'important' particles ) 
   ( Number of *calls* of Transport/AlongStepDoIt = 25595729 )

*** This is just a warning message. ***
-------- WWWW -------- G4Exception-END --------- WWWW -------

G4WT12 > 
-------- WWWW ------- G4Exception-START -------- WWWW -------
*** G4Exception : Transport-001-ExcessSteps
      issued by : G4Transportation::AlongStepDoIt
 Transportation is killing track that is looping or stuck. 
   Track is e- and has 116.366 MeV energy  ( pre-Step = 116.366 ) 
   momentum = (43.5951,73.6767,-79.5682) mag= 116.876
   position = (1924.55,4067.69,-4078.6) is in volume 'MagnetEnvelope',  its material is 'G4_Galactic' with density = 1e-25 g/cm^3 
 Total number of Steps by this track: 5
 Length of this step = 40398.9 mm 
 Number of propagation trials = 1 ( vs maximum = 10 for 'important' particles ) 
   ( Number of *calls* of Transport/AlongStepDoIt = 21281220 )

*** This is just a warning message. ***
-------- WWWW -------- G4Exception-END --------- WWWW -------

G4WT6 > 
-------- WWWW ------- G4Exception-START -------- WWWW -------
*** G4Exception : Transport-001-ExcessSteps
      issued by : G4Transportation::AlongStepDoIt
 Transportation is killing track that is looping or stuck. 
   Track is e- and has 106.799 MeV energy  ( pre-Step = 106.799 ) 
   momentum = (94.5312,46.5596,-20.2816) mag= 107.309
   position = (4081.31,1895.49,-995.843) is in volume 'MagnetEnvelope',  its material is 'G4_Galactic' with density = 1e-25 g/cm^3 
 Total number of Steps by this track: 5
 Length of this step = 39984.9 mm 
 Number of propagation trials = 1 ( vs maximum = 10 for 'important' particles ) 
   ( Number of *calls* of Transport/AlongStepDoIt = 24762267 )

*** This is just a warning message. ***
-------- WWWW -------- G4Exception-END --------- WWWW -------

G4WT12 > 
-------- WWWW ------- G4Exception-START -------- WWWW -------
*** G4Exception : Transport-001-ExcessSteps
      issued by : G4Transportation::AlongStepDoIt
 Transportation is killing track that is looping or stuck. 
   Track is e+ and has 125.806 MeV energy  ( pre-Step = 125.806 ) 
   momentum = (90.4067,-87.9585,6.75541) mag= 126.316
   position = (3181.37,-3182.59,233.821) is in volume 'MagnetEnvelope',  its material is 'G4_Galactic' with density = 1e-25 g/cm^3 
 Total number of Steps by this track: 2
 Length of this step = 23942.6 mm 
 Number of propagation trials = 1 ( vs maximum = 10 for 'important' particles ) 
   ( Number of *calls* of Transport/AlongStepDoIt = 21722607 )

*** This is just a warning message. ***
-------- WWWW -------- G4Exception-END --------- WWWW -------

G4WT12 > 
-------- WWWW ------- G4Exception-START -------- WWWW -------
*** G4Exception : Transport-001-ExcessSteps
      issued by : G4Transportation::AlongStepDoIt
 Transportation is killing track that is looping or stuck. 
   Track is e+ and has 176.827 MeV energy  ( pre-Step = 176.827 ) 
   momentum = (-156.813,-78.1413,27.4279) mag= 177.337
   position = (-7447.6,-5991.85,1155.46) is in volume 'MagnetEnvelope',  its material is 'G4_Galactic' with density = 1e-25 g/cm^3 
 Total number of Steps by this track: 6
 Length of this step = 36461.4 mm 
 Number of propagation trials = 1 ( vs maximum = 10 for 'important' particles ) 
   ( Number of *calls* of Transport/AlongStepDoIt = 22232241 )

*** This is just a warning message. ***
-------- WWWW -------- G4Exception-END --------- WWWW -------

G4WT13 > 
-------- WWWW ------- G4Exception-START -------- WWWW -------
*** G4Exception : Transport-001-ExcessSteps
      issued by : G4Transportation::AlongStepDoIt
 Transportation is killing track that is looping or stuck. 
   Track is e- and has 133.419 MeV energy  ( pre-Step = 133.419 ) 
   momentum = (-32.9578,110.481,-68.1531) mag= 133.929
   position = (-1435.63,4264.85,-2842.67) is in volume 'MagnetEnvelope',  its material is 'G4_Galactic' with density = 1e-25 g/cm^3 
 Total number of Steps by this track: 2
 Length of this step = 35613 mm 
 Number of propagation trials = 1 ( vs maximum = 10 for 'important' particles ) 
   ( Number of *calls* of Transport/AlongStepDoIt = 25924599 )

*** This is just a warning message. ***
-------- WWWW -------- G4Exception-END --------- WWWW -------

G4WT15 > 
-------- WWWW ------- G4Exception-START -------- WWWW -------
*** G4Exception : Transport-001-ExcessSteps
      issued by : G4Transportation::AlongStepDoIt
 Transportation is killing track that is looping or stuck. 
   Track is e- and has 130.51 MeV energy  ( pre-Step = 130.51 ) 
   momentum = (-122.937,-44.6521,-7.6748) mag= 131.02
   position = (-4249.09,-1481.63,-158.05) is in volume 'MagnetEnvelope',  its material is 'G4_Galactic' with density = 1e-25 g/cm^3 
 Total number of Steps by this track: 3
 Length of this step = 29127.8 mm 
 Number of propagation trials = 1 ( vs maximum = 10 for 'important' particles ) 
   ( Number of *calls* of Transport/AlongStepDoIt = 25287286 )

*** This is just a warning message. ***
-------- WWWW -------- G4Exception-END --------- WWWW -------

G4WT3 > 
-------- WWWW ------- G4Exception-START -------- WWWW -------
*** G4Exception : Transport-001-ExcessSteps
      issued by : G4Transportation::AlongStepDoIt
 Transportation is killing track that is looping or stuck. 
   Track is e+ and has 117.92 MeV energy  ( pre-Step = 117.92 ) 
   momentum = (99.6742,-14.9742,62.1814) mag= 118.43
   position = (4131.24,-1784.05,406.604) is in volume 'MagnetEnvelope',  its material is 'G4_Galactic' with density = 1e-25 g/cm^3 
 Total number of Steps by this track: 4
 Length of this step = 30893.1 mm 
 Number of propagation trials = 1 ( vs maximum = 10 for 'important' particles ) 
   ( Number of *calls* of Transport/AlongStepDoIt = 24716673 )

*** This is just a warning message. ***
-------- WWWW -------- G4Exception-END --------- WWWW -------

G4WT14 > 
-------- WWWW ------- G4Exception-START -------- WWWW -------
*** G4Exception : Transport-001-ExcessSteps
      issued by : G4Transportation::AlongStepDoIt
 Transportation is killing track that is looping or stuck. 
   Track is e+ and has 108.453 MeV energy  ( pre-Step = 108.453 ) 
   momentum = (30.9546,-76.5523,-71.0944) mag= 108.963
   position = (1508.1,-4239.77,-4104.41) is in volume 'MagnetEnvelope',  its material is 'G4_Galactic' with density = 1e-25 g/cm^3 
 Total number of Steps by this track: 4
 Length of this step = 30777.1 mm 
 Number of propagation trials = 1 ( vs maximum = 10 for 'important' particles ) 
   ( Number of *calls* of Transport/AlongStepDoIt = 25497523 )

*** This is just a warning message. ***
-------- WWWW -------- G4Exception-END --------- WWWW -------

G4WT0 > --> Event 7500 starts with initial seeds (89013564,20168916).
G4WT7 > 
-------- WWWW ------- G4Exception-START -------- WWWW -------
*** G4Exception : Transport-001-ExcessSteps
      issued by : G4Transportation::AlongStepDoIt
 Transportation is killing track that is looping or stuck. 
   Track is e+ and has 161.933 MeV energy  ( pre-Step = 161.933 ) 
   momentum = (-133.359,-45.0569,-81.074) mag= 162.443
   position = (-4395.44,-964.403,-1796.12) is in volume 'MagnetEnvelope',  its material is 'G4_Galactic' with density = 1e-25 g/cm^3 
 Total number of Steps by this track: 4
 Length of this step = 34439.6 mm 
 Number of propagation trials = 1 ( vs maximum = 10 for 'important' particles ) 
   ( Number of *calls* of Transport/AlongStepDoIt = 24385955 )

*** This is just a warning message. ***
-------- WWWW -------- G4Exception-END --------- WWWW -------

G4WT3 > 
-------- WWWW ------- G4Exception-START -------- WWWW -------
*** G4Exception : Transport-001-ExcessSteps
      issued by : G4Transportation::AlongStepDoIt
 Transportation is killing track that is looping or stuck. 
   Track is e+ and has 136.777 MeV energy  ( pre-Step = 136.777 ) 
   momentum = (-117.606,31.6169,-63.3802) mag= 137.287
   position = (-1905.22,4076.78,392.387) is in volume 'MagnetEnvelope',  its material is 'G4_Galactic' with density = 1e-25 g/cm^3 
 Total number of Steps by this track: 2
 Length of this step = 23028.3 mm 
 Number of propagation trials = 1 ( vs maximum = 10 for 'important' particles ) 
   ( Number of *calls* of Transport/AlongStepDoIt = 25268396 )

*** This is just a warning message. ***
-------- WWWW -------- G4Exception-END --------- WWWW -------

G4WT12 > 
-------- WWWW ------- G4Exception-START -------- WWWW -------
*** G4Exception : Transport-001-ExcessSteps
      issued by : G4Transportation::AlongStepDoIt
 Transportation is killing track that is looping or stuck. 
   Track is e- and has 101.04 MeV energy  ( pre-Step = 101.04 ) 
   momentum = (-87.9026,45.6606,22.3759) mag= 101.55
   position = (-2846.46,3485.35,958.873) is in volume 'MagnetEnvelope',  its material is 'G4_Galactic' with density = 1e-25 g/cm^3 
 Total number of Steps by this track: 8
 Length of this step = 19727.2 mm 
 Number of propagation trials = 1 ( vs maximum = 10 for 'important' particles ) 
   ( Number of *calls* of Transport/AlongStepDoIt = 23777898 )

*** This is just a warning message. ***
-------- WWWW -------- G4Exception-END --------- WWWW -------

G4WT13 > 
-------- WWWW ------- G4Exception-START -------- WWWW -------
*** G4Exception : Transport-001-ExcessSteps
      issued by : G4Transportation::AlongStepDoIt
 Transportation is killing track that is looping or stuck. 
   Track is e- and has 164.941 MeV energy  ( pre-Step = 164.941 ) 
   momentum = (-113.311,114.191,-38.6662) mag= 165.451
   position = (-3204.63,3159.17,-1173.13) is in volume 'MagnetEnvelope',  its material is 'G4_Galactic' with density = 1e-25 g/cm^3 
 Total number of Steps by this track: 2
 Length of this step = 25762.4 mm 
 Number of propagation trials = 1 ( vs maximum = 10 for 'important' particles ) 
   ( Number of *calls* of Transport/AlongStepDoIt = 27632749 )

*** This is just a warning message. ***
-------- WWWW -------- G4Exception-END --------- WWWW -------

G4WT0 > 
-------- WWWW ------- G4Exception-START -------- WWWW -------
*** G4Exception : Transport-001-ExcessSteps
      issued by : G4Transportation::AlongStepDoIt
 Transportation is killing track that is looping or stuck. 
   Track is e- and has 129.829 MeV energy  ( pre-Step = 129.829 ) 
   momentum = (84.0702,-91.9429,38.2992) mag= 130.339
   position = (-329.653,-6852.3,-2609.23) is in volume 'MagnetEnvelope',  its material is 'G4_Galactic' with density = 1e-25 g/cm^3 
 Total number of Steps by this track: 5
 Length of this step = 27009.1 mm 
 Number of propagation trials = 1 ( vs maximum = 10 for 'important' particles ) 
   ( Number of *calls* of Transport/AlongStepDoIt = 27653190 )

*** This is just a warning message. ***
-------- WWWW -------- G4Exception-END --------- WWWW -------

G4WT2 > 
-------- WWWW ------- G4Exception-START -------- WWWW -------
*** G4Exception : Transport-001-ExcessSteps
      issued by : G4Transportation::AlongStepDoIt
 Transportation is killing track that is looping or stuck. 
   Track is e+ and has 103.44 MeV energy  ( pre-Step = 103.44 ) 
   momentum = (-83.1758,56.6083,26.1314) mag= 103.95
   position = (-3725.67,2523.77,1284.73) is in volume 'MagnetEnvelope',  its material is 'G4_Galactic' with density = 1e-25 g/cm^3 
 Total number of Steps by this track: 2
 Length of this step = 23883.7 mm 
 Number of propagation trials = 1 ( vs maximum = 10 for 'important' particles ) 
   ( Number of *calls* of Transport/AlongStepDoIt = 28654471 )

*** This is just a warning message. ***
-------- WWWW -------- G4Exception-END --------- WWWW -------

G4WT0 > 
-------- WWWW ------- G4Exception-START -------- WWWW -------
*** G4Exception : Transport-001-ExcessSteps
      issued by : G4Transportation::AlongStepDoIt
 Transportation is killing track that is looping or stuck. 
   Track is e+ and has 100.23 MeV energy  ( pre-Step = 100.23 ) 
   momentum = (95.3339,32.4793,-2.25094) mag= 100.74
   position = (4367.53,1083.84,129.996) is in volume 'MagnetEnvelope',  its material is 'G4_Galactic' with density = 1e-25 g/cm^3 
 Total number of Steps by this track: 3
 Length of this step = 34048.9 mm 
 Number of propagation trials = 1 ( vs maximum = 10 for 'important' particles ) 
   ( Number of *calls* of Transport/AlongStepDoIt = 28073878 )

*** This is just a warning message. ***
-------- WWWW -------- G4Exception-END --------- WWWW -------

G4WT13 > 
-------- WWWW ------- G4Exception-START -------- WWWW -------
*** G4Exception : Transport-001-ExcessSteps
      issued by : G4Transportation::AlongStepDoIt
 Transportation is killing track that is looping or stuck. 
   Track is e- and has 136.222 MeV energy  ( pre-Step = 136.222 ) 
   momentum = (120.868,-37.2792,51.9319) mag= 136.732
   position = (4287.76,-1365.69,2128.87) is in volume 'MagnetEnvelope',  its material is 'G4_Galactic' with density = 1e-25 g/cm^3 
 Total number of Steps by this track: 3
 Length of this step = 28490.5 mm 
 Number of propagation trials = 1 ( vs maximum = 10 for 'important' particles ) 
   ( Number of *calls* of Transport/AlongStepDoIt = 28178738 )

*** This is just a warning message. ***
-------- WWWW -------- G4Exception-END --------- WWWW -------

G4WT6 > 
-------- WWWW ------- G4Exception-START -------- WWWW -------
*** G4Exception : Transport-001-ExcessSteps
      issued by : G4Transportation::AlongStepDoIt
 Transportation is killing track that is looping or stuck. 
   Track is e+ and has 109.046 MeV energy  ( pre-Step = 109.046 ) 
   momentum = (102.475,24.1235,30.321) mag= 109.555
   position = (1567.09,4218.32,3762.25) is in volume 'MagnetEnvelope',  its material is 'G4_Galactic' with density = 1e-25 g/cm^3 
 Total number of Steps by this track: 31
 Length of this step = 30802.6 mm 
 Number of propagation trials = 1 ( vs maximum = 10 for 'important' particles ) 
   ( Number of *calls* of Transport/AlongStepDoIt = 27577426 )

*** This is just a warning message. ***
-------- WWWW -------- G4Exception-END --------- WWWW -------

G4WT11 > 
-------- WWWW ------- G4Exception-START -------- WWWW -------
*** G4Exception : Transport-001-ExcessSteps
      issued by : G4Transportation::AlongStepDoIt
 Transportation is killing track that is looping or stuck. 
   Track is e- and has 139.972 MeV energy  ( pre-Step = 139.972 ) 
   momentum = (136.666,-32.1872,-4.66409) mag= 140.482
   position = (4324.55,-1244.31,64.3562) is in volume 'MagnetEnvelope',  its material is 'G4_Galactic' with density = 1e-25 g/cm^3 
 Total number of Steps by this track: 4
 Length of this step = 30847.8 mm 
 Number of propagation trials = 1 ( vs maximum = 10 for 'important' particles ) 
   ( Number of *calls* of Transport/AlongStepDoIt = 24989776 )

*** This is just a warning message. ***
-------- WWWW -------- G4Exception-END --------- WWWW -------

G4WT6 > 
-------- WWWW ------- G4Exception-START -------- WWWW -------
*** G4Exception : Transport-001-ExcessSteps
      issued by : G4Transportation::AlongStepDoIt
 Transportation is killing track that is looping or stuck. 
   Track is e- and has 245.737 MeV energy  ( pre-Step = 245.737 ) 
   momentum = (190.579,-22.0388,154.374) mag= 246.247
   position = (2853.39,-3479.68,223.526) is in volume 'MagnetEnvelope',  its material is 'G4_Galactic' with density = 1e-25 g/cm^3 
 Total number of Steps by this track: 3
 Length of this step = 38017.2 mm 
 Number of propagation trials = 1 ( vs maximum = 10 for 'important' particles ) 
   ( Number of *calls* of Transport/AlongStepDoIt = 27733692 )

*** This is just a warning message. ***
-------- WWWW -------- G4Exception-END --------- WWWW -------

G4WT8 > 
-------- WWWW ------- G4Exception-START -------- WWWW -------
*** G4Exception : Transport-001-ExcessSteps
      issued by : G4Transportation::AlongStepDoIt
 Transportation is killing track that is looping or stuck. 
   Track is e+ and has 159.345 MeV energy  ( pre-Step = 159.345 ) 
   momentum = (127.614,86.9947,-41.2354) mag= 159.855
   position = (3661.96,2615.35,-1042.95) is in volume 'MagnetEnvelope',  its material is 'G4_Galactic' with density = 1e-25 g/cm^3 
 Total number of Steps by this track: 3
 Length of this step = 33906.8 mm 
 Number of propagation trials = 1 ( vs maximum = 10 for 'important' particles ) 
   ( Number of *calls* of Transport/AlongStepDoIt = 26462003 )

*** This is just a warning message. ***
-------- WWWW -------- G4Exception-END --------- WWWW -------

G4WT5 > 
-------- WWWW ------- G4Exception-START -------- WWWW -------
*** G4Exception : Transport-001-ExcessSteps
      issued by : G4Transportation::AlongStepDoIt
 Transportation is killing track that is looping or stuck. 
   Track is e+ and has 189.483 MeV energy  ( pre-Step = 189.483 ) 
   momentum = (-159.254,100.525,-25.1068) mag= 189.993
   position = (-3798.23,2413.18,-601.868) is in volume 'MagnetEnvelope',  its material is 'G4_Galactic' with density = 1e-25 g/cm^3 
 Total number of Steps by this track: 3
 Length of this step = 39753.3 mm 
 Number of propagation trials = 1 ( vs maximum = 10 for 'important' particles ) 
   ( Number of *calls* of Transport/AlongStepDoIt = 27576647 )

*** This is just a warning message. ***
-------- WWWW -------- G4Exception-END --------- WWWW -------

G4WT2 > 
-------- WWWW ------- G4Exception-START -------- WWWW -------
*** G4Exception : Transport-001-ExcessSteps
      issued by : G4Transportation::AlongStepDoIt
 Transportation is killing track that is looping or stuck. 
   Track is e- and has 166.343 MeV energy  ( pre-Step = 166.343 ) 
   momentum = (-141.41,-85.6917,-22.3628) mag= 166.853
   position = (-8527.06,-3126.03,1464.22) is in volume 'MagnetEnvelope',  its material is 'G4_Galactic' with density = 1e-25 g/cm^3 
 Total number of Steps by this track: 1
 Length of this step = 39268.4 mm 
 Number of propagation trials = 1 ( vs maximum = 10 for 'important' particles ) 
   ( Number of *calls* of Transport/AlongStepDoIt = 29076774 )

*** This is just a warning message. ***
-------- WWWW -------- G4Exception-END --------- WWWW -------

G4WT1 > --> Event 8000 starts with initial seeds (36366792,72377927).
G4WT1 > 
-------- WWWW ------- G4Exception-START -------- WWWW -------
*** G4Exception : Transport-001-ExcessSteps
      issued by : G4Transportation::AlongStepDoIt
 Transportation is killing track that is looping or stuck. 
   Track is e+ and has 107.62 MeV energy  ( pre-Step = 107.62 ) 
   momentum = (-71.8605,-75.3677,-29.1167) mag= 108.13
   position = (-3990.72,2079.45,7.03309) is in volume 'MagnetEnvelope',  its material is 'G4_Galactic' with density = 1e-25 g/cm^3 
 Total number of Steps by this track: 5
 Length of this step = 30036.9 mm 
 Number of propagation trials = 1 ( vs maximum = 10 for 'important' particles ) 
   ( Number of *calls* of Transport/AlongStepDoIt = 29153146 )

*** This is just a warning message. ***
-------- WWWW -------- G4Exception-END --------- WWWW -------

G4WT1 > 
-------- WWWW ------- G4Exception-START -------- WWWW -------
*** G4Exception : Transport-001-ExcessSteps
      issued by : G4Transportation::AlongStepDoIt
 Transportation is killing track that is looping or stuck. 
   Track is e+ and has 114.874 MeV energy  ( pre-Step = 114.874 ) 
   momentum = (-107.34,15.2983,-39.4658) mag= 115.384
   position = (-4078.83,1900.83,-1025.97) is in volume 'MagnetEnvelope',  its material is 'G4_Galactic' with density = 1e-25 g/cm^3 
 Total number of Steps by this track: 192
 Length of this step = 26804.1 mm 
 Number of propagation trials = 1 ( vs maximum = 10 for 'important' particles ) 
   ( Number of *calls* of Transport/AlongStepDoIt = 29573969 )

*** This is just a warning message. ***
-------- WWWW -------- G4Exception-END --------- WWWW -------

G4WT5 > 
-------- WWWW ------- G4Exception-START -------- WWWW -------
*** G4Exception : Transport-001-ExcessSteps
      issued by : G4Transportation::AlongStepDoIt
 Transportation is killing track that is looping or stuck. 
   Track is e+ and has 143.083 MeV energy  ( pre-Step = 143.083 ) 
   momentum = (103.844,-59.712,79.1822) mag= 143.593
   position = (4075.45,1908.06,145.664) is in volume 'MagnetEnvelope',  its material is 'G4_Galactic' with density = 1e-25 g/cm^3 
 Total number of Steps by this track: 3
 Length of this step = 29697.6 mm 
 Number of propagation trials = 1 ( vs maximum = 10 for 'important' particles ) 
   ( Number of *calls* of Transport/AlongStepDoIt = 27991084 )

*** This is just a warning message. ***
-------- WWWW -------- G4Exception-END --------- WWWW -------

G4WT9 > 
-------- WWWW ------- G4Exception-START -------- WWWW -------
*** G4Exception : Transport-001-ExcessSteps
      issued by : G4Transportation::AlongStepDoIt
 Transportation is killing track that is looping or stuck. 
   Track is e- and has 142.789 MeV energy  ( pre-Step = 142.789 ) 
   momentum = (-5.30894,116.906,-82.7012) mag= 143.299
   position = (-498.571,4472.3,-270.057) is in volume 'MagnetEnvelope',  its material is 'G4_Galactic' with density = 1e-25 g/cm^3 
 Total number of Steps by this track: 6
 Length of this step = 33390.6 mm 
 Number of propagation trials = 1 ( vs maximum = 10 for 'important' particles ) 
   ( Number of *calls* of Transport/AlongStepDoIt = 27192997 )

*** This is just a warning message. ***
-------- WWWW -------- G4Exception-END --------- WWWW -------

G4WT12 > 
-------- WWWW ------- G4Exception-START -------- WWWW -------
*** G4Exception : Transport-001-ExcessSteps
      issued by : G4Transportation::AlongStepDoIt
 Transportation is killing track that is looping or stuck. 
   Track is e- and has 110.679 MeV energy  ( pre-Step = 110.679 ) 
   momentum = (-102.559,32.8825,27.6315) mag= 111.189
   position = (-4295.12,1342.37,882.445) is in volume 'MagnetEnvelope',  its material is 'G4_Galactic' with density = 1e-25 g/cm^3 
 Total number of Steps by this track: 3
 Length of this step = 31404.8 mm 
 Number of propagation trials = 1 ( vs maximum = 10 for 'important' particles ) 
   ( Number of *calls* of Transport/AlongStepDoIt = 25536218 )

*** This is just a warning message. ***
-------- WWWW -------- G4Exception-END --------- WWWW -------

G4WT2 > 
-------- WWWW ------- G4Exception-START -------- WWWW -------
*** G4Exception : Transport-001-ExcessSteps
      issued by : G4Transportation::AlongStepDoIt
 Transportation is killing track that is looping or stuck. 
   Track is e- and has 124.066 MeV energy  ( pre-Step = 124.066 ) 
   momentum = (10.2626,107.498,-62.1145) mag= 124.576
   position = (318.884,4488.69,-2693.87) is in volume 'MagnetEnvelope',  its material is 'G4_Galactic' with density = 1e-25 g/cm^3 
 Total number of Steps by this track: 2
 Length of this step = 34884.9 mm 
 Number of propagation trials = 1 ( vs maximum = 10 for 'important' particles ) 
   ( Number of *calls* of Transport/AlongStepDoIt = 29806694 )

*** This is just a warning message. ***
-------- WWWW -------- G4Exception-END --------- WWWW -------

G4WT0 > 
-------- WWWW ------- G4Exception-START -------- WWWW -------
*** G4Exception : Transport-001-ExcessSteps
      issued by : G4Transportation::AlongStepDoIt
 Transportation is killing track that is looping or stuck. 
   Track is e- and has 201.285 MeV energy  ( pre-Step = 201.285 ) 
   momentum = (151.977,132.756,-0.254657) mag= 201.795
   position = (3447.89,2891.73,-100.71) is in volume 'MagnetEnvelope',  its material is 'G4_Galactic' with density = 1e-25 g/cm^3 
 Total number of Steps by this track: 2
 Length of this step = 30446.2 mm 
 Number of propagation trials = 1 ( vs maximum = 10 for 'important' particles ) 
   ( Number of *calls* of Transport/AlongStepDoIt = 29453940 )

*** This is just a warning message. ***
-------- WWWW -------- G4Exception-END --------- WWWW -------

G4WT0 > 
-------- WWWW ------- G4Exception-START -------- WWWW -------
*** G4Exception : Transport-001-ExcessSteps
      issued by : G4Transportation::AlongStepDoIt
 Transportation is killing track that is looping or stuck. 
   Track is e+ and has 121.936 MeV energy  ( pre-Step = 121.936 ) 
   momentum = (-115.534,-33.3971,23.0077) mag= 122.446
   position = (-4286.5,-1369.65,818.374) is in volume 'MagnetEnvelope',  its material is 'G4_Galactic' with density = 1e-25 g/cm^3 
 Total number of Steps by this track: 4
 Length of this step = 30147 mm 
 Number of propagation trials = 1 ( vs maximum = 10 for 'important' particles ) 
   ( Number of *calls* of Transport/AlongStepDoIt = 29900552 )

*** This is just a warning message. ***
-------- WWWW -------- G4Exception-END --------- WWWW -------

G4WT0 > 
-------- WWWW ------- G4Exception-START -------- WWWW -------
*** G4Exception : Transport-001-ExcessSteps
      issued by : G4Transportation::AlongStepDoIt
 Transportation is killing track that is looping or stuck. 
   Track is e- and has 118.243 MeV energy  ( pre-Step = 118.243 ) 
   momentum = (98.9013,29.9646,-58.5059) mag= 118.753
   position = (-321.108,4488.53,-1652.95) is in volume 'MagnetEnvelope',  its material is 'G4_Galactic' with density = 1e-25 g/cm^3 
 Total number of Steps by this track: 13
 Length of this step = 34773.5 mm 
 Number of propagation trials = 1 ( vs maximum = 10 for 'important' particles ) 
   ( Number of *calls* of Transport/AlongStepDoIt = 30143863 )

*** This is just a warning message. ***
-------- WWWW -------- G4Exception-END --------- WWWW -------

G4WT9 > 
-------- WWWW ------- G4Exception-START -------- WWWW -------
*** G4Exception : Transport-001-ExcessSteps
      issued by : G4Transportation::AlongStepDoIt
 Transportation is killing track that is looping or stuck. 
   Track is e- and has 142.91 MeV energy  ( pre-Step = 142.91 ) 
   momentum = (11.5882,-102.955,99.1731) mag= 143.42
   position = (376.565,-4484.22,288.303) is in volume 'MagnetEnvelope',  its material is 'G4_Galactic' with density = 1e-25 g/cm^3 
 Total number of Steps by this track: 2
 Length of this step = 38426.8 mm 
 Number of propagation trials = 1 ( vs maximum = 10 for 'important' particles ) 
   ( Number of *calls* of Transport/AlongStepDoIt = 28292787 )

*** This is just a warning message. ***
-------- WWWW -------- G4Exception-END --------- WWWW -------

G4WT14 > 
-------- WWWW ------- G4Exception-START -------- WWWW -------
*** G4Exception : Transport-001-ExcessSteps
      issued by : G4Transportation::AlongStepDoIt
 Transportation is killing track that is looping or stuck. 
   Track is e+ and has 115.406 MeV energy  ( pre-Step = 115.406 ) 
   momentum = (94.4241,26.7002,61.707) mag= 115.916
   position = (4280.94,1386.94,2809.83) is in volume 'MagnetEnvelope',  its material is 'G4_Galactic' with density = 1e-25 g/cm^3 
 Total number of Steps by this track: 3
 Length of this step = 26939.2 mm 
 Number of propagation trials = 1 ( vs maximum = 10 for 'important' particles ) 
   ( Number of *calls* of Transport/AlongStepDoIt = 29037406 )

*** This is just a warning message. ***
-------- WWWW -------- G4Exception-END --------- WWWW -------

G4WT0 > 
-------- WWWW ------- G4Exception-START -------- WWWW -------
*** G4Exception : Transport-001-ExcessSteps
      issued by : G4Transportation::AlongStepDoIt
 Transportation is killing track that is looping or stuck. 
   Track is e+ and has 106.598 MeV energy  ( pre-Step = 106.598 ) 
   momentum = (-3.58701,80.0826,71.0348) mag= 107.108
   position = (776.742,4432.46,2432.07) is in volume 'MagnetEnvelope',  its material is 'G4_Galactic' with density = 1e-25 g/cm^3 
 Total number of Steps by this track: 3
 Length of this step = 41415.9 mm 
 Number of propagation trials = 1 ( vs maximum = 10 for 'important' particles ) 
   ( Number of *calls* of Transport/AlongStepDoIt = 30728816 )

*** This is just a warning message. ***
-------- WWWW -------- G4Exception-END --------- WWWW -------

G4WT9 > 
-------- WWWW ------- G4Exception-START -------- WWWW -------
*** G4Exception : Transport-001-ExcessSteps
      issued by : G4Transportation::AlongStepDoIt
 Transportation is killing track that is looping or stuck. 
   Track is e+ and has 127.983 MeV energy  ( pre-Step = 127.983 ) 
   momentum = (39.2062,-120.498,-21.2957) mag= 128.493
   position = (1534.14,-4230.41,-845.642) is in volume 'MagnetEnvelope',  its material is 'G4_Galactic' with density = 1e-25 g/cm^3 
 Total number of Steps by this track: 2
 Length of this step = 28961.8 mm 
 Number of propagation trials = 1 ( vs maximum = 10 for 'important' particles ) 
   ( Number of *calls* of Transport/AlongStepDoIt = 28642823 )

*** This is just a warning message. ***
-------- WWWW -------- G4Exception-END --------- WWWW -------

G4WT11 > --> Event 8500 starts with initial seeds (80756475,37897001).
G4WT13 > 
-------- WWWW ------- G4Exception-START -------- WWWW -------
*** G4Exception : Transport-001-ExcessSteps
      issued by : G4Transportation::AlongStepDoIt
 Transportation is killing track that is looping or stuck. 
   Track is e+ and has 143.761 MeV energy  ( pre-Step = 143.761 ) 
   momentum = (-97.6143,97.4015,42.4081) mag= 144.271
   position = (-3237.51,3125.47,1154.59) is in volume 'MagnetEnvelope',  its material is 'G4_Galactic' with density = 1e-25 g/cm^3 
 Total number of Steps by this track: 2
 Length of this step = 23365.9 mm 
 Number of propagation trials = 1 ( vs maximum = 10 for 'important' particles ) 
   ( Number of *calls* of Transport/AlongStepDoIt = 30221969 )

*** This is just a warning message. ***
-------- WWWW -------- G4Exception-END --------- WWWW -------

G4WT14 > 
-------- WWWW ------- G4Exception-START -------- WWWW -------
*** G4Exception : Transport-001-ExcessSteps
      issued by : G4Transportation::AlongStepDoIt
 Transportation is killing track that is looping or stuck. 
   Track is e- and has 157.06 MeV energy  ( pre-Step = 157.06 ) 
   momentum = (-143.485,59.5354,26.3786) mag= 157.57
   position = (-4203.53,1606.35,626.662) is in volume 'MagnetEnvelope',  its material is 'G4_Galactic' with density = 1e-25 g/cm^3 
 Total number of Steps by this track: 5
 Length of this step = 35594.3 mm 
 Number of propagation trials = 1 ( vs maximum = 10 for 'important' particles ) 
   ( Number of *calls* of Transport/AlongStepDoIt = 29609621 )

*** This is just a warning message. ***
-------- WWWW -------- G4Exception-END --------- WWWW -------

G4WT2 > 
-------- WWWW ------- G4Exception-START -------- WWWW -------
*** G4Exception : Transport-001-ExcessSteps
      issued by : G4Transportation::AlongStepDoIt
 Transportation is killing track that is looping or stuck. 
   Track is e- and has 133.078 MeV energy  ( pre-Step = 133.078 ) 
   momentum = (-95.0028,91.2668,-22.1501) mag= 133.588
   position = (-3230.41,3132.8,-759.853) is in volume 'MagnetEnvelope',  its material is 'G4_Galactic' with density = 1e-25 g/cm^3 
 Total number of Steps by this track: 3
 Length of this step = 25588.3 mm 
 Number of propagation trials = 1 ( vs maximum = 10 for 'important' particles ) 
   ( Number of *calls* of Transport/AlongStepDoIt = 31184033 )

*** This is just a warning message. ***
-------- WWWW -------- G4Exception-END --------- WWWW -------

G4WT2 > 
-------- WWWW ------- G4Exception-START -------- WWWW -------
*** G4Exception : Transport-001-ExcessSteps
      issued by : G4Transportation::AlongStepDoIt
 Transportation is killing track that is looping or stuck. 
   Track is e- and has 105.299 MeV energy  ( pre-Step = 105.299 ) 
   momentum = (1.52149,-88.1998,58.4295) mag= 105.809
   position = (-278.689,-4491.36,3454.16) is in volume 'MagnetEnvelope',  its material is 'G4_Galactic' with density = 1e-25 g/cm^3 
 Total number of Steps by this track: 5
 Length of this step = 34261.5 mm 
 Number of propagation trials = 1 ( vs maximum = 10 for 'important' particles ) 
   ( Number of *calls* of Transport/AlongStepDoIt = 31258981 )

*** This is just a warning message. ***
-------- WWWW -------- G4Exception-END --------- WWWW -------

G4WT14 > 
-------- WWWW ------- G4Exception-START -------- WWWW -------
*** G4Exception : Transport-001-ExcessSteps
      issued by : G4Transportation::AlongStepDoIt
 Transportation is killing track that is looping or stuck. 
   Track is e- and has 111.606 MeV energy  ( pre-Step = 111.606 ) 
   momentum = (-80.158,-72.602,29.5562) mag= 112.116
   position = (-3320.73,-3036.9,1268.11) is in volume 'MagnetEnvelope',  its material is 'G4_Galactic' with density = 1e-25 g/cm^3 
 Total number of Steps by this track: 2
 Length of this step = 22443.9 mm 
 Number of propagation trials = 1 ( vs maximum = 10 for 'important' particles ) 
   ( Number of *calls* of Transport/AlongStepDoIt = 30616073 )

*** This is just a warning message. ***
-------- WWWW -------- G4Exception-END --------- WWWW -------

G4WT14 > 
-------- WWWW ------- G4Exception-START -------- WWWW -------
*** G4Exception : Transport-001-ExcessSteps
      issued by : G4Transportation::AlongStepDoIt
 Transportation is killing track that is looping or stuck. 
   Track is e+ and has 125.575 MeV energy  ( pre-Step = 125.575 ) 
   momentum = (-76.0989,30.9045,95.6624) mag= 126.085
   position = (-3410.3,994.323,5000) is in volume 'MagnetEnvelope',  its material is 'G4_Galactic' with density = 1e-25 g/cm^3 
 Total number of Steps by this track: 4
 Length of this step = 39726 mm 
 Number of propagation trials = 1 ( vs maximum = 10 for 'important' particles ) 
   ( Number of *calls* of Transport/AlongStepDoIt = 30627483 )

*** This is just a warning message. ***
-------- WWWW -------- G4Exception-END --------- WWWW -------

G4WT13 > 
-------- WWWW ------- G4Exception-START -------- WWWW -------
*** G4Exception : Transport-001-ExcessSteps
      issued by : G4Transportation::AlongStepDoIt
 Transportation is killing track that is looping or stuck. 
   Track is e- and has 111.024 MeV energy  ( pre-Step = 111.024 ) 
   momentum = (28.9078,-8.89122,107.355) mag= 111.534
   position = (-6970.86,-3495.47,2730.1) is in volume 'MagnetEnvelope',  its material is 'G4_Galactic' with density = 1e-25 g/cm^3 
 Total number of Steps by this track: 1
 Length of this step = 32537.1 mm 
 Number of propagation trials = 1 ( vs maximum = 10 for 'important' particles ) 
   ( Number of *calls* of Transport/AlongStepDoIt = 31471100 )

*** This is just a warning message. ***
-------- WWWW -------- G4Exception-END --------- WWWW -------

G4WT12 > 
-------- WWWW ------- G4Exception-START -------- WWWW -------
*** G4Exception : Transport-001-ExcessSteps
      issued by : G4Transportation::AlongStepDoIt
 Transportation is killing track that is looping or stuck. 
   Track is e- and has 160.8 MeV energy  ( pre-Step = 160.8 ) 
   momentum = (121.627,-65.5663,83.2412) mag= 161.311
   position = (3385.63,-2964.38,904.282) is in volume 'MagnetEnvelope',  its material is 'G4_Galactic' with density = 1e-25 g/cm^3 
 Total number of Steps by this track: 8
 Length of this step = 25704.6 mm 
 Number of propagation trials = 1 ( vs maximum = 10 for 'important' particles ) 
   ( Number of *calls* of Transport/AlongStepDoIt = 29220880 )

*** This is just a warning message. ***
-------- WWWW -------- G4Exception-END --------- WWWW -------

G4WT12 > 
-------- WWWW ------- G4Exception-START -------- WWWW -------
*** G4Exception : Transport-001-ExcessSteps
      issued by : G4Transportation::AlongStepDoIt
 Transportation is killing track that is looping or stuck. 
   Track is e- and has 105.364 MeV energy  ( pre-Step = 105.364 ) 
   momentum = (93.0185,40.4617,-30.3267) mag= 105.874
   position = (4310.01,1293.78,-2218.59) is in volume 'MagnetEnvelope',  its material is 'G4_Galactic' with density = 1e-25 g/cm^3 
 Total number of Steps by this track: 3
 Length of this step = 25658 mm 
 Number of propagation trials = 1 ( vs maximum = 10 for 'important' particles ) 
   ( Number of *calls* of Transport/AlongStepDoIt = 29527538 )

*** This is just a warning message. ***
-------- WWWW -------- G4Exception-END --------- WWWW -------

G4WT14 > 
-------- WWWW ------- G4Exception-START -------- WWWW -------
*** G4Exception : Transport-001-ExcessSteps
      issued by : G4Transportation::AlongStepDoIt
 Transportation is killing track that is looping or stuck. 
   Track is e- and has 128.1 MeV energy  ( pre-Step = 128.1 ) 
   momentum = (-112.989,59.6351,14.7541) mag= 128.61
   position = (-4334.82,1208.02,-696.198) is in volume 'MagnetEnvelope',  its material is 'G4_Galactic' with density = 1e-25 g/cm^3 
 Total number of Steps by this track: 183
 Length of this step = 35022 mm 
 Number of propagation trials = 1 ( vs maximum = 10 for 'important' particles ) 
   ( Number of *calls* of Transport/AlongStepDoIt = 32209430 )

*** This is just a warning message. ***
-------- WWWW -------- G4Exception-END --------- WWWW -------

G4WT1 > 
-------- WWWW ------- G4Exception-START -------- WWWW -------
*** G4Exception : Transport-001-ExcessSteps
      issued by : G4Transportation::AlongStepDoIt
 Transportation is killing track that is looping or stuck. 
   Track is e+ and has 199.751 MeV energy  ( pre-Step = 199.751 ) 
   momentum = (128.37,139.862,-63.7507) mag= 200.261
   position = (4214.63,1577,1558.19) is in volume 'MagnetEnvelope',  its material is 'G4_Galactic' with density = 1e-25 g/cm^3 
 Total number of Steps by this track: 182
 Length of this step = 34984.4 mm 
 Number of propagation trials = 1 ( vs maximum = 10 for 'important' particles ) 
   ( Number of *calls* of Transport/AlongStepDoIt = 33620048 )

*** This is just a warning message. ***
-------- WWWW -------- G4Exception-END --------- WWWW -------

G4WT9 > 
-------- WWWW ------- G4Exception-START -------- WWWW -------
*** G4Exception : Transport-001-ExcessSteps
      issued by : G4Transportation::AlongStepDoIt
 Transportation is killing track that is looping or stuck. 
   Track is e- and has 143.503 MeV energy  ( pre-Step = 143.503 ) 
   momentum = (115.595,-36.4755,-77.7625) mag= 144.013
   position = (8335,-839.045,-3239.2) is in volume 'MagnetEnvelope',  its material is 'G4_Galactic' with density = 1e-25 g/cm^3 
 Total number of Steps by this track: 8
 Length of this step = 29896.4 mm 
 Number of propagation trials = 1 ( vs maximum = 10 for 'important' particles ) 
   ( Number of *calls* of Transport/AlongStepDoIt = 30992067 )

*** This is just a warning message. ***
-------- WWWW -------- G4Exception-END --------- WWWW -------

G4WT1 > 
-------- WWWW ------- G4Exception-START -------- WWWW -------
*** G4Exception : Transport-001-ExcessSteps
      issued by : G4Transportation::AlongStepDoIt
 Transportation is killing track that is looping or stuck. 
   Track is e+ and has 128.637 MeV energy  ( pre-Step = 128.637 ) 
   momentum = (-15.4451,127.367,14.7699) mag= 129.147
   position = (-5922.5,5991.85,3676.53) is in volume 'MagnetEnvelope',  its material is 'G4_Galactic' with density = 1e-25 g/cm^3 
 Total number of Steps by this track: 2
 Length of this step = 31307.5 mm 
 Number of propagation trials = 1 ( vs maximum = 10 for 'important' particles ) 
   ( Number of *calls* of Transport/AlongStepDoIt = 33720551 )

*** This is just a warning message. ***
-------- WWWW -------- G4Exception-END --------- WWWW -------

G4WT5 > --> Event 9000 starts with initial seeds (15835327,88457099).
G4WT10 > 
-------- WWWW ------- G4Exception-START -------- WWWW -------
*** G4Exception : Transport-001-ExcessSteps
      issued by : G4Transportation::AlongStepDoIt
 Transportation is killing track that is looping or stuck. 
   Track is e+ and has 139.249 MeV energy  ( pre-Step = 139.249 ) 
   momentum = (94.767,22.5844,-100.209) mag= 139.759
   position = (3724.81,2525.03,468.145) is in volume 'MagnetEnvelope',  its material is 'G4_Galactic' with density = 1e-25 g/cm^3 
 Total number of Steps by this track: 4
 Length of this step = 35963 mm 
 Number of propagation trials = 1 ( vs maximum = 10 for 'important' particles ) 
   ( Number of *calls* of Transport/AlongStepDoIt = 30531908 )

*** This is just a warning message. ***
-------- WWWW -------- G4Exception-END --------- WWWW -------

G4WT13 > 
-------- WWWW ------- G4Exception-START -------- WWWW -------
*** G4Exception : Transport-001-ExcessSteps
      issued by : G4Transportation::AlongStepDoIt
 Transportation is killing track that is looping or stuck. 
   Track is e- and has 113.821 MeV energy  ( pre-Step = 113.821 ) 
   momentum = (88.8517,71.9359,1.48837) mag= 114.331
   position = (3558.53,2754.43,448.279) is in volume 'MagnetEnvelope',  its material is 'G4_Galactic' with density = 1e-25 g/cm^3 
 Total number of Steps by this track: 2
 Length of this step = 21811.1 mm 
 Number of propagation trials = 1 ( vs maximum = 10 for 'important' particles ) 
   ( Number of *calls* of Transport/AlongStepDoIt = 32872637 )

*** This is just a warning message. ***
-------- WWWW -------- G4Exception-END --------- WWWW -------

G4WT15 > 
-------- WWWW ------- G4Exception-START -------- WWWW -------
*** G4Exception : Transport-001-ExcessSteps
      issued by : G4Transportation::AlongStepDoIt
 Transportation is killing track that is looping or stuck. 
   Track is e- and has 140.812 MeV energy  ( pre-Step = 140.812 ) 
   momentum = (120.414,25.2422,-69.5352) mag= 141.322
   position = (4222.26,-1556.45,-146.563) is in volume 'MagnetEnvelope',  its material is 'G4_Galactic' with density = 1e-25 g/cm^3 
 Total number of Steps by this track: 101
 Length of this step = 33475.1 mm 
 Number of propagation trials = 1 ( vs maximum = 10 for 'important' particles ) 
   ( Number of *calls* of Transport/AlongStepDoIt = 32012493 )

*** This is just a warning message. ***
-------- WWWW -------- G4Exception-END --------- WWWW -------

G4WT9 > 
-------- WWWW ------- G4Exception-START -------- WWWW -------
*** G4Exception : Transport-001-ExcessSteps
      issued by : G4Transportation::AlongStepDoIt
 Transportation is killing track that is looping or stuck. 
   Track is e- and has 152.953 MeV energy  ( pre-Step = 152.953 ) 
   momentum = (-105.178,-78.5831,79.4566) mag= 153.463
   position = (-3300.71,-3058.64,419.117) is in volume 'MagnetEnvelope',  its material is 'G4_Galactic' with density = 1e-25 g/cm^3 
 Total number of Steps by this track: 73
 Length of this step = 25064.7 mm 
 Number of propagation trials = 1 ( vs maximum = 10 for 'important' particles ) 
   ( Number of *calls* of Transport/AlongStepDoIt = 31655077 )

*** This is just a warning message. ***
-------- WWWW -------- G4Exception-END --------- WWWW -------

G4WT15 > 
-------- WWWW ------- G4Exception-START -------- WWWW -------
*** G4Exception : Transport-001-ExcessSteps
      issued by : G4Transportation::AlongStepDoIt
 Transportation is killing track that is looping or stuck. 
   Track is e- and has 164.016 MeV energy  ( pre-Step = 164.016 ) 
   momentum = (126.415,-99.3362,34.934) mag= 164.526
   position = (4329.76,-1226.06,1776.39) is in volume 'MagnetEnvelope',  its material is 'G4_Galactic' with density = 1e-25 g/cm^3 
 Total number of Steps by this track: 2
 Length of this step = 34654.1 mm 
 Number of propagation trials = 1 ( vs maximum = 10 for 'important' particles ) 
   ( Number of *calls* of Transport/AlongStepDoIt = 32060001 )

*** This is just a warning message. ***
-------- WWWW -------- G4Exception-END --------- WWWW -------

G4WT4 > 
-------- WWWW ------- G4Exception-START -------- WWWW -------
*** G4Exception : Transport-001-ExcessSteps
      issued by : G4Transportation::AlongStepDoIt
 Transportation is killing track that is looping or stuck. 
   Track is e- and has 106.881 MeV energy  ( pre-Step = 106.881 ) 
   momentum = (-104.123,25.1357,-7.71082) mag= 107.391
   position = (-4325.96,1239.37,-249.083) is in volume 'MagnetEnvelope',  its material is 'G4_Galactic' with density = 1e-25 g/cm^3 
 Total number of Steps by this track: 2
 Length of this step = 28020.7 mm 
 Number of propagation trials = 1 ( vs maximum = 10 for 'important' particles ) 
   ( Number of *calls* of Transport/AlongStepDoIt = 34646196 )

*** This is just a warning message. ***
-------- WWWW -------- G4Exception-END --------- WWWW -------

G4WT15 > 
-------- WWWW ------- G4Exception-START -------- WWWW -------
*** G4Exception : Transport-001-ExcessSteps
      issued by : G4Transportation::AlongStepDoIt
 Transportation is killing track that is looping or stuck. 
   Track is e- and has 150.112 MeV energy  ( pre-Step = 150.112 ) 
   momentum = (-35.5617,20.461,144.926) mag= 150.622
   position = (-6248.54,-2895.9,681.386) is in volume 'MagnetEnvelope',  its material is 'G4_Galactic' with density = 1e-25 g/cm^3 
 Total number of Steps by this track: 1
 Length of this step = 32587.3 mm 
 Number of propagation trials = 1 ( vs maximum = 10 for 'important' particles ) 
   ( Number of *calls* of Transport/AlongStepDoIt = 32552856 )

*** This is just a warning message. ***
-------- WWWW -------- G4Exception-END --------- WWWW -------

G4WT11 > 
-------- WWWW ------- G4Exception-START -------- WWWW -------
*** G4Exception : Transport-001-ExcessSteps
      issued by : G4Transportation::AlongStepDoIt
 Transportation is killing track that is looping or stuck. 
   Track is e+ and has 126.638 MeV energy  ( pre-Step = 126.638 ) 
   momentum = (-35.1815,122.142,3.22021) mag= 127.148
   position = (-1311.63,4304.6,1392.86) is in volume 'MagnetEnvelope',  its material is 'G4_Galactic' with density = 1e-25 g/cm^3 
 Total number of Steps by this track: 185
 Length of this step = 30329.1 mm 
 Number of propagation trials = 1 ( vs maximum = 10 for 'important' particles ) 
   ( Number of *calls* of Transport/AlongStepDoIt = 29765340 )

*** This is just a warning message. ***
-------- WWWW -------- G4Exception-END --------- WWWW -------

G4WT9 > 
-------- WWWW ------- G4Exception-START -------- WWWW -------
*** G4Exception : Transport-001-ExcessSteps
      issued by : G4Transportation::AlongStepDoIt
 Transportation is killing track that is looping or stuck. 
   Track is e- and has 100.936 MeV energy  ( pre-Step = 100.936 ) 
   momentum = (-86.8287,33.5091,-40.3632) mag= 101.446
   position = (-4313.62,1281.69,434.939) is in volume 'MagnetEnvelope',  its material is 'G4_Galactic' with density = 1e-25 g/cm^3 
 Total number of Steps by this track: 82
 Length of this step = 18181.7 mm 
 Number of propagation trials = 1 ( vs maximum = 10 for 'important' particles ) 
   ( Number of *calls* of Transport/AlongStepDoIt = 32143091 )

*** This is just a warning message. ***
-------- WWWW -------- G4Exception-END --------- WWWW -------

G4WT3 > 
-------- WWWW ------- G4Exception-START -------- WWWW -------
*** G4Exception : Transport-001-ExcessSteps
      issued by : G4Transportation::AlongStepDoIt
 Transportation is killing track that is looping or stuck. 
   Track is e+ and has 113.847 MeV energy  ( pre-Step = 113.847 ) 
   momentum = (80.964,79.0249,16.6558) mag= 114.357
   position = (3228.66,3134.6,821.759) is in volume 'MagnetEnvelope',  its material is 'G4_Galactic' with density = 1e-25 g/cm^3 
 Total number of Steps by this track: 2
 Length of this step = 22919 mm 
 Number of propagation trials = 1 ( vs maximum = 10 for 'important' particles ) 
   ( Number of *calls* of Transport/AlongStepDoIt = 31624900 )

*** This is just a warning message. ***
-------- WWWW -------- G4Exception-END --------- WWWW -------

G4WT3 > 
-------- WWWW ------- G4Exception-START -------- WWWW -------
*** G4Exception : Transport-001-ExcessSteps
      issued by : G4Transportation::AlongStepDoIt
 Transportation is killing track that is looping or stuck. 
   Track is e- and has 177.004 MeV energy  ( pre-Step = 177.004 ) 
   momentum = (-157.715,-63.3422,51.2378) mag= 177.515
   position = (-4257.08,-1458.52,1349.35) is in volume 'MagnetEnvelope',  its material is 'G4_Galactic' with density = 1e-25 g/cm^3 
 Total number of Steps by this track: 2
 Length of this step = 30975 mm 
 Number of propagation trials = 1 ( vs maximum = 10 for 'important' particles ) 
   ( Number of *calls* of Transport/AlongStepDoIt = 32069348 )

*** This is just a warning message. ***
-------- WWWW -------- G4Exception-END --------- WWWW -------

G4WT3 > 
-------- WWWW ------- G4Exception-START -------- WWWW -------
*** G4Exception : Transport-001-ExcessSteps
      issued by : G4Transportation::AlongStepDoIt
 Transportation is killing track that is looping or stuck. 
   Track is e+ and has 111.325 MeV energy  ( pre-Step = 111.325 ) 
   momentum = (85.2203,37.943,-61.6833) mag= 111.835
   position = (3913.35,2221.64,458.181) is in volume 'MagnetEnvelope',  its material is 'G4_Galactic' with density = 1e-25 g/cm^3 
 Total number of Steps by this track: 83
 Length of this step = 30713.3 mm 
 Number of propagation trials = 1 ( vs maximum = 10 for 'important' particles ) 
   ( Number of *calls* of Transport/AlongStepDoIt = 32202819 )

*** This is just a warning message. ***
-------- WWWW -------- G4Exception-END --------- WWWW -------

G4WT7 > --> Event 9500 starts with initial seeds (42228121,44635960).
G4WT2 > 
-------- WWWW ------- G4Exception-START -------- WWWW -------
*** G4Exception : Transport-001-ExcessSteps
      issued by : G4Transportation::AlongStepDoIt
 Transportation is killing track that is looping or stuck. 
   Track is e+ and has 112.666 MeV energy  ( pre-Step = 112.666 ) 
   momentum = (71.3056,87.2768,-10.3406) mag= 113.175
   position = (-4042.58,-5321.85,-1682.4) is in volume 'MagnetEnvelope',  its material is 'G4_Galactic' with density = 1e-25 g/cm^3 
 Total number of Steps by this track: 16
 Length of this step = 32228.4 mm 
 Number of propagation trials = 1 ( vs maximum = 10 for 'important' particles ) 
   ( Number of *calls* of Transport/AlongStepDoIt = 34951738 )

*** This is just a warning message. ***
-------- WWWW -------- G4Exception-END --------- WWWW -------

G4WT10 > 
-------- WWWW ------- G4Exception-START -------- WWWW -------
*** G4Exception : Transport-001-ExcessSteps
      issued by : G4Transportation::AlongStepDoIt
 Transportation is killing track that is looping or stuck. 
   Track is e+ and has 151.25 MeV energy  ( pre-Step = 151.25 ) 
   momentum = (113.455,100.732,-3.50669) mag= 151.76
   position = (3199.42,3164.45,-356.327) is in volume 'MagnetEnvelope',  its material is 'G4_Galactic' with density = 1e-25 g/cm^3 
 Total number of Steps by this track: 4
 Length of this step = 25642.7 mm 
 Number of propagation trials = 1 ( vs maximum = 10 for 'important' particles ) 
   ( Number of *calls* of Transport/AlongStepDoIt = 32350853 )

*** This is just a warning message. ***
-------- WWWW -------- G4Exception-END --------- WWWW -------

G4WT0 > 
-------- WWWW ------- G4Exception-START -------- WWWW -------
*** G4Exception : Transport-001-ExcessSteps
      issued by : G4Transportation::AlongStepDoIt
 Transportation is killing track that is looping or stuck. 
   Track is e+ and has 105.171 MeV energy  ( pre-Step = 105.171 ) 
   momentum = (-12.2083,-89.8408,-54.2949) mag= 105.68
   position = (-409.803,-4481.3,-2476.08) is in volume 'MagnetEnvelope',  its material is 'G4_Galactic' with density = 1e-25 g/cm^3 
 Total number of Steps by this track: 4
 Length of this step = 38248.6 mm 
 Number of propagation trials = 1 ( vs maximum = 10 for 'important' particles ) 
   ( Number of *calls* of Transport/AlongStepDoIt = 35573997 )

*** This is just a warning message. ***
-------- WWWW -------- G4Exception-END --------- WWWW -------

G4WT10 > 
-------- WWWW ------- G4Exception-START -------- WWWW -------
*** G4Exception : Transport-001-ExcessSteps
      issued by : G4Transportation::AlongStepDoIt
 Transportation is killing track that is looping or stuck. 
   Track is e+ and has 129.401 MeV energy  ( pre-Step = 129.401 ) 
   momentum = (-86.0337,95.5538,18.5618) mag= 129.911
   position = (-2954.59,3394.17,540.191) is in volume 'MagnetEnvelope',  its material is 'G4_Galactic' with density = 1e-25 g/cm^3 
 Total number of Steps by this track: 3
 Length of this step = 22957.2 mm 
 Number of propagation trials = 1 ( vs maximum = 10 for 'important' particles ) 
   ( Number of *calls* of Transport/AlongStepDoIt = 32986600 )

*** This is just a warning message. ***
-------- WWWW -------- G4Exception-END --------- WWWW -------

G4WT2 > 
-------- WWWW ------- G4Exception-START -------- WWWW -------
*** G4Exception : Transport-001-ExcessSteps
      issued by : G4Transportation::AlongStepDoIt
 Transportation is killing track that is looping or stuck. 
   Track is e- and has 112.562 MeV energy  ( pre-Step = 112.562 ) 
   momentum = (-109.838,26.8253,1.20179) mag= 113.072
   position = (-4315.72,1274.57,58.5488) is in volume 'MagnetEnvelope',  its material is 'G4_Galactic' with density = 1e-25 g/cm^3 
 Total number of Steps by this track: 4
 Length of this step = 30437.4 mm 
 Number of propagation trials = 1 ( vs maximum = 10 for 'important' particles ) 
   ( Number of *calls* of Transport/AlongStepDoIt = 36447482 )

*** This is just a warning message. ***
-------- WWWW -------- G4Exception-END --------- WWWW -------

G4WT11 > 
-------- WWWW ------- G4Exception-START -------- WWWW -------
*** G4Exception : Transport-001-ExcessSteps
      issued by : G4Transportation::AlongStepDoIt
 Transportation is killing track that is looping or stuck. 
   Track is e+ and has 105.133 MeV energy  ( pre-Step = 105.133 ) 
   momentum = (89.1539,5.37824,-56.4182) mag= 105.643
   position = (3250.12,3112.35,1391.23) is in volume 'MagnetEnvelope',  its material is 'G4_Galactic' with density = 1e-25 g/cm^3 
 Total number of Steps by this track: 78
 Length of this step = 23167 mm 
 Number of propagation trials = 1 ( vs maximum = 10 for 'important' particles ) 
   ( Number of *calls* of Transport/AlongStepDoIt = 31027964 )

*** This is just a warning message. ***
-------- WWWW -------- G4Exception-END --------- WWWW -------

G4WT1 > 
-------- WWWW ------- G4Exception-START -------- WWWW -------
*** G4Exception : Transport-001-ExcessSteps
      issued by : G4Transportation::AlongStepDoIt
 Transportation is killing track that is looping or stuck. 
   Track is e- and has 142.305 MeV energy  ( pre-Step = 142.305 ) 
   momentum = (-127.533,-41.2101,49.3279) mag= 142.815
   position = (-4313.36,-1282.53,1575.2) is in volume 'MagnetEnvelope',  its material is 'G4_Galactic' with density = 1e-25 g/cm^3 
 Total number of Steps by this track: 2
 Length of this step = 34706.2 mm 
 Number of propagation trials = 1 ( vs maximum = 10 for 'important' particles ) 
   ( Number of *calls* of Transport/AlongStepDoIt = 35577233 )

*** This is just a warning message. ***
-------- WWWW -------- G4Exception-END --------- WWWW -------

G4WT12 > 
-------- WWWW ------- G4Exception-START -------- WWWW -------
*** G4Exception : Transport-001-ExcessSteps
      issued by : G4Transportation::AlongStepDoIt
 Transportation is killing track that is looping or stuck. 
   Track is e+ and has 121.347 MeV energy  ( pre-Step = 121.347 ) 
   momentum = (-58.9889,-45.3727,-96.4919) mag= 121.857
   position = (211.997,-4495,3506.81) is in volume 'MagnetEnvelope',  its material is 'G4_Galactic' with density = 1e-25 g/cm^3 
 Total number of Steps by this track: 4
 Length of this step = 35110.2 mm 
 Number of propagation trials = 1 ( vs maximum = 10 for 'important' particles ) 
   ( Number of *calls* of Transport/AlongStepDoIt = 31963417 )

*** This is just a warning message. ***
-------- WWWW -------- G4Exception-END --------- WWWW -------

G4WT15 > 
-------- WWWW ------- G4Exception-START -------- WWWW -------
*** G4Exception : Transport-001-ExcessSteps
      issued by : G4Transportation::AlongStepDoIt
 Transportation is killing track that is looping or stuck. 
   Track is e+ and has 127.47 MeV energy  ( pre-Step = 127.47 ) 
   momentum = (121.377,38.2903,13.4249) mag= 127.98
   position = (4353.29,1139.68,456.559) is in volume 'MagnetEnvelope',  its material is 'G4_Galactic' with density = 1e-25 g/cm^3 
 Total number of Steps by this track: 7
 Length of this step = 35841.9 mm 
 Number of propagation trials = 1 ( vs maximum = 10 for 'important' particles ) 
   ( Number of *calls* of Transport/AlongStepDoIt = 33761089 )

*** This is just a warning message. ***
-------- WWWW -------- G4Exception-END --------- WWWW -------

G4WT3 > 
-------- WWWW ------- G4Exception-START -------- WWWW -------
*** G4Exception : Transport-001-ExcessSteps
      issued by : G4Transportation::AlongStepDoIt
 Transportation is killing track that is looping or stuck. 
   Track is e+ and has 174.327 MeV energy  ( pre-Step = 174.327 ) 
   momentum = (-40.4117,167.416,-30.1138) mag= 174.837
   position = (-987.345,4390.35,-818.041) is in volume 'MagnetEnvelope',  its material is 'G4_Galactic' with density = 1e-25 g/cm^3 
 Total number of Steps by this track: 3
 Length of this step = 26451.9 mm 
 Number of propagation trials = 1 ( vs maximum = 10 for 'important' particles ) 
   ( Number of *calls* of Transport/AlongStepDoIt = 34102441 )

*** This is just a warning message. ***
-------- WWWW -------- G4Exception-END --------- WWWW -------

G4WT15 > 
-------- WWWW ------- G4Exception-START -------- WWWW -------
*** G4Exception : Transport-001-ExcessSteps
      issued by : G4Transportation::AlongStepDoIt
 Transportation is killing track that is looping or stuck. 
   Track is e- and has 180.581 MeV energy  ( pre-Step = 180.581 ) 
   momentum = (165.96,-17.9577,70.2051) mag= 181.091
   position = (2751.98,3560.42,-1122) is in volume 'MagnetEnvelope',  its material is 'G4_Galactic' with density = 1e-25 g/cm^3 
 Total number of Steps by this track: 73
 Length of this step = 29196.6 mm 
 Number of propagation trials = 1 ( vs maximum = 10 for 'important' particles ) 
   ( Number of *calls* of Transport/AlongStepDoIt = 34903753 )

*** This is just a warning message. ***
-------- WWWW -------- G4Exception-END --------- WWWW -------

G4WT0 > 
-------- WWWW ------- G4Exception-START -------- WWWW -------
*** G4Exception : Transport-001-ExcessSteps
      issued by : G4Transportation::AlongStepDoIt
 Transportation is killing track that is looping or stuck. 
   Track is e+ and has 140.068 MeV energy  ( pre-Step = 140.068 ) 
   momentum = (118.257,71.6381,-25.4044) mag= 140.578
   position = (3973.27,2112.62,479.912) is in volume 'MagnetEnvelope',  its material is 'G4_Galactic' with density = 1e-25 g/cm^3 
 Total number of Steps by this track: 109
 Length of this step = 35175.4 mm 
 Number of propagation trials = 1 ( vs maximum = 10 for 'important' particles ) 
   ( Number of *calls* of Transport/AlongStepDoIt = 37535405 )

*** This is just a warning message. ***
-------- WWWW -------- G4Exception-END --------- WWWW -------

G4WT10 > 
-------- WWWW ------- G4Exception-START -------- WWWW -------
*** G4Exception : Transport-001-ExcessSteps
      issued by : G4Transportation::AlongStepDoIt
 Transportation is killing track that is looping or stuck. 
   Track is e- and has 139.087 MeV energy  ( pre-Step = 139.087 ) 
   momentum = (115.752,-77.9147,-4.26552) mag= 139.597
   position = (4011,-2040.07,904.172) is in volume 'MagnetEnvelope',  its material is 'G4_Galactic' with density = 1e-25 g/cm^3 
 Total number of Steps by this track: 153
 Length of this step = 34167.2 mm 
 Number of propagation trials = 1 ( vs maximum = 10 for 'important' particles ) 
   ( Number of *calls* of Transport/AlongStepDoIt = 34003240 )

*** This is just a warning message. ***
-------- WWWW -------- G4Exception-END --------- WWWW -------

G4WT12 > 
-------- WWWW ------- G4Exception-START -------- WWWW -------
*** G4Exception : Transport-001-ExcessSteps
      issued by : G4Transportation::AlongStepDoIt
 Transportation is killing track that is looping or stuck. 
   Track is e+ and has 135.64 MeV energy  ( pre-Step = 135.64 ) 
   momentum = (-110.566,73.8749,29.2339) mag= 136.15
   position = (-3888.6,-2264.68,1475.25) is in volume 'MagnetEnvelope',  its material is 'G4_Galactic' with density = 1e-25 g/cm^3 
 Total number of Steps by this track: 223
 Length of this step = 31082.9 mm 
 Number of propagation trials = 1 ( vs maximum = 10 for 'important' particles ) 
   ( Number of *calls* of Transport/AlongStepDoIt = 32977293 )

*** This is just a warning message. ***
-------- WWWW -------- G4Exception-END --------- WWWW -------

G4WT14 > 
-------- WWWW ------- G4Exception-START -------- WWWW -------
*** G4Exception : Transport-001-ExcessSteps
      issued by : G4Transportation::AlongStepDoIt
 Transportation is killing track that is looping or stuck. 
   Track is e+ and has 183.435 MeV energy  ( pre-Step = 183.435 ) 
   momentum = (-117.319,109.194,90.2697) mag= 183.945
   position = (-4108.34,1836.18,-3959.64) is in volume 'MagnetEnvelope',  its material is 'G4_Galactic' with density = 1e-25 g/cm^3 
 Total number of Steps by this track: 2
 Length of this step = 36969.6 mm 
 Number of propagation trials = 1 ( vs maximum = 10 for 'important' particles ) 
   ( Number of *calls* of Transport/AlongStepDoIt = 36068949 )

*** This is just a warning message. ***
-------- WWWW -------- G4Exception-END --------- WWWW -------

G4WT13 > 
-------- WWWW ------- G4Exception-START -------- WWWW -------
*** G4Exception : Transport-001-ExcessSteps
      issued by : G4Transportation::AlongStepDoIt
 Transportation is killing track that is looping or stuck. 
   Track is e+ and has 159.871 MeV energy  ( pre-Step = 159.871 ) 
   momentum = (149.035,51.6155,-29.0954) mag= 160.381
   position = (4321.18,1255.96,-835.427) is in volume 'MagnetEnvelope',  its material is 'G4_Galactic' with density = 1e-25 g/cm^3 
 Total number of Steps by this track: 3
 Length of this step = 40824.3 mm 
 Number of propagation trials = 1 ( vs maximum = 10 for 'important' particles ) 
   ( Number of *calls* of Transport/AlongStepDoIt = 36028146 )

*** This is just a warning message. ***
-------- WWWW -------- G4Exception-END --------- WWWW -------

G4WT8 > 
-------- WWWW ------- G4Exception-START -------- WWWW -------
*** G4Exception : Transport-001-ExcessSteps
      issued by : G4Transportation::AlongStepDoIt
 Transportation is killing track that is looping or stuck. 
   Track is e+ and has 134.108 MeV energy  ( pre-Step = 134.108 ) 
   momentum = (99.3496,-74.8086,-51.5301) mag= 134.618
   position = (4526.45,-5364.62,2646.06) is in volume 'MagnetEnvelope',  its material is 'G4_Galactic' with density = 1e-25 g/cm^3 
 Total number of Steps by this track: 5
 Length of this step = 39913.8 mm 
 Number of propagation trials = 1 ( vs maximum = 10 for 'important' particles ) 
   ( Number of *calls* of Transport/AlongStepDoIt = 35736355 )

*** This is just a warning message. ***
-------- WWWW -------- G4Exception-END --------- WWWW -------

G4WT14 > 
-------- WWWW ------- G4Exception-START -------- WWWW -------
*** G4Exception : Transport-001-ExcessSteps
      issued by : G4Transportation::AlongStepDoIt
 Transportation is killing track that is looping or stuck. 
   Track is e- and has 105.474 MeV energy  ( pre-Step = 105.474 ) 
   momentum = (80.898,-61.3873,30.3256) mag= 105.984
   position = (3487.45,-2843.89,1423.23) is in volume 'MagnetEnvelope',  its material is 'G4_Galactic' with density = 1e-25 g/cm^3 
 Total number of Steps by this track: 3
 Length of this step = 22455.5 mm 
 Number of propagation trials = 1 ( vs maximum = 10 for 'important' particles ) 
   ( Number of *calls* of Transport/AlongStepDoIt = 36425518 )

*** This is just a warning message. ***
-------- WWWW -------- G4Exception-END --------- WWWW -------

G4WT9 > 
-------- WWWW ------- G4Exception-START -------- WWWW -------
*** G4Exception : Transport-001-ExcessSteps
      issued by : G4Transportation::AlongStepDoIt
 Transportation is killing track that is looping or stuck. 
   Track is e+ and has 111.059 MeV energy  ( pre-Step = 111.059 ) 
   momentum = (10.2753,-70.4172,-85.9264) mag= 111.568
   position = (727.773,-4286.77,-5000) is in volume 'MagnetEnvelope',  its material is 'G4_Galactic' with density = 1e-25 g/cm^3 
 Total number of Steps by this track: 2
 Length of this step = 35741.9 mm 
 Number of propagation trials = 1 ( vs maximum = 10 for 'important' particles ) 
   ( Number of *calls* of Transport/AlongStepDoIt = 34339948 )

*** This is just a warning message. ***
-------- WWWW -------- G4Exception-END --------- WWWW -------

G4WT9 > 
-------- WWWW ------- G4Exception-START -------- WWWW -------
*** G4Exception : Transport-001-ExcessSteps
      issued by : G4Transportation::AlongStepDoIt
 Transportation is killing track that is looping or stuck. 
   Track is e+ and has 138.2 MeV energy  ( pre-Step = 138.2 ) 
   momentum = (-42.9874,-95.4,-91.0566) mag= 138.71
   position = (-1454.41,-4258.48,-3882.33) is in volume 'MagnetEnvelope',  its material is 'G4_Galactic' with density = 1e-25 g/cm^3 
 Total number of Steps by this track: 7
 Length of this step = 33853 mm 
 Number of propagation trials = 1 ( vs maximum = 10 for 'important' particles ) 
   ( Number of *calls* of Transport/AlongStepDoIt = 34341048 )

*** This is just a warning message. ***
-------- WWWW -------- G4Exception-END --------- WWWW -------

G4WT2 > 
-------- WWWW ------- G4Exception-START -------- WWWW -------
*** G4Exception : Transport-001-ExcessSteps
      issued by : G4Transportation::AlongStepDoIt
 Transportation is killing track that is looping or stuck. 
   Track is e- and has 152.324 MeV energy  ( pre-Step = 152.324 ) 
   momentum = (-100.209,115.223,-6.33162) mag= 152.834
   position = (-2898.76,3441.98,-286.35) is in volume 'MagnetEnvelope',  its material is 'G4_Galactic' with density = 1e-25 g/cm^3 
 Total number of Steps by this track: 2
 Length of this step = 22288.1 mm 
 Number of propagation trials = 1 ( vs maximum = 10 for 'important' particles ) 
   ( Number of *calls* of Transport/AlongStepDoIt = 37931590 )

*** This is just a warning message. ***
-------- WWWW -------- G4Exception-END --------- WWWW -------

G4WT8 > 
-------- WWWW ------- G4Exception-START -------- WWWW -------
*** G4Exception : Transport-001-ExcessSteps
      issued by : G4Transportation::AlongStepDoIt
 Transportation is killing track that is looping or stuck. 
   Track is e- and has 106.404 MeV energy  ( pre-Step = 106.404 ) 
   momentum = (-6.23591,0.468886,-106.731) mag= 106.914
   position = (-722.27,4441.66,-3012.71) is in volume 'MagnetEnvelope',  its material is 'G4_Galactic' with density = 1e-25 g/cm^3 
 Total number of Steps by this track: 21
 Length of this step = 34153.8 mm 
 Number of propagation trials = 1 ( vs maximum = 10 for 'important' particles ) 
   ( Number of *calls* of Transport/AlongStepDoIt = 36233764 )

*** This is just a warning message. ***
-------- WWWW -------- G4Exception-END --------- WWWW -------

G4WT4 > 
-------- WWWW ------- G4Exception-START -------- WWWW -------
*** G4Exception : Transport-001-ExcessSteps
      issued by : G4Transportation::AlongStepDoIt
 Transportation is killing track that is looping or stuck. 
   Track is e+ and has 108.565 MeV energy  ( pre-Step = 108.565 ) 
   momentum = (-61.8447,27.1658,85.6416) mag= 109.074
   position = (-3416.43,1602.79,5000) is in volume 'MagnetEnvelope',  its material is 'G4_Galactic' with density = 1e-25 g/cm^3 
 Total number of Steps by this track: 4
 Length of this step = 39527.1 mm 
 Number of propagation trials = 1 ( vs maximum = 10 for 'important' particles ) 
   ( Number of *calls* of Transport/AlongStepDoIt = 38470821 )

*** This is just a warning message. ***
-------- WWWW -------- G4Exception-END --------- WWWW -------

G4WT3 > 
-------- WWWW ------- G4Exception-START -------- WWWW -------
*** G4Exception : Transport-001-ExcessSteps
      issued by : G4Transportation::AlongStepDoIt
 Transportation is killing track that is looping or stuck. 
   Track is e- and has 100.879 MeV energy  ( pre-Step = 100.879 ) 
   momentum = (-11.4654,58.0862,-82.3054) mag= 101.389
   position = (608.603,4458.65,-2855.73) is in volume 'MagnetEnvelope',  its material is 'G4_Galactic' with density = 1e-25 g/cm^3 
 Total number of Steps by this track: 3
 Length of this step = 29796 mm 
 Number of propagation trials = 1 ( vs maximum = 10 for 'important' particles ) 
   ( Number of *calls* of Transport/AlongStepDoIt = 35419874 )

*** This is just a warning message. ***
-------- WWWW -------- G4Exception-END --------- WWWW -------

G4WT0 > 
-------- WWWW ------- G4Exception-START -------- WWWW -------
*** G4Exception : Transport-001-ExcessSteps
      issued by : G4Transportation::AlongStepDoIt
 Transportation is killing track that is looping or stuck. 
   Track is e- and has 113.964 MeV energy  ( pre-Step = 113.964 ) 
   momentum = (-113.46,0.321556,15.2) mag= 114.474
   position = (-8335,1378.05,2188.81) is in volume 'MagnetEnvelope',  its material is 'G4_Galactic' with density = 1e-25 g/cm^3 
 Total number of Steps by this track: 3
 Length of this step = 19230.5 mm 
 Number of propagation trials = 1 ( vs maximum = 10 for 'important' particles ) 
   ( Number of *calls* of Transport/AlongStepDoIt = 38914764 )

*** This is just a warning message. ***
-------- WWWW -------- G4Exception-END --------- WWWW -------

G4WT0 > 
-------- WWWW ------- G4Exception-START -------- WWWW -------
*** G4Exception : Transport-001-ExcessSteps
      issued by : G4Transportation::AlongStepDoIt
 Transportation is killing track that is looping or stuck. 
   Track is e- and has 203.351 MeV energy  ( pre-Step = 203.351 ) 
   momentum = (-56.1936,-57.6531,187.29) mag= 203.861
   position = (-8335,1365.44,2224.83) is in volume 'MagnetEnvelope',  its material is 'G4_Galactic' with density = 1e-25 g/cm^3 
 Total number of Steps by this track: 4
 Length of this step = 39080.7 mm 
 Number of propagation trials = 1 ( vs maximum = 10 for 'important' particles ) 
   ( Number of *calls* of Transport/AlongStepDoIt = 38919919 )

*** This is just a warning message. ***
-------- WWWW -------- G4Exception-END --------- WWWW -------

G4WT4 > 
-------- WWWW ------- G4Exception-START -------- WWWW -------
*** G4Exception : Transport-001-ExcessSteps
      issued by : G4Transportation::AlongStepDoIt
 Transportation is killing track that is looping or stuck. 
   Track is e+ and has 114.047 MeV energy  ( pre-Step = 114.047 ) 
   momentum = (-68.5345,83.5156,38.0971) mag= 114.557
   position = (-4220.48,1561.26,1140.79) is in volume 'MagnetEnvelope',  its material is 'G4_Galactic' with density = 1e-25 g/cm^3 
 Total number of Steps by this track: 5
 Length of this step = 24058.1 mm 
 Number of propagation trials = 1 ( vs maximum = 10 for 'important' particles ) 
   ( Number of *calls* of Transport/AlongStepDoIt = 39627011 )

*** This is just a warning message. ***
-------- WWWW -------- G4Exception-END --------- WWWW -------

G4WT13 > 
-------- WWWW ------- G4Exception-START -------- WWWW -------
*** G4Exception : Transport-001-ExcessSteps
      issued by : G4Transportation::AlongStepDoIt
 Transportation is killing track that is looping or stuck. 
   Track is e+ and has 149.325 MeV energy  ( pre-Step = 149.325 ) 
   momentum = (-125.274,80.7559,15.3514) mag= 149.836
   position = (-3869.62,2296.96,525.503) is in volume 'MagnetEnvelope',  its material is 'G4_Galactic' with density = 1e-25 g/cm^3 
 Total number of Steps by this track: 5
 Length of this step = 32162.2 mm 
 Number of propagation trials = 1 ( vs maximum = 10 for 'important' particles ) 
   ( Number of *calls* of Transport/AlongStepDoIt = 38302445 )

*** This is just a warning message. ***
-------- WWWW -------- G4Exception-END --------- WWWW -------

G4WT7 > 
-------- WWWW ------- G4Exception-START -------- WWWW -------
*** G4Exception : Transport-001-ExcessSteps
      issued by : G4Transportation::AlongStepDoIt
 Transportation is killing track that is looping or stuck. 
   Track is e+ and has 118.965 MeV energy  ( pre-Step = 118.965 ) 
   momentum = (-109.891,-45.515,11.2543) mag= 119.475
   position = (-3920.46,-2209.07,417.899) is in volume 'MagnetEnvelope',  its material is 'G4_Galactic' with density = 1e-25 g/cm^3 
 Total number of Steps by this track: 5
 Length of this step = 32684.9 mm 
 Number of propagation trials = 1 ( vs maximum = 10 for 'important' particles ) 
   ( Number of *calls* of Transport/AlongStepDoIt = 37007906 )

*** This is just a warning message. ***
-------- WWWW -------- G4Exception-END --------- WWWW -------

G4WT4 > 
-------- WWWW ------- G4Exception-START -------- WWWW -------
*** G4Exception : Transport-001-ExcessSteps
      issued by : G4Transportation::AlongStepDoIt
 Transportation is killing track that is looping or stuck. 
   Track is e+ and has 110.434 MeV energy  ( pre-Step = 110.434 ) 
   momentum = (83.647,69.8139,20.9203) mag= 110.944
   position = (4045.67,-1970.43,24.0177) is in volume 'MagnetEnvelope',  its material is 'G4_Galactic' with density = 1e-25 g/cm^3 
 Total number of Steps by this track: 5
 Length of this step = 35580.2 mm 
 Number of propagation trials = 1 ( vs maximum = 10 for 'important' particles ) 
   ( Number of *calls* of Transport/AlongStepDoIt = 40928575 )

*** This is just a warning message. ***
-------- WWWW -------- G4Exception-END --------- WWWW -------

G4WT14 > 
-------- WWWW ------- G4Exception-START -------- WWWW -------
*** G4Exception : Transport-001-ExcessSteps
      issued by : G4Transportation::AlongStepDoIt
 Transportation is killing track that is looping or stuck. 
   Track is e+ and has 108.335 MeV energy  ( pre-Step = 108.335 ) 
   momentum = (-96.8062,9.39681,-48.8614) mag= 108.845
   position = (-3727.2,2521.5,-639.449) is in volume 'MagnetEnvelope',  its material is 'G4_Galactic' with density = 1e-25 g/cm^3 
 Total number of Steps by this track: 91
 Length of this step = 27149.3 mm 
 Number of propagation trials = 1 ( vs maximum = 10 for 'important' particles ) 
   ( Number of *calls* of Transport/AlongStepDoIt = 38624962 )

*** This is just a warning message. ***
-------- WWWW -------- G4Exception-END --------- WWWW -------

G4WT12 > 
-------- WWWW ------- G4Exception-START -------- WWWW -------
*** G4Exception : Transport-001-ExcessSteps
      issued by : G4Transportation::AlongStepDoIt
 Transportation is killing track that is looping or stuck. 
   Track is e+ and has 111.895 MeV energy  ( pre-Step = 111.895 ) 
   momentum = (-105.924,-24.3863,28.6422) mag= 112.405
   position = (-2211.32,3919.19,-1145.65) is in volume 'MagnetEnvelope',  its material is 'G4_Galactic' with density = 1e-25 g/cm^3 
 Total number of Steps by this track: 5
 Length of this step = 21675.9 mm 
 Number of propagation trials = 1 ( vs maximum = 10 for 'important' particles ) 
   ( Number of *calls* of Transport/AlongStepDoIt = 35489991 )

*** This is just a warning message. ***
-------- WWWW -------- G4Exception-END --------- WWWW -------

G4WT14 > 
-------- WWWW ------- G4Exception-START -------- WWWW -------
*** G4Exception : Transport-001-ExcessSteps
      issued by : G4Transportation::AlongStepDoIt
 Transportation is killing track that is looping or stuck. 
   Track is e- and has 101.98 MeV energy  ( pre-Step = 101.98 ) 
   momentum = (59.9453,32.987,76.3052) mag= 102.489
   position = (4087.1,1882.99,-3238.84) is in volume 'MagnetEnvelope',  its material is 'G4_Galactic' with density = 1e-25 g/cm^3 
 Total number of Steps by this track: 4
 Length of this step = 27612.2 mm 
 Number of propagation trials = 1 ( vs maximum = 10 for 'important' particles ) 
   ( Number of *calls* of Transport/AlongStepDoIt = 38799996 )

*** This is just a warning message. ***
-------- WWWW -------- G4Exception-END --------- WWWW -------

G4WT1 > 
-------- WWWW ------- G4Exception-START -------- WWWW -------
*** G4Exception : Transport-001-ExcessSteps
      issued by : G4Transportation::AlongStepDoIt
 Transportation is killing track that is looping or stuck. 
   Track is e+ and has 125.149 MeV energy  ( pre-Step = 125.149 ) 
   momentum = (-44.035,116.714,15.1367) mag= 125.659
   position = (-1478.87,4250.05,530.681) is in volume 'MagnetEnvelope',  its material is 'G4_Galactic' with density = 1e-25 g/cm^3 
 Total number of Steps by this track: 3
 Length of this step = 35530.8 mm 
 Number of propagation trials = 1 ( vs maximum = 10 for 'important' particles ) 
   ( Number of *calls* of Transport/AlongStepDoIt = 39823770 )

*** This is just a warning message. ***
-------- WWWW -------- G4Exception-END --------- WWWW -------

G4WT1 > 
-------- WWWW ------- G4Exception-START -------- WWWW -------
*** G4Exception : Transport-001-ExcessSteps
      issued by : G4Transportation::AlongStepDoIt
 Transportation is killing track that is looping or stuck. 
   Track is e+ and has 113.978 MeV energy  ( pre-Step = 113.978 ) 
   momentum = (-0.938056,-60.0188,97.4907) mag= 114.488
   position = (3630.53,-2658.81,-654.281) is in volume 'MagnetEnvelope',  its material is 'G4_Galactic' with density = 1e-25 g/cm^3 
 Total number of Steps by this track: 314
 Length of this step = 25332.6 mm 
 Number of propagation trials = 1 ( vs maximum = 10 for 'important' particles ) 
   ( Number of *calls* of Transport/AlongStepDoIt = 41108949 )

*** This is just a warning message. ***
-------- WWWW -------- G4Exception-END --------- WWWW -------

G4WT14 > 
-------- WWWW ------- G4Exception-START -------- WWWW -------
*** G4Exception : Transport-001-ExcessSteps
      issued by : G4Transportation::AlongStepDoIt
 Transportation is killing track that is looping or stuck. 
   Track is e- and has 129.933 MeV energy  ( pre-Step = 129.933 ) 
   momentum = (109.057,61.4616,36.6679) mag= 130.443
   position = (4198.02,1620.69,-1186.69) is in volume 'MagnetEnvelope',  its material is 'G4_Galactic' with density = 1e-25 g/cm^3 
 Total number of Steps by this track: 72
 Length of this step = 28429.9 mm 
 Number of propagation trials = 1 ( vs maximum = 10 for 'important' particles ) 
   ( Number of *calls* of Transport/AlongStepDoIt = 40186836 )

*** This is just a warning message. ***
-------- WWWW -------- G4Exception-END --------- WWWW -------

G4WT14 > 
-------- WWWW ------- G4Exception-START -------- WWWW -------
*** G4Exception : Transport-001-ExcessSteps
      issued by : G4Transportation::AlongStepDoIt
 Transportation is killing track that is looping or stuck. 
   Track is e+ and has 134.017 MeV energy  ( pre-Step = 134.017 ) 
   momentum = (34.6061,-90.7663,-93.0673) mag= 134.527
   position = (-817.266,-4425.16,-3801.85) is in volume 'MagnetEnvelope',  its material is 'G4_Galactic' with density = 1e-25 g/cm^3 
 Total number of Steps by this track: 4
 Length of this step = 39636.9 mm 
 Number of propagation trials = 1 ( vs maximum = 10 for 'important' particles ) 
   ( Number of *calls* of Transport/AlongStepDoIt = 40633249 )

*** This is just a warning message. ***
-------- WWWW -------- G4Exception-END --------- WWWW -------

G4WT14 > 
-------- WWWW ------- G4Exception-START -------- WWWW -------
*** G4Exception : Transport-001-ExcessSteps
      issued by : G4Transportation::AlongStepDoIt
 Transportation is killing track that is looping or stuck. 
   Track is e- and has 155.466 MeV energy  ( pre-Step = 155.466 ) 
   momentum = (-19.3212,124.608,-91.8051) mag= 155.976
   position = (-1385.73,4281.32,-204.78) is in volume 'MagnetEnvelope',  its material is 'G4_Galactic' with density = 1e-25 g/cm^3 
 Total number of Steps by this track: 29
 Length of this step = 37100.2 mm 
 Number of propagation trials = 1 ( vs maximum = 10 for 'important' particles ) 
   ( Number of *calls* of Transport/AlongStepDoIt = 40770805 )

*** This is just a warning message. ***
-------- WWWW -------- G4Exception-END --------- WWWW -------

/score/dumpQuantityToFile PhantomMesh energyDeposit PhantomMesh_Edep.txt
ICRP110UserScorer-defined DumpQuantityToFile() method is invoked.
Phantom Sex: male
Phantom Section: full
Selecting data file ICRPdata/MaleData.dat...
Opening Data.dat File...
Number of Phantom Slices Simulated = 222
Number of X Voxels per slice = 254
Number of Y Voxels per slice = 127
Opening Phantom Slice File: AM_slice1.g4dat
Opening Phantom Slice File: AM_slice2.g4dat
Opening Phantom Slice File: AM_slice3.g4dat
Opening Phantom Slice File: AM_slice4.g4dat
Opening Phantom Slice File: AM_slice5.g4dat
Opening Phantom Slice File: AM_slice6.g4dat
Opening Phantom Slice File: AM_slice7.g4dat
Opening Phantom Slice File: AM_slice8.g4dat
Opening Phantom Slice File: AM_slice9.g4dat
Opening Phantom Slice File: AM_slice10.g4dat
Opening Phantom Slice File: AM_slice11.g4dat
Opening Phantom Slice File: AM_slice12.g4dat
Opening Phantom Slice File: AM_slice13.g4dat
Opening Phantom Slice File: AM_slice14.g4dat
Opening Phantom Slice File: AM_slice15.g4dat
Opening Phantom Slice File: AM_slice16.g4dat
Opening Phantom Slice File: AM_slice17.g4dat
Opening Phantom Slice File: AM_slice18.g4dat
Opening Phantom Slice File: AM_slice19.g4dat
Opening Phantom Slice File: AM_slice20.g4dat
Opening Phantom Slice File: AM_slice21.g4dat
Opening Phantom Slice File: AM_slice22.g4dat
Opening Phantom Slice File: AM_slice23.g4dat
Opening Phantom Slice File: AM_slice24.g4dat
Opening Phantom Slice File: AM_slice25.g4dat
Opening Phantom Slice File: AM_slice26.g4dat
Opening Phantom Slice File: AM_slice27.g4dat
Opening Phantom Slice File: AM_slice28.g4dat
Opening Phantom Slice File: AM_slice29.g4dat
Opening Phantom Slice File: AM_slice30.g4dat
Opening Phantom Slice File: AM_slice31.g4dat
Opening Phantom Slice File: AM_slice32.g4dat
Opening Phantom Slice File: AM_slice33.g4dat
Opening Phantom Slice File: AM_slice34.g4dat
Opening Phantom Slice File: AM_slice35.g4dat
Opening Phantom Slice File: AM_slice36.g4dat
Opening Phantom Slice File: AM_slice37.g4dat
Opening Phantom Slice File: AM_slice38.g4dat
Opening Phantom Slice File: AM_slice39.g4dat
Opening Phantom Slice File: AM_slice40.g4dat
Opening Phantom Slice File: AM_slice41.g4dat
Opening Phantom Slice File: AM_slice42.g4dat
Opening Phantom Slice File: AM_slice43.g4dat
Opening Phantom Slice File: AM_slice44.g4dat
Opening Phantom Slice File: AM_slice45.g4dat
Opening Phantom Slice File: AM_slice46.g4dat
Opening Phantom Slice File: AM_slice47.g4dat
Opening Phantom Slice File: AM_slice48.g4dat
Opening Phantom Slice File: AM_slice49.g4dat
Opening Phantom Slice File: AM_slice50.g4dat
Opening Phantom Slice File: AM_slice51.g4dat
Opening Phantom Slice File: AM_slice52.g4dat
Opening Phantom Slice File: AM_slice53.g4dat
Opening Phantom Slice File: AM_slice54.g4dat
Opening Phantom Slice File: AM_slice55.g4dat
Opening Phantom Slice File: AM_slice56.g4dat
Opening Phantom Slice File: AM_slice57.g4dat
Opening Phantom Slice File: AM_slice58.g4dat
Opening Phantom Slice File: AM_slice59.g4dat
Opening Phantom Slice File: AM_slice60.g4dat
Opening Phantom Slice File: AM_slice61.g4dat
Opening Phantom Slice File: AM_slice62.g4dat
Opening Phantom Slice File: AM_slice63.g4dat
Opening Phantom Slice File: AM_slice64.g4dat
Opening Phantom Slice File: AM_slice65.g4dat
Opening Phantom Slice File: AM_slice66.g4dat
Opening Phantom Slice File: AM_slice67.g4dat
Opening Phantom Slice File: AM_slice68.g4dat
Opening Phantom Slice File: AM_slice69.g4dat
Opening Phantom Slice File: AM_slice70.g4dat
Opening Phantom Slice File: AM_slice71.g4dat
Opening Phantom Slice File: AM_slice72.g4dat
Opening Phantom Slice File: AM_slice73.g4dat
Opening Phantom Slice File: AM_slice74.g4dat
Opening Phantom Slice File: AM_slice75.g4dat
Opening Phantom Slice File: AM_slice76.g4dat
Opening Phantom Slice File: AM_slice77.g4dat
Opening Phantom Slice File: AM_slice78.g4dat
Opening Phantom Slice File: AM_slice79.g4dat
Opening Phantom Slice File: AM_slice80.g4dat
Opening Phantom Slice File: AM_slice81.g4dat
Opening Phantom Slice File: AM_slice82.g4dat
Opening Phantom Slice File: AM_slice83.g4dat
Opening Phantom Slice File: AM_slice84.g4dat
Opening Phantom Slice File: AM_slice85.g4dat
Opening Phantom Slice File: AM_slice86.g4dat
Opening Phantom Slice File: AM_slice87.g4dat
Opening Phantom Slice File: AM_slice88.g4dat
Opening Phantom Slice File: AM_slice89.g4dat
Opening Phantom Slice File: AM_slice90.g4dat
Opening Phantom Slice File: AM_slice91.g4dat
Opening Phantom Slice File: AM_slice92.g4dat
Opening Phantom Slice File: AM_slice93.g4dat
Opening Phantom Slice File: AM_slice94.g4dat
Opening Phantom Slice File: AM_slice95.g4dat
Opening Phantom Slice File: AM_slice96.g4dat
Opening Phantom Slice File: AM_slice97.g4dat
Opening Phantom Slice File: AM_slice98.g4dat
Opening Phantom Slice File: AM_slice99.g4dat
Opening Phantom Slice File: AM_slice100.g4dat
Opening Phantom Slice File: AM_slice101.g4dat
Opening Phantom Slice File: AM_slice102.g4dat
Opening Phantom Slice File: AM_slice103.g4dat
Opening Phantom Slice File: AM_slice104.g4dat
Opening Phantom Slice File: AM_slice105.g4dat
Opening Phantom Slice File: AM_slice106.g4dat
Opening Phantom Slice File: AM_slice107.g4dat
Opening Phantom Slice File: AM_slice108.g4dat
Opening Phantom Slice File: AM_slice109.g4dat
Opening Phantom Slice File: AM_slice110.g4dat
Opening Phantom Slice File: AM_slice111.g4dat
Opening Phantom Slice File: AM_slice112.g4dat
Opening Phantom Slice File: AM_slice113.g4dat
Opening Phantom Slice File: AM_slice114.g4dat
Opening Phantom Slice File: AM_slice115.g4dat
Opening Phantom Slice File: AM_slice116.g4dat
Opening Phantom Slice File: AM_slice117.g4dat
Opening Phantom Slice File: AM_slice118.g4dat
Opening Phantom Slice File: AM_slice119.g4dat
Opening Phantom Slice File: AM_slice120.g4dat
Opening Phantom Slice File: AM_slice121.g4dat
Opening Phantom Slice File: AM_slice122.g4dat
Opening Phantom Slice File: AM_slice123.g4dat
Opening Phantom Slice File: AM_slice124.g4dat
Opening Phantom Slice File: AM_slice125.g4dat
Opening Phantom Slice File: AM_slice126.g4dat
Opening Phantom Slice File: AM_slice127.g4dat
Opening Phantom Slice File: AM_slice128.g4dat
Opening Phantom Slice File: AM_slice129.g4dat
Opening Phantom Slice File: AM_slice130.g4dat
Opening Phantom Slice File: AM_slice131.g4dat
Opening Phantom Slice File: AM_slice132.g4dat
Opening Phantom Slice File: AM_slice133.g4dat
Opening Phantom Slice File: AM_slice134.g4dat
Opening Phantom Slice File: AM_slice135.g4dat
Opening Phantom Slice File: AM_slice136.g4dat
Opening Phantom Slice File: AM_slice137.g4dat
Opening Phantom Slice File: AM_slice138.g4dat
Opening Phantom Slice File: AM_slice139.g4dat
Opening Phantom Slice File: AM_slice140.g4dat
Opening Phantom Slice File: AM_slice141.g4dat
Opening Phantom Slice File: AM_slice142.g4dat
Opening Phantom Slice File: AM_slice143.g4dat
Opening Phantom Slice File: AM_slice144.g4dat
Opening Phantom Slice File: AM_slice145.g4dat
Opening Phantom Slice File: AM_slice146.g4dat
Opening Phantom Slice File: AM_slice147.g4dat
Opening Phantom Slice File: AM_slice148.g4dat
Opening Phantom Slice File: AM_slice149.g4dat
Opening Phantom Slice File: AM_slice150.g4dat
Opening Phantom Slice File: AM_slice151.g4dat
Opening Phantom Slice File: AM_slice152.g4dat
Opening Phantom Slice File: AM_slice153.g4dat
Opening Phantom Slice File: AM_slice154.g4dat
Opening Phantom Slice File: AM_slice155.g4dat
Opening Phantom Slice File: AM_slice156.g4dat
Opening Phantom Slice File: AM_slice157.g4dat
Opening Phantom Slice File: AM_slice158.g4dat
Opening Phantom Slice File: AM_slice159.g4dat
Opening Phantom Slice File: AM_slice160.g4dat
Opening Phantom Slice File: AM_slice161.g4dat
Opening Phantom Slice File: AM_slice162.g4dat
Opening Phantom Slice File: AM_slice163.g4dat
Opening Phantom Slice File: AM_slice164.g4dat
Opening Phantom Slice File: AM_slice165.g4dat
Opening Phantom Slice File: AM_slice166.g4dat
Opening Phantom Slice File: AM_slice167.g4dat
Opening Phantom Slice File: AM_slice168.g4dat
Opening Phantom Slice File: AM_slice169.g4dat
Opening Phantom Slice File: AM_slice170.g4dat
Opening Phantom Slice File: AM_slice171.g4dat
Opening Phantom Slice File: AM_slice172.g4dat
Opening Phantom Slice File: AM_slice173.g4dat
Opening Phantom Slice File: AM_slice174.g4dat
Opening Phantom Slice File: AM_slice175.g4dat
Opening Phantom Slice File: AM_slice176.g4dat
Opening Phantom Slice File: AM_slice177.g4dat
Opening Phantom Slice File: AM_slice178.g4dat
Opening Phantom Slice File: AM_slice179.g4dat
Opening Phantom Slice File: AM_slice180.g4dat
Opening Phantom Slice File: AM_slice181.g4dat
Opening Phantom Slice File: AM_slice182.g4dat
Opening Phantom Slice File: AM_slice183.g4dat
Opening Phantom Slice File: AM_slice184.g4dat
Opening Phantom Slice File: AM_slice185.g4dat
Opening Phantom Slice File: AM_slice186.g4dat
Opening Phantom Slice File: AM_slice187.g4dat
Opening Phantom Slice File: AM_slice188.g4dat
Opening Phantom Slice File: AM_slice189.g4dat
Opening Phantom Slice File: AM_slice190.g4dat
Opening Phantom Slice File: AM_slice191.g4dat
Opening Phantom Slice File: AM_slice192.g4dat
Opening Phantom Slice File: AM_slice193.g4dat
Opening Phantom Slice File: AM_slice194.g4dat
Opening Phantom Slice File: AM_slice195.g4dat
Opening Phantom Slice File: AM_slice196.g4dat
Opening Phantom Slice File: AM_slice197.g4dat
Opening Phantom Slice File: AM_slice198.g4dat
Opening Phantom Slice File: AM_slice199.g4dat
Opening Phantom Slice File: AM_slice200.g4dat
Opening Phantom Slice File: AM_slice201.g4dat
Opening Phantom Slice File: AM_slice202.g4dat
Opening Phantom Slice File: AM_slice203.g4dat
Opening Phantom Slice File: AM_slice204.g4dat
Opening Phantom Slice File: AM_slice205.g4dat
Opening Phantom Slice File: AM_slice206.g4dat
Opening Phantom Slice File: AM_slice207.g4dat
Opening Phantom Slice File: AM_slice208.g4dat
Opening Phantom Slice File: AM_slice209.g4dat
Opening Phantom Slice File: AM_slice210.g4dat
Opening Phantom Slice File: AM_slice211.g4dat
Opening Phantom Slice File: AM_slice212.g4dat
Opening Phantom Slice File: AM_slice213.g4dat
Opening Phantom Slice File: AM_slice214.g4dat
Opening Phantom Slice File: AM_slice215.g4dat
Opening Phantom Slice File: AM_slice216.g4dat
Opening Phantom Slice File: AM_slice217.g4dat
Opening Phantom Slice File: AM_slice218.g4dat
Opening Phantom Slice File: AM_slice219.g4dat
Opening Phantom Slice File: AM_slice220.g4dat
Opening Phantom Slice File: AM_slice221.g4dat
Opening Phantom Slice File: AM_slice222.g4dat
Opening File: PhantomMesh_Edep.txt
Reading AM_organs.dat
Reading OrganMasses.dat
NOrganIDs: 142
Writing output to ICRP110.out
Total energy deposited over all Organs within the Phantom is 1.32477e-06 J
Total absorbed dose over all phantom organs is 1.97614e-06 Gy 
/control/shell cp ICRP110.out /home/bryam/Documents/iac-project/geant4/ActiveShield_Sim/scripts/pilots/results/intrarun_pilot_20260921T022121Z/checkpoints/run_GCR_He_min_6_M10000_seed1.out
Graphics systems deleted.
Visualization Manager deleting...
