combo_label,M,seed_idx,organo_id,edep_J,s1_j,s2_j2,n,se_run_j,se_run_total_j
GCR_He_min_6,2500,0,0,2.59326e-10,2.59326e-10,9.20509e-25,2535338,3.72932e-19,9.45508671016e-13
GCR_He_min_6,2500,0,1,1.88444e-11,1.88444e-11,6.69164e-24,152,1.37753e-14,2.0938456e-12
GCR_He_min_6,2500,0,2,1.76009e-11,1.76009e-11,4.6474e-24,144,1.10098e-14,1.5854112e-12
GCR_He_min_6,2500,0,3,4.29104e-12,4.29104e-12,6.14106e-25,57,9.54921e-15,5.4430497e-13
GCR_He_min_6,2500,0,4,1.44407e-11,1.44407e-11,3.16028e-24,157,8.64879e-15,1.3578600299999999e-12
GCR_He_min_6,2500,0,5,1.84002e-11,1.84002e-11,5.06542e-24,162,1.0681e-14,1.730322e-12
GCR_He_min_6,2500,0,6,8.7161e-13,8.7161e-13,7.81778e-26,17,1.10961e-14,1.886337e-13
GCR_He_min_6,2500,0,7,4.14727e-12,4.14727e-12,9.03105e-25,49,1.53209e-14,7.507241e-13
GCR_He_min_6,2500,0,8,9.68176e-11,9.68176e-11,1.12814e-22,861,1.17326e-14,1.01017686e-11
GCR_He_min_6,2500,0,9,3.02323e-13,3.02323e-13,3.26421e-26,6,2.40893e-14,1.445358e-13
GCR_He_min_6,2500,0,10,1.07117e-09,1.07117e-09,7.17432e-22,9479,2.57646e-15,2.4422264340000002e-11
GCR_He_min_6,2500,0,11,3.45149e-11,3.45149e-11,1.34051e-23,347,9.11359e-15,3.1624157300000004e-12
GCR_He_min_6,2500,0,12,2.42386e-10,2.42386e-10,5.13899e-22,1346,1.61169e-14,2.16933474e-11
GCR_He_min_6,2500,0,13,1.60412e-10,1.60412e-10,9.32349e-23,990,8.28719e-15,8.2043181e-12
GCR_He_min_6,2500,0,14,1.96135e-10,1.96135e-10,1.76909e-22,1446,8.48143e-15,1.226414778e-11
GCR_He_min_6,2500,0,15,7.37618e-11,7.37618e-11,2.37425e-23,687,5.79432e-15,3.98069784e-12
GCR_He_min_6,2500,0,16,1.97179e-10,1.97179e-10,6.02324e-22,1145,2.08305e-14,2.38509225e-11
GCR_He_min_6,2500,0,17,8.60953e-11,8.60953e-11,2.79337e-23,835,5.23114e-15,4.3680019e-12
GCR_He_min_6,2500,0,18,5.84444e-11,5.84444e-11,2.29239e-23,644,6.5231e-15,4.2008764e-12
GCR_He_min_6,2500,0,19,6.33157e-10,6.33157e-10,1.79582e-21,3684,1.11506e-14,4.10788104e-11
GCR_He_min_6,2500,0,20,5.07883e-10,5.07883e-10,1.79068e-21,3890,1.06763e-14,4.1530807e-11
GCR_He_min_6,2500,0,21,5.89236e-11,5.89236e-11,1.17757e-23,673,3.82497e-15,2.57420481e-12
GCR_He_min_6,2500,0,22,4.73106e-10,4.73106e-10,1.08485e-21,2540,1.2432e-14,3.157728e-11
GCR_He_min_6,2500,0,23,3.83425e-10,3.83425e-10,2.16112e-22,3259,4.01312e-15,1.307875808e-11
GCR_He_min_6,2500,0,24,3.9397e-11,3.9397e-11,3.20102e-23,231,2.18179e-14,5.039934900000001e-12
GCR_He_min_6,2500,0,25,6.12999e-11,6.12999e-11,9.45632e-23,435,2.13339e-14,9.280246500000001e-12
GCR_He_min_6,2500,0,26,2.47e-10,2.47e-10,1.25937e-22,1547,6.01394e-15,9.30356518e-12
GCR_He_min_6,2500,0,27,2.32464e-10,2.32464e-10,1.37284e-22,1955,5.35739e-15,1.047369745e-11
GCR_He_min_6,2500,0,28,1.63465e-09,1.63465e-09,2.78153e-21,8712,5.71056e-15,4.975039872e-11
GCR_He_min_6,2500,0,29,3.386e-09,3.386e-09,3.44446e-21,28239,1.95203e-15,5.512337517e-11
GCR_He_min_6,2500,0,30,1.96053e-10,1.96053e-10,4.87886e-22,1406,1.52689e-14,2.14680734e-11
GCR_He_min_6,2500,0,31,8.66867e-10,8.66867e-10,2.67057e-21,3477,1.42506e-14,4.95493362e-11
GCR_He_min_6,2500,0,32,7.43865e-10,7.43865e-10,8.5987e-22,5254,5.22873e-15,2.747174742e-11
GCR_He_min_6,2500,0,33,2.30269e-10,2.30269e-10,1.30632e-22,1892,5.35526e-15,1.013215192e-11
GCR_He_min_6,2500,0,34,3.80233e-10,3.80233e-10,6.90938e-22,1812,1.36469e-14,2.47281828e-11
GCR_He_min_6,2500,0,35,6.44176e-10,6.44176e-10,4.75901e-22,5087,3.904e-15,1.9859648e-11
GCR_He_min_6,2500,0,36,4.25901e-11,4.25901e-11,2.14534e-23,350,1.15414e-14,4.039489999999999e-12
GCR_He_min_6,2500,0,37,7.68212e-11,7.68212e-11,5.60484e-23,309,1.97038e-14,6.088474200000001e-12
GCR_He_min_6,2500,0,38,1.71864e-10,1.71864e-10,1.79261e-22,1188,1.04637e-14,1.24308756e-11
GCR_He_min_6,2500,0,39,6.74491e-11,6.74491e-11,7.14375e-22,305,8.68549e-14,2.64907445e-11
GCR_He_min_6,2500,0,40,4.06552e-11,4.06552e-11,9.7253e-24,382,6.09034e-15,2.32650988e-12
GCR_He_min_6,2500,0,41,4.49608e-09,4.49608e-09,9.18917e-21,23253,3.92272e-15,9.121500816e-11
GCR_He_min_6,2500,0,42,8.19566e-09,8.19566e-09,9.25914e-21,63916,1.41749e-15,9.060029084e-11
GCR_He_min_6,2500,0,43,4.98934e-10,4.98934e-10,5.35855e-22,2923,7.26415e-15,2.1233110449999998e-11
GCR_He_min_6,2500,0,44,1.06773e-09,1.06773e-09,1.79808e-21,7644,5.31264e-15,4.0609820160000003e-11
GCR_He_min_6,2500,0,45,2.09873e-10,2.09873e-10,3.59083e-22,1141,1.56966e-14,1.79098206e-11
GCR_He_min_6,2500,0,46,1.84651e-10,1.84651e-10,1.07457e-22,1536,6.01342e-15,9.23661312e-12
GCR_He_min_6,2500,0,47,8.90556e-11,8.90556e-11,4.53828e-23,488,1.10714e-14,5.4028431999999995e-12
GCR_He_min_6,2500,0,48,7.53398e-11,7.53398e-11,4.30384e-23,569,1.01144e-14,5.7550936e-12
GCR_He_min_6,2500,0,49,4.10994e-10,4.10994e-10,9.12237e-22,2203,1.31242e-14,2.89126126e-11
GCR_He_min_6,2500,0,50,5.40113e-10,5.40113e-10,4.30856e-22,4453,4.29287e-15,1.9116150109999998e-11
GCR_He_min_6,2500,0,51,9.47716e-10,9.47716e-10,1.50214e-21,4678,7.7383e-15,3.61997674e-11
GCR_He_min_6,2500,0,52,1.75048e-09,1.75048e-09,1.59822e-21,13193,2.8015e-15,3.69601895e-11
GCR_He_min_6,2500,0,53,1.07895e-09,1.07895e-09,2.19552e-21,5041,8.79351e-15,4.432808391e-11
GCR_He_min_6,2500,0,54,1.88199e-09,1.88199e-09,2.65458e-21,13755,3.55956e-15,4.89617478e-11
GCR_He_min_6,2500,0,55,1.21528e-11,1.21528e-11,2.57073e-23,59,8.23459e-14,4.8584081e-12
GCR_He_min_6,2500,0,56,1.68727e-10,1.68727e-10,7.65339e-22,738,3.6554e-14,2.6976852e-11
GCR_He_min_6,2500,0,57,9.34473e-12,9.34473e-12,2.39156e-24,100,1.23841e-14,1.23841e-12
GCR_He_min_6,2500,0,58,7.21813e-10,7.21813e-10,9.29282e-22,5425,5.3214e-15,2.8868595e-11
GCR_He_min_6,2500,0,59,1.77599e-11,1.77599e-11,1.61239e-23,142,2.63509e-14,3.7418278e-12
GCR_He_min_6,2500,0,60,3.17785e-11,3.17785e-11,1.72536e-23,268,1.37281e-14,3.6791308e-12
GCR_He_min_6,2500,0,61,8.65908e-10,8.65908e-10,1.0971e-21,7155,4.40296e-15,3.15031788e-11
GCR_He_min_6,2500,0,62,2.0622e-11,2.0622e-11,1.30158e-23,201,1.64665e-14,3.3097665e-12
GCR_He_min_6,2500,0,63,8.03079e-12,8.03079e-12,1.44775e-24,92,9.44426e-15,8.6887192e-13
GCR_He_min_6,2500,0,64,1.72679e-11,1.72679e-11,1.89009e-23,116,3.49882e-14,4.0586312e-12
GCR_He_min_6,2500,0,65,1.75444e-11,1.75444e-11,5.18032e-23,71,9.77286e-14,6.938730600000001e-12
GCR_He_min_6,2500,0,66,1.87205e-14,1.87205e-14,3.50459e-28,1,0.0,0.0
GCR_He_min_6,2500,0,67,1.22537e-12,1.22537e-12,1.40226e-25,18,1.36252e-14,2.452536e-13
GCR_He_min_6,2500,0,68,0.0,0.0,0.0,0,0.0,0.0
GCR_He_min_6,2500,0,69,1.15261e-12,1.15261e-12,1.33445e-25,15,1.46186e-14,2.1927900000000003e-13
GCR_He_min_6,2500,0,70,5.46063e-11,5.46063e-11,3.11177e-22,382,4.56555e-14,1.7440401e-11
GCR_He_min_6,2500,0,71,1.66306e-10,1.66306e-10,4.3525e-22,1289,1.57873e-14,2.03498297e-11
GCR_He_min_6,2500,0,72,3.57963e-10,3.57963e-10,3.75706e-22,3161,5.79264e-15,1.831053504e-11
GCR_He_min_6,2500,0,73,6.21057e-10,6.21057e-10,6.3659e-22,4732,4.97942e-15,2.356261544e-11
GCR_He_min_6,2500,0,74,4.6596e-09,4.6596e-09,5.91441e-21,38548,1.8977e-15,7.31525396e-11
GCR_He_min_6,2500,0,75,1.75105e-09,1.75105e-09,1.90755e-21,14043,2.92683e-15,4.110147369e-11
GCR_He_min_6,2500,0,76,3.81023e-10,3.81023e-10,1.71568e-22,3788,3.04767e-15,1.154457396e-11
GCR_He_min_6,2500,0,77,1.9142e-10,1.9142e-10,7.37801e-23,2056,3.63927e-15,7.482339119999999e-12
GCR_He_min_6,2500,0,78,1.93714e-10,1.93714e-10,2.28687e-22,1660,8.65051e-15,1.43598466e-11
GCR_He_min_6,2500,0,79,2.75946e-10,2.75946e-10,2.85333e-22,2496,6.39682e-15,1.596646272e-11
GCR_He_min_6,2500,0,80,2.08863e-10,2.08863e-10,2.73371e-22,1865,8.4799e-15,1.58150135e-11
GCR_He_min_6,2500,0,81,2.04501e-10,2.04501e-10,4.93704e-22,1338,1.60782e-14,2.15126316e-11
GCR_He_min_6,2500,0,82,3.48212e-10,3.48212e-10,3.53775e-22,3089,5.7422e-15,1.77376558e-11
GCR_He_min_6,2500,0,83,1.21627e-10,1.21627e-10,5.1721e-23,1193,5.25841e-15,6.2732831300000005e-12
GCR_He_min_6,2500,0,84,7.45286e-10,7.45286e-10,1.91449e-21,5555,7.6689e-15,4.26007395e-11
GCR_He_min_6,2500,0,85,1.29836e-09,1.29836e-09,1.69863e-21,9531,4.09314e-15,3.901171734e-11
GCR_He_min_6,2500,0,86,1.11815e-09,1.11815e-09,2.90198e-21,7364,7.09859e-15,5.227401676e-11
GCR_He_min_6,2500,0,87,4.97648e-10,4.97648e-10,2.96632e-22,4146,3.71283e-15,1.539339318e-11
GCR_He_min_6,2500,0,88,7.485e-10,7.485e-10,6.72241e-22,6470,3.74066e-15,2.42020702e-11
GCR_He_min_6,2500,0,89,3.25894e-10,3.25894e-10,1.45437e-22,2795,3.70915e-15,1.036707425e-11
GCR_He_min_6,2500,0,90,9.80828e-11,9.80828e-11,6.63288e-23,895,8.33448e-15,7.459359600000001e-12
GCR_He_min_6,2500,0,91,2.88246e-11,2.88246e-11,1.35068e-23,230,1.3706e-14,3.15238e-12
GCR_He_min_6,2500,0,92,3.98001e-10,3.98001e-10,3.51813e-22,3373,5.17716e-15,1.746256068e-11
GCR_He_min_6,2500,0,93,1.26314e-10,1.26314e-10,6.31895e-23,1244,5.70707e-15,7.0995950799999996e-12
GCR_He_min_6,2500,0,94,1.94249e-11,1.94249e-11,3.75225e-24,232,6.2982e-15,1.4611824e-12
GCR_He_min_6,2500,0,95,4.04632e-09,4.04632e-09,3.40058e-21,36476,1.48949e-15,5.433063724e-11
GCR_He_min_6,2500,0,96,1.2236e-10,1.2236e-10,5.28744e-22,919,2.46461e-14,2.2649765899999998e-11
GCR_He_min_6,2500,0,97,8.69819e-10,8.69819e-10,7.65066e-22,15153,1.76486e-15,2.674292358e-11
GCR_He_min_6,2500,0,98,1.33406e-10,1.33406e-10,2.40015e-22,1160,1.29272e-14,1.4995552e-11
GCR_He_min_6,2500,0,99,9.53464e-10,9.53464e-10,4.86667e-22,21120,9.97294e-16,2.106284928e-11
GCR_He_min_6,2500,0,100,2.59287e-12,2.59287e-12,5.49049e-25,25,2.16075e-14,5.401875e-13
GCR_He_min_6,2500,0,101,9.02024e-12,9.02024e-12,6.1795e-24,65,3.44173e-14,2.2371245e-12
GCR_He_min_6,2500,0,102,4.28208e-12,4.28208e-12,7.39587e-25,44,1.3063e-14,5.747719999999999e-13
GCR_He_min_6,2500,0,103,6.44768e-10,6.44768e-10,5.75985e-22,5499,4.06825e-15,2.237130675e-11
GCR_He_min_6,2500,0,104,2.16538e-11,2.16538e-11,1.08626e-23,178,1.61607e-14,2.8766046000000003e-12
GCR_He_min_6,2500,0,105,5.31408e-11,5.31408e-11,2.01282e-23,404,8.98307e-15,3.62916028e-12
GCR_He_min_6,2500,0,106,7.55808e-10,7.55808e-10,2.92313e-22,7392,1.98391e-15,1.466506272e-11
GCR_He_min_6,2500,0,107,9.48905e-08,9.48905e-08,1.169e-19,782583,4.14838e-16,3.24645166554e-10
GCR_He_min_6,2500,0,108,6.21023e-09,6.21023e-09,5.73039e-21,58031,1.2265e-15,7.117502149999999e-11
GCR_He_min_6,2500,0,109,3.59791e-08,3.59791e-08,5.13146e-20,260361,8.26828e-16,2.15273764908e-10
GCR_He_min_6,2500,0,110,4.65224e-11,4.65224e-11,2.66118e-23,432,1.07712e-14,4.6531584e-12
GCR_He_min_6,2500,0,111,0.0,0.0,0.0,0,0.0,0.0
GCR_He_min_6,2500,0,112,0.0,0.0,0.0,0,0.0,0.0
GCR_He_min_6,2500,0,113,3.85943e-10,3.85943e-10,2.21079e-22,3495,3.82284e-15,1.3360825799999998e-11
GCR_He_min_6,2500,0,114,9.31494e-13,9.31494e-13,1.31098e-25,11,2.17878e-14,2.396658e-13
GCR_He_min_6,2500,0,115,3.3123e-10,3.3123e-10,1.54242e-22,3116,3.50191e-15,1.0911951560000001e-11
GCR_He_min_6,2500,0,116,6.2835e-10,6.2835e-10,2.61628e-22,6369,2.21862e-15,1.413039078e-11
GCR_He_min_6,2500,0,117,8.67604e-08,8.67604e-08,9.36021e-20,755594,3.82753e-16,2.89205870282e-10
GCR_He_min_6,2500,0,118,3.70032e-09,3.70032e-09,2.67257e-21,38137,1.26124e-15,4.809990988e-11
GCR_He_min_6,2500,0,119,2.19501e-08,2.19501e-08,2.51822e-20,172736,8.6631e-16,1.4964292416e-10
GCR_He_min_6,2500,0,120,2.5607e-11,2.5607e-11,5.27795e-24,248,6.55733e-15,1.6262178400000002e-12
GCR_He_min_6,2500,0,121,3.10043e-11,3.10043e-11,5.61847e-24,331,4.98497e-15,1.6500250700000001e-12
GCR_He_min_6,2500,0,122,1.69068e-10,1.69068e-10,9.14459e-23,1513,5.63163e-15,8.520656190000001e-12
GCR_He_min_6,2500,0,123,6.74078e-09,6.74078e-09,8.55608e-21,54780,1.60464e-15,8.790217919999999e-11
GCR_He_min_6,2500,0,124,1.4718e-09,1.4718e-09,1.26858e-21,13648,2.44107e-15,3.331572336e-11
GCR_He_min_6,2500,0,125,2.89822e-09,2.89822e-09,3.02097e-21,21898,2.34527e-15,5.135672246e-11
GCR_He_min_6,2500,0,126,5.2386e-11,5.2386e-11,5.7899e-23,371,1.91808e-14,7.116076800000001e-12
GCR_He_min_6,2500,0,127,3.24e-10,3.24e-10,3.41443e-22,2598,6.67966e-15,1.735375668e-11
GCR_He_min_6,2500,0,128,1.542e-11,1.542e-11,8.80006e-24,93,2.7013e-14,2.512209e-12
GCR_He_min_6,2500,0,129,1.9359e-10,1.9359e-10,1.66117e-22,1286,9.10433e-15,1.170816838e-11
GCR_He_min_6,2500,0,130,1.87744e-10,1.87744e-10,2.80033e-22,1053,1.4919e-14,1.5709707000000002e-11
GCR_He_min_6,2500,0,131,4.06566e-11,4.06566e-11,1.78343e-22,263,4.99699e-14,1.31420837e-11
GCR_He_min_6,2500,0,132,2.64588e-11,2.64588e-11,5.2965e-23,166,4.21872e-14,7.0030752e-12
GCR_He_min_6,2500,0,133,2.30275e-11,2.30275e-11,6.47506e-24,206,9.61113e-15,1.9798927799999998e-12
GCR_He_min_6,2500,0,134,1.59638e-12,1.59638e-12,2.39989e-25,19,1.75936e-14,3.342784e-13
GCR_He_min_6,2500,0,135,5.59429e-11,5.59429e-11,2.2804e-23,514,7.96191e-15,4.09242174e-12
GCR_He_min_6,2500,0,136,7.57563e-11,7.57563e-11,8.76223e-23,582,1.51647e-14,8.8258554e-12
GCR_He_min_6,2500,0,137,8.3522e-10,8.3522e-10,1.46338e-21,6894,5.35401e-15,3.691054494e-11
GCR_He_min_6,2500,0,138,2.68085e-09,2.68085e-09,2.91796e-21,24855,2.06288e-15,5.1272882400000004e-11
GCR_He_min_6,2500,0,139,0.0,0.0,0.0,0,0.0,0.0
GCR_He_min_6,2500,0,140,7.90425e-14,7.90425e-14,4.11356e-29,773,7.44231e-18,5.752905630000001e-15
GCR_He_min_6,2500,0,141,4.3709e-11,4.3709e-11,1.32863e-23,379,7.58652e-15,2.8752910799999996e-12
GCR_He_min_6,2500,1,0,2.86114e-10,2.86114e-10,1.63512e-24,2743807,4.61766e-19,1.2669967831619998e-12
GCR_He_min_6,2500,1,1,1.85257e-11,1.85257e-11,1.24793e-23,167,1.93914e-14,3.2383638e-12
GCR_He_min_6,2500,1,2,2.11556e-11,2.11556e-11,7.89415e-24,171,1.3473e-14,2.3038829999999998e-12
GCR_He_min_6,2500,1,3,6.69813e-12,6.69813e-12,1.28927e-24,71,1.15008e-14,8.165568e-13
GCR_He_min_6,2500,1,4,2.15e-11,2.15e-11,6.66897e-24,201,1.04253e-14,2.0954853e-12
GCR_He_min_6,2500,1,5,2.64963e-11,2.64963e-11,7.93428e-24,220,9.92198e-15,2.1828356e-12
GCR_He_min_6,2500,1,6,2.55365e-12,2.55365e-12,2.66158e-25,36,8.21416e-15,2.9570976e-13
GCR_He_min_6,2500,1,7,7.40817e-12,7.40817e-12,1.58838e-24,73,1.26162e-14,9.209826e-13
GCR_He_min_6,2500,1,8,1.19515e-10,1.19515e-10,8.56048e-23,978,8.62007e-15,8.43042846e-12
GCR_He_min_6,2500,1,9,6.09138e-14,6.09138e-14,1.94296e-27,2,6.62235e-15,1.32447e-14
GCR_He_min_6,2500,1,10,1.40086e-09,1.40086e-09,1.79897e-21,10959,3.67277e-15,4.024988643e-11
GCR_He_min_6,2500,1,11,3.7487e-11,3.7487e-11,1.78246e-23,363,1.03046e-14,3.7405698e-12
GCR_He_min_6,2500,1,12,2.36724e-10,2.36724e-10,1.82405e-22,1590,7.63196e-15,1.2134816400000001e-11
GCR_He_min_6,2500,1,13,1.3822e-10,1.3822e-10,8.03203e-23,918,8.40785e-15,7.7184063e-12
GCR_He_min_6,2500,1,14,1.71553e-10,1.71553e-10,7.03864e-23,1529,4.67851e-15,7.153441790000001e-12
GCR_He_min_6,2500,1,15,5.48587e-11,5.48587e-11,3.00118e-23,495,9.8929e-15,4.8969854999999995e-12
GCR_He_min_6,2500,1,16,2.17199e-10,2.17199e-10,1.17555e-22,1264,7.08927e-15,8.96083728e-12
GCR_He_min_6,2500,1,17,1.93795e-10,1.93795e-10,4.40977e-22,1300,1.56213e-14,2.030769e-11
GCR_He_min_6,2500,1,18,6.94491e-11,6.94491e-11,3.06767e-23,656,7.36769e-15,4.833204640000001e-12
GCR_He_min_6,2500,1,19,7.43372e-10,7.43372e-10,1.69005e-21,4401,8.98843e-15,3.955808043e-11
GCR_He_min_6,2500,1,20,5.30636e-10,5.30636e-10,3.6824e-22,4611,3.80141e-15,1.752830151e-11
GCR_He_min_6,2500,1,21,6.77014e-11,6.77014e-11,8.74899e-23,724,1.24517e-14,9.0150308e-12
GCR_He_min_6,2500,1,22,6.28599e-10,6.28599e-10,1.5612e-21,3577,1.06497e-14,3.80939769e-11
GCR_He_min_6,2500,1,23,4.97555e-10,4.97555e-10,5.43734e-22,4634,4.77889e-15,2.214537626e-11
GCR_He_min_6,2500,1,24,3.98261e-11,3.98261e-11,1.83157e-23,238,1.43723e-14,3.4206073999999996e-12
GCR_He_min_6,2500,1,25,3.93447e-11,3.93447e-11,9.95477e-24,384,6.34636e-15,2.4370022400000002e-12
GCR_He_min_6,2500,1,26,2.59477e-10,2.59477e-10,1.81377e-22,1645,7.2065e-15,1.1854692500000001e-11
GCR_He_min_6,2500,1,27,2.09401e-10,2.09401e-10,7.99414e-23,1876,4.01022e-15,7.523172719999999e-12
GCR_He_min_6,2500,1,28,1.84985e-09,1.84985e-09,2.40593e-21,9696,4.67332e-15,4.531251072e-11
GCR_He_min_6,2500,1,29,3.61668e-09,3.61668e-09,3.16339e-21,31861,1.64679e-15,5.246837619e-11
GCR_He_min_6,2500,1,30,2.60184e-10,2.60184e-10,2.50279e-22,1763,8.2588e-15,1.45602644e-11
GCR_He_min_6,2500,1,31,8.93993e-10,8.93993e-10,1.78374e-21,3734,1.06119e-14,3.96248346e-11
GCR_He_min_6,2500,1,32,1.0154e-09,1.0154e-09,1.35214e-21,6632,5.21648e-15,3.459569536e-11
GCR_He_min_6,2500,1,33,3.42006e-10,3.42006e-10,2.72745e-22,2511,5.99033e-15,1.504171863e-11
GCR_He_min_6,2500,1,34,5.10669e-10,5.10669e-10,9.34105e-22,2352,1.22016e-14,2.86981632e-11
GCR_He_min_6,2500,1,35,1.05113e-09,1.05113e-09,1.50949e-21,6633,5.5252e-15,3.66486516e-11
GCR_He_min_6,2500,1,36,6.38205e-11,6.38205e-11,6.14487e-23,506,1.44559e-14,7.314685399999999e-12
GCR_He_min_6,2500,1,37,6.43133e-11,6.43133e-11,3.53186e-23,386,1.28668e-14,4.9665848e-12
GCR_He_min_6,2500,1,38,1.55493e-10,1.55493e-10,6.15796e-23,1358,4.87389e-15,6.61874262e-12
GCR_He_min_6,2500,1,39,3.28718e-11,3.28718e-11,7.73648e-24,278,7.07041e-15,1.9655739799999998e-12
GCR_He_min_6,2500,1,40,3.40024e-11,3.40024e-11,5.91286e-24,354,4.60231e-15,1.6292177399999998e-12
GCR_He_min_6,2500,1,41,4.56987e-09,4.56987e-09,1.20914e-20,23402,4.52217e-15,1.0582782234e-10
GCR_He_min_6,2500,1,42,8.0215e-09,8.0215e-09,1.07301e-20,63999,1.54088e-15,9.861477911999999e-11
GCR_He_min_6,2500,1,43,5.0982e-10,5.0982e-10,5.59318e-22,2929,7.40749e-15,2.169653821e-11
GCR_He_min_6,2500,1,44,1.02931e-09,1.02931e-09,1.06164e-21,8149,3.74579e-15,3.052444271e-11
GCR_He_min_6,2500,1,45,2.62108e-10,2.62108e-10,3.79561e-22,1375,1.32083e-14,1.81614125e-11
GCR_He_min_6,2500,1,46,1.60756e-10,1.60756e-10,5.75164e-23,1519,4.19114e-15,6.36634166e-12
GCR_He_min_6,2500,1,47,5.99423e-11,5.99423e-11,2.69606e-23,400,1.06134e-14,4.24536e-12
GCR_He_min_6,2500,1,48,5.02882e-11,5.02882e-11,9.92856e-24,513,4.36259e-15,2.23800867e-12
GCR_He_min_6,2500,1,49,3.67768e-10,3.67768e-10,2.0146e-22,2409,5.00506e-15,1.205718954e-11
GCR_He_min_6,2500,1,50,5.16115e-10,5.16115e-10,2.36338e-22,4854,2.77547e-15,1.3472131380000001e-11
GCR_He_min_6,2500,1,51,1.03714e-09,1.03714e-09,1.35151e-21,5330,6.36216e-15,3.39103128e-11
GCR_He_min_6,2500,1,52,2.06481e-09,2.06481e-09,3.61645e-21,14475,3.9819e-15,5.76380025e-11
GCR_He_min_6,2500,1,53,1.29001e-09,1.29001e-09,2.15279e-21,6069,7.14224e-15,4.334625456e-11
GCR_He_min_6,2500,1,54,2.14201e-09,2.14201e-09,2.30602e-21,15723,2.8545e-15,4.4881303500000004e-11
GCR_He_min_6,2500,1,55,3.69507e-12,3.69507e-12,1.12038e-24,35,2.47726e-14,8.67041e-13
GCR_He_min_6,2500,1,56,5.57276e-11,5.57276e-11,1.13972e-23,613,4.10802e-15,2.51821626e-12
GCR_He_min_6,2500,1,57,8.23774e-12,8.23774e-12,1.24506e-24,95,7.70932e-15,7.323854e-13
GCR_He_min_6,2500,1,58,7.07374e-10,7.07374e-10,6.46535e-22,5492,4.29162e-15,2.356957704e-11
GCR_He_min_6,2500,1,59,2.45899e-11,2.45899e-11,1.46591e-23,204,1.6805e-14,3.42822e-12
GCR_He_min_6,2500,1,60,7.71785e-11,7.71785e-11,3.48157e-22,305,5.9534e-14,1.815787e-11
GCR_He_min_6,2500,1,61,7.56079e-10,7.56079e-10,6.2738e-22,7128,3.28192e-15,2.339352576e-11
GCR_He_min_6,2500,1,62,2.87289e-11,2.87289e-11,8.19756e-23,144,6.0849e-14,8.762256e-12
GCR_He_min_6,2500,1,63,7.25901e-12,7.25901e-12,3.79675e-24,60,2.87131e-14,1.722786e-12
GCR_He_min_6,2500,1,64,1.25172e-11,1.25172e-11,7.06345e-24,144,1.70347e-14,2.4529968e-12
GCR_He_min_6,2500,1,65,4.86067e-12,4.86067e-12,1.67281e-24,56,2.01529e-14,1.1285624e-12
GCR_He_min_6,2500,1,66,0.0,0.0,0.0,0,0.0,0.0
GCR_He_min_6,2500,1,67,1.51942e-12,1.51942e-12,2.50997e-25,15,2.15017e-14,3.225255e-13
GCR_He_min_6,2500,1,68,0.0,0.0,0.0,0,0.0,0.0
GCR_He_min_6,2500,1,69,4.17513e-11,4.17513e-11,2.0603e-22,83,1.64882e-13,1.3685206e-11
GCR_He_min_6,2500,1,70,3.24645e-11,3.24645e-11,8.9203e-24,370,6.66876e-15,2.4674412e-12
GCR_He_min_6,2500,1,71,1.57471e-10,1.57471e-10,9.91537e-23,1550,5.88511e-15,9.1219205e-12
GCR_He_min_6,2500,1,72,4.27036e-10,4.27036e-10,3.41034e-22,3798,4.50766e-15,1.712009268e-11
GCR_He_min_6,2500,1,73,7.10824e-10,7.10824e-10,4.41181e-22,6552,2.91238e-15,1.9081913759999998e-11
GCR_He_min_6,2500,1,74,5.50281e-09,5.50281e-09,5.75705e-21,45254,1.57622e-15,7.133025988e-11
GCR_He_min_6,2500,1,75,2.00502e-09,2.00502e-09,2.29494e-21,16745,2.70719e-15,4.5331896550000004e-11
GCR_He_min_6,2500,1,76,5.1702e-10,5.1702e-10,8.2404e-22,4757,5.82572e-15,2.7712950040000003e-11
GCR_He_min_6,2500,1,77,3.67953e-10,3.67953e-10,5.56705e-22,2939,7.69008e-15,2.260114512e-11
GCR_He_min_6,2500,1,78,2.53618e-10,2.53618e-10,4.49134e-22,1936,1.05367e-14,2.03990512e-11
GCR_He_min_6,2500,1,79,3.15841e-10,3.15841e-10,2.32345e-22,2854,4.92365e-15,1.4052097100000001e-11
GCR_He_min_6,2500,1,80,2.39399e-10,2.39399e-10,1.33267e-22,2291,4.54241e-15,1.0406661310000001e-11
GCR_He_min_6,2500,1,81,1.58601e-10,1.58601e-10,1.60435e-22,1311,9.06889e-15,1.1889314790000001e-11
GCR_He_min_6,2500,1,82,4.20446e-10,4.20446e-10,5.24235e-22,3833,5.70538e-15,2.186872154e-11
GCR_He_min_6,2500,1,83,1.08142e-10,1.08142e-10,3.05984e-23,1172,3.87616e-15,4.54285952e-12
GCR_He_min_6,2500,1,84,7.4733e-10,7.4733e-10,7.37234e-22,5806,4.36117e-15,2.532095302e-11
GCR_He_min_6,2500,1,85,1.19878e-09,1.19878e-09,1.66142e-21,9827,3.96127e-15,3.892740029e-11
GCR_He_min_6,2500,1,86,1.15778e-09,1.15778e-09,2.0663e-21,7619,5.70693e-15,4.348109967e-11
GCR_He_min_6,2500,1,87,6.90481e-10,6.90481e-10,1.77303e-21,4900,8.35507e-15,4.0939842999999996e-11
GCR_He_min_6,2500,1,88,8.439e-10,8.439e-10,1.7165e-21,6830,5.87929e-15,4.01555507e-11
GCR_He_min_6,2500,1,89,4.28757e-10,4.28757e-10,6.32415e-22,3049,7.84618e-15,2.3923002819999997e-11
GCR_He_min_6,2500,1,90,1.23136e-10,1.23136e-10,8.99615e-23,1076,8.09887e-15,8.71438412e-12
GCR_He_min_6,2500,1,91,2.34537e-11,2.34537e-11,7.32777e-24,232,9.61721e-15,2.23119272e-12
GCR_He_min_6,2500,1,92,3.69323e-10,3.69323e-10,4.4123e-22,2777,7.13194e-15,1.980539738e-11
GCR_He_min_6,2500,1,93,1.09701e-10,1.09701e-10,1.38403e-22,972,1.15553e-14,1.1231751600000001e-11
GCR_He_min_6,2500,1,94,1.66172e-11,1.66172e-11,2.70745e-24,191,5.89644e-15,1.12622004e-12
GCR_He_min_6,2500,1,95,4.38005e-09,4.38005e-09,3.93452e-21,38678,1.51609e-15,5.863932902e-11
GCR_He_min_6,2500,1,96,1.75946e-10,1.75946e-10,3.3179e-22,1299,1.35146e-14,1.75554654e-11
GCR_He_min_6,2500,1,97,9.34382e-10,9.34382e-10,3.56851e-22,18736,9.40139e-16,1.7614444303999998e-11
GCR_He_min_6,2500,1,98,6.88214e-11,6.88214e-11,1.8794e-23,784,4.55787e-15,3.57337008e-12
GCR_He_min_6,2500,1,99,7.38801e-10,7.38801e-10,2.20105e-22,18374,7.50999e-16,1.3798855626e-11
GCR_He_min_6,2500,1,100,1.44808e-12,1.44808e-12,1.7816e-25,17,1.41954e-14,2.413218e-13
GCR_He_min_6,2500,1,101,7.55378e-12,7.55378e-12,1.59851e-24,81,1.17462e-14,9.514421999999999e-13
GCR_He_min_6,2500,1,102,2.83005e-12,2.83005e-12,5.98481e-25,30,1.95203e-14,5.85609e-13
GCR_He_min_6,2500,1,103,7.54412e-10,7.54412e-10,1.02596e-21,6242,4.89854e-15,3.0576686680000003e-11
GCR_He_min_6,2500,1,104,1.72838e-11,1.72838e-11,3.58382e-24,182,7.67892e-15,1.39756344e-12
GCR_He_min_6,2500,1,105,5.11687e-11,5.11687e-11,2.25854e-23,395,1.01258e-14,3.999691e-12
GCR_He_min_6,2500,1,106,7.93437e-10,7.93437e-10,3.93386e-22,7104,2.4576e-15,1.74587904e-11
GCR_He_min_6,2500,1,107,9.99789e-08,9.99789e-08,1.25635e-19,820699,4.10421e-16,3.36832104279e-10
GCR_He_min_6,2500,1,108,7.02359e-09,7.02359e-09,7.28739e-21,65891,1.22722e-15,8.086275302e-11
GCR_He_min_6,2500,1,109,3.92821e-08,3.92821e-08,5.39828e-20,288201,7.65158e-16,2.20519300758e-10
GCR_He_min_6,2500,1,110,4.67435e-11,4.67435e-11,2.83202e-23,370,1.28131e-14,4.740847e-12
GCR_He_min_6,2500,1,111,0.0,0.0,0.0,0,0.0,0.0
GCR_He_min_6,2500,1,112,0.0,0.0,0.0,0,0.0,0.0
GCR_He_min_6,2500,1,113,4.55636e-10,4.55636e-10,4.20918e-22,3869,4.95386e-15,1.9166484340000002e-11
GCR_He_min_6,2500,1,114,3.11875e-13,3.11875e-13,3.85214e-26,5,3.08773e-14,1.5438649999999999e-13
GCR_He_min_6,2500,1,115,3.69709e-10,3.69709e-10,4.19073e-22,3091,6.26472e-15,1.9364249519999998e-11
GCR_He_min_6,2500,1,116,5.70895e-10,5.70895e-10,1.81863e-22,6091,1.86017e-15,1.133029547e-11
GCR_He_min_6,2500,1,117,9.04474e-08,9.04474e-08,9.87006e-20,790177,3.76161e-16,2.97233770497e-10
GCR_He_min_6,2500,1,118,4.05642e-09,4.05642e-09,3.43409e-21,42102,1.3103e-15,5.51662506e-11
GCR_He_min_6,2500,1,119,2.45602e-08,2.45602e-08,2.86648e-20,195700,8.173e-16,1.5994560999999999e-10
GCR_He_min_6,2500,1,120,2.05396e-11,2.05396e-11,4.16629e-24,247,6.36064e-15,1.57107808e-12
GCR_He_min_6,2500,1,121,1.4323e-11,1.4323e-11,2.0392e-24,189,5.18095e-15,9.7919955e-13
GCR_He_min_6,2500,1,122,1.29286e-10,1.29286e-10,2.71332e-23,1397,2.78887e-15,3.89605139e-12
GCR_He_min_6,2500,1,123,7.09679e-09,7.09679e-09,9.32095e-21,58117,1.58212e-15,9.194806804e-11
GCR_He_min_6,2500,1,124,1.59097e-09,1.59097e-09,1.46711e-21,15414,2.34182e-15,3.6096813479999997e-11
GCR_He_min_6,2500,1,125,3.38e-09,3.38e-09,4.0244e-21,25014,2.38791e-15,5.973118074000001e-11
GCR_He_min_6,2500,1,126,5.3538e-11,5.3538e-11,1.99366e-23,502,7.52112e-15,3.775602239999999e-12
GCR_He_min_6,2500,1,127,3.52509e-10,3.52509e-10,1.39438e-22,3147,3.17738e-15,9.99921486e-12
GCR_He_min_6,2500,1,128,1.87421e-11,1.87421e-11,5.51487e-24,122,1.3362e-14,1.630164e-12
GCR_He_min_6,2500,1,129,2.32227e-10,2.32227e-10,3.44386e-22,1435,1.22104e-14,1.7521924e-11
GCR_He_min_6,2500,1,130,2.20725e-10,2.20725e-10,2.18311e-22,1439,9.44136e-15,1.358611704e-11
GCR_He_min_6,2500,1,131,2.36713e-11,2.36713e-11,7.70441e-24,179,1.19816e-14,2.1447064e-12
GCR_He_min_6,2500,1,132,1.41822e-11,1.41822e-11,3.72881e-24,149,1.03864e-14,1.5475736e-12
GCR_He_min_6,2500,1,133,3.2959e-11,3.2959e-11,8.14768e-24,330,6.68773e-15,2.2069509e-12
GCR_He_min_6,2500,1,134,1.15085e-12,1.15085e-12,1.45926e-25,17,1.58135e-14,2.688295e-13
GCR_He_min_6,2500,1,135,6.97743e-11,6.97743e-11,3.44616e-23,590,8.6846e-15,5.123914000000001e-12
GCR_He_min_6,2500,1,136,7.19061e-11,7.19061e-11,8.32369e-23,616,1.40556e-14,8.6582496e-12
GCR_He_min_6,2500,1,137,7.72953e-10,7.72953e-10,6.63105e-22,7198,3.34634e-15,2.408695532e-11
GCR_He_min_6,2500,1,138,2.90682e-09,2.90682e-09,3.25177e-21,26547,2.04025e-15,5.416251675e-11
GCR_He_min_6,2500,1,139,0.0,0.0,0.0,0,0.0,0.0
GCR_He_min_6,2500,1,140,7.80218e-14,7.80218e-14,2.50703e-29,884,4.82658e-18,4.26669672e-15
GCR_He_min_6,2500,1,141,4.94918e-11,4.94918e-11,1.19451e-23,487,5.40542e-15,2.63243954e-12
GCR_He_min_6,2500,2,0,2.58434e-10,2.58434e-10,9.41646e-25,2587796,3.6981e-19,9.5699283876e-13
GCR_He_min_6,2500,2,1,1.356e-11,1.356e-11,7.6399e-24,108,2.2667e-14,2.448036e-12
GCR_He_min_6,2500,2,2,9.75874e-12,9.75874e-12,5.69345e-24,97,2.2494e-14,2.181918e-12
GCR_He_min_6,2500,2,3,6.73001e-12,6.73001e-12,2.21202e-24,67,1.86375e-14,1.2487124999999999e-12
GCR_He_min_6,2500,2,4,1.49883e-11,1.49883e-11,2.26744e-24,183,5.58758e-15,1.02252714e-12
GCR_He_min_6,2500,2,5,1.9009e-11,1.9009e-11,3.65307e-24,204,6.74095e-15,1.3751538e-12
GCR_He_min_6,2500,2,6,4.82701e-12,4.82701e-12,1.16708e-24,46,1.78637e-14,8.217302e-13
GCR_He_min_6,2500,2,7,1.5649e-11,1.5649e-11,1.34759e-23,102,3.27877e-14,3.3443454e-12
GCR_He_min_6,2500,2,8,9.48469e-11,9.48469e-11,5.69858e-23,809,8.37656e-15,6.776637040000001e-12
GCR_He_min_6,2500,2,9,3.33748e-13,3.33748e-13,3.28498e-26,6,2.18214e-14,1.309284e-13
GCR_He_min_6,2500,2,10,1.22306e-09,1.22306e-09,8.00845e-22,10583,2.42671e-15,2.568187193e-11
GCR_He_min_6,2500,2,11,2.95962e-11,2.95962e-11,1.12258e-23,332,8.83992e-15,2.93485344e-12
GCR_He_min_6,2500,2,12,1.95535e-10,1.95535e-10,2.38299e-22,1306,1.10744e-14,1.44631664e-11
GCR_He_min_6,2500,2,13,1.60441e-10,1.60441e-10,8.37044e-22,873,3.25703e-14,2.84338719e-11
GCR_He_min_6,2500,2,14,1.79548e-10,1.79548e-10,1.10853e-22,1484,6.36389e-15,9.44401276e-12
GCR_He_min_6,2500,2,15,4.3743e-11,4.3743e-11,2.07299e-23,478,8.56513e-15,4.09413214e-12
GCR_He_min_6,2500,2,16,1.57115e-10,1.57115e-10,1.40291e-22,1049,1.03057e-14,1.08106793e-11
GCR_He_min_6,2500,2,17,9.03316e-11,9.03316e-11,2.24363e-23,893,4.086e-15,3.648798e-12
GCR_He_min_6,2500,2,18,5.34258e-11,5.34258e-11,2.9804e-23,517,9.54073e-15,4.93255741e-12
GCR_He_min_6,2500,2,19,6.05663e-10,6.05663e-10,4.49167e-22,3876,4.85843e-15,1.883127468e-11
GCR_He_min_6,2500,2,20,4.41421e-10,4.41421e-10,5.47487e-22,3618,6.14175e-15,2.22208515e-11
GCR_He_min_6,2500,2,21,5.58657e-11,5.58657e-11,2.3205e-23,630,6.78654e-15,4.2755202e-12
GCR_He_min_6,2500,2,22,5.23854e-10,5.23854e-10,2.09458e-21,3061,1.46304e-14,4.47836544e-11
GCR_He_min_6,2500,2,23,3.87144e-10,3.87144e-10,1.91998e-22,4042,3.07969e-15,1.2448106980000001e-11
GCR_He_min_6,2500,2,24,6.9964e-11,6.9964e-11,1.93946e-22,264,5.02621e-14,1.32691944e-11
GCR_He_min_6,2500,2,25,7.11233e-11,7.11233e-11,4.29313e-23,515,1.11837e-14,5.7596055000000006e-12
GCR_He_min_6,2500,2,26,2.43263e-10,2.43263e-10,1.36268e-22,1574,6.31291e-15,9.93652034e-12
GCR_He_min_6,2500,2,27,2.54062e-10,2.54062e-10,1.45741e-22,2206,4.89352e-15,1.079510512e-11
GCR_He_min_6,2500,2,28,2.24538e-09,2.24538e-09,7.24299e-21,9974,8.23004e-15,8.208641896e-11
GCR_He_min_6,2500,2,29,3.86631e-09,3.86631e-09,4.36935e-21,33576,1.86573e-15,6.264375048000001e-11
GCR_He_min_6,2500,2,30,3.05623e-10,3.05623e-10,1.07743e-21,1549,2.05957e-14,3.19027393e-11
GCR_He_min_6,2500,2,31,7.85781e-10,7.85781e-10,3.56828e-21,3433,1.69585e-14,5.82185305e-11
GCR_He_min_6,2500,2,32,7.32089e-10,7.32089e-10,1.01686e-21,4509,6.6467e-15,2.99699703e-11
GCR_He_min_6,2500,2,33,2.44831e-10,2.44831e-10,1.15756e-22,2168,4.33058e-15,9.38869744e-12
GCR_He_min_6,2500,2,34,4.91488e-10,4.91488e-10,6.36847e-22,2296,1.00446e-14,2.3062401600000002e-11
GCR_He_min_6,2500,2,35,6.34615e-10,6.34615e-10,2.82565e-22,5147,2.77742e-15,1.4295380740000001e-11
GCR_He_min_6,2500,2,36,6.73751e-11,6.73751e-11,3.94118e-23,532,1.04551e-14,5.562113200000001e-12
GCR_He_min_6,2500,2,37,1.21865e-10,1.21865e-10,1.93248e-22,489,2.61256e-14,1.27754184e-11
GCR_He_min_6,2500,2,38,3.21046e-10,3.21046e-10,5.21726e-22,1752,1.22838e-14,2.15212176e-11
GCR_He_min_6,2500,2,39,5.61692e-11,5.61692e-11,5.6645e-23,289,2.34394e-14,6.7739865999999995e-12
GCR_He_min_6,2500,2,40,7.40755e-11,7.40755e-11,9.51801e-23,458,1.99374e-14,9.1313292e-12
GCR_He_min_6,2500,2,41,4.58978e-09,4.58978e-09,1.69999e-20,23121,5.48611e-15,1.2684434931000002e-10
GCR_He_min_6,2500,2,42,7.9771e-09,7.9771e-09,1.12113e-20,63682,1.58688e-15,1.0105569216e-10
GCR_He_min_6,2500,2,43,4.2004e-10,4.2004e-10,3.21081e-22,2590,6.14201e-15,1.59078059e-11
GCR_He_min_6,2500,2,44,9.14903e-10,9.14903e-10,9.63571e-22,7301,3.991e-15,2.9138291000000004e-11
GCR_He_min_6,2500,2,45,1.85188e-10,1.85188e-10,8.36924e-23,1255,5.98464e-15,7.5107232e-12
GCR_He_min_6,2500,2,46,1.53971e-10,1.53971e-10,6.50895e-23,1462,4.78344e-15,6.9933892800000006e-12
GCR_He_min_6,2500,2,47,9.5687e-11,9.5687e-11,2.00205e-22,475,2.83477e-14,1.3465157500000001e-11
GCR_He_min_6,2500,2,48,7.56812e-11,7.56812e-11,4.31151e-23,558,1.02808e-14,5.736686399999999e-12
GCR_He_min_6,2500,2,49,3.20446e-10,3.20446e-10,7.21525e-22,1865,1.38461e-14,2.58229765e-11
GCR_He_min_6,2500,2,50,4.96415e-10,4.96415e-10,3.88679e-22,4046,4.47522e-15,1.810674012e-11
GCR_He_min_6,2500,2,51,8.92079e-10,8.92079e-10,1.85701e-21,3985,1.02171e-14,4.07151435e-11
GCR_He_min_6,2500,2,52,1.69564e-09,1.69564e-09,2.66063e-21,11673,4.20952e-15,4.913772696e-11
GCR_He_min_6,2500,2,53,1.17956e-09,1.17956e-09,2.86986e-21,5306,9.62491e-15,5.106977246e-11
GCR_He_min_6,2500,2,54,1.9555e-09,1.9555e-09,3.11826e-21,13820,3.85732e-15,5.33081624e-11
GCR_He_min_6,2500,2,55,1.81615e-11,1.81615e-11,6.31249e-23,67,1.14725e-13,7.686575e-12
GCR_He_min_6,2500,2,56,1.26335e-10,1.26335e-10,1.95776e-22,778,1.70272e-14,1.32471616e-11
GCR_He_min_6,2500,2,57,1.08553e-11,1.08553e-11,2.26422e-24,94,1.0752e-14,1.0106879999999999e-12
GCR_He_min_6,2500,2,58,6.63642e-10,6.63642e-10,9.0558e-22,5105,5.60751e-15,2.862633855e-11
GCR_He_min_6,2500,2,59,1.67886e-11,1.67886e-11,6.82398e-24,193,1.20309e-14,2.3219637e-12
GCR_He_min_6,2500,2,60,3.49205e-11,3.49205e-11,1.6091e-23,274,1.24747e-14,3.4180678e-12
GCR_He_min_6,2500,2,61,8.34649e-10,8.34649e-10,1.00283e-21,7084,4.24576e-15,3.007696384e-11
GCR_He_min_6,2500,2,62,5.76912e-12,5.76912e-12,6.06842e-25,103,5.19658e-15,5.3524774e-13
GCR_He_min_6,2500,2,63,4.69192e-12,4.69192e-12,4.25748e-25,76,4.88621e-15,3.7135196000000003e-13
GCR_He_min_6,2500,2,64,9.24522e-12,9.24522e-12,2.38952e-24,116,1.11305e-14,1.2911380000000001e-12
GCR_He_min_6,2500,2,65,8.96354e-12,8.96354e-12,1.19566e-23,59,5.56425e-14,3.2829075e-12
GCR_He_min_6,2500,2,66,5.47515e-14,5.47515e-14,2.43089e-27,2,2.15874e-14,4.31748e-14
GCR_He_min_6,2500,2,67,4.72487e-12,4.72487e-12,7.78393e-25,57,1.10072e-14,6.274104e-13
GCR_He_min_6,2500,2,68,9.93003e-14,9.93003e-14,9.71588e-27,2,4.89163e-14,9.78326e-14
GCR_He_min_6,2500,2,69,2.46958e-12,2.46958e-12,2.59104e-25,38,8.37464e-15,3.1823632e-13
GCR_He_min_6,2500,2,70,3.16254e-11,3.16254e-11,3.46058e-23,272,2.04838e-14,5.5715936e-12
GCR_He_min_6,2500,2,71,1.32986e-10,1.32986e-10,2.47968e-22,1259,1.21529e-14,1.53005011e-11
GCR_He_min_6,2500,2,72,4.06251e-10,4.06251e-10,4.43916e-22,3242,6.11583e-15,1.982752086e-11
GCR_He_min_6,2500,2,73,6.44409e-10,6.44409e-10,8.09213e-22,4831,5.56742e-15,2.689620602e-11
GCR_He_min_6,2500,2,74,5.15877e-09,5.15877e-09,6.44829e-21,40954,1.85937e-15,7.614863898e-11
GCR_He_min_6,2500,2,75,1.66591e-09,1.66591e-09,1.34518e-21,14295,2.37343e-15,3.392818185e-11
GCR_He_min_6,2500,2,76,4.32217e-10,4.32217e-10,3.48102e-22,3914,4.42859e-15,1.733350126e-11
GCR_He_min_6,2500,2,77,1.96525e-10,1.96525e-10,2.92762e-22,1815,9.08058e-15,1.64812527e-11
GCR_He_min_6,2500,2,78,2.75262e-10,2.75262e-10,8.24359e-22,1834,1.5262e-14,2.7990507999999998e-11
GCR_He_min_6,2500,2,79,3.29182e-10,3.29182e-10,5.14183e-22,2617,8.31012e-15,2.174758404e-11
GCR_He_min_6,2500,2,80,1.46916e-10,1.46916e-10,6.63874e-23,1516,4.76507e-15,7.22384612e-12
GCR_He_min_6,2500,2,81,8.66034e-11,8.66034e-11,2.3465e-23,1014,3.95514e-15,4.01051196e-12
GCR_He_min_6,2500,2,82,3.61654e-10,3.61654e-10,4.29735e-22,3205,6.15422e-15,1.97242751e-11
GCR_He_min_6,2500,2,83,8.16213e-11,8.16213e-11,3.42179e-23,872,5.91553e-15,5.15834216e-12
GCR_He_min_6,2500,2,84,6.93789e-10,6.93789e-10,1.0794e-21,4992,6.28116e-15,3.1355550719999995e-11
GCR_He_min_6,2500,2,85,1.22125e-09,1.22125e-09,2.22846e-21,8939,5.07971e-15,4.540752769e-11
GCR_He_min_6,2500,2,86,1.03723e-09,1.03723e-09,1.92893e-21,7172,5.88124e-15,4.218025328e-11
GCR_He_min_6,2500,2,87,5.69804e-10,5.69804e-10,6.21127e-22,4768,4.9327e-15,2.35191136e-11
GCR_He_min_6,2500,2,88,9.77819e-10,9.77819e-10,1.08815e-21,7572,4.09616e-15,3.101612352e-11
GCR_He_min_6,2500,2,89,3.21298e-10,3.21298e-10,2.07746e-22,2868,4.57032e-15,1.3107677759999999e-11
GCR_He_min_6,2500,2,90,1.261e-10,1.261e-10,1.11253e-22,1029,9.51654e-15,9.79251966e-12
GCR_He_min_6,2500,2,91,2.37597e-11,2.37597e-11,6.62067e-24,229,8.92128e-15,2.04297312e-12
GCR_He_min_6,2500,2,92,2.74601e-10,2.74601e-10,1.46679e-22,2331,4.58807e-15,1.069479117e-11
GCR_He_min_6,2500,2,93,7.13045e-11,7.13045e-11,2.17512e-23,805,4.8835e-15,3.9312175e-12
GCR_He_min_6,2500,2,94,1.17203e-11,1.17203e-11,2.95653e-24,133,1.04678e-14,1.3922174e-12
GCR_He_min_6,2500,2,95,3.70253e-09,3.70253e-09,4.90365e-21,32768,2.04386e-15,6.697320448e-11
GCR_He_min_6,2500,2,96,7.46751e-11,7.46751e-11,2.50956e-23,811,5.26644e-15,4.2710828399999996e-12
GCR_He_min_6,2500,2,97,6.21109e-10,6.21109e-10,3.77197e-22,14058,1.33038e-15,1.8702482039999998e-11
GCR_He_min_6,2500,2,98,6.85769e-11,6.85769e-11,2.599e-23,686,6.38121e-15,4.3775100600000005e-12
GCR_He_min_6,2500,2,99,6.87569e-10,6.87569e-10,1.41777e-22,16723,6.37104e-16,1.0654290192e-11
GCR_He_min_6,2500,2,100,1.9953e-12,1.9953e-12,3.58776e-25,16,2.14038e-14,3.424608e-13
GCR_He_min_6,2500,2,101,4.47841e-12,4.47841e-12,6.89338e-25,62,9.83539e-15,6.0979418e-13
GCR_He_min_6,2500,2,102,7.99608e-12,7.99608e-12,5.16748e-24,43,4.51439e-14,1.9411877e-12
GCR_He_min_6,2500,2,103,6.89656e-10,6.89656e-10,9.47442e-22,5776,5.09264e-15,2.941508864e-11
GCR_He_min_6,2500,2,104,1.69357e-11,1.69357e-11,7.18725e-24,150,1.5363e-14,2.30445e-12
GCR_He_min_6,2500,2,105,5.19344e-11,5.19344e-11,5.35637e-23,351,1.93251e-14,6.7831101e-12
GCR_He_min_6,2500,2,106,8.56793e-10,8.56793e-10,4.151e-22,7426,2.3949e-15,1.77845274e-11
GCR_He_min_6,2500,2,107,9.25668e-08,9.25668e-08,1.12763e-19,779239,4.09385e-16,3.19008758015e-10
GCR_He_min_6,2500,2,108,5.94918e-09,5.94918e-09,5.64322e-21,58643,1.21057e-15,7.099145651000001e-11
GCR_He_min_6,2500,2,109,3.59957e-08,3.59957e-08,4.52426e-20,269041,7.47337e-16,2.01064293817e-10
GCR_He_min_6,2500,2,110,6.3525e-11,6.3525e-11,4.02911e-23,488,1.16078e-14,5.6646064e-12
GCR_He_min_6,2500,2,111,0.0,0.0,0.0,0,0.0,0.0
GCR_He_min_6,2500,2,112,0.0,0.0,0.0,0,0.0,0.0
GCR_He_min_6,2500,2,113,4.64284e-10,4.64284e-10,5.06033e-22,3560,5.92961e-15,2.1109411599999998e-11
GCR_He_min_6,2500,2,114,3.16227e-13,3.16227e-13,2.30049e-26,5,1.22576e-14,6.128799999999999e-14
GCR_He_min_6,2500,2,115,4.04197e-10,4.04197e-10,5.42335e-22,2955,7.46967e-15,2.2072874849999998e-11
GCR_He_min_6,2500,2,116,6.76418e-10,6.76418e-10,4.51103e-22,6228,3.1205e-15,1.9434474000000002e-11
GCR_He_min_6,2500,2,117,8.56972e-08,8.56972e-08,9.99401e-20,742730,4.04033e-16,3.0008743008999996e-10
GCR_He_min_6,2500,2,118,3.78322e-09,3.78322e-09,2.58838e-21,40141,1.17692e-15,4.724274572e-11
GCR_He_min_6,2500,2,119,2.14089e-08,2.14089e-08,2.24918e-20,174034,8.09724e-16,1.40919506616e-10
GCR_He_min_6,2500,2,120,2.38137e-11,2.38137e-11,4.85658e-24,258,6.33208e-15,1.63367664e-12
GCR_He_min_6,2500,2,121,3.21717e-11,3.21717e-11,3.09756e-23,265,1.96706e-14,5.212709e-12
GCR_He_min_6,2500,2,122,1.88512e-10,1.88512e-10,9.51223e-23,1585,5.38121e-15,8.52921785e-12
GCR_He_min_6,2500,2,123,6.68761e-09,6.68761e-09,7.6818e-21,55036,1.50594e-15,8.288091383999999e-11
GCR_He_min_6,2500,2,124,1.53794e-09,1.53794e-09,2.43219e-21,14777,3.22585e-15,4.7668385450000005e-11
GCR_He_min_6,2500,2,125,3.0543e-09,3.0543e-09,5.07842e-21,22035,3.09642e-15,6.82296147e-11
GCR_He_min_6,2500,2,126,5.43916e-11,5.43916e-11,7.14941e-23,399,2.00878e-14,8.0150322e-12
GCR_He_min_6,2500,2,127,2.70514e-10,2.70514e-10,2.71218e-22,2501,6.22076e-15,1.5558120759999998e-11
GCR_He_min_6,2500,2,128,2.53955e-11,2.53955e-11,1.48301e-23,127,2.46863e-14,3.1351601e-12
GCR_He_min_6,2500,2,129,1.84093e-10,1.84093e-10,1.04101e-22,1367,6.51707e-15,8.90883469e-12
GCR_He_min_6,2500,2,130,1.75232e-10,1.75232e-10,9.30684e-23,1307,6.38434e-15,8.34433238e-12
GCR_He_min_6,2500,2,131,2.15182e-11,2.15182e-11,5.41858e-24,217,8.37137e-15,1.8165872899999998e-12
GCR_He_min_6,2500,2,132,1.31037e-11,1.31037e-11,1.98266e-24,145,6.18394e-15,8.966713e-13
GCR_He_min_6,2500,2,133,2.91754e-11,2.91754e-11,1.06759e-23,264,1.03597e-14,2.7349608e-12
GCR_He_min_6,2500,2,134,2.25984e-12,2.25984e-12,3.77354e-25,30,1.54297e-14,4.62891e-13
GCR_He_min_6,2500,2,135,6.48585e-11,6.48585e-11,1.8929e-23,637,5.51568e-15,3.5134881599999996e-12
GCR_He_min_6,2500,2,136,6.63354e-11,6.63354e-11,7.07114e-23,512,1.54085e-14,7.889152e-12
GCR_He_min_6,2500,2,137,7.86064e-10,7.86064e-10,1.55349e-21,6674,5.72739e-15,3.822460086e-11
GCR_He_min_6,2500,2,138,2.86417e-09,2.86417e-09,3.32782e-21,25471,2.15248e-15,5.4825818079999993e-11
GCR_He_min_6,2500,2,139,0.0,0.0,0.0,0,0.0,0.0
GCR_He_min_6,2500,2,140,9.14313e-14,9.14313e-14,3.39847e-29,958,5.24886e-18,5.02840788e-15
GCR_He_min_6,2500,2,141,8.61924e-11,8.61924e-11,1.57573e-22,564,2.13251e-14,1.20273564e-11
GCR_He_min_6,5000,0,0,5.39033e-10,5.39033e-10,1.0746e-24,5388201,1.875e-19,1.0102876875e-12
GCR_He_min_6,5000,0,1,4.49193e-11,4.49193e-11,2.77614e-23,315,1.46939e-14,4.6285785e-12
GCR_He_min_6,5000,0,2,2.59234e-11,2.59234e-11,6.18593e-24,261,7.29482e-15,1.90394802e-12
GCR_He_min_6,5000,0,3,1.99166e-11,1.99166e-11,2.12902e-23,163,2.67227e-14,4.3558001e-12
GCR_He_min_6,5000,0,4,5.13479e-11,5.13479e-11,2.2296e-23,550,7.61339e-15,4.1873645e-12
GCR_He_min_6,5000,0,5,5.11319e-11,5.11319e-11,2.52372e-23,502,8.92402e-15,4.47985804e-12
GCR_He_min_6,5000,0,6,4.57905e-12,4.57905e-12,6.35245e-25,55,9.24807e-15,5.0864385e-13
GCR_He_min_6,5000,0,7,3.14099e-11,3.14099e-11,8.95471e-24,281,8.31796e-15,2.33734676e-12
GCR_He_min_6,5000,0,8,2.27715e-10,2.27715e-10,9.16e-23,2145,3.82901e-15,8.213226450000001e-12
GCR_He_min_6,5000,0,9,7.01195e-13,7.01195e-13,1.04299e-25,7,2.84772e-14,1.9934040000000002e-13
GCR_He_min_6,5000,0,10,2.74346e-09,2.74346e-09,3.27773e-21,22447,2.4166e-15,5.42454202e-11
GCR_He_min_6,5000,0,11,6.52023e-11,6.52023e-11,3.65988e-23,610,8.93075e-15,5.4477575e-12
GCR_He_min_6,5000,0,12,4.34798e-10,4.34798e-10,7.75525e-22,3073,8.69679e-15,2.672523567e-11
GCR_He_min_6,5000,0,13,3.09109e-10,3.09109e-10,4.49776e-22,1646,1.2028e-14,1.9798088e-11
GCR_He_min_6,5000,0,14,4.4912e-10,4.4912e-10,2.61751e-22,3628,3.95811e-15,1.436002308e-11
GCR_He_min_6,5000,0,15,9.26338e-11,9.26338e-11,5.97438e-23,794,8.81595e-15,6.999864299999999e-12
GCR_He_min_6,5000,0,16,3.99984e-10,3.99984e-10,2.9795e-22,2435,6.25987e-15,1.524278345e-11
GCR_He_min_6,5000,0,17,2.66889e-10,2.66889e-10,3.04832e-22,2217,7.45037e-15,1.6517470290000002e-11
GCR_He_min_6,5000,0,18,1.40417e-10,1.40417e-10,1.48974e-22,1211,9.51608e-15,1.1523972880000001e-11
GCR_He_min_6,5000,0,19,1.41314e-09,1.41314e-09,2.26251e-21,7858,5.70346e-15,4.481778868e-11
GCR_He_min_6,5000,0,20,9.70716e-10,9.70716e-10,1.06736e-21,8298,3.72206e-15,3.0885653880000005e-11
GCR_He_min_6,5000,0,21,1.8667e-10,1.8667e-10,3.75149e-22,1289,1.44803e-14,1.86651067e-11
GCR_He_min_6,5000,0,22,9.63986e-10,9.63986e-10,1.72966e-21,5784,6.8489e-15,3.96140376e-11
GCR_He_min_6,5000,0,23,8.09485e-10,8.09485e-10,7.82579e-22,7322,3.59578e-15,2.632830116e-11
GCR_He_min_6,5000,0,24,1.10858e-10,1.10858e-10,7.25994e-23,582,1.23391e-14,7.181356200000001e-12
GCR_He_min_6,5000,0,25,1.42094e-10,1.42094e-10,1.19868e-22,1045,9.60011e-15,1.0032114950000001e-11
GCR_He_min_6,5000,0,26,7.70492e-10,7.70492e-10,6.40577e-22,4278,5.23695e-15,2.24036721e-11
GCR_He_min_6,5000,0,27,6.04937e-10,6.04937e-10,3.20594e-22,4826,3.24215e-15,1.56466159e-11
GCR_He_min_6,5000,0,28,4.12515e-09,4.12515e-09,1.11411e-20,19889,5.0993e-15,1.014199777e-10
GCR_He_min_6,5000,0,29,8.54551e-09,8.54551e-09,1.23765e-20,67197,1.58123e-15,1.0625391231e-10
GCR_He_min_6,5000,0,30,2.94373e-10,2.94373e-10,1.13322e-22,2748,3.29159e-15,9.04528932e-12
GCR_He_min_6,5000,0,31,1.46484e-09,1.46484e-09,2.68517e-21,6770,7.18878e-15,4.866804059999999e-11
GCR_He_min_6,5000,0,32,1.3277e-09,1.3277e-09,1.27973e-21,9706,3.41433e-15,3.313948698e-11
GCR_He_min_6,5000,0,33,6.20509e-10,6.20509e-10,6.24373e-22,4389,5.27871e-15,2.3168258190000002e-11
GCR_He_min_6,5000,0,34,1.00786e-09,1.00786e-09,1.17486e-21,4984,6.25296e-15,3.116475264e-11
GCR_He_min_6,5000,0,35,1.63836e-09,1.63836e-09,1.70775e-21,12055,3.19689e-15,3.8538508950000004e-11
GCR_He_min_6,5000,0,36,1.9784e-10,1.9784e-10,2.34502e-22,1396,1.02966e-14,1.4374053599999999e-11
GCR_He_min_6,5000,0,37,1.57908e-10,1.57908e-10,1.14385e-22,782,1.16224e-14,9.0887168e-12
GCR_He_min_6,5000,0,38,4.98944e-10,4.98944e-10,6.03127e-22,3305,6.95233e-15,2.297745065e-11
GCR_He_min_6,5000,0,39,1.55719e-10,1.55719e-10,3.50476e-22,669,2.65169e-14,1.77398061e-11
GCR_He_min_6,5000,0,40,1.46535e-10,1.46535e-10,1.21716e-22,978,1.02179e-14,9.9931062e-12
GCR_He_min_6,5000,0,41,8.38606e-09,8.38606e-09,1.71665e-20,44964,2.77803e-15,1.2491134092e-10
GCR_He_min_6,5000,0,42,1.49416e-08,1.49416e-08,1.8749e-20,123859,1.05103e-15,1.3017952477000001e-10
GCR_He_min_6,5000,0,43,1.07452e-09,1.07452e-09,1.66569e-21,6334,6.08116e-15,3.851806744e-11
GCR_He_min_6,5000,0,44,1.97546e-09,1.97546e-09,2.14773e-21,16576,2.63823e-15,4.373130048e-11
GCR_He_min_6,5000,0,45,4.23123e-10,4.23123e-10,2.2183e-22,2661,4.67273e-15,1.2434134529999999e-11
GCR_He_min_6,5000,0,46,4.76861e-10,4.76861e-10,3.8333e-22,3670,4.88534e-15,1.79291978e-11
GCR_He_min_6,5000,0,47,2.18967e-10,2.18967e-10,1.72929e-22,1219,9.48575e-15,1.156312925e-11
GCR_He_min_6,5000,0,48,1.91188e-10,1.91188e-10,3.65046e-22,1606,1.15235e-14,1.8506741000000002e-11
GCR_He_min_6,5000,0,49,1.07488e-09,1.07488e-09,1.39553e-21,5433,6.33096e-15,3.439610568e-11
GCR_He_min_6,5000,0,50,1.48162e-09,1.48162e-09,1.07468e-21,11708,2.54415e-15,2.97869082e-11
GCR_He_min_6,5000,0,51,2.20883e-09,2.20883e-09,6.28919e-21,9979,7.63236e-15,7.616332043999999e-11
GCR_He_min_6,5000,0,52,3.80822e-09,3.80822e-09,7.8718e-21,26997,3.17235e-15,8.564393295e-11
GCR_He_min_6,5000,0,53,2.7191e-09,2.7191e-09,6.4122e-21,11505,6.60243e-15,7.596095715000001e-11
GCR_He_min_6,5000,0,54,4.53321e-09,4.53321e-09,7.53963e-21,30907,2.68274e-15,8.291544517999999e-11
GCR_He_min_6,5000,0,55,2.48507e-11,2.48507e-11,2.60764e-23,118,3.88548e-14,4.5848664e-12
GCR_He_min_6,5000,0,56,1.8438e-10,1.8438e-10,2.78077e-22,1445,1.10451e-14,1.59601695e-11
GCR_He_min_6,5000,0,57,4.41583e-11,4.41583e-11,6.51876e-23,355,2.17948e-14,7.737154e-12
GCR_He_min_6,5000,0,58,1.37763e-09,1.37763e-09,1.52477e-21,10583,3.46611e-15,3.6681842129999996e-11
GCR_He_min_6,5000,0,59,3.93812e-11,3.93812e-11,1.36465e-23,401,7.80808e-15,3.1310400800000002e-12
GCR_He_min_6,5000,0,60,6.93225e-11,6.93225e-11,5.0549e-23,512,1.25432e-14,6.4221184e-12
GCR_He_min_6,5000,0,61,1.99639e-09,1.99639e-09,1.3339e-21,18363,1.81998e-15,3.342029274e-11
GCR_He_min_6,5000,0,62,1.70377e-11,1.70377e-11,4.81904e-24,183,9.85207e-15,1.80292881e-12
GCR_He_min_6,5000,0,63,1.44135e-11,1.44135e-11,3.2339e-24,162,8.64994e-15,1.40129028e-12
GCR_He_min_6,5000,0,64,2.10818e-11,2.10818e-11,4.89132e-24,251,7.05203e-15,1.77005953e-12
GCR_He_min_6,5000,0,65,1.4505e-11,1.4505e-11,3.25224e-24,183,7.94529e-15,1.4539880699999998e-12
GCR_He_min_6,5000,0,66,2.84219e-13,2.84219e-13,2.42027e-26,5,2.00581e-14,1.002905e-13
GCR_He_min_6,5000,0,67,5.31877e-12,5.31877e-12,7.24566e-25,78,7.76231e-15,6.054601800000001e-13
GCR_He_min_6,5000,0,68,4.13903e-13,4.13903e-13,3.25583e-26,7,1.38741e-14,9.71187e-14
GCR_He_min_6,5000,0,69,1.17674e-11,1.17674e-11,5.82785e-24,93,2.25193e-14,2.0942949e-12
GCR_He_min_6,5000,0,70,7.10197e-11,7.10197e-11,1.29645e-22,641,1.72291e-14,1.1043853100000001e-11
GCR_He_min_6,5000,0,71,3.03598e-10,3.03598e-10,3.11586e-22,2616,6.3559e-15,1.66270344e-11
GCR_He_min_6,5000,0,72,8.49778e-10,8.49778e-10,8.76328e-22,7288,3.82561e-15,2.788104568e-11
GCR_He_min_6,5000,0,73,1.36542e-09,1.36542e-09,1.06399e-21,11660,2.57886e-15,3.00695076e-11
GCR_He_min_6,5000,0,74,1.05791e-08,1.05791e-08,1.2301e-20,88142,1.1916e-15,1.050300072e-10
GCR_He_min_6,5000,0,75,3.80433e-09,3.80433e-09,3.59244e-21,32234,1.73938e-15,5.606717492e-11
GCR_He_min_6,5000,0,76,9.8799e-10,9.8799e-10,8.85304e-22,9118,3.05973e-15,2.789861814e-11
GCR_He_min_6,5000,0,77,5.89876e-10,5.89876e-10,8.29083e-22,4925,5.59237e-15,2.754242225e-11
GCR_He_min_6,5000,0,78,4.02e-10,4.02e-10,2.38198e-22,3787,3.69286e-15,1.3984860819999999e-11
GCR_He_min_6,5000,0,79,6.92726e-10,6.92726e-10,6.60986e-22,6223,3.88324e-15,2.4165402520000004e-11
GCR_He_min_6,5000,0,80,4.05594e-10,4.05594e-10,2.74845e-22,3565,4.24263e-15,1.512497595e-11
GCR_He_min_6,5000,0,81,2.64178e-10,2.64178e-10,1.94287e-22,2278,5.61695e-15,1.27954121e-11
GCR_He_min_6,5000,0,82,7.11262e-10,7.11262e-10,5.11966e-22,6602,3.16061e-15,2.086634722e-11
GCR_He_min_6,5000,0,83,2.48091e-10,2.48091e-10,2.1244e-22,2188,6.2062e-15,1.35791656e-11
GCR_He_min_6,5000,0,84,1.51374e-09,1.51374e-09,1.90409e-21,11118,3.70647e-15,4.120853346e-11
GCR_He_min_6,5000,0,85,2.5066e-09,2.5066e-09,3.11644e-21,19305,2.73665e-15,5.283102825e-11
GCR_He_min_6,5000,0,86,2.03582e-09,2.03582e-09,2.9966e-21,13885,3.7411e-15,5.19451735e-11
GCR_He_min_6,5000,0,87,1.42688e-09,1.42688e-09,1.77646e-21,11643,3.4374e-15,4.0021648199999996e-11
GCR_He_min_6,5000,0,88,2.45522e-09,2.45522e-09,6.63589e-21,18368,4.324e-15,7.9423232e-11
GCR_He_min_6,5000,0,89,9.39834e-10,9.39834e-10,1.04027e-21,7181,4.21787e-15,3.028852447e-11
GCR_He_min_6,5000,0,90,3.39911e-10,3.39911e-10,4.13067e-22,2503,7.65427e-15,1.915863781e-11
GCR_He_min_6,5000,0,91,8.469e-11,8.469e-11,8.62482e-23,467,1.80485e-14,8.428649500000001e-12
GCR_He_min_6,5000,0,92,7.36635e-10,7.36635e-10,5.39402e-22,6364,3.34886e-15,2.131214504e-11
GCR_He_min_6,5000,0,93,2.55249e-10,2.55249e-10,1.05056e-22,2409,3.66716e-15,8.83418844e-12
GCR_He_min_6,5000,0,94,5.28688e-11,5.28688e-11,2.32933e-23,493,8.52398e-15,4.20232214e-12
GCR_He_min_6,5000,0,95,9.27347e-09,9.27347e-09,9.92576e-21,79637,1.18102e-15,9.405288974e-11
GCR_He_min_6,5000,0,96,2.86992e-10,2.86992e-10,3.22168e-22,2237,7.55299e-15,1.6896038629999998e-11
GCR_He_min_6,5000,0,97,1.80636e-09,1.80636e-09,1.19323e-21,37058,8.97099e-16,3.3244694742e-11
GCR_He_min_6,5000,0,98,2.10844e-10,2.10844e-10,8.54145e-23,2096,3.82381e-15,8.01470576e-12
GCR_He_min_6,5000,0,99,1.75533e-09,1.75533e-09,8.42879e-22,41735,6.64481e-16,2.7732114535000002e-11
GCR_He_min_6,5000,0,100,4.62869e-12,4.62869e-12,9.40061e-25,49,1.46213e-14,7.164437e-13
GCR_He_min_6,5000,0,101,3.48555e-11,3.48555e-11,9.33471e-23,215,4.36581e-14,9.3864915e-12
GCR_He_min_6,5000,0,102,1.10759e-11,1.10759e-11,2.45568e-24,97,1.13092e-14,1.0969924e-12
GCR_He_min_6,5000,0,103,1.47183e-09,1.47183e-09,2.17475e-21,11741,3.79985e-15,4.461403885e-11
GCR_He_min_6,5000,0,104,3.04819e-11,3.04819e-11,7.97741e-24,339,6.76028e-15,2.29173492e-12
GCR_He_min_6,5000,0,105,1.25954e-10,1.25954e-10,1.62149e-22,823,1.45325e-14,1.19602475e-11
GCR_He_min_6,5000,0,106,2.37204e-09,2.37204e-09,1.56049e-21,19749,1.80851e-15,3.5716263989999996e-11
GCR_He_min_6,5000,0,107,1.94466e-07,1.94466e-07,2.43428e-19,1601644,2.92728e-16,4.68846044832e-10
GCR_He_min_6,5000,0,108,1.26231e-08,1.26231e-08,1.17898e-20,118193,8.6456e-16,1.0218494008e-10
GCR_He_min_6,5000,0,109,7.20728e-08,7.20728e-08,9.20384e-20,540317,5.31349e-16,2.87096897633e-10
GCR_He_min_6,5000,0,110,1.48777e-10,1.48777e-10,1.83767e-22,1298,9.95129e-15,1.2916774419999999e-11
GCR_He_min_6,5000,0,111,0.0,0.0,0.0,0,0.0,0.0
GCR_He_min_6,5000,0,112,0.0,0.0,0.0,0,0.0,0.0
GCR_He_min_6,5000,0,113,1.02922e-09,1.02922e-09,1.16844e-21,7994,4.02651e-15,3.218792094e-11
GCR_He_min_6,5000,0,114,1.39656e-12,1.39656e-12,2.19071e-25,20,1.7885e-14,3.5770000000000003e-13
GCR_He_min_6,5000,0,115,5.90075e-10,5.90075e-10,1.05408e-21,5111,6.1442e-15,3.14030062e-11
GCR_He_min_6,5000,0,116,1.62701e-09,1.62701e-09,1.40563e-21,15024,2.3339e-15,3.50645136e-11
GCR_He_min_6,5000,0,117,1.7817e-07,1.7817e-07,2.00767e-19,1542300,2.75226e-16,4.244810598e-10
GCR_He_min_6,5000,0,118,7.68607e-09,7.68607e-09,6.53075e-21,80282,9.48216e-16,7.6124676912e-11
GCR_He_min_6,5000,0,119,4.55162e-08,4.55162e-08,5.0696e-20,364229,5.82467e-16,2.1215137294300001e-10
GCR_He_min_6,5000,0,120,8.82205e-11,8.82205e-11,1.17304e-22,700,1.47314e-14,1.031198e-11
GCR_He_min_6,5000,0,121,7.52911e-11,7.52911e-11,5.62829e-23,554,1.22603e-14,6.7922062e-12
GCR_He_min_6,5000,0,122,3.94485e-10,3.94485e-10,2.50115e-22,3442,4.15936e-15,1.4316517119999999e-11
GCR_He_min_6,5000,0,123,1.34516e-08,1.34516e-08,1.34581e-20,112851,9.64808e-16,1.08879547608e-10
GCR_He_min_6,5000,0,124,3.01448e-09,3.01448e-09,3.02563e-21,29156,1.78682e-15,5.2096523920000005e-11
GCR_He_min_6,5000,0,125,6.50229e-09,6.50229e-09,7.14867e-21,48376,1.63746e-15,7.921376496e-11
GCR_He_min_6,5000,0,126,1.4896e-10,1.4896e-10,5.18784e-23,1312,4.50874e-15,5.91546688e-12
GCR_He_min_6,5000,0,127,6.80021e-10,6.80021e-10,4.6552e-22,6215,3.18233e-15,1.977818095e-11
GCR_He_min_6,5000,0,128,5.25744e-11,5.25744e-11,3.51254e-23,231,2.08784e-14,4.8229104e-12
GCR_He_min_6,5000,0,129,3.52781e-10,3.52781e-10,1.64581e-22,2649,4.09451e-15,1.0846356990000001e-11
GCR_He_min_6,5000,0,130,4.49096e-10,4.49096e-10,6.80825e-22,2768,8.90944e-15,2.466132992e-11
GCR_He_min_6,5000,0,131,6.23165e-11,6.23165e-11,1.8102e-23,599,5.69533e-15,3.4115026700000002e-12
GCR_He_min_6,5000,0,132,6.91537e-11,6.91537e-11,4.78778e-23,495,1.25015e-14,6.1882425e-12
GCR_He_min_6,5000,0,133,9.52167e-11,9.52167e-11,1.8398e-22,654,1.99585e-14,1.3052859e-11
GCR_He_min_6,5000,0,134,5.96451e-12,5.96451e-12,1.60663e-24,58,1.73333e-14,1.0053314e-12
GCR_He_min_6,5000,0,135,1.5042e-10,1.5042e-10,2.30309e-22,1202,1.21036e-14,1.45485272e-11
GCR_He_min_6,5000,0,136,1.5904e-10,1.5904e-10,1.98735e-22,1180,1.1289e-14,1.332102e-11
GCR_He_min_6,5000,0,137,1.42527e-09,1.42527e-09,1.46435e-21,13397,2.70455e-15,3.623285635e-11
GCR_He_min_6,5000,0,138,5.11859e-09,5.11859e-09,4.51604e-21,48517,1.29968e-15,6.305657456000001e-11
GCR_He_min_6,5000,0,139,0.0,0.0,0.0,0,0.0,0.0
GCR_He_min_6,5000,0,140,3.01337e-13,3.01337e-13,3.2141e-28,2741,6.19554e-18,1.6981975139999998e-14
GCR_He_min_6,5000,0,141,1.04861e-10,1.04861e-10,4.18576e-23,844,6.3655e-15,5.372482e-12
GCR_He_min_6,5000,1,0,5.43514e-10,5.43514e-10,1.58319e-24,5128583,2.40836e-19,1.235147415388e-12
GCR_He_min_6,5000,1,1,4.0078e-11,4.0078e-11,1.26046e-23,348,8.13377e-15,2.8305519600000003e-12
GCR_He_min_6,5000,1,2,4.74964e-11,4.74964e-11,1.35563e-22,311,3.6481e-14,1.1345591000000001e-11
GCR_He_min_6,5000,1,3,1.13653e-11,1.13653e-11,2.15131e-24,126,8.45584e-15,1.06543584e-12
GCR_He_min_6,5000,1,4,3.42314e-11,3.42314e-11,6.54174e-24,358,5.05713e-15,1.81045254e-12
GCR_He_min_6,5000,1,5,5.17175e-11,5.17175e-11,1.49173e-23,453,6.63459e-15,3.0054692700000003e-12
GCR_He_min_6,5000,1,6,5.41865e-12,5.41865e-12,1.0903e-24,50,1.43294e-14,7.164700000000001e-13
GCR_He_min_6,5000,1,7,1.43675e-11,1.43675e-11,2.3625e-24,191,5.943e-15,1.135113e-12
GCR_He_min_6,5000,1,8,1.87074e-10,1.87074e-10,1.2789e-22,1762,5.90045e-15,1.03965929e-11
GCR_He_min_6,5000,1,9,1.72901e-12,1.72901e-12,3.38857e-25,15,2.57791e-14,3.866865e-13
GCR_He_min_6,5000,1,10,2.75876e-09,2.75876e-09,2.9059e-21,22089,2.29123e-15,5.061097947e-11
GCR_He_min_6,5000,1,11,5.75926e-11,5.75926e-11,1.33249e-23,587,4.72336e-15,2.77261232e-12
GCR_He_min_6,5000,1,12,4.07109e-10,4.07109e-10,5.05091e-22,3086,6.88569e-15,2.124923934e-11
GCR_He_min_6,5000,1,13,3.20569e-10,3.20569e-10,2.89558e-22,1869,8.19685e-15,1.5319912649999998e-11
GCR_He_min_6,5000,1,14,2.91584e-10,2.91584e-10,1.10037e-22,2757,3.22849e-15,8.900946930000001e-12
GCR_He_min_6,5000,1,15,9.03976e-11,9.03976e-11,4.08658e-23,926,6.11614e-15,5.66354564e-12
GCR_He_min_6,5000,1,16,3.73495e-10,3.73495e-10,4.11783e-22,2227,8.39227e-15,1.868958529e-11
GCR_He_min_6,5000,1,17,2.26101e-10,2.26101e-10,1.50852e-22,1949,5.72926e-15,1.116632774e-11
GCR_He_min_6,5000,1,18,1.0628e-10,1.0628e-10,2.70383e-23,1171,3.56293e-15,4.17219103e-12
GCR_He_min_6,5000,1,19,1.4528e-09,1.4528e-09,3.08039e-21,8197,6.48216e-15,5.313426552e-11
GCR_He_min_6,5000,1,20,9.58868e-10,9.58868e-10,7.57191e-22,8189,3.10132e-15,2.5396709480000002e-11
GCR_He_min_6,5000,1,21,1.38691e-10,1.38691e-10,2.76341e-22,1293,1.25105e-14,1.61760765e-11
GCR_He_min_6,5000,1,22,1.0506e-09,1.0506e-09,3.81021e-21,5946,1.01261e-14,6.020979060000001e-11
GCR_He_min_6,5000,1,23,9.003e-10,9.003e-10,8.71376e-22,8094,3.43129e-15,2.777286126e-11
GCR_He_min_6,5000,1,24,7.43698e-11,7.43698e-11,2.77206e-23,517,7.98808e-15,4.12983736e-12
GCR_He_min_6,5000,1,25,9.23834e-11,9.23834e-11,2.01591e-23,876,3.68638e-15,3.2292688799999996e-12
GCR_He_min_6,5000,1,26,5.46133e-10,5.46133e-10,2.9601e-22,3385,4.2602e-15,1.4420777e-11
GCR_He_min_6,5000,1,27,4.48632e-10,4.48632e-10,3.28929e-22,3982,4.1906e-15,1.66869692e-11
GCR_He_min_6,5000,1,28,3.57398e-09,3.57398e-09,8.92507e-21,18469,4.91314e-15,9.074078266e-11
GCR_He_min_6,5000,1,29,7.15e-09,7.15e-09,7.96726e-21,62828,1.34621e-15,8.457968188000001e-11
GCR_He_min_6,5000,1,30,3.82286e-10,3.82286e-10,4.65221e-22,3044,6.71127e-15,2.042910588e-11
GCR_He_min_6,5000,1,31,1.43232e-09,1.43232e-09,2.25542e-21,6422,6.85192e-15,4.400303024e-11
GCR_He_min_6,5000,1,32,1.59304e-09,1.59304e-09,2.15802e-21,10340,4.22971e-15,4.37352014e-11
GCR_He_min_6,5000,1,33,4.8239e-10,4.8239e-10,3.7732e-22,3675,4.82244e-15,1.7722467e-11
GCR_He_min_6,5000,1,34,8.71319e-10,8.71319e-10,7.8023e-22,4297,5.71797e-15,2.457011709e-11
GCR_He_min_6,5000,1,35,1.5475e-09,1.5475e-09,1.08722e-21,11539,2.57049e-15,2.966088411e-11
GCR_He_min_6,5000,1,36,1.78747e-10,1.78747e-10,1.50584e-22,1183,9.40084e-15,1.112119372e-11
GCR_He_min_6,5000,1,37,1.7044e-10,1.7044e-10,1.53702e-22,768,1.40256e-14,1.07716608e-11
GCR_He_min_6,5000,1,38,4.40137e-10,4.40137e-10,5.34483e-22,3009,7.20687e-15,2.168547183e-11
GCR_He_min_6,5000,1,39,9.23672e-11,9.23672e-11,4.13528e-23,556,9.18057e-15,5.10439692e-12
GCR_He_min_6,5000,1,40,1.01494e-10,1.01494e-10,3.77611e-23,856,5.92893e-15,5.07516408e-12
GCR_He_min_6,5000,1,41,8.11107e-09,8.11107e-09,1.32932e-20,44101,2.46334e-15,1.0863575734e-10
GCR_He_min_6,5000,1,42,1.45145e-08,1.45145e-08,1.61219e-20,120214,9.97165e-16,1.1987319331e-10
GCR_He_min_6,5000,1,43,1.25205e-09,1.25205e-09,2.49676e-21,6477,7.33173e-15,4.7487615209999995e-11
GCR_He_min_6,5000,1,44,2.33928e-09,2.33928e-09,3.9498e-21,16337,3.68032e-15,6.012538784e-11
GCR_He_min_6,5000,1,45,6.25787e-10,6.25787e-10,1.70216e-21,2911,1.36036e-14,3.96000796e-11
GCR_He_min_6,5000,1,46,5.66984e-10,5.66984e-10,1.08242e-21,3907,8.09549e-15,3.1629079429999996e-11
GCR_He_min_6,5000,1,47,1.19383e-10,1.19383e-10,5.89046e-23,778,8.19378e-15,6.37476084e-12
GCR_He_min_6,5000,1,48,9.2871e-11,9.2871e-11,2.87391e-23,889,4.91071e-15,4.3656211899999995e-12
GCR_He_min_6,5000,1,49,1.05125e-09,1.05125e-09,1.41042e-21,5083,6.79583e-15,3.4543203889999996e-11
GCR_He_min_6,5000,1,50,1.23688e-09,1.23688e-09,1.49343e-21,9433,3.86814e-15,3.648816462e-11
GCR_He_min_6,5000,1,51,1.96672e-09,1.96672e-09,3.10345e-21,9540,5.44497e-15,5.1945013799999996e-11
GCR_He_min_6,5000,1,52,3.67775e-09,3.67775e-09,3.95996e-21,26002,2.25562e-15,5.865063124e-11
GCR_He_min_6,5000,1,53,2.52721e-09,2.52721e-09,5.25394e-21,11312,6.0539e-15,6.84817168e-11
GCR_He_min_6,5000,1,54,4.18016e-09,4.18016e-09,6.34321e-21,29691,2.55502e-15,7.586109882e-11
GCR_He_min_6,5000,1,55,1.54875e-11,1.54875e-11,4.83683e-24,118,1.42515e-14,1.681677e-12
GCR_He_min_6,5000,1,56,1.27926e-10,1.27926e-10,3.15512e-23,1448,3.10876e-15,4.50148448e-12
GCR_He_min_6,5000,1,57,2.55499e-11,2.55499e-11,5.31526e-24,262,6.42592e-15,1.68359104e-12
GCR_He_min_6,5000,1,58,1.29842e-09,1.29842e-09,1.03329e-21,10179,2.89397e-15,2.945772063e-11
GCR_He_min_6,5000,1,59,3.67411e-11,3.67411e-11,1.12733e-23,371,7.45779e-15,2.76684009e-12
GCR_He_min_6,5000,1,60,7.30543e-11,7.30543e-11,4.23583e-23,529,1.07486e-14,5.6860093999999996e-12
GCR_He_min_6,5000,1,61,1.45318e-09,1.45318e-09,6.17619e-22,14121,1.53217e-15,2.163577257e-11
GCR_He_min_6,5000,1,62,3.88287e-11,3.88287e-11,2.97404e-23,330,1.52266e-14,5.0247779999999996e-12
GCR_He_min_6,5000,1,63,1.73189e-11,1.73189e-11,6.9161e-24,173,1.3197e-14,2.283081e-12
GCR_He_min_6,5000,1,64,2.37482e-11,2.37482e-11,1.34255e-23,280,1.20861e-14,3.3841080000000003e-12
GCR_He_min_6,5000,1,65,1.58413e-11,1.58413e-11,6.38212e-24,167,1.3267e-14,2.215589e-12
GCR_He_min_6,5000,1,66,1.99381e-13,1.99381e-13,1.31831e-26,4,1.6444e-14,6.5776e-14
GCR_He_min_6,5000,1,67,4.66426e-12,4.66426e-12,5.10797e-25,75,6.30637e-15,4.7297775e-13
GCR_He_min_6,5000,1,68,5.77542e-14,5.77542e-14,3.33555e-27,1,0.0,0.0
GCR_He_min_6,5000,1,69,1.01841e-11,1.01841e-11,2.60193e-24,85,1.39112e-14,1.182452e-12
GCR_He_min_6,5000,1,70,5.90983e-11,5.90983e-11,1.96651e-23,664,5.72029e-15,3.79827256e-12
GCR_He_min_6,5000,1,71,2.72657e-10,2.72657e-10,1.16779e-22,2715,3.48315e-15,9.45675225e-12
GCR_He_min_6,5000,1,72,9.42703e-10,9.42703e-10,1.38089e-21,7345,4.83288e-15,3.54975036e-11
GCR_He_min_6,5000,1,73,1.51694e-09,1.51694e-09,1.88066e-21,12606,3.26907e-15,4.1209896420000003e-11
GCR_He_min_6,5000,1,74,1.01039e-08,1.01039e-08,1.13236e-20,81937,1.22519e-15,1.0038839303e-10
GCR_He_min_6,5000,1,75,3.82727e-09,3.82727e-09,6.13469e-21,29181,2.57197e-15,7.505265657e-11
GCR_He_min_6,5000,1,76,9.78134e-10,9.78134e-10,1.17048e-21,8639,3.76843e-15,3.255546677e-11
GCR_He_min_6,5000,1,77,5.23633e-10,5.23633e-10,5.14317e-22,4856,4.40685e-15,2.13996636e-11
GCR_He_min_6,5000,1,78,4.23751e-10,4.23751e-10,3.66386e-22,3764,4.74335e-15,1.78539694e-11
GCR_He_min_6,5000,1,79,6.88396e-10,6.88396e-10,9.62924e-22,5926,5.0147e-15,2.97171122e-11
GCR_He_min_6,5000,1,80,5.33284e-10,5.33284e-10,8.94502e-22,3716,7.69753e-15,2.860402148e-11
GCR_He_min_6,5000,1,81,3.89743e-10,3.89743e-10,7.1054e-22,2565,9.95164e-15,2.5525956599999997e-11
GCR_He_min_6,5000,1,82,6.29949e-10,6.29949e-10,6.11514e-22,5316,4.35902e-15,2.317255032e-11
GCR_He_min_6,5000,1,83,2.45259e-10,2.45259e-10,2.23286e-22,2021,6.88505e-15,1.3914686050000001e-11
GCR_He_min_6,5000,1,84,1.45224e-09,1.45224e-09,1.8465e-21,10170,3.98114e-15,4.04881938e-11
GCR_He_min_6,5000,1,85,2.21e-09,2.21e-09,2.37414e-21,16716,2.72971e-15,4.5629832359999997e-11
GCR_He_min_6,5000,1,86,2.32378e-09,2.32378e-09,2.78053e-21,16130,3.0661e-15,4.9456192999999996e-11
GCR_He_min_6,5000,1,87,1.08122e-09,1.08122e-09,5.91171e-22,9902,2.19675e-15,2.17522185e-11
GCR_He_min_6,5000,1,88,1.68972e-09,1.68972e-09,9.89513e-22,15558,1.82485e-15,2.83910163e-11
GCR_He_min_6,5000,1,89,8.12725e-10,8.12725e-10,7.20735e-22,6542,3.80573e-15,2.489708566e-11
GCR_He_min_6,5000,1,90,2.84833e-10,2.84833e-10,2.83634e-22,2387,6.62065e-15,1.580349155e-11
GCR_He_min_6,5000,1,91,5.04018e-11,5.04018e-11,1.50818e-23,513,6.21023e-15,3.1858479899999998e-12
GCR_He_min_6,5000,1,92,7.005e-10,7.005e-10,3.12825e-22,6159,2.4794e-15,1.52706246e-11
GCR_He_min_6,5000,1,93,2.35608e-10,2.35608e-10,9.69512e-23,2295,3.71765e-15,8.53200675e-12
GCR_He_min_6,5000,1,94,5.10869e-11,5.10869e-11,1.40688e-23,488,6.05759e-15,2.95610392e-12
GCR_He_min_6,5000,1,95,9.14271e-09,9.14271e-09,9.91398e-21,78897,1.19268e-15,9.409887396e-11
GCR_He_min_6,5000,1,96,2.93245e-10,2.93245e-10,2.05773e-22,2572,5.10511e-15,1.313034292e-11
GCR_He_min_6,5000,1,97,1.76674e-09,1.76674e-09,8.59323e-22,37330,7.461e-16,2.7851913000000002e-11
GCR_He_min_6,5000,1,98,2.54435e-10,2.54435e-10,2.13923e-22,1998,6.74493e-15,1.347637014e-11
GCR_He_min_6,5000,1,99,1.77387e-09,1.77387e-09,1.24844e-21,36896,9.24368e-16,3.4105481728000004e-11
GCR_He_min_6,5000,1,100,7.03318e-12,7.03318e-12,4.22049e-24,47,3.82796e-14,1.7991411999999998e-12
GCR_He_min_6,5000,1,101,1.60292e-11,1.60292e-11,5.8433e-24,147,1.38139e-14,2.0306433e-12
GCR_He_min_6,5000,1,102,5.57216e-12,5.57216e-12,1.85363e-24,67,1.77309e-14,1.1879703e-12
GCR_He_min_6,5000,1,103,1.39364e-09,1.39364e-09,1.85181e-21,11498,3.568e-15,4.102486400000001e-11
GCR_He_min_6,5000,1,104,2.12172e-11,2.12172e-11,3.69676e-24,266,5.33247e-15,1.4184370199999998e-12
GCR_He_min_6,5000,1,105,1.12876e-10,1.12876e-10,1.23583e-22,827,1.25841e-14,1.04070507e-11
GCR_He_min_6,5000,1,106,1.74148e-09,1.74148e-09,1.14259e-21,15536,1.98125e-15,3.07807e-11
GCR_He_min_6,5000,1,107,1.92343e-07,1.92343e-07,2.44043e-19,1563791,3.00201e-16,4.69451621991e-10
GCR_He_min_6,5000,1,108,1.22834e-08,1.22834e-08,1.05459e-20,117917,8.16356e-16,9.6262250452e-11
GCR_He_min_6,5000,1,109,7.11446e-08,7.11446e-08,1.06073e-19,522108,5.94606e-16,3.1044854944800004e-10
GCR_He_min_6,5000,1,110,1.07627e-10,1.07627e-10,5.18437e-23,938,6.70343e-15,6.28781734e-12
GCR_He_min_6,5000,1,111,0.0,0.0,0.0,0,0.0,0.0
GCR_He_min_6,5000,1,112,0.0,0.0,0.0,0,0.0,0.0
GCR_He_min_6,5000,1,113,7.56987e-10,7.56987e-10,4.1231e-22,7191,2.5364e-15,1.82392524e-11
GCR_He_min_6,5000,1,114,2.07886e-13,2.07886e-13,2.16363e-26,2,3.74374e-15,7.48748e-15
GCR_He_min_6,5000,1,115,7.73521e-10,7.73521e-10,1.07129e-21,5891,5.28655e-15,3.114306605e-11
GCR_He_min_6,5000,1,116,1.21396e-09,1.21396e-09,6.85642e-22,12020,1.97416e-15,2.3729403200000003e-11
GCR_He_min_6,5000,1,117,1.77031e-07,1.77031e-07,1.95489e-19,1522316,2.74721e-16,4.1821217383600004e-10
GCR_He_min_6,5000,1,118,7.33397e-09,7.33397e-09,6.21698e-21,76792,9.6721e-16,7.427399032e-11
GCR_He_min_6,5000,1,119,4.51271e-08,4.51271e-08,4.99887e-20,359240,5.86024e-16,2.1052326175999998e-10
GCR_He_min_6,5000,1,120,7.10523e-11,7.10523e-11,2.48451e-23,584,6.89802e-15,4.02844368e-12
GCR_He_min_6,5000,1,121,6.75224e-11,6.75224e-11,1.13388e-22,464,2.19559e-14,1.01875376e-11
GCR_He_min_6,5000,1,122,3.45741e-10,3.45741e-10,2.03987e-22,3039,4.22304e-15,1.283381856e-11
GCR_He_min_6,5000,1,123,1.35954e-08,1.35954e-08,1.69014e-20,110758,1.11433e-15,1.2342096213999998e-10
GCR_He_min_6,5000,1,124,3.02133e-09,3.02133e-09,2.98795e-21,28314,1.82348e-15,5.163001272e-11
GCR_He_min_6,5000,1,125,6.15042e-09,6.15042e-09,6.43307e-21,45674,1.63915e-15,7.48665371e-11
GCR_He_min_6,5000,1,126,1.37015e-10,1.37015e-10,1.16687e-22,1014,9.77625e-15,9.913117500000001e-12
GCR_He_min_6,5000,1,127,6.52123e-10,6.52123e-10,4.76354e-22,5760,3.48346e-15,2.00647296e-11
GCR_He_min_6,5000,1,128,1.19094e-10,1.19094e-10,4.55974e-22,275,7.32593e-14,2.0146307499999997e-11
GCR_He_min_6,5000,1,129,4.05545e-10,4.05545e-10,1.08039e-21,2841,1.12573e-14,3.19819893e-11
GCR_He_min_6,5000,1,130,4.74312e-10,4.74312e-10,1.1468e-21,3081,1.06374e-14,3.27738294e-11
GCR_He_min_6,5000,1,131,6.55243e-11,6.55243e-11,2.61165e-23,634,6.94276e-15,4.40170984e-12
GCR_He_min_6,5000,1,132,3.16257e-11,3.16257e-11,8.2594e-24,312,7.21683e-15,2.25165096e-12
GCR_He_min_6,5000,1,133,7.3694e-11,7.3694e-11,2.25566e-23,599,6.13683e-15,3.67596117e-12
GCR_He_min_6,5000,1,134,2.78368e-12,2.78368e-12,5.31196e-25,32,1.70697e-14,5.462304e-13
GCR_He_min_6,5000,1,135,1.52423e-10,1.52423e-10,7.08546e-23,1281,5.67023e-15,7.2635646299999995e-12
GCR_He_min_6,5000,1,136,1.2946e-10,1.2946e-10,1.33651e-22,1116,9.76411e-15,1.089674676e-11
GCR_He_min_6,5000,1,137,1.54285e-09,1.54285e-09,1.81916e-21,13671,2.96691e-15,4.056062661e-11
GCR_He_min_6,5000,1,138,5.80417e-09,5.80417e-09,7.55307e-21,50471,1.64412e-15,8.298038052e-11
GCR_He_min_6,5000,1,139,0.0,0.0,0.0,0,0.0,0.0
GCR_He_min_6,5000,1,140,1.8434e-13,1.8434e-13,7.55146e-29,1751,4.27907e-18,7.49265157e-15
GCR_He_min_6,5000,1,141,8.92329e-11,8.92329e-11,3.45939e-23,789,6.27768e-15,4.95308952e-12
GCR_He_min_6,5000,2,0,5.15308e-10,5.15308e-10,2.94122e-24,5144902,3.30402e-19,1.6998859106039999e-12
GCR_He_min_6,5000,2,1,4.01962e-11,4.01962e-11,8.36667e-23,284,3.11481e-14,8.8460604e-12
GCR_He_min_6,5000,2,2,2.69417e-11,2.69417e-11,9.95737e-24,260,1.03155e-14,2.68203e-12
GCR_He_min_6,5000,2,3,1.78375e-11,1.78375e-11,1.18261e-23,140,2.21569e-14,3.101966e-12
GCR_He_min_6,5000,2,4,6.1412e-11,6.1412e-11,2.24016e-22,323,4.51842e-14,1.45944966e-11
GCR_He_min_6,5000,2,5,5.22361e-11,5.22361e-11,3.16518e-23,426,1.18087e-14,5.0305062e-12
GCR_He_min_6,5000,2,6,2.46564e-11,2.46564e-11,1.21977e-22,71,1.51062e-13,1.0725402e-11
GCR_He_min_6,5000,2,7,2.69424e-11,2.69424e-11,1.68983e-23,221,1.67333e-14,3.6980593e-12
GCR_He_min_6,5000,2,8,1.7954e-10,1.7954e-10,7.31067e-23,1843,4.04757e-15,7.45967151e-12
GCR_He_min_6,5000,2,9,1.8675e-12,1.8675e-12,1.24648e-24,11,9.19207e-14,1.0111277e-12
GCR_He_min_6,5000,2,10,2.60605e-09,2.60605e-09,2.26871e-21,21322,2.07119e-15,4.416191318e-11
GCR_He_min_6,5000,2,11,7.76318e-11,7.76318e-11,6.09961e-23,624,1.14917e-14,7.1708208e-12
GCR_He_min_6,5000,2,12,3.76479e-10,3.76479e-10,5.67285e-22,2627,8.62624e-15,2.266113248e-11
GCR_He_min_6,5000,2,13,2.84597e-10,2.84597e-10,2.53432e-22,1894,7.66537e-15,1.4518210779999999e-11
GCR_He_min_6,5000,2,14,4.15012e-10,4.15012e-10,6.33503e-22,3402,7.0977e-15,2.41463754e-11
GCR_He_min_6,5000,2,15,1.16826e-10,1.16826e-10,2.08684e-22,1017,1.37468e-14,1.39804956e-11
GCR_He_min_6,5000,2,16,3.98807e-10,3.98807e-10,5.17383e-22,2192,9.62394e-15,2.109567648e-11
GCR_He_min_6,5000,2,17,2.1984e-10,2.1984e-10,1.97468e-22,1886,6.95246e-15,1.311233956e-11
GCR_He_min_6,5000,2,18,1.3786e-10,1.3786e-10,2.78155e-22,1098,1.47159e-14,1.61580582e-11
GCR_He_min_6,5000,2,19,1.5223e-09,1.5223e-09,3.70009e-21,8272,7.07009e-15,5.848378448e-11
GCR_He_min_6,5000,2,20,1.1138e-09,1.1138e-09,1.51102e-21,8730,4.23837e-15,3.70009701e-11
GCR_He_min_6,5000,2,21,1.23799e-10,1.23799e-10,4.81954e-23,1254,4.78484e-15,6.00018936e-12
GCR_He_min_6,5000,2,22,1.09358e-09,1.09358e-09,1.91846e-21,6814,6.12735e-15,4.17517629e-11
GCR_He_min_6,5000,2,23,9.43557e-10,9.43557e-10,7.12389e-22,8657,2.85208e-15,2.469045656e-11
GCR_He_min_6,5000,2,24,8.84123e-11,8.84123e-11,5.00638e-23,551,1.08806e-14,5.9952106e-12
GCR_He_min_6,5000,2,25,1.04931e-10,1.04931e-10,5.95923e-23,892,7.71035e-15,6.8776322e-12
GCR_He_min_6,5000,2,26,6.25901e-10,6.25901e-10,5.83547e-22,3338,6.46931e-15,2.159455678e-11
GCR_He_min_6,5000,2,27,5.26141e-10,5.26141e-10,3.09745e-22,4218,3.70461e-15,1.562604498e-11
GCR_He_min_6,5000,2,28,3.62855e-09,3.62855e-09,9.39718e-21,18551,5.02447e-15,9.320894297e-11
GCR_He_min_6,5000,2,29,7.65783e-09,7.65783e-09,7.97066e-21,64422,1.30432e-15,8.402690304000001e-11
GCR_He_min_6,5000,2,30,3.0011e-10,3.0011e-10,1.09376e-22,2681,3.24762e-15,8.70686922e-12
GCR_He_min_6,5000,2,31,1.57598e-09,1.57598e-09,3.56569e-21,7113,7.97389e-15,5.671827957e-11
GCR_He_min_6,5000,2,32,1.50891e-09,1.50891e-09,1.17999e-21,11389,2.74893e-15,3.1307563769999997e-11
GCR_He_min_6,5000,2,33,7.4214e-10,7.4214e-10,2.15427e-21,4892,9.23746e-15,4.518965432e-11
GCR_He_min_6,5000,2,34,1.08719e-09,1.08719e-09,2.04353e-21,4681,9.04188e-15,4.2325040279999995e-11
GCR_He_min_6,5000,2,35,1.7863e-09,1.7863e-09,2.25877e-21,12352,3.62112e-15,4.472807424e-11
GCR_He_min_6,5000,2,36,1.65994e-10,1.65994e-10,8.84715e-23,1289,6.35713e-15,8.19434057e-12
GCR_He_min_6,5000,2,37,1.45812e-10,1.45812e-10,1.79383e-22,704,1.73618e-14,1.22227072e-11
GCR_He_min_6,5000,2,38,3.95035e-10,3.95035e-10,5.7217e-22,2603,8.69635e-15,2.263659905e-11
GCR_He_min_6,5000,2,39,1.13589e-10,1.13589e-10,1.06293e-22,613,1.5074e-14,9.240361999999999e-12
GCR_He_min_6,5000,2,40,1.07085e-10,1.07085e-10,3.30022e-23,934,4.87675e-15,4.5548845e-12
GCR_He_min_6,5000,2,41,8.47228e-09,8.47228e-09,1.86076e-20,44017,2.96015e-15,1.3029692255000001e-10
GCR_He_min_6,5000,2,42,1.51716e-08,1.51716e-08,2.09383e-20,120376,1.14588e-15,1.3793645088e-10
GCR_He_min_6,5000,2,43,1.14912e-09,1.14912e-09,4.2511e-21,5938,1.06901e-14,6.347781380000001e-11
GCR_He_min_6,5000,2,44,1.92339e-09,1.92339e-09,1.86691e-21,15705,2.57187e-15,4.039121835e-11
GCR_He_min_6,5000,2,45,4.77556e-10,4.77556e-10,1.70171e-21,2422,1.65576e-14,4.01025072e-11
GCR_He_min_6,5000,2,46,4.13622e-10,4.13622e-10,4.83391e-22,2927,7.04394e-15,2.061761238e-11
GCR_He_min_6,5000,2,47,1.5594e-10,1.5594e-10,8.51078e-23,998,7.81324e-15,7.797613520000001e-12
GCR_He_min_6,5000,2,48,1.52138e-10,1.52138e-10,1.65884e-22,1294,9.40502e-15,1.217009588e-11
GCR_He_min_6,5000,2,49,1.06304e-09,1.06304e-09,2.2602e-21,5115,8.82947e-15,4.516273905e-11
GCR_He_min_6,5000,2,50,1.53587e-09,1.53587e-09,2.28318e-21,10901,4.17063e-15,4.5464037629999994e-11
GCR_He_min_6,5000,2,51,1.97382e-09,1.97382e-09,3.81545e-21,9618,6.0721e-15,5.840145780000001e-11
GCR_He_min_6,5000,2,52,3.95051e-09,3.95051e-09,4.88024e-21,27672,2.37422e-15,6.569941584000001e-11
GCR_He_min_6,5000,2,53,2.48175e-09,2.48175e-09,7.2664e-21,10626,7.69589e-15,8.177652714e-11
GCR_He_min_6,5000,2,54,3.85602e-09,3.85602e-09,5.862e-21,27451,2.65717e-15,7.294197367e-11
GCR_He_min_6,5000,2,55,2.06119e-11,2.06119e-11,9.20115e-24,142,1.76102e-14,2.5006483999999997e-12
GCR_He_min_6,5000,2,56,2.09314e-10,2.09314e-10,4.58865e-22,1625,1.2793e-14,2.0788624999999998e-11
GCR_He_min_6,5000,2,57,3.05664e-11,3.05664e-11,1.69206e-23,226,1.58573e-14,3.5837498000000002e-12
GCR_He_min_6,5000,2,58,1.36386e-09,1.36386e-09,1.83939e-21,10513,3.87855e-15,4.077519615e-11
GCR_He_min_6,5000,2,59,4.27142e-11,4.27142e-11,1.51497e-23,424,7.77667e-15,3.2973080799999998e-12
GCR_He_min_6,5000,2,60,7.65424e-11,7.65424e-11,1.09978e-22,520,1.91248e-14,9.944895999999999e-12
GCR_He_min_6,5000,2,61,1.73066e-09,1.73066e-09,1.48413e-21,14270,2.50159e-15,3.5697689300000004e-11
GCR_He_min_6,5000,2,62,3.01448e-11,3.01448e-11,3.43342e-23,291,1.92314e-14,5.5963374e-12
GCR_He_min_6,5000,2,63,1.31744e-11,1.31744e-11,4.84943e-24,157,1.23638e-14,1.9411165999999998e-12
GCR_He_min_6,5000,2,64,2.04338e-11,2.04338e-11,4.06424e-24,243,6.31611e-15,1.53481473e-12
GCR_He_min_6,5000,2,65,1.31135e-11,1.31135e-11,7.349e-24,135,1.83257e-14,2.4739695e-12
GCR_He_min_6,5000,2,66,0.0,0.0,0.0,0,0.0,0.0
GCR_He_min_6,5000,2,67,3.48088e-11,3.48088e-11,4.21138e-22,72,2.8123e-13,2.024856e-11
GCR_He_min_6,5000,2,68,3.7232e-13,3.7232e-13,4.1424e-26,4,2.37494e-14,9.49976e-14
GCR_He_min_6,5000,2,69,1.68721e-11,1.68721e-11,1.21107e-23,101,3.03318e-14,3.0635118e-12
GCR_He_min_6,5000,2,70,9.77059e-11,9.77059e-11,7.72639e-23,748,1.07442e-14,8.036661599999999e-12
GCR_He_min_6,5000,2,71,3.22427e-10,3.22427e-10,1.68313e-22,2810,4.07878e-15,1.14613718e-11
GCR_He_min_6,5000,2,72,8.07495e-10,8.07495e-10,7.20006e-22,6871,3.63906e-15,2.5003981259999997e-11
GCR_He_min_6,5000,2,73,1.33166e-09,1.33166e-09,1.25311e-21,11567,2.86719e-15,3.316478673e-11
GCR_He_min_6,5000,2,74,9.77871e-09,9.77871e-09,1.12757e-20,80705,1.2447e-15,1.004535135e-10
GCR_He_min_6,5000,2,75,3.52698e-09,3.52698e-09,3.69931e-21,29365,1.94908e-15,5.7234734200000005e-11
GCR_He_min_6,5000,2,76,9.5327e-10,9.5327e-10,1.76719e-21,8180,4.97526e-15,4.0697626800000006e-11
GCR_He_min_6,5000,2,77,5.57438e-10,5.57438e-10,7.16899e-22,4710,5.4174e-15,2.5515954e-11
GCR_He_min_6,5000,2,78,4.15755e-10,4.15755e-10,4.18609e-22,3717,5.19038e-15,1.929264246e-11
GCR_He_min_6,5000,2,79,6.57543e-10,6.57543e-10,1.92694e-21,5963,7.22233e-15,4.306675379e-11
GCR_He_min_6,5000,2,80,4.35534e-10,4.35534e-10,6.30029e-22,3844,6.26964e-15,2.410049616e-11
GCR_He_min_6,5000,2,81,3.32459e-10,3.32459e-10,5.06257e-22,2546,8.4517e-15,2.15180282e-11
GCR_He_min_6,5000,2,82,6.08208e-10,6.08208e-10,5.0939e-22,5747,3.67103e-15,2.109740941e-11
GCR_He_min_6,5000,2,83,1.84857e-10,1.84857e-10,2.22889e-22,1741,8.1913e-15,1.42610533e-11
GCR_He_min_6,5000,2,84,1.48357e-09,1.48357e-09,2.81641e-21,10253,4.9751e-15,5.10097003e-11
GCR_He_min_6,5000,2,85,2.28925e-09,2.28925e-09,3.2206e-21,17300,3.12237e-15,5.4017001e-11
GCR_He_min_6,5000,2,86,2.19177e-09,2.19177e-09,3.41439e-21,14383,3.85894e-15,5.550313402000001e-11
GCR_He_min_6,5000,2,87,1.20029e-09,1.20029e-09,1.24796e-21,10299,3.23228e-15,3.328925172e-11
GCR_He_min_6,5000,2,88,1.99768e-09,1.99768e-09,1.87781e-21,16399,2.46538e-15,4.0429766619999997e-11
GCR_He_min_6,5000,2,89,4.78375e-10,4.78375e-10,2.59243e-22,4432,3.25141e-15,1.4410249120000001e-11
GCR_He_min_6,5000,2,90,1.97367e-10,1.97367e-10,3.75596e-22,1784,1.05459e-14,1.8813885599999998e-11
GCR_He_min_6,5000,2,91,4.31055e-11,4.31055e-11,1.9779e-23,406,9.61539e-15,3.9038483399999995e-12
GCR_He_min_6,5000,2,92,6.12747e-10,6.12747e-10,6.61256e-22,5299,4.58586e-15,2.430047214e-11
GCR_He_min_6,5000,2,93,2.56798e-10,2.56798e-10,4.73207e-22,2105,9.98856e-15,2.10259188e-11
GCR_He_min_6,5000,2,94,3.56268e-11,3.56268e-11,1.54934e-23,388,9.02196e-15,3.50052048e-12
GCR_He_min_6,5000,2,95,8.67569e-09,8.67569e-09,7.39743e-21,75406,1.06087e-15,7.999596322e-11
GCR_He_min_6,5000,2,96,2.21627e-10,2.21627e-10,1.85368e-22,1780,7.05859e-15,1.25642902e-11
GCR_He_min_6,5000,2,97,1.32834e-09,1.32834e-09,3.26659e-22,31107,5.28176e-16,1.6429970832e-11
GCR_He_min_6,5000,2,98,2.25856e-10,2.25856e-10,2.53813e-22,1745,8.59044e-15,1.4990317799999997e-11
GCR_He_min_6,5000,2,99,1.93566e-09,1.93566e-09,9.07994e-22,39108,7.28733e-16,2.8499290163999997e-11
GCR_He_min_6,5000,2,100,2.03142e-12,2.03142e-12,2.60938e-25,38,1.04092e-14,3.9554960000000004e-13
GCR_He_min_6,5000,2,101,2.93216e-11,2.93216e-11,1.01426e-22,170,5.79163e-14,9.845771e-12
GCR_He_min_6,5000,2,102,7.43308e-12,7.43308e-12,1.48042e-24,85,1.07845e-14,9.166825e-13
GCR_He_min_6,5000,2,103,1.3555e-09,1.3555e-09,1.23294e-21,11397,2.87256e-15,3.273856632e-11
GCR_He_min_6,5000,2,104,4.06316e-11,4.06316e-11,4.63366e-23,346,1.86602e-14,6.4564292000000005e-12
GCR_He_min_6,5000,2,105,1.03896e-10,1.03896e-10,6.81793e-23,731,1.00047e-14,7.3134357e-12
GCR_He_min_6,5000,2,106,2.16637e-09,2.16637e-09,2.26974e-21,16695,2.67118e-15,4.45953501e-11
GCR_He_min_6,5000,2,107,1.88383e-07,1.88383e-07,2.40588e-19,1555739,2.99964e-16,4.666656933960001e-10
GCR_He_min_6,5000,2,108,1.34376e-08,1.34376e-08,1.42551e-20,122487,9.22982e-16,1.1305329623400001e-10
GCR_He_min_6,5000,2,109,6.88995e-08,6.88995e-08,9.06573e-20,509229,5.60049e-16,2.8519319222099997e-10
GCR_He_min_6,5000,2,110,1.01324e-10,1.01324e-10,3.05609e-23,1027,4.41772e-15,4.53699844e-12
GCR_He_min_6,5000,2,111,0.0,0.0,0.0,0,0.0,0.0
GCR_He_min_6,5000,2,112,0.0,0.0,0.0,0,0.0,0.0
GCR_He_min_6,5000,2,113,9.66534e-10,9.66534e-10,8.96078e-22,7827,3.56095e-15,2.7871555649999998e-11
GCR_He_min_6,5000,2,114,7.73868e-13,7.73868e-13,9.04237e-26,9,1.82126e-14,1.639134e-13
GCR_He_min_6,5000,2,115,8.42552e-10,8.42552e-10,1.85889e-21,5653,7.36543e-15,4.1636775790000005e-11
GCR_He_min_6,5000,2,116,1.55759e-09,1.55759e-09,1.52444e-21,12928,2.82823e-15,3.656335744e-11
GCR_He_min_6,5000,2,117,1.73321e-07,1.73321e-07,1.91474e-19,1503004,2.75522e-16,4.1411066808800005e-10
GCR_He_min_6,5000,2,118,8.08605e-09,8.08605e-09,8.02789e-21,80656,1.0533e-15,8.49549648e-11
GCR_He_min_6,5000,2,119,4.39526e-08,4.39526e-08,5.02339e-20,348517,6.06578e-16,2.11402744826e-10
GCR_He_min_6,5000,2,120,8.12881e-11,8.12881e-11,3.5162e-23,690,7.33607e-15,5.061888299999999e-12
GCR_He_min_6,5000,2,121,7.287e-11,7.287e-11,3.10728e-23,628,7.57892e-15,4.7595617599999994e-12
GCR_He_min_6,5000,2,122,4.04685e-10,4.04685e-10,3.33042e-22,3279,5.13207e-15,1.682805753e-11
GCR_He_min_6,5000,2,123,1.33713e-08,1.33713e-08,1.46533e-20,111023,1.02867e-15,1.1420602941000001e-10
GCR_He_min_6,5000,2,124,3.21273e-09,3.21273e-09,4.03994e-21,29325,2.07092e-15,6.0729729e-11
GCR_He_min_6,5000,2,125,6.05741e-09,6.05741e-09,8.88568e-21,44774,2.00592e-15,8.981306208e-11
GCR_He_min_6,5000,2,126,1.66951e-10,1.66951e-10,4.21358e-22,1006,1.97321e-14,1.9850492599999998e-11
GCR_He_min_6,5000,2,127,6.55945e-10,6.55945e-10,5.1142e-22,5398,3.8495e-15,2.0779601e-11
GCR_He_min_6,5000,2,128,8.52579e-11,8.52579e-11,1.47669e-22,277,3.98533e-14,1.10393641e-11
GCR_He_min_6,5000,2,129,5.62877e-10,5.62877e-10,1.42994e-21,3074,1.18517e-14,3.6432125799999997e-11
GCR_He_min_6,5000,2,130,4.77124e-10,4.77124e-10,9.27414e-22,2773,1.04867e-14,2.90796191e-11
GCR_He_min_6,5000,2,131,4.58102e-11,4.58102e-11,1.23885e-23,467,6.02307e-15,2.81277369e-12
GCR_He_min_6,5000,2,132,4.70078e-11,4.70078e-11,4.82319e-23,435,1.51186e-14,6.576591e-12
GCR_He_min_6,5000,2,133,6.28844e-11,6.28844e-11,3.16457e-23,515,9.51531e-15,4.9003846500000004e-12
GCR_He_min_6,5000,2,134,3.89264e-12,3.89264e-12,1.99851e-24,34,3.72021e-14,1.2648714e-12
GCR_He_min_6,5000,2,135,1.59234e-10,1.59234e-10,9.00908e-23,1257,6.65483e-15,8.36512131e-12
GCR_He_min_6,5000,2,136,1.73897e-10,1.73897e-10,3.63767e-22,1116,1.64487e-14,1.83567492e-11
GCR_He_min_6,5000,2,137,1.53263e-09,1.53263e-09,2.44183e-21,13101,3.63086e-15,4.756789686e-11
GCR_He_min_6,5000,2,138,5.2987e-09,5.2987e-09,5.27813e-21,47291,1.44729e-15,6.844379139e-11
GCR_He_min_6,5000,2,139,0.0,0.0,0.0,0,0.0,0.0
GCR_He_min_6,5000,2,140,2.34963e-13,2.34963e-13,1.30052e-28,2048,4.95901e-18,1.015605248e-14
GCR_He_min_6,5000,2,141,1.36278e-10,1.36278e-10,2.01605e-22,989,1.36786e-14,1.3528135399999999e-11
GCR_He_min_6,10000,0,0,1.05161e-09,1.05161e-09,4.99132e-24,10243943,2.15721e-19,2.209833627903e-12
GCR_He_min_6,10000,0,1,7.01677e-11,7.01677e-11,6.16075e-23,602,1.21521e-14,7.3155642e-12
GCR_He_min_6,10000,0,2,7.09731e-11,7.09731e-11,5.11113e-23,636,1.03415e-14,6.577194e-12
GCR_He_min_6,10000,0,3,2.88563e-11,2.88563e-11,1.74346e-23,259,1.45876e-14,3.7781884e-12
GCR_He_min_6,10000,0,4,6.78787e-11,6.78787e-11,2.05609e-23,706,5.31013e-15,3.74895178e-12
GCR_He_min_6,10000,0,5,8.95464e-11,8.95464e-11,4.65499e-23,751,7.98053e-15,5.99337803e-12
GCR_He_min_6,10000,0,6,1.02235e-11,1.02235e-11,1.54041e-24,125,6.74058e-15,8.425725e-13
GCR_He_min_6,10000,0,7,4.11335e-11,4.11335e-11,2.17276e-23,378,1.10026e-14,4.1589828e-12
GCR_He_min_6,10000,0,8,3.53854e-10,3.53854e-10,3.6736e-22,3269,5.54992e-15,1.814268848e-11
GCR_He_min_6,10000,0,9,3.50355e-12,3.50355e-12,8.53099e-25,32,2.17554e-14,6.961728e-13
GCR_He_min_6,10000,0,10,4.79068e-09,4.79068e-09,6.23498e-21,39523,1.90259e-15,7.519606457e-11
GCR_He_min_6,10000,0,11,1.53136e-10,1.53136e-10,2.15395e-22,1237,1.13349e-14,1.4021271300000001e-11
GCR_He_min_6,10000,0,12,8.61051e-10,8.61051e-10,1.14652e-21,5775,5.52573e-15,3.191109075e-11
GCR_He_min_6,10000,0,13,5.53896e-10,5.53896e-10,6.35632e-22,3083,7.51151e-15,2.315798533e-11
GCR_He_min_6,10000,0,14,5.95831e-10,5.95831e-10,4.02688e-22,5258,3.48219e-15,1.8309355019999998e-11
GCR_He_min_6,10000,0,15,1.6569e-10,1.6569e-10,1.52825e-22,1497,7.74929e-15,1.160068713e-11
GCR_He_min_6,10000,0,16,8.25143e-10,8.25143e-10,1.30611e-21,4447,7.63657e-15,3.395982679e-11
GCR_He_min_6,10000,0,17,4.73177e-10,4.73177e-10,4.51621e-22,3953,5.02825e-15,1.987667225e-11
GCR_He_min_6,10000,0,18,2.37795e-10,2.37795e-10,1.56538e-22,2080,5.46925e-15,1.137604e-11
GCR_He_min_6,10000,0,19,2.81436e-09,2.81436e-09,7.48706e-21,15481,5.39511e-15,8.352169791000001e-11
GCR_He_min_6,10000,0,20,1.82314e-09,1.82314e-09,1.56673e-21,15494,2.3734e-15,3.67734596e-11
GCR_He_min_6,10000,0,21,2.50822e-10,2.50822e-10,1.35561e-22,2640,4.00464e-15,1.05722496e-11
GCR_He_min_6,10000,0,22,1.9877e-09,1.9877e-09,2.79382e-21,12236,4.06264e-15,4.971046304e-11
GCR_He_min_6,10000,0,23,1.64298e-09,1.64298e-09,1.47602e-21,15723,2.29706e-15,3.611667438e-11
GCR_He_min_6,10000,0,24,1.51611e-10,1.51611e-10,9.92659e-23,895,9.58981e-15,8.58287995e-12
GCR_He_min_6,10000,0,25,1.80444e-10,1.80444e-10,1.41337e-22,1505,7.27209e-15,1.0944495449999999e-11
GCR_He_min_6,10000,0,26,1.11576e-09,1.11576e-09,3.07496e-21,6416,8.36634e-15,5.367843744e-11
GCR_He_min_6,10000,0,27,9.48727e-10,9.48727e-10,8.18086e-22,7586,3.4865e-15,2.6448589000000003e-11
GCR_He_min_6,10000,0,28,7.70089e-09,7.70089e-09,1.81906e-20,38939,3.31556e-15,1.2910459084e-10
GCR_He_min_6,10000,0,29,1.57212e-08,1.57212e-08,2.23916e-20,126915,1.12661e-15,1.4298370815e-10
GCR_He_min_6,10000,0,30,8.21503e-10,8.21503e-10,8.04763e-22,6346,4.16478e-15,2.6429693879999998e-11
GCR_He_min_6,10000,0,31,3.61703e-09,3.61703e-09,7.3837e-21,16052,5.04921e-15,8.104991892e-11
GCR_He_min_6,10000,0,32,3.50569e-09,3.50569e-09,7.137e-21,22702,3.57745e-15,8.121526989999999e-11
GCR_He_min_6,10000,0,33,1.4099e-09,1.4099e-09,1.67229e-21,10534,3.65666e-15,3.8519256439999996e-11
GCR_He_min_6,10000,0,34,1.77347e-09,1.77347e-09,4.12308e-21,8162,7.4909e-15,6.114072580000001e-11
GCR_He_min_6,10000,0,35,3.07842e-09,3.07842e-09,3.40574e-21,21652,2.51622e-15,5.448119544e-11
GCR_He_min_6,10000,0,36,2.13771e-10,2.13771e-10,1.29793e-22,1881,5.46197e-15,1.027396557e-11
GCR_He_min_6,10000,0,37,3.11077e-10,3.11077e-10,5.35658e-22,1446,1.49777e-14,2.1657754200000002e-11
GCR_He_min_6,10000,0,38,7.76199e-10,7.76199e-10,7.63308e-22,5796,4.43068e-15,2.5680221279999998e-11
GCR_He_min_6,10000,0,39,2.28998e-10,2.28998e-10,3.29082e-22,1062,1.57554e-14,1.6732234799999998e-11
GCR_He_min_6,10000,0,40,2.21414e-10,2.21414e-10,2.41435e-22,1518,9.52992e-15,1.446641856e-11
GCR_He_min_6,10000,0,41,1.76388e-08,1.76388e-08,3.70371e-20,90273,2.03027e-15,1.8327856371000003e-10
GCR_He_min_6,10000,0,42,3.11541e-08,3.11541e-08,4.39103e-20,251204,7.96631e-16,2.00116893724e-10
GCR_He_min_6,10000,0,43,2.15918e-09,2.15918e-09,4.11401e-21,11382,5.34761e-15,6.086649702e-11
GCR_He_min_6,10000,0,44,3.76738e-09,3.76738e-09,4.00676e-21,29202,2.03194e-15,5.933671188e-11
GCR_He_min_6,10000,0,45,8.3994e-10,8.3994e-10,1.02889e-21,4862,6.11509e-15,2.973156758e-11
GCR_He_min_6,10000,0,46,7.53666e-10,7.53666e-10,6.14865e-22,6033,3.7827e-15,2.2821029099999998e-11
GCR_He_min_6,10000,0,47,3.2399e-10,3.2399e-10,3.94566e-22,1772,1.0337e-14,1.8317164000000002e-11
GCR_He_min_6,10000,0,48,2.40977e-10,2.40977e-10,1.17623e-22,2133,4.45852e-15,9.51002316e-12
GCR_He_min_6,10000,0,49,1.87991e-09,1.87991e-09,3.921e-21,9629,6.19154e-15,5.961833866e-11
GCR_He_min_6,10000,0,50,2.72644e-09,2.72644e-09,2.56947e-21,20843,2.25696e-15,4.704181728e-11
GCR_He_min_6,10000,0,51,3.69972e-09,3.69972e-09,6.64205e-21,17658,4.33785e-15,7.65977553e-11
GCR_He_min_6,10000,0,52,6.66936e-09,6.66936e-09,1.04022e-20,46885,2.0738e-15,9.723011299999999e-11
GCR_He_min_6,10000,0,53,4.93444e-09,4.93444e-09,1.6989e-20,21363,5.89322e-15,1.2589685886e-10
GCR_He_min_6,10000,0,54,7.43922e-09,7.43922e-09,9.60999e-21,53817,1.72135e-15,9.263789295e-11
GCR_He_min_6,10000,0,55,4.9879e-11,4.9879e-11,4.61138e-23,239,2.50537e-14,5.9878343000000004e-12
GCR_He_min_6,10000,0,56,3.4278e-10,3.4278e-10,3.19573e-22,2541,6.50768e-15,1.653601488e-11
GCR_He_min_6,10000,0,57,4.53397e-11,4.53397e-11,1.84982e-23,419,8.80942e-15,3.691146979999999e-12
GCR_He_min_6,10000,0,58,2.58102e-09,2.58102e-09,2.77988e-21,20130,2.45842e-15,4.9487994599999994e-11
GCR_He_min_6,10000,0,59,7.95473e-11,7.95473e-11,6.09611e-23,724,9.98814e-15,7.23141336e-12
GCR_He_min_6,10000,0,60,1.49546e-10,1.49546e-10,1.24087e-22,1069,9.50594e-15,1.016184986e-11
GCR_He_min_6,10000,0,61,3.20399e-09,3.20399e-09,2.52217e-21,28874,1.61211e-15,4.654806414e-11
GCR_He_min_6,10000,0,62,5.22913e-11,5.22913e-11,3.20649e-23,487,1.05714e-14,5.1482718e-12
GCR_He_min_6,10000,0,63,2.93568e-11,2.93568e-11,8.40772e-24,299,7.87476e-15,2.35455324e-12
GCR_He_min_6,10000,0,64,4.12323e-11,4.12323e-11,1.33142e-23,485,6.46419e-15,3.13513215e-12
GCR_He_min_6,10000,0,65,2.31785e-11,2.31785e-11,6.14468e-24,268,7.6064e-15,2.0385152e-12
GCR_He_min_6,10000,0,66,6.06559e-13,6.06559e-13,7.30576e-26,6,1.97811e-14,1.186866e-13
GCR_He_min_6,10000,0,67,1.20094e-11,1.20094e-11,3.32497e-24,124,1.19056e-14,1.4762944e-12
GCR_He_min_6,10000,0,68,0.0,0.0,0.0,0,0.0,0.0
GCR_He_min_6,10000,0,69,1.08876e-11,1.08876e-11,2.17235e-24,112,9.466e-15,1.060192e-12
GCR_He_min_6,10000,0,70,1.78848e-10,1.78848e-10,1.47819e-22,1316,8.44821e-15,1.111784436e-11
GCR_He_min_6,10000,0,71,5.82112e-10,5.82112e-10,4.63635e-22,4959,4.00973e-15,1.988425107e-11
GCR_He_min_6,10000,0,72,1.31289e-09,1.31289e-09,1.64211e-21,11867,3.26037e-15,3.869081079e-11
GCR_He_min_6,10000,0,73,2.11056e-09,2.11056e-09,1.81738e-21,19640,2.03071e-15,3.9883144399999995e-11
GCR_He_min_6,10000,0,74,1.879e-08,1.879e-08,2.09954e-20,158108,8.66344e-16,1.3697591715199999e-10
GCR_He_min_6,10000,0,75,6.3449e-09,6.3449e-09,6.85382e-21,55111,1.41991e-15,7.825266001e-11
GCR_He_min_6,10000,0,76,1.8442e-09,1.8442e-09,2.00329e-21,17124,2.48089e-15,4.248276036e-11
GCR_He_min_6,10000,0,77,1.1404e-09,1.1404e-09,1.80897e-21,9748,4.19939e-15,4.093565372e-11
GCR_He_min_6,10000,0,78,8.35991e-10,8.35991e-10,6.20477e-22,7216,3.17135e-15,2.28844616e-11
GCR_He_min_6,10000,0,79,1.26675e-09,1.26675e-09,1.44927e-21,10769,3.34858e-15,3.606085802e-11
GCR_He_min_6,10000,0,80,7.38205e-10,7.38205e-10,1.04666e-21,6734,4.61518e-15,3.107862212e-11
GCR_He_min_6,10000,0,81,4.34983e-10,4.34983e-10,3.50101e-22,4182,4.17557e-15,1.746223374e-11
GCR_He_min_6,10000,0,82,1.24383e-09,1.24383e-09,9.5258e-22,11794,2.43016e-15,2.866130704e-11
GCR_He_min_6,10000,0,83,4.06791e-10,4.06791e-10,3.84777e-22,3694,4.99216e-15,1.844103904e-11
GCR_He_min_6,10000,0,84,2.89819e-09,2.89819e-09,5.09985e-21,20957,3.27105e-15,6.855139485000001e-11
GCR_He_min_6,10000,0,85,4.77813e-09,4.77813e-09,7.09589e-21,36278,2.21666e-15,8.041599148e-11
GCR_He_min_6,10000,0,86,4.12447e-09,4.12447e-09,6.74888e-21,27667,2.83086e-15,7.832140362e-11
GCR_He_min_6,10000,0,87,2.09822e-09,2.09822e-09,2.88182e-21,17282,2.96589e-15,5.125651098e-11
GCR_He_min_6,10000,0,88,3.04924e-09,3.04924e-09,2.74965e-21,26968,1.81847e-15,4.9040498960000004e-11
GCR_He_min_6,10000,0,89,1.21421e-09,1.21421e-09,3.00756e-21,10072,5.31103e-15,5.349269416e-11
GCR_He_min_6,10000,0,90,4.55322e-10,4.55322e-10,6.15313e-22,3784,6.25754e-15,2.3678531360000003e-11
GCR_He_min_6,10000,0,91,1.02954e-10,1.02954e-10,1.82916e-22,773,1.68386e-14,1.30162378e-11
GCR_He_min_6,10000,0,92,1.47053e-09,1.47053e-09,1.19924e-21,12832,2.50203e-15,3.210604896e-11
GCR_He_min_6,10000,0,93,5.12967e-10,5.12967e-10,4.58961e-22,4710,4.26313e-15,2.0079342300000002e-11
GCR_He_min_6,10000,0,94,1.02255e-10,1.02255e-10,5.24491e-23,949,6.78619e-15,6.44009431e-12
GCR_He_min_6,10000,0,95,1.64293e-08,1.64293e-08,1.90409e-20,142446,9.19247e-16,1.30943058162e-10
GCR_He_min_6,10000,0,96,4.57003e-10,4.57003e-10,2.28875e-22,4076,3.27027e-15,1.332962052e-11
GCR_He_min_6,10000,0,97,2.62707e-09,2.62707e-09,8.36567e-22,58580,4.57661e-16,2.6809781380000003e-11
GCR_He_min_6,10000,0,98,4.2612e-10,4.2612e-10,2.83085e-22,3961,3.88908e-15,1.5404645879999997e-11
GCR_He_min_6,10000,0,99,3.45102e-09,3.45102e-09,1.91853e-21,76377,5.49689e-16,4.1983596753000007e-11
GCR_He_min_6,10000,0,100,6.53097e-12,6.53097e-12,1.94868e-24,74,1.59384e-14,1.1794416e-12
GCR_He_min_6,10000,0,101,3.04203e-11,3.04203e-11,1.57953e-23,276,1.28036e-14,3.5337936e-12
GCR_He_min_6,10000,0,102,1.55415e-11,1.55415e-11,4.84204e-24,145,1.23337e-14,1.7883864999999998e-12
GCR_He_min_6,10000,0,103,2.60688e-09,2.60688e-09,3.41349e-21,21928,2.54063e-15,5.571093464e-11
GCR_He_min_6,10000,0,104,4.84516e-11,4.84516e-11,2.43053e-23,511,8.69684e-15,4.4440852399999995e-12
GCR_He_min_6,10000,0,105,2.56538e-10,2.56538e-10,3.86616e-22,1554,1.19436e-14,1.85603544e-11
GCR_He_min_6,10000,0,106,3.56894e-09,3.56894e-09,2.87841e-21,30353,1.63367e-15,4.958678551e-11
GCR_He_min_6,10000,0,107,3.74012e-07,3.74012e-07,4.64494e-19,3087852,2.09677e-16,6.474515438040001e-10
GCR_He_min_6,10000,0,108,2.49153e-08,2.49153e-08,2.68958e-20,231012,6.73522e-16,1.55591664264e-10
GCR_He_min_6,10000,0,109,1.43829e-07,1.43829e-07,1.93352e-19,1069211,3.90136e-16,4.17137702696e-10
GCR_He_min_6,10000,0,110,1.94611e-10,1.94611e-10,5.91377e-23,2040,3.12314e-15,6.3712056e-12
GCR_He_min_6,10000,0,111,0.0,0.0,0.0,0,0.0,0.0
GCR_He_min_6,10000,0,112,0.0,0.0,0.0,0,0.0,0.0
GCR_He_min_6,10000,0,113,1.44396e-09,1.44396e-09,9.82779e-22,13741,2.09802e-15,2.8828892820000002e-11
GCR_He_min_6,10000,0,114,2.27224e-12,2.27224e-12,2.28241e-24,11,1.28383e-13,1.412213e-12
GCR_He_min_6,10000,0,115,1.52148e-09,1.52148e-09,2.7949e-21,12126,4.20843e-15,5.103142218e-11
GCR_He_min_6,10000,0,116,2.76428e-09,2.76428e-09,2.11429e-21,24837,1.71137e-15,4.250529669e-11
GCR_He_min_6,10000,0,117,3.37623e-07,3.37623e-07,3.75412e-19,2932981,1.97794e-16,5.80126043914e-10
GCR_He_min_6,10000,0,118,1.49383e-08,1.49383e-08,1.28992e-20,155906,6.8688e-16,1.0708871328e-10
GCR_He_min_6,10000,0,119,8.91084e-08,8.91084e-08,9.59478e-20,718240,4.05663e-16,2.9136339312e-10
GCR_He_min_6,10000,0,120,6.79694e-11,6.79694e-11,1.29165e-23,840,3.24404e-15,2.7249936e-12
GCR_He_min_6,10000,0,121,1.49729e-10,1.49729e-10,8.77451e-23,1219,6.83455e-15,8.33131645e-12
GCR_He_min_6,10000,0,122,6.89629e-10,6.89629e-10,3.67226e-22,5877,2.87935e-15,1.6921939950000002e-11
GCR_He_min_6,10000,0,123,2.61342e-08,2.61342e-08,2.75106e-20,215873,7.22808e-16,1.56034731384e-10
GCR_He_min_6,10000,0,124,5.86439e-09,5.86439e-09,6.88075e-21,56823,1.39413e-15,7.921864899000001e-11
GCR_He_min_6,10000,0,125,1.24912e-08,1.24912e-08,1.59634e-20,91559,1.30422e-15,1.1941307898e-10
GCR_He_min_6,10000,0,126,2.76932e-10,2.76932e-10,2.61183e-22,2036,7.34485e-15,1.4954114599999998e-11
GCR_He_min_6,10000,0,127,1.20892e-09,1.20892e-09,8.14417e-22,10440,2.48764e-15,2.5970961599999998e-11
GCR_He_min_6,10000,0,128,9.62569e-11,9.62569e-11,1.34067e-22,413,2.56136e-14,1.05784168e-11
GCR_He_min_6,10000,0,129,8.31245e-10,8.31245e-10,1.23788e-21,5494,6.07051e-15,3.335138194e-11
GCR_He_min_6,10000,0,130,9.48585e-10,9.48585e-10,1.27942e-21,5783,5.79739e-15,3.352630637e-11
GCR_He_min_6,10000,0,131,1.17723e-10,1.17723e-10,3.23277e-22,895,1.96132e-14,1.7553813999999998e-11
GCR_He_min_6,10000,0,132,5.96745e-11,5.96745e-11,4.56517e-23,654,9.70295e-15,6.3457292999999995e-12
GCR_He_min_6,10000,0,133,9.86429e-11,9.86429e-11,4.438e-23,874,6.60103e-15,5.76930022e-12
GCR_He_min_6,10000,0,134,6.20862e-12,6.20862e-12,1.33485e-24,59,1.41122e-14,8.326197999999999e-13
GCR_He_min_6,10000,0,135,3.13907e-10,3.13907e-10,5.86593e-22,2281,1.02218e-14,2.33159258e-11
GCR_He_min_6,10000,0,136,2.4247e-10,2.4247e-10,1.3933e-22,2115,4.99451e-15,1.056338865e-11
GCR_He_min_6,10000,0,137,3.03073e-09,3.03073e-09,3.99991e-21,26527,2.27868e-15,6.044654436e-11
GCR_He_min_6,10000,0,138,1.04116e-08,1.04116e-08,1.11986e-20,96271,1.0425e-15,1.0036251750000001e-10
GCR_He_min_6,10000,0,139,0.0,0.0,0.0,0,0.0,0.0
GCR_He_min_6,10000,0,140,3.30932e-13,3.30932e-13,1.26679e-28,3461,2.81712e-18,9.75005232e-15
GCR_He_min_6,10000,0,141,2.33366e-10,2.33366e-10,1.84058e-22,1847,6.73312e-15,1.243607264e-11
GCR_He_min_6,10000,1,0,1.07232e-09,1.07232e-09,3.47946e-24,10448365,1.75682e-19,1.83558965993e-12
GCR_He_min_6,10000,1,1,5.74683e-11,5.74683e-11,2.45288e-23,526,8.12943e-15,4.276080179999999e-12
GCR_He_min_6,10000,1,2,6.45039e-11,6.45039e-11,2.37442e-23,665,6.29315e-15,4.18494475e-12
GCR_He_min_6,10000,1,3,2.48695e-11,2.48695e-11,7.05738e-24,258,8.38345e-15,2.1629301e-12
GCR_He_min_6,10000,1,4,8.69086e-11,8.69086e-11,2.95913e-23,815,5.5349e-15,4.5109435e-12
GCR_He_min_6,10000,1,5,7.78239e-11,7.78239e-11,2.65512e-23,698,6.06134e-15,4.23081532e-12
GCR_He_min_6,10000,1,6,1.62097e-11,1.62097e-11,3.51732e-23,104,5.52058e-14,5.7414032e-12
GCR_He_min_6,10000,1,7,5.01876e-11,5.01876e-11,2.19662e-23,424,9.45268e-15,4.0079363200000004e-12
GCR_He_min_6,10000,1,8,4.15519e-10,4.15519e-10,4.30972e-22,3498,5.5854e-15,1.95377292e-11
GCR_He_min_6,10000,1,9,4.60806e-12,4.60806e-12,3.36267e-24,21,7.48255e-14,1.5713354999999999e-12
GCR_He_min_6,10000,1,10,5.0931e-09,5.0931e-09,6.43344e-21,41538,1.83489e-15,7.621766082e-11
GCR_He_min_6,10000,1,11,1.26374e-10,1.26374e-10,7.7968e-23,1217,6.61953e-15,8.05596801e-12
GCR_He_min_6,10000,1,12,7.76729e-10,7.76729e-10,8.42052e-22,5746,4.72522e-15,2.715111412e-11
GCR_He_min_6,10000,1,13,6.24883e-10,6.24883e-10,1.46723e-21,3355,1.09566e-14,3.6759392999999996e-11
GCR_He_min_6,10000,1,14,7.17024e-10,7.17024e-10,7.41907e-22,5713,4.46961e-15,2.5534881929999998e-11
GCR_He_min_6,10000,1,15,1.88896e-10,1.88896e-10,2.35965e-22,1617,9.04749e-15,1.462979133e-11
GCR_He_min_6,10000,1,16,7.81e-10,7.81e-10,2.42617e-21,4364,1.09582e-14,4.78215848e-11
GCR_He_min_6,10000,1,17,3.68318e-10,3.68318e-10,1.10249e-22,3767,2.28755e-15,8.61720085e-12
GCR_He_min_6,10000,1,18,2.49275e-10,2.49275e-10,3.37627e-22,2202,7.99001e-15,1.759400202e-11
GCR_He_min_6,10000,1,19,2.89636e-09,2.89636e-09,5.5738e-21,15575,4.55611e-15,7.096141325e-11
GCR_He_min_6,10000,1,20,2.154e-09,2.154e-09,3.35782e-21,16802,3.30404e-15,5.5514480079999996e-11
GCR_He_min_6,10000,1,21,2.2476e-10,2.2476e-10,9.52235e-23,2476,3.49421e-15,8.65166396e-12
GCR_He_min_6,10000,1,22,2.01615e-09,2.01615e-09,4.57638e-21,11867,5.48334e-15,6.507079578e-11
GCR_He_min_6,10000,1,23,1.68299e-09,1.68299e-09,1.22081e-21,15442,2.08583e-15,3.220938686e-11
GCR_He_min_6,10000,1,24,1.76153e-10,1.76153e-10,2.3622e-22,972,1.47125e-14,1.430055e-11
GCR_He_min_6,10000,1,25,1.57686e-10,1.57686e-10,4.63845e-23,1518,3.60965e-15,5.479448699999999e-12
GCR_He_min_6,10000,1,26,1.11737e-09,1.11737e-09,1.15247e-21,6200,4.97458e-15,3.0842396e-11
GCR_He_min_6,10000,1,27,8.91571e-10,8.91571e-10,5.20535e-22,7523,2.70767e-15,2.036980141e-11
GCR_He_min_6,10000,1,28,7.94146e-09,7.94146e-09,1.9999e-20,39166,3.46236e-15,1.3560679176e-10
GCR_He_min_6,10000,1,29,1.55085e-08,1.55085e-08,2.01366e-20,129782,1.04187e-15,1.3521597233999998e-10
GCR_He_min_6,10000,1,30,8.8082e-10,8.8082e-10,8.12639e-22,6304,4.16588e-15,2.6261707519999998e-11
GCR_He_min_6,10000,1,31,3.58893e-09,3.58893e-09,1.02301e-20,15496,6.25652e-15,9.695103392e-11
GCR_He_min_6,10000,1,32,3.12443e-09,3.12443e-09,2.83894e-21,23231,2.11707e-15,4.918165317e-11
GCR_He_min_6,10000,1,33,1.41497e-09,1.41497e-09,2.41446e-21,10261,4.59138e-15,4.711215018e-11
GCR_He_min_6,10000,1,34,2.24648e-09,2.24648e-09,6.96218e-21,9837,8.16414e-15,8.031064517999999e-11
GCR_He_min_6,10000,1,35,3.16119e-09,3.16119e-09,3.51606e-21,23581,2.35823e-15,5.5609421630000004e-11
GCR_He_min_6,10000,1,36,3.46593e-10,3.46593e-10,3.24833e-22,2550,6.5366e-15,1.6668329999999998e-11
GCR_He_min_6,10000,1,37,3.06553e-10,3.06553e-10,2.21281e-22,1660,7.73267e-15,1.2836232199999999e-11
GCR_He_min_6,10000,1,38,8.53863e-10,8.53863e-10,4.52949e-22,6372,2.88773e-15,1.840061556e-11
GCR_He_min_6,10000,1,39,2.1204e-10,2.1204e-10,3.65677e-22,952,1.87547e-14,1.78544744e-11
GCR_He_min_6,10000,1,40,1.93524e-10,1.93524e-10,9.81959e-23,1489,5.74173e-15,8.54943597e-12
GCR_He_min_6,10000,1,41,1.73362e-08,1.73362e-08,3.8035e-20,92244,2.02167e-15,1.8648692748e-10
GCR_He_min_6,10000,1,42,3.07027e-08,3.07027e-08,3.52484e-20,256421,6.92946e-16,1.77685906266e-10
GCR_He_min_6,10000,1,43,1.81329e-09,1.81329e-09,2.16343e-21,10480,4.10401e-15,4.3010024800000003e-11
GCR_He_min_6,10000,1,44,3.66168e-09,3.66168e-09,4.57655e-21,28557,2.24419e-15,6.408733382999999e-11
GCR_He_min_6,10000,1,45,7.88303e-10,7.88303e-10,1.13316e-21,4418,7.13163e-15,3.150754134e-11
GCR_He_min_6,10000,1,46,6.38388e-10,6.38388e-10,3.17054e-22,5564,2.80657e-15,1.561575548e-11
GCR_He_min_6,10000,1,47,3.16207e-10,3.16207e-10,2.64783e-22,1828,7.93124e-15,1.449830672e-11
GCR_He_min_6,10000,1,48,2.54036e-10,2.54036e-10,7.70967e-22,2128,1.27919e-14,2.72211632e-11
GCR_He_min_6,10000,1,49,1.94127e-09,1.94127e-09,4.26772e-21,9426,6.59834e-15,6.219595284e-11
GCR_He_min_6,10000,1,50,2.42826e-09,2.42826e-09,2.34161e-21,19242,2.34456e-15,4.511402352e-11
GCR_He_min_6,10000,1,51,3.84538e-09,3.84538e-09,1.03257e-20,17783,5.47943e-15,9.744070369e-11
GCR_He_min_6,10000,1,52,7.49963e-09,7.49963e-09,8.89632e-21,51643,1.71096e-15,8.835910728e-11
GCR_He_min_6,10000,1,53,4.85319e-09,4.85319e-09,9.45967e-21,22024,4.15911e-15,9.160023864e-11
GCR_He_min_6,10000,1,54,7.7711e-09,7.7711e-09,9.51834e-21,56214,1.63469e-15,9.189246365999999e-11
GCR_He_min_6,10000,1,55,4.45544e-11,4.45544e-11,5.05954e-23,223,2.90206e-14,6.4715938e-12
GCR_He_min_6,10000,1,56,3.9691e-10,3.9691e-10,1.64411e-21,2949,1.35267e-14,3.9890238299999996e-11
GCR_He_min_6,10000,1,57,6.22437e-11,6.22437e-11,3.32082e-23,494,1.02055e-14,5.041517e-12
GCR_He_min_6,10000,1,58,2.80054e-09,2.80054e-09,3.96755e-21,21405,2.80359e-15,6.001084395e-11
GCR_He_min_6,10000,1,59,7.81281e-11,7.81281e-11,2.39083e-23,745,5.32467e-15,3.96687915e-12
GCR_He_min_6,10000,1,60,1.86144e-10,1.86144e-10,8.08365e-22,1113,2.50597e-14,2.78914461e-11
GCR_He_min_6,10000,1,61,3.04641e-09,3.04641e-09,1.73586e-21,26561,1.4019e-15,3.72358659e-11
GCR_He_min_6,10000,1,62,8.94942e-11,8.94942e-11,1.67255e-22,651,1.9136e-14,1.2457535999999999e-11
GCR_He_min_6,10000,1,63,6.87874e-11,6.87874e-11,1.05887e-22,416,2.33977e-14,9.7334432e-12
GCR_He_min_6,10000,1,64,5.21703e-11,5.21703e-11,3.14472e-23,480,1.05883e-14,5.082384e-12
GCR_He_min_6,10000,1,65,2.05809e-11,2.05809e-11,3.15312e-24,261,4.74869e-15,1.23940809e-12
GCR_He_min_6,10000,1,66,2.76566e-13,2.76566e-13,3.28615e-26,3,3.50361e-14,1.0510830000000001e-13
GCR_He_min_6,10000,1,67,1.0112e-11,1.0112e-11,1.14128e-24,146,4.56375e-15,6.663075e-13
GCR_He_min_6,10000,1,68,1.67195e-13,1.67195e-13,1.36251e-26,3,2.67925e-14,8.03775e-14
GCR_He_min_6,10000,1,69,2.13905e-11,2.13905e-11,2.46988e-23,183,2.58167e-14,4.7244561e-12
GCR_He_min_6,10000,1,70,1.29383e-10,1.29383e-10,4.79906e-23,1351,4.41804e-15,5.9687720400000005e-12
GCR_He_min_6,10000,1,71,5.46323e-10,5.46323e-10,2.64845e-22,5386,2.68716e-15,1.447304376e-11
GCR_He_min_6,10000,1,72,1.50914e-09,1.50914e-09,2.37696e-21,12954,3.6219e-15,4.69180926e-11
GCR_He_min_6,10000,1,73,2.16877e-09,2.16877e-09,1.58165e-21,19929,1.84072e-15,3.668370888e-11
GCR_He_min_6,10000,1,74,1.9669e-08,1.9669e-08,2.23932e-20,164989,8.58194e-16,1.41592569866e-10
GCR_He_min_6,10000,1,75,6.62526e-09,6.62526e-09,7.52155e-21,56372,1.45668e-15,8.211596496e-11
GCR_He_min_6,10000,1,76,2.17408e-09,2.17408e-09,2.62991e-21,18218,2.67256e-15,4.8688698080000004e-11
GCR_He_min_6,10000,1,77,1.26588e-09,1.26588e-09,1.81301e-21,10500,3.88095e-15,4.0749975e-11
GCR_He_min_6,10000,1,78,8.13616e-10,8.13616e-10,5.81956e-22,7683,2.89834e-15,2.226794622e-11
GCR_He_min_6,10000,1,79,1.20306e-09,1.20306e-09,1.21484e-21,11510,2.86732e-15,3.3002853199999995e-11
GCR_He_min_6,10000,1,80,8.31037e-10,8.31037e-10,1.09508e-21,7131,4.43094e-15,3.159703314e-11
GCR_He_min_6,10000,1,81,5.36746e-10,5.36746e-10,8.84458e-22,4464,6.4152e-15,2.86374528e-11
GCR_He_min_6,10000,1,82,1.10179e-09,1.10179e-09,1.30891e-21,10386,3.32442e-15,3.452742612e-11
GCR_He_min_6,10000,1,83,3.59485e-10,3.59485e-10,7.91456e-22,3150,8.69789e-15,2.73983535e-11
GCR_He_min_6,10000,1,84,2.93935e-09,2.93935e-09,3.77619e-21,21305,2.72512e-15,5.80586816e-11
GCR_He_min_6,10000,1,85,4.98582e-09,4.98582e-09,8.62155e-21,36761,2.42479e-15,8.913770519e-11
GCR_He_min_6,10000,1,86,4.60479e-09,4.60479e-09,8.72619e-21,29961,2.9888e-15,8.95474368e-11
GCR_He_min_6,10000,1,87,2.1234e-09,2.1234e-09,1.72756e-21,18408,2.0918e-15,3.85058544e-11
GCR_He_min_6,10000,1,88,3.46155e-09,3.46155e-09,5.73022e-21,28743,2.53606e-15,7.289397258e-11
GCR_He_min_6,10000,1,89,1.35869e-09,1.35869e-09,2.62333e-21,10743,4.60904e-15,4.9514916719999996e-11
GCR_He_min_6,10000,1,90,4.54958e-10,4.54958e-10,1.05363e-21,3585,8.80397e-15,3.156223245e-11
GCR_He_min_6,10000,1,91,7.10408e-11,7.10408e-11,2.13967e-23,696,5.4077e-15,3.7637592e-12
GCR_He_min_6,10000,1,92,1.45613e-09,1.45613e-09,1.93536e-21,11839,3.53996e-15,4.190958644e-11
GCR_He_min_6,10000,1,93,4.72168e-10,4.72168e-10,3.73487e-22,4105,4.35267e-15,1.786771035e-11
GCR_He_min_6,10000,1,94,8.64561e-11,8.64561e-11,5.01012e-23,805,7.94125e-15,6.392706249999999e-12
GCR_He_min_6,10000,1,95,1.67152e-08,1.67152e-08,1.77246e-20,148641,8.46852e-16,1.25876928132e-10
GCR_He_min_6,10000,1,96,4.84846e-10,4.84846e-10,5.49055e-22,4051,5.47071e-15,2.216184621e-11
GCR_He_min_6,10000,1,97,2.75818e-09,2.75818e-09,1.41541e-21,59804,6.00158e-16,3.5891849032000005e-11
GCR_He_min_6,10000,1,98,3.84071e-10,3.84071e-10,2.33659e-22,3430,4.02616e-15,1.38097288e-11
GCR_He_min_6,10000,1,99,3.2847e-09,3.2847e-09,1.4356e-21,73765,4.86783e-16,3.5907547995000005e-11
GCR_He_min_6,10000,1,100,8.87861e-12,8.87861e-12,1.53987e-24,86,9.23357e-15,7.9408702e-13
GCR_He_min_6,10000,1,101,2.56435e-11,2.56435e-11,7.29325e-24,274,8.08806e-15,2.21612844e-12
GCR_He_min_6,10000,1,102,1.30348e-11,1.30348e-11,3.59584e-24,122,1.22166e-14,1.4904252e-12
GCR_He_min_6,10000,1,103,2.71759e-09,2.71759e-09,2.41463e-21,22902,1.99726e-15,4.574124852e-11
GCR_He_min_6,10000,1,104,6.03102e-11,6.03102e-11,3.08838e-23,596,8.35943e-15,4.98222028e-12
GCR_He_min_6,10000,1,105,2.46442e-10,2.46442e-10,2.06233e-22,1783,7.36122e-15,1.3125055259999999e-11
GCR_He_min_6,10000,1,106,3.491e-09,3.491e-09,3.04562e-21,29219,1.75468e-15,5.126999492e-11
GCR_He_min_6,10000,1,107,3.82637e-07,3.82637e-07,4.6768e-19,3185238,2.03877e-16,6.49396767726e-10
GCR_He_min_6,10000,1,108,2.50533e-08,2.50533e-08,2.70821e-20,235169,6.64404e-16,1.56247224276e-10
GCR_He_min_6,10000,1,109,1.48322e-07,1.48322e-07,2.05547e-19,1084073,3.97032e-16,4.30411671336e-10
GCR_He_min_6,10000,1,110,1.72921e-10,1.72921e-10,7.99229e-23,1739,4.55571e-15,7.92237969e-12
GCR_He_min_6,10000,1,111,0.0,0.0,0.0,0,0.0,0.0
GCR_He_min_6,10000,1,112,0.0,0.0,0.0,0,0.0,0.0
GCR_He_min_6,10000,1,113,1.62858e-09,1.62858e-09,1.52806e-21,14126,2.59178e-15,3.661148428e-11
GCR_He_min_6,10000,1,114,6.47958e-13,6.47958e-13,8.31865e-26,12,1.91087e-14,2.293044e-13
GCR_He_min_6,10000,1,115,1.45778e-09,1.45778e-09,2.87365e-21,12483,4.16538e-15,5.1996438539999996e-11
GCR_He_min_6,10000,1,116,2.63805e-09,2.63805e-09,2.51068e-21,24340,1.93789e-15,4.7168242600000004e-11
GCR_He_min_6,10000,1,117,3.48176e-07,3.48176e-07,3.90133e-19,3048773,1.94151e-16,5.91922326723e-10
GCR_He_min_6,10000,1,118,1.53923e-08,1.53923e-08,1.34611e-20,156865,6.96903e-16,1.09319689095e-10
GCR_He_min_6,10000,1,119,9.19174e-08,9.19174e-08,1.08144e-19,727046,4.27321e-16,3.10682023766e-10
GCR_He_min_6,10000,1,120,1.55791e-10,1.55791e-10,2.54907e-22,954,1.58869e-14,1.5156102599999998e-11
GCR_He_min_6,10000,1,121,1.02738e-10,1.02738e-10,3.54862e-23,1009,4.96037e-15,5.00501333e-12
GCR_He_min_6,10000,1,122,6.68176e-10,6.68176e-10,5.19713e-22,5695,3.6891e-15,2.10094245e-11
GCR_He_min_6,10000,1,123,2.69188e-08,2.69188e-08,3.00397e-20,222403,7.35832e-16,1.63651244296e-10
GCR_He_min_6,10000,1,124,6.08781e-09,6.08781e-09,6.50967e-21,57771,1.326e-15,7.6604346e-11
GCR_He_min_6,10000,1,125,1.25914e-08,1.25914e-08,1.37053e-20,93515,1.1719e-15,1.0959022849999999e-10
GCR_He_min_6,10000,1,126,2.80995e-10,2.80995e-10,4.3825e-22,1959,1.01856e-14,1.99535904e-11
GCR_He_min_6,10000,1,127,1.32505e-09,1.32505e-09,1.62878e-21,10338,3.69491e-15,3.819797958e-11
GCR_He_min_6,10000,1,128,1.51333e-10,1.51333e-10,9.01314e-22,499,5.86711e-14,2.92768789e-11
GCR_He_min_6,10000,1,129,8.85286e-10,8.85286e-10,7.47433e-22,5862,4.22651e-15,2.477580162e-11
GCR_He_min_6,10000,1,130,9.21838e-10,9.21838e-10,1.38467e-21,6033,5.84629e-15,3.5270667569999997e-11
GCR_He_min_6,10000,1,131,1.14249e-10,1.14249e-10,5.75617e-23,1044,6.43277e-15,6.7158118799999995e-12
GCR_He_min_6,10000,1,132,9.21174e-11,9.21174e-11,1.05975e-22,797,1.22582e-14,9.7697854e-12
GCR_He_min_6,10000,1,133,1.29508e-10,1.29508e-10,6.57315e-23,969,7.18495e-15,6.9622165499999994e-12
GCR_He_min_6,10000,1,134,7.24445e-12,7.24445e-12,1.86835e-24,84,1.33553e-14,1.1218452e-12
GCR_He_min_6,10000,1,135,3.04341e-10,3.04341e-10,6.69972e-22,2300,1.09127e-14,2.509921e-11
GCR_He_min_6,10000,1,136,2.71025e-10,2.71025e-10,1.35542e-22,2419,4.24046e-15,1.0257672740000001e-11
GCR_He_min_6,10000,1,137,2.96135e-09,2.96135e-09,3.84691e-21,25755,2.29921e-15,5.921615355e-11
GCR_He_min_6,10000,1,138,1.05406e-08,1.05406e-08,1.08524e-20,97691,1.00895e-15,9.856533445e-11
GCR_He_min_6,10000,1,139,0.0,0.0,0.0,0,0.0,0.0
GCR_He_min_6,10000,1,140,4.15207e-13,4.15207e-13,2.00249e-28,4035,3.11087e-18,1.255236045e-14
GCR_He_min_6,10000,1,141,1.82013e-10,1.82013e-10,5.59185e-23,1645,3.63733e-15,5.98340785e-12
GCR_He_min_6,10000,2,0,1.0484e-09,1.0484e-09,3.95143e-24,10266922,1.90973e-19,1.960704895106e-12
GCR_He_min_6,10000,2,1,6.91901e-11,6.91901e-11,3.4985e-23,585,8.8572e-15,5.181462e-12
GCR_He_min_6,10000,2,2,7.12669e-11,7.12669e-11,6.57017e-23,574,1.31475e-14,7.546665e-12
GCR_He_min_6,10000,2,3,4.09456e-11,4.09456e-11,4.94881e-23,315,2.11311e-14,6.656296500000001e-12
GCR_He_min_6,10000,2,4,1.18634e-10,1.18634e-10,1.99354e-22,806,1.67433e-14,1.3495099799999999e-11
GCR_He_min_6,10000,2,5,8.28036e-11,8.28036e-11,6.53046e-23,707,1.05548e-14,7.4622436e-12
GCR_He_min_6,10000,2,6,1.0942e-11,1.0942e-11,3.14785e-24,105,1.35589e-14,1.4236845e-12
GCR_He_min_6,10000,2,7,3.89167e-11,3.89167e-11,1.53389e-23,383,8.82118e-15,3.3785119399999997e-12
GCR_He_min_6,10000,2,8,3.84719e-10,3.84719e-10,3.34688e-22,3687,4.65544e-15,1.716460728e-11
GCR_He_min_6,10000,2,9,2.22966e-12,2.22966e-12,4.11605e-25,24,1.92459e-14,4.619016e-13
GCR_He_min_6,10000,2,10,5.57003e-09,5.57003e-09,7.75143e-21,43488,1.92913e-15,8.389400544e-11
GCR_He_min_6,10000,2,11,1.28739e-10,1.28739e-10,5.02674e-23,1228,4.94004e-15,6.066369119999999e-12
GCR_He_min_6,10000,2,12,8.16512e-10,8.16512e-10,9.44007e-22,5827,4.94339e-15,2.880513353e-11
GCR_He_min_6,10000,2,13,5.85701e-10,5.85701e-10,1.1325e-21,3116,1.02632e-14,3.19801312e-11
GCR_He_min_6,10000,2,14,7.55119e-10,7.55119e-10,5.06892e-22,6544,3.13104e-15,2.048952576e-11
GCR_He_min_6,10000,2,15,1.50662e-10,1.50662e-10,5.45826e-23,1580,4.01495e-15,6.3436210000000006e-12
GCR_He_min_6,10000,2,16,8.64829e-10,8.64829e-10,2.18011e-21,4203,1.06473e-14,4.4750601899999996e-11
GCR_He_min_6,10000,2,17,5.75818e-10,5.75818e-10,8.28556e-22,3959,6.89431e-15,2.729457329e-11
GCR_He_min_6,10000,2,18,2.17356e-10,2.17356e-10,1.25021e-22,1799,5.52561e-15,9.940572390000001e-12
GCR_He_min_6,10000,2,19,2.75921e-09,2.75921e-09,4.07815e-21,15865,3.78112e-15,5.99874688e-11
GCR_He_min_6,10000,2,20,2.20602e-09,2.20602e-09,2.85612e-21,16172,3.1258e-15,5.05504376e-11
GCR_He_min_6,10000,2,21,2.3297e-10,2.3297e-10,1.02269e-22,2604,3.46596e-15,9.02535984e-12
GCR_He_min_6,10000,2,22,1.87427e-09,1.87427e-09,2.50983e-21,12135,3.88319e-15,4.712251065e-11
GCR_He_min_6,10000,2,23,1.70747e-09,1.70747e-09,2.05022e-21,15508,2.78275e-15,4.3154887000000004e-11
GCR_He_min_6,10000,2,24,1.85668e-10,1.85668e-10,2.18229e-22,1001,1.35502e-14,1.35637502e-11
GCR_He_min_6,10000,2,25,2.1111e-10,2.1111e-10,1.95405e-22,1707,7.62461e-15,1.301520927e-11
GCR_He_min_6,10000,2,26,1.27159e-09,1.27159e-09,1.42313e-21,6908,4.99207e-15,3.4485219559999997e-11
GCR_He_min_6,10000,2,27,1.00223e-09,1.00223e-09,5.46217e-22,8077,2.54307e-15,2.0540376390000002e-11
GCR_He_min_6,10000,2,28,7.48194e-09,7.48194e-09,1.96481e-20,38029,3.5452e-15,1.348204108e-10
GCR_He_min_6,10000,2,29,1.44801e-08,1.44801e-08,1.75654e-20,122909,1.02462e-15,1.2593501958e-10
GCR_He_min_6,10000,2,30,8.45155e-10,8.45155e-10,9.11236e-22,6368,4.43938e-15,2.8269971839999998e-11
GCR_He_min_6,10000,2,31,3.46302e-09,3.46302e-09,8.86804e-21,14492,6.18769e-15,8.967200348e-11
GCR_He_min_6,10000,2,32,3.08852e-09,3.08852e-09,3.56574e-21,22272,2.51501e-15,5.6014302719999994e-11
GCR_He_min_6,10000,2,33,1.37722e-09,1.37722e-09,1.76425e-21,9338,4.23144e-15,3.951318672e-11
GCR_He_min_6,10000,2,34,1.8228e-09,1.8228e-09,2.99396e-21,8614,5.92917e-15,5.1073870380000003e-11
GCR_He_min_6,10000,2,35,3.04806e-09,3.04806e-09,2.46094e-21,22476,2.01331e-15,4.525115556e-11
GCR_He_min_6,10000,2,36,2.50269e-10,2.50269e-10,2.94842e-22,2000,8.11876e-15,1.623752e-11
GCR_He_min_6,10000,2,37,3.82408e-10,3.82408e-10,1.06929e-21,1564,1.99793e-14,3.12476252e-11
GCR_He_min_6,10000,2,38,8.86564e-10,8.86564e-10,1.28197e-21,6484,5.25484e-15,3.407238256e-11
GCR_He_min_6,10000,2,39,2.71195e-10,2.71195e-10,4.32302e-22,1313,1.47795e-14,1.94054835e-11
GCR_He_min_6,10000,2,40,3.02262e-10,3.02262e-10,6.81317e-22,1794,1.39992e-14,2.5114564800000003e-11
GCR_He_min_6,10000,2,41,1.66191e-08,1.66191e-08,3.12363e-20,87373,1.91773e-15,1.6755782329000001e-10
GCR_He_min_6,10000,2,42,3.04911e-08,3.04911e-08,4.24491e-20,242786,8.09436e-16,1.96519728696e-10
GCR_He_min_6,10000,2,43,2.3499e-09,2.3499e-09,6.28979e-21,11515,6.61991e-15,7.622826365e-11
GCR_He_min_6,10000,2,44,3.82082e-09,3.82082e-09,4.57281e-21,29688,2.15186e-15,6.388441967999999e-11
GCR_He_min_6,10000,2,45,8.97942e-10,8.97942e-10,1.04428e-21,4935,6.01476e-15,2.96828406e-11
GCR_He_min_6,10000,2,46,7.39508e-10,7.39508e-10,4.79724e-22,6000,3.28568e-15,1.9714080000000002e-11
GCR_He_min_6,10000,2,47,2.98245e-10,2.98245e-10,2.01776e-22,1820,6.79603e-15,1.23687746e-11
GCR_He_min_6,10000,2,48,2.51786e-10,2.51786e-10,1.15623e-22,2161,4.29948e-15,9.29117628e-12
GCR_He_min_6,10000,2,49,1.84855e-09,1.84855e-09,2.98449e-21,10002,5.14009e-15,5.1411180180000003e-11
GCR_He_min_6,10000,2,50,2.56173e-09,2.56173e-09,1.90072e-21,20581,1.93254e-15,3.977360574e-11
GCR_He_min_6,10000,2,51,4.12034e-09,4.12034e-09,7.59439e-21,19770,4.1514e-15,8.2073178e-11
GCR_He_min_6,10000,2,52,7.6354e-09,7.6354e-09,9.35596e-21,54957,1.65727e-15,9.107858739e-11
GCR_He_min_6,10000,2,53,5.06895e-09,5.06895e-09,1.3997e-20,22440,5.05209e-15,1.1336889959999999e-10
GCR_He_min_6,10000,2,54,8.40434e-09,8.40434e-09,1.21789e-20,58688,1.7851e-15,1.0476394880000001e-10
GCR_He_min_6,10000,2,55,4.46519e-11,4.46519e-11,4.73096e-23,227,2.74039e-14,6.2206853e-12
GCR_He_min_6,10000,2,56,3.38318e-10,3.38318e-10,2.68634e-22,2881,5.25242e-15,1.513222202e-11
GCR_He_min_6,10000,2,57,6.73661e-11,6.73661e-11,4.33333e-23,541,1.09369e-14,5.9168629e-12
GCR_He_min_6,10000,2,58,2.97317e-09,2.97317e-09,4.89032e-21,21297,3.14123e-15,6.689877531e-11
GCR_He_min_6,10000,2,59,9.49227e-11,9.49227e-11,2.06072e-22,769,1.81407e-14,1.3950198299999999e-11
GCR_He_min_6,10000,2,60,1.63471e-10,1.63471e-10,1.95199e-22,1158,1.13344e-14,1.31252352e-11
GCR_He_min_6,10000,2,61,3.63369e-09,3.63369e-09,2.9411e-21,31153,1.61054e-15,5.0173152619999997e-11
GCR_He_min_6,10000,2,62,3.38137e-11,3.38137e-11,6.82537e-24,461,4.52663e-15,2.08677643e-12
GCR_He_min_6,10000,2,63,2.59585e-11,2.59585e-11,1.09117e-23,310,9.55094e-15,2.9607914000000004e-12
GCR_He_min_6,10000,2,64,3.74466e-11,3.74466e-11,8.14835e-24,449,4.99826e-15,2.24421874e-12
GCR_He_min_6,10000,2,65,2.91677e-11,2.91677e-11,7.63091e-24,290,7.48642e-15,2.1710618e-12
GCR_He_min_6,10000,2,66,5.96001e-13,5.96001e-13,6.96858e-26,8,2.12484e-14,1.699872e-13
GCR_He_min_6,10000,2,67,1.39463e-11,1.39463e-11,2.90822e-24,124,9.37209e-15,1.16213916e-12
GCR_He_min_6,10000,2,68,0.0,0.0,0.0,0,0.0,0.0
GCR_He_min_6,10000,2,69,1.0081e-11,1.0081e-11,2.61619e-24,101,1.26255e-14,1.2751755e-12
GCR_He_min_6,10000,2,70,1.58614e-10,1.58614e-10,1.6509e-22,1346,8.99259e-15,1.210402614e-11
GCR_He_min_6,10000,2,71,6.08869e-10,6.08869e-10,5.09173e-22,5653,3.72608e-15,2.106353024e-11
GCR_He_min_6,10000,2,72,1.52585e-09,1.52585e-09,2.46765e-21,13239,3.61617e-15,4.7874474629999996e-11
GCR_He_min_6,10000,2,73,2.60642e-09,2.60642e-09,2.45499e-21,22724,2.0434e-15,4.64342216e-11
GCR_He_min_6,10000,2,74,1.98763e-08,1.98763e-08,2.70028e-20,160658,9.75146e-16,1.56665006068e-10
GCR_He_min_6,10000,2,75,6.99588e-09,6.99588e-09,7.20135e-21,58140,1.37165e-15,7.9747731e-11
GCR_He_min_6,10000,2,76,1.93251e-09,1.93251e-09,3.71429e-21,16699,3.53815e-15,5.908356685e-11
GCR_He_min_6,10000,2,77,1.02537e-09,1.02537e-09,1.34606e-21,9153,3.83375e-15,3.5090313749999994e-11
GCR_He_min_6,10000,2,78,7.41779e-10,7.41779e-10,3.35576e-22,7267,2.21842e-15,1.612125814e-11
GCR_He_min_6,10000,2,79,1.21216e-09,1.21216e-09,1.0388e-21,11264,2.67581e-15,3.014032384e-11
GCR_He_min_6,10000,2,80,8.46465e-10,8.46465e-10,7.71262e-22,7112,3.64119e-15,2.5896143280000003e-11
GCR_He_min_6,10000,2,81,4.91572e-10,4.91572e-10,4.6126e-22,4381,4.60039e-15,2.015430859e-11
GCR_He_min_6,10000,2,82,1.41273e-09,1.41273e-09,2.0425e-21,11873,3.64661e-15,4.329620053e-11
GCR_He_min_6,10000,2,83,4.11615e-10,4.11615e-10,5.31336e-22,3739,5.89699e-15,2.204884561e-11
GCR_He_min_6,10000,2,84,2.78698e-09,2.78698e-09,5.16223e-21,20146,3.43072e-15,6.911528512e-11
GCR_He_min_6,10000,2,85,4.2868e-09,4.2868e-09,3.96655e-21,34546,1.69647e-15,5.860625261999999e-11
GCR_He_min_6,10000,2,86,4.41087e-09,4.41087e-09,6.4751e-21,28761,2.64769e-15,7.615021209e-11
GCR_He_min_6,10000,2,87,2.28211e-09,2.28211e-09,2.4674e-21,19617,2.3921e-15,4.69258257e-11
GCR_He_min_6,10000,2,88,3.54217e-09,3.54217e-09,3.45126e-21,31008,1.78009e-15,5.519703072e-11
GCR_He_min_6,10000,2,89,1.32351e-09,1.32351e-09,1.97098e-21,10676,3.9818e-15,4.25096968e-11
GCR_He_min_6,10000,2,90,4.27273e-10,4.27273e-10,2.96484e-22,3771,4.17724e-15,1.575237204e-11
GCR_He_min_6,10000,2,91,9.36854e-11,9.36854e-11,1.27124e-22,820,1.31663e-14,1.0796366e-11
GCR_He_min_6,10000,2,92,1.3347e-09,1.3347e-09,1.5415e-21,11610,3.20916e-15,3.72583476e-11
GCR_He_min_6,10000,2,93,5.18467e-10,5.18467e-10,4.95273e-22,4409,4.72723e-15,2.084235707e-11
GCR_He_min_6,10000,2,94,9.44866e-11,9.44866e-11,5.39262e-23,858,7.69334e-15,6.6008857199999995e-12
GCR_He_min_6,10000,2,95,1.64203e-08,1.64203e-08,1.6124e-20,144609,8.25769e-16,1.19413629321e-10
GCR_He_min_6,10000,2,96,4.76844e-10,4.76844e-10,5.7446e-22,4055,5.61551e-15,2.277089305e-11
GCR_He_min_6,10000,2,97,2.95965e-09,2.95965e-09,1.49577e-21,66407,5.56127e-16,3.6930725689e-11
GCR_He_min_6,10000,2,98,4.25033e-10,4.25033e-10,3.34031e-22,3775,4.48185e-15,1.691898375e-11
GCR_He_min_6,10000,2,99,3.39936e-09,3.39936e-09,1.4023e-21,77174,4.58598e-16,3.5391842051999995e-11
GCR_He_min_6,10000,2,100,5.51023e-12,5.51023e-12,1.01362e-24,56,1.23718e-14,6.928207999999999e-13
GCR_He_min_6,10000,2,101,2.95399e-11,2.95399e-11,1.2469e-23,280,1.09417e-14,3.0636760000000002e-12
GCR_He_min_6,10000,2,102,1.46889e-11,1.46889e-11,3.96652e-24,141,1.11094e-14,1.5664254e-12
GCR_He_min_6,10000,2,103,2.70543e-09,2.70543e-09,3.26375e-21,22720,2.38722e-15,5.4237638400000005e-11
GCR_He_min_6,10000,2,104,7.11636e-11,7.11636e-11,3.66542e-23,604,8.81014e-15,5.321324559999999e-12
GCR_He_min_6,10000,2,105,2.85407e-10,2.85407e-10,4.44704e-22,1674,1.18918e-14,1.99068732e-11
GCR_He_min_6,10000,2,106,4.06446e-09,4.06446e-09,4.28744e-21,32514,1.8908e-15,6.147747119999999e-11
GCR_He_min_6,10000,2,107,3.76919e-07,3.76919e-07,4.85569e-19,3109224,2.13311e-16,6.63231680664e-10
GCR_He_min_6,10000,2,108,2.57897e-08,2.57897e-08,2.65979e-20,240756,6.4126e-16,1.5438719255999999e-10
GCR_He_min_6,10000,2,109,1.46359e-07,1.46359e-07,2.05191e-19,1069009,4.02517e-16,4.30294295653e-10
GCR_He_min_6,10000,2,110,2.0354e-10,2.0354e-10,1.35108e-22,1829,5.79961e-15,1.0607486690000001e-11
GCR_He_min_6,10000,2,111,0.0,0.0,0.0,0,0.0,0.0
GCR_He_min_6,10000,2,112,0.0,0.0,0.0,0,0.0,0.0
GCR_He_min_6,10000,2,113,1.78554e-09,1.78554e-09,1.45833e-21,15429,2.29311e-15,3.538039419e-11
GCR_He_min_6,10000,2,114,1.65779e-12,1.65779e-12,3.54798e-25,20,2.39178e-14,4.78356e-13
GCR_He_min_6,10000,2,115,1.18232e-09,1.18232e-09,8.02972e-22,10801,2.40293e-15,2.595404693e-11
GCR_He_min_6,10000,2,116,2.79448e-09,2.79448e-09,1.85903e-21,26054,1.51565e-15,3.94887451e-11
GCR_He_min_6,10000,2,117,3.46572e-07,3.46572e-07,3.90959e-19,3013865,1.96605e-16,5.92540928325e-10
GCR_He_min_6,10000,2,118,1.55527e-08,1.55527e-08,1.52612e-20,158084,7.4125e-16,1.17179765e-10
GCR_He_min_6,10000,2,119,9.19838e-08,9.19838e-08,1.0883e-19,717195,4.34332e-16,3.1150073873999997e-10
GCR_He_min_6,10000,2,120,1.30357e-10,1.30357e-10,3.81677e-23,1274,3.91277e-15,4.98486898e-12
GCR_He_min_6,10000,2,121,1.28961e-10,1.28961e-10,4.22272e-23,1199,4.44313e-15,5.32731287e-12
GCR_He_min_6,10000,2,122,7.04953e-10,7.04953e-10,4.3941e-22,6107,3.09863e-15,1.892333341e-11
GCR_He_min_6,10000,2,123,2.68996e-08,2.68996e-08,3.21162e-20,220158,7.71233e-16,1.69793114814e-10
GCR_He_min_6,10000,2,124,6.16213e-09,6.16213e-09,7.18047e-21,57786,1.39771e-15,8.076807006e-11
GCR_He_min_6,10000,2,125,1.23061e-08,1.23061e-08,1.40656e-20,91358,1.21929e-15,1.1139189581999999e-10
GCR_He_min_6,10000,2,126,2.57287e-10,2.57287e-10,6.12585e-22,1807,1.32848e-14,2.40056336e-11
GCR_He_min_6,10000,2,127,1.12141e-09,1.12141e-09,9.32415e-22,9683,2.92581e-15,2.833061823e-11
GCR_He_min_6,10000,2,128,1.55201e-10,1.55201e-10,3.68151e-22,577,3.13386e-14,1.80823722e-11
GCR_He_min_6,10000,2,129,8.43638e-10,8.43638e-10,7.66429e-22,5455,4.62337e-15,2.522048335e-11
GCR_He_min_6,10000,2,130,8.56188e-10,8.56188e-10,1.18653e-21,5396,6.00764e-15,3.241722544e-11
GCR_He_min_6,10000,2,131,1.4056e-10,1.4056e-10,7.46007e-23,1230,6.22287e-15,7.6541301e-12
GCR_He_min_6,10000,2,132,1.37511e-10,1.37511e-10,2.81561e-22,756,2.12007e-14,1.60277292e-11
GCR_He_min_6,10000,2,133,1.11837e-10,1.11837e-10,7.9348e-23,1040,7.89319e-15,8.2089176e-12
GCR_He_min_6,10000,2,134,7.82315e-12,7.82315e-12,2.44295e-24,78,1.66166e-14,1.2960948e-12
GCR_He_min_6,10000,2,135,3.08174e-10,3.08174e-10,1.90971e-22,2690,4.63901e-15,1.2478936899999999e-11
GCR_He_min_6,10000,2,136,2.77934e-10,2.77934e-10,2.92558e-22,2296,7.00972e-15,1.609431712e-11
GCR_He_min_6,10000,2,137,2.88658e-09,2.88658e-09,2.93673e-21,25827,1.97968e-15,5.112919536e-11
GCR_He_min_6,10000,2,138,1.06386e-08,1.06386e-08,1.2079e-20,96250,1.08487e-15,1.044187375e-10
GCR_He_min_6,10000,2,139,0.0,0.0,0.0,0,0.0,0.0
GCR_He_min_6,10000,2,140,5.11391e-13,5.11391e-13,5.21361e-28,4324,4.96545e-18,2.14706058e-14
GCR_He_min_6,10000,2,141,2.67081e-10,2.67081e-10,3.49036e-22,1851,9.52227e-15,1.762572177e-11
