especie,fase,bin_index,energy_mev,offset_x_m,repeticion,organo_id,edep_J,dose_gy_run,n_eventos
GCR_He,min,6,17782.79410038923,0.0,0,0,1.15052e-09,0.0,10000
GCR_He,min,6,17782.79410038923,0.0,0,1,7.0859e-11,1.01227e-08,10000
GCR_He,min,6,17782.79410038923,0.0,0,2,7.45837e-11,1.06548e-08,10000
GCR_He,min,6,17782.79410038923,0.0,0,3,2.33311e-11,2.11524e-09,10000
GCR_He,min,6,17782.79410038923,0.0,0,4,5.19965e-11,1.83022e-09,10000
GCR_He,min,6,17782.79410038923,0.0,0,5,6.28653e-11,2.04573e-09,10000
GCR_He,min,6,17782.79410038923,0.0,0,6,9.98158e-12,1.95717e-09,10000
GCR_He,min,6,17782.79410038923,0.0,0,7,3.79713e-11,3.79333e-09,10000
GCR_He,min,6,17782.79410038923,0.0,0,8,3.5387e-10,5.33661e-09,10000
GCR_He,min,6,17782.79410038923,0.0,0,9,1.88497e-12,2.21761e-09,10000
GCR_He,min,6,17782.79410038923,0.0,0,10,5.19688e-09,1.91111e-08,10000
GCR_He,min,6,17782.79410038923,0.0,0,11,1.3157e-10,8.36957e-09,10000
GCR_He,min,6,17782.79410038923,0.0,0,12,8.1664e-10,9.8343e-09,10000
GCR_He,min,6,17782.79410038923,0.0,0,13,4.89602e-10,3.61971e-09,10000
GCR_He,min,6,17782.79410038923,0.0,0,14,6.45229e-10,3.49036e-09,10000
GCR_He,min,6,17782.79410038923,0.0,0,15,1.2016e-10,3.58901e-09,10000
GCR_He,min,6,17782.79410038923,0.0,0,16,8.07916e-10,6.31036e-09,10000
GCR_He,min,6,17782.79410038923,0.0,0,17,4.18233e-10,7.00205e-09,10000
GCR_He,min,6,17782.79410038923,0.0,0,18,2.47311e-10,6.66067e-09,10000
GCR_He,min,6,17782.79410038923,0.0,0,19,2.82123e-09,1.04181e-08,10000
GCR_He,min,6,17782.79410038923,0.0,0,20,1.89729e-09,1.04298e-08,10000
GCR_He,min,6,17782.79410038923,0.0,0,21,2.37514e-10,1.0477e-08,10000
GCR_He,min,6,17782.79410038923,0.0,0,22,2.04872e-09,1.13983e-08,10000
GCR_He,min,6,17782.79410038923,0.0,0,23,1.792e-09,1.28376e-08,10000
GCR_He,min,6,17782.79410038923,0.0,0,24,1.97457e-10,4.13262e-09,10000
GCR_He,min,6,17782.79410038923,0.0,0,25,2.30989e-10,4.35335e-09,10000
GCR_He,min,6,17782.79410038923,0.0,0,26,1.26589e-09,2.24907e-09,10000
GCR_He,min,6,17782.79410038923,0.0,0,27,9.82027e-10,2.17715e-09,10000
GCR_He,min,6,17782.79410038923,0.0,0,28,7.30516e-09,2.79164e-08,10000
GCR_He,min,6,17782.79410038923,0.0,0,29,1.53404e-08,3.24974e-08,10000
GCR_He,min,6,17782.79410038923,0.0,0,30,7.50795e-10,2.91232e-08,10000
GCR_He,min,6,17782.79410038923,0.0,0,31,3.27839e-09,1.11476e-08,10000
GCR_He,min,6,17782.79410038923,0.0,0,32,3.29038e-09,7.50251e-09,10000
GCR_He,min,6,17782.79410038923,0.0,0,33,1.31803e-09,1.62941e-08,10000
GCR_He,min,6,17782.79410038923,0.0,0,34,1.86479e-09,3.50954e-09,10000
GCR_He,min,6,17782.79410038923,0.0,0,35,3.04811e-09,4.17905e-09,10000
GCR_He,min,6,17782.79410038923,0.0,0,36,2.09436e-10,2.66221e-09,10000
GCR_He,min,6,17782.79410038923,0.0,0,37,3.75953e-10,1.61658e-09,10000
GCR_He,min,6,17782.79410038923,0.0,0,38,7.87697e-10,1.55126e-09,10000
GCR_He,min,6,17782.79410038923,0.0,0,39,1.93343e-10,2.53997e-09,10000
GCR_He,min,6,17782.79410038923,0.0,0,40,2.06776e-10,2.79805e-09,10000
GCR_He,min,6,17782.79410038923,0.0,0,41,1.76017e-08,4.41566e-08,10000
GCR_He,min,6,17782.79410038923,0.0,0,42,3.09514e-08,4.54379e-08,10000
GCR_He,min,6,17782.79410038923,0.0,0,43,1.97009e-09,5.39513e-09,10000
GCR_He,min,6,17782.79410038923,0.0,0,44,3.73005e-09,7.17234e-09,10000
GCR_He,min,6,17782.79410038923,0.0,0,45,9.06256e-10,4.0983e-09,10000
GCR_He,min,6,17782.79410038923,0.0,0,46,7.89254e-10,4.10621e-09,10000
GCR_He,min,6,17782.79410038923,0.0,0,47,3.67527e-10,3.57099e-09,10000
GCR_He,min,6,17782.79410038923,0.0,0,48,2.46535e-10,3.35194e-09,10000
GCR_He,min,6,17782.79410038923,0.0,0,49,1.8099e-09,6.31551e-09,10000
GCR_He,min,6,17782.79410038923,0.0,0,50,2.41124e-09,7.19044e-09,10000
GCR_He,min,6,17782.79410038923,0.0,0,51,4.16994e-09,2.23962e-08,10000
GCR_He,min,6,17782.79410038923,0.0,0,52,7.58335e-09,2.51046e-08,10000
GCR_He,min,6,17782.79410038923,0.0,0,53,4.81113e-09,4.40459e-08,10000
GCR_He,min,6,17782.79410038923,0.0,0,54,7.64683e-09,4.40714e-08,10000
GCR_He,min,6,17782.79410038923,0.0,0,55,3.64569e-11,3.68623e-09,10000
GCR_He,min,6,17782.79410038923,0.0,0,56,3.08254e-10,5.47423e-09,10000
GCR_He,min,6,17782.79410038923,0.0,0,57,7.05223e-11,4.41869e-09,10000
GCR_He,min,6,17782.79410038923,0.0,0,58,2.72792e-09,3.07648e-08,10000
GCR_He,min,6,17782.79410038923,0.0,0,59,8.29939e-11,1.4043e-08,10000
GCR_He,min,6,17782.79410038923,0.0,0,60,1.73495e-10,4.99553e-09,10000
GCR_He,min,6,17782.79410038923,0.0,0,61,3.51856e-09,2.42659e-09,10000
GCR_He,min,6,17782.79410038923,0.0,0,62,4.2943e-11,5.72574e-09,10000
GCR_He,min,6,17782.79410038923,0.0,0,63,2.30114e-11,4.61151e-09,10000
GCR_He,min,6,17782.79410038923,0.0,0,64,5.4292e-11,7.23893e-09,10000
GCR_He,min,6,17782.79410038923,0.0,0,65,1.8473e-11,3.702e-09,10000
GCR_He,min,6,17782.79410038923,0.0,0,66,2.35717e-13,1.24062e-09,10000
GCR_He,min,6,17782.79410038923,0.0,0,67,8.79761e-12,1.2068e-09,10000
GCR_He,min,6,17782.79410038923,0.0,0,68,1.04202e-13,5.48434e-10,10000
GCR_He,min,6,17782.79410038923,0.0,0,69,6.62316e-12,9.03569e-10,10000
GCR_He,min,6,17782.79410038923,0.0,0,70,1.61918e-10,1.1632e-08,10000
GCR_He,min,6,17782.79410038923,0.0,0,71,5.86523e-10,1.08455e-08,10000
GCR_He,min,6,17782.79410038923,0.0,0,72,1.56877e-09,1.04592e-08,10000
GCR_He,min,6,17782.79410038923,0.0,0,73,2.43632e-09,9.74491e-09,10000
GCR_He,min,6,17782.79410038923,0.0,0,74,1.99599e-08,3.07075e-08,10000
GCR_He,min,6,17782.79410038923,0.0,0,75,6.61792e-09,1.89073e-08,10000
GCR_He,min,6,17782.79410038923,0.0,0,76,1.95186e-09,2.16897e-08,10000
GCR_He,min,6,17782.79410038923,0.0,0,77,1.07459e-09,1.95309e-08,10000
GCR_He,min,6,17782.79410038923,0.0,0,78,6.96432e-10,1.16072e-08,10000
GCR_He,min,6,17782.79410038923,0.0,0,79,1.22269e-09,1.28705e-08,10000
GCR_He,min,6,17782.79410038923,0.0,0,80,8.51949e-10,1.41991e-08,10000
GCR_He,min,6,17782.79410038923,0.0,0,81,5.0446e-10,1.26084e-08,10000
GCR_He,min,6,17782.79410038923,0.0,0,82,1.30835e-09,1.45388e-08,10000
GCR_He,min,6,17782.79410038923,0.0,0,83,4.87249e-10,1.39214e-08,10000
GCR_He,min,6,17782.79410038923,0.0,0,84,2.70497e-09,6.76073e-08,10000
GCR_He,min,6,17782.79410038923,0.0,0,85,4.69001e-09,6.25584e-08,10000
GCR_He,min,6,17782.79410038923,0.0,0,86,4.50145e-09,1.50148e-07,10000
GCR_He,min,6,17782.79410038923,0.0,0,87,2.20504e-09,6.68234e-09,10000
GCR_He,min,6,17782.79410038923,0.0,0,88,3.50963e-09,6.88149e-09,10000
GCR_He,min,6,17782.79410038923,0.0,0,89,1.31549e-09,1.22805e-08,10000
GCR_He,min,6,17782.79410038923,0.0,0,90,4.52018e-10,1.18175e-08,10000
GCR_He,min,6,17782.79410038923,0.0,0,91,8.88849e-11,1.16494e-08,10000
GCR_He,min,6,17782.79410038923,0.0,0,92,1.72429e-09,1.56868e-08,10000
GCR_He,min,6,17782.79410038923,0.0,0,93,5.85013e-10,1.49048e-08,10000
GCR_He,min,6,17782.79410038923,0.0,0,94,1.19095e-10,1.51328e-08,10000
GCR_He,min,6,17782.79410038923,0.0,0,95,1.66916e-08,9.27304e-09,10000
GCR_He,min,6,17782.79410038923,0.0,0,96,4.18371e-10,5.29516e-09,10000
GCR_He,min,6,17782.79410038923,0.0,0,97,2.6659e-09,5.58024e-09,10000
GCR_He,min,6,17782.79410038923,0.0,0,98,3.85866e-10,5.39372e-09,10000
GCR_He,min,6,17782.79410038923,0.0,0,99,3.19465e-09,5.50726e-09,10000
GCR_He,min,6,17782.79410038923,0.0,0,100,6.35078e-12,2.81008e-09,10000
GCR_He,min,6,17782.79410038923,0.0,0,101,3.10378e-11,4.84965e-09,10000
GCR_He,min,6,17782.79410038923,0.0,0,102,2.1703e-11,3.62927e-09,10000
GCR_He,min,6,17782.79410038923,0.0,0,103,2.75445e-09,2.63837e-08,10000
GCR_He,min,6,17782.79410038923,0.0,0,104,8.26007e-11,1.05493e-08,10000
GCR_He,min,6,17782.79410038923,0.0,0,105,2.08846e-10,1.88149e-08,10000
GCR_He,min,6,17782.79410038923,0.0,0,106,3.73018e-09,3.06302e-09,10000
GCR_He,min,6,17782.79410038923,0.0,0,107,3.78549e-07,2.52251e-08,10000
GCR_He,min,6,17782.79410038923,0.0,0,108,2.55336e-08,9.28314e-09,10000
GCR_He,min,6,17782.79410038923,0.0,0,109,1.39974e-07,1.39625e-08,10000
GCR_He,min,6,17782.79410038923,0.0,0,110,3.06897e-10,7.6705e-09,10000
GCR_He,min,6,17782.79410038923,0.0,0,111,0.0,0.0,10000
GCR_He,min,6,17782.79410038923,0.0,0,112,0.0,0.0,10000
GCR_He,min,6,17782.79410038923,0.0,0,113,1.64105e-09,1.17218e-08,10000
GCR_He,min,6,17782.79410038923,0.0,0,114,1.34492e-12,2.24153e-09,10000
GCR_He,min,6,17782.79410038923,0.0,0,115,1.38556e-09,8.14555e-08,10000
GCR_He,min,6,17782.79410038923,0.0,0,116,2.73652e-09,2.60992e-09,10000
GCR_He,min,6,17782.79410038923,0.0,0,117,3.47126e-07,2.80618e-08,10000
GCR_He,min,6,17782.79410038923,0.0,0,118,1.5113e-08,9.19578e-09,10000
GCR_He,min,6,17782.79410038923,0.0,0,119,8.80551e-08,1.63172e-08,10000
GCR_He,min,6,17782.79410038923,0.0,0,120,1.70494e-10,4.01258e-09,10000
GCR_He,min,6,17782.79410038923,0.0,0,121,1.03385e-10,2.43315e-09,10000
GCR_He,min,6,17782.79410038923,0.0,0,122,6.97511e-10,2.39415e-09,10000
GCR_He,min,6,17782.79410038923,0.0,0,123,2.67763e-08,1.82747e-08,10000
GCR_He,min,6,17782.79410038923,0.0,0,124,5.98054e-09,9.35877e-09,10000
GCR_He,min,6,17782.79410038923,0.0,0,125,1.24237e-08,9.32411e-09,10000
GCR_He,min,6,17782.79410038923,0.0,0,126,2.49081e-10,6.80178e-09,10000
GCR_He,min,6,17782.79410038923,0.0,0,127,9.37261e-10,6.24883e-09,10000
GCR_He,min,6,17782.79410038923,0.0,0,128,1.30861e-10,2.61513e-09,10000
GCR_He,min,6,17782.79410038923,0.0,0,129,8.34434e-10,4.77365e-08,10000
GCR_He,min,6,17782.79410038923,0.0,0,130,7.79493e-10,4.44916e-08,10000
GCR_He,min,6,17782.79410038923,0.0,0,131,1.00708e-10,4.02994e-09,10000
GCR_He,min,6,17782.79410038923,0.0,0,132,1.01489e-10,5.07697e-09,10000
GCR_He,min,6,17782.79410038923,0.0,0,133,8.9243e-11,2.11076e-09,10000
GCR_He,min,6,17782.79410038923,0.0,0,134,3.56625e-12,1.1848e-09,10000
GCR_He,min,6,17782.79410038923,0.0,0,135,3.85031e-10,4.52446e-08,10000
GCR_He,min,6,17782.79410038923,0.0,0,136,2.87426e-10,3.83746e-08,10000
GCR_He,min,6,17782.79410038923,0.0,0,137,2.82904e-09,5.65696e-08,10000
GCR_He,min,6,17782.79410038923,0.0,0,138,1.04459e-08,5.22297e-08,10000
GCR_He,min,6,17782.79410038923,0.0,0,139,0.0,0.0,10000
GCR_He,min,6,17782.79410038923,0.0,0,140,3.51363e-13,1.75682e-09,10000
GCR_He,min,6,17782.79410038923,0.0,0,141,2.19674e-10,1.42368e-09,10000
SEP_p,max,7,157.50747750578486,0.0,0,0,5.90471e-10,0.0,10000
SEP_p,max,7,157.50747750578486,0.0,0,1,0.0,0.0,10000
SEP_p,max,7,157.50747750578486,0.0,0,2,0.0,0.0,10000
SEP_p,max,7,157.50747750578486,0.0,0,3,0.0,0.0,10000
SEP_p,max,7,157.50747750578486,0.0,0,4,0.0,0.0,10000
SEP_p,max,7,157.50747750578486,0.0,0,5,3.98899e-13,1.29808e-11,10000
SEP_p,max,7,157.50747750578486,0.0,0,6,2.59007e-13,5.07856e-11,10000
SEP_p,max,7,157.50747750578486,0.0,0,7,0.0,0.0,10000
SEP_p,max,7,157.50747750578486,0.0,0,8,4.70881e-14,7.1012e-13,10000
SEP_p,max,7,157.50747750578486,0.0,0,9,0.0,0.0,10000
SEP_p,max,7,157.50747750578486,0.0,0,10,8.21801e-13,3.0221e-12,10000
SEP_p,max,7,157.50747750578486,0.0,0,11,0.0,0.0,10000
SEP_p,max,7,157.50747750578486,0.0,0,12,1.51659e-12,1.82633e-11,10000
SEP_p,max,7,157.50747750578486,0.0,0,13,9.89952e-13,7.31888e-12,10000
SEP_p,max,7,157.50747750578486,0.0,0,14,5.57883e-12,3.01787e-11,10000
SEP_p,max,7,157.50747750578486,0.0,0,15,0.0,0.0,10000
SEP_p,max,7,157.50747750578486,0.0,0,16,0.0,0.0,10000
SEP_p,max,7,157.50747750578486,0.0,0,17,0.0,0.0,10000
SEP_p,max,7,157.50747750578486,0.0,0,18,0.0,0.0,10000
SEP_p,max,7,157.50747750578486,0.0,0,19,0.0,0.0,10000
SEP_p,max,7,157.50747750578486,0.0,0,20,0.0,0.0,10000
SEP_p,max,7,157.50747750578486,0.0,0,21,0.0,0.0,10000
SEP_p,max,7,157.50747750578486,0.0,0,22,0.0,0.0,10000
SEP_p,max,7,157.50747750578486,0.0,0,23,0.0,0.0,10000
SEP_p,max,7,157.50747750578486,0.0,0,24,1.15045e-12,2.40781e-11,10000
SEP_p,max,7,157.50747750578486,0.0,0,25,3.37622e-13,6.36303e-12,10000
SEP_p,max,7,157.50747750578486,0.0,0,26,7.10238e-12,1.26186e-11,10000
SEP_p,max,7,157.50747750578486,0.0,0,27,3.36613e-12,7.46272e-12,10000
SEP_p,max,7,157.50747750578486,0.0,0,28,9.19389e-13,3.51341e-12,10000
SEP_p,max,7,157.50747750578486,0.0,0,29,3.75294e-12,7.9503e-12,10000
SEP_p,max,7,157.50747750578486,0.0,0,30,0.0,0.0,10000
SEP_p,max,7,157.50747750578486,0.0,0,31,4.92854e-12,1.67586e-11,10000
SEP_p,max,7,157.50747750578486,0.0,0,32,5.60379e-14,1.27774e-13,10000
SEP_p,max,7,157.50747750578486,0.0,0,33,9.63737e-21,1.19142e-19,10000
SEP_p,max,7,157.50747750578486,0.0,0,34,0.0,0.0,10000
SEP_p,max,7,157.50747750578486,0.0,0,35,0.0,0.0,10000
SEP_p,max,7,157.50747750578486,0.0,0,36,0.0,0.0,10000
SEP_p,max,7,157.50747750578486,0.0,0,37,0.0,0.0,10000
SEP_p,max,7,157.50747750578486,0.0,0,38,0.0,0.0,10000
SEP_p,max,7,157.50747750578486,0.0,0,39,1.92676e-12,2.53121e-11,10000
SEP_p,max,7,157.50747750578486,0.0,0,40,5.00297e-12,6.76992e-11,10000
SEP_p,max,7,157.50747750578486,0.0,0,41,2.82678e-12,7.09142e-12,10000
SEP_p,max,7,157.50747750578486,0.0,0,42,2.87211e-13,4.21638e-13,10000
SEP_p,max,7,157.50747750578486,0.0,0,43,6.79392e-13,1.86053e-12,10000
SEP_p,max,7,157.50747750578486,0.0,0,44,3.61264e-12,6.94658e-12,10000
SEP_p,max,7,157.50747750578486,0.0,0,45,5.51583e-12,2.49438e-11,10000
SEP_p,max,7,157.50747750578486,0.0,0,46,0.0,0.0,10000
SEP_p,max,7,157.50747750578486,0.0,0,47,0.0,0.0,10000
SEP_p,max,7,157.50747750578486,0.0,0,48,0.0,0.0,10000
SEP_p,max,7,157.50747750578486,0.0,0,49,0.0,0.0,10000
SEP_p,max,7,157.50747750578486,0.0,0,50,0.0,0.0,10000
SEP_p,max,7,157.50747750578486,0.0,0,51,4.6122e-14,2.47715e-13,10000
SEP_p,max,7,157.50747750578486,0.0,0,52,0.0,0.0,10000
SEP_p,max,7,157.50747750578486,0.0,0,53,0.0,0.0,10000
SEP_p,max,7,157.50747750578486,0.0,0,54,0.0,0.0,10000
SEP_p,max,7,157.50747750578486,0.0,0,55,0.0,0.0,10000
SEP_p,max,7,157.50747750578486,0.0,0,56,0.0,0.0,10000
SEP_p,max,7,157.50747750578486,0.0,0,57,0.0,0.0,10000
SEP_p,max,7,157.50747750578486,0.0,0,58,0.0,0.0,10000
SEP_p,max,7,157.50747750578486,0.0,0,59,0.0,0.0,10000
SEP_p,max,7,157.50747750578486,0.0,0,60,0.0,0.0,10000
SEP_p,max,7,157.50747750578486,0.0,0,61,3.99165e-11,2.75287e-11,10000
SEP_p,max,7,157.50747750578486,0.0,0,62,0.0,0.0,10000
SEP_p,max,7,157.50747750578486,0.0,0,63,0.0,0.0,10000
SEP_p,max,7,157.50747750578486,0.0,0,64,0.0,0.0,10000
SEP_p,max,7,157.50747750578486,0.0,0,65,0.0,0.0,10000
SEP_p,max,7,157.50747750578486,0.0,0,66,0.0,0.0,10000
SEP_p,max,7,157.50747750578486,0.0,0,67,0.0,0.0,10000
SEP_p,max,7,157.50747750578486,0.0,0,68,0.0,0.0,10000
SEP_p,max,7,157.50747750578486,0.0,0,69,0.0,0.0,10000
SEP_p,max,7,157.50747750578486,0.0,0,70,0.0,0.0,10000
SEP_p,max,7,157.50747750578486,0.0,0,71,0.0,0.0,10000
SEP_p,max,7,157.50747750578486,0.0,0,72,0.0,0.0,10000
SEP_p,max,7,157.50747750578486,0.0,0,73,0.0,0.0,10000
SEP_p,max,7,157.50747750578486,0.0,0,74,0.0,0.0,10000
SEP_p,max,7,157.50747750578486,0.0,0,75,0.0,0.0,10000
SEP_p,max,7,157.50747750578486,0.0,0,76,0.0,0.0,10000
SEP_p,max,7,157.50747750578486,0.0,0,77,0.0,0.0,10000
SEP_p,max,7,157.50747750578486,0.0,0,78,0.0,0.0,10000
SEP_p,max,7,157.50747750578486,0.0,0,79,0.0,0.0,10000
SEP_p,max,7,157.50747750578486,0.0,0,80,0.0,0.0,10000
SEP_p,max,7,157.50747750578486,0.0,0,81,0.0,0.0,10000
SEP_p,max,7,157.50747750578486,0.0,0,82,0.0,0.0,10000
SEP_p,max,7,157.50747750578486,0.0,0,83,0.0,0.0,10000
SEP_p,max,7,157.50747750578486,0.0,0,84,0.0,0.0,10000
SEP_p,max,7,157.50747750578486,0.0,0,85,0.0,0.0,10000
SEP_p,max,7,157.50747750578486,0.0,0,86,0.0,0.0,10000
SEP_p,max,7,157.50747750578486,0.0,0,87,1.05818e-11,3.20681e-11,10000
SEP_p,max,7,157.50747750578486,0.0,0,88,1.09274e-11,2.14258e-11,10000
SEP_p,max,7,157.50747750578486,0.0,0,89,0.0,0.0,10000
SEP_p,max,7,157.50747750578486,0.0,0,90,0.0,0.0,10000
SEP_p,max,7,157.50747750578486,0.0,0,91,0.0,0.0,10000
SEP_p,max,7,157.50747750578486,0.0,0,92,0.0,0.0,10000
SEP_p,max,7,157.50747750578486,0.0,0,93,0.0,0.0,10000
SEP_p,max,7,157.50747750578486,0.0,0,94,0.0,0.0,10000
SEP_p,max,7,157.50747750578486,0.0,0,95,1.80506e-11,1.00281e-11,10000
SEP_p,max,7,157.50747750578486,0.0,0,96,0.0,0.0,10000
SEP_p,max,7,157.50747750578486,0.0,0,97,2.9289e-12,6.13074e-12,10000
SEP_p,max,7,157.50747750578486,0.0,0,98,0.0,0.0,10000
SEP_p,max,7,157.50747750578486,0.0,0,99,0.0,0.0,10000
SEP_p,max,7,157.50747750578486,0.0,0,100,0.0,0.0,10000
SEP_p,max,7,157.50747750578486,0.0,0,101,0.0,0.0,10000
SEP_p,max,7,157.50747750578486,0.0,0,102,0.0,0.0,10000
SEP_p,max,7,157.50747750578486,0.0,0,103,0.0,0.0,10000
SEP_p,max,7,157.50747750578486,0.0,0,104,0.0,0.0,10000
SEP_p,max,7,157.50747750578486,0.0,0,105,0.0,0.0,10000
SEP_p,max,7,157.50747750578486,0.0,0,106,1.55111e-11,1.27369e-11,10000
SEP_p,max,7,157.50747750578486,0.0,0,107,1.00393e-10,6.68981e-12,10000
SEP_p,max,7,157.50747750578486,0.0,0,108,1.42493e-11,5.18055e-12,10000
SEP_p,max,7,157.50747750578486,0.0,0,109,1.60678e-11,1.60278e-12,10000
SEP_p,max,7,157.50747750578486,0.0,0,110,1.29175e-12,3.22857e-11,10000
SEP_p,max,7,157.50747750578486,0.0,0,111,0.0,0.0,10000
SEP_p,max,7,157.50747750578486,0.0,0,112,0.0,0.0,10000
SEP_p,max,7,157.50747750578486,0.0,0,113,0.0,0.0,10000
SEP_p,max,7,157.50747750578486,0.0,0,114,0.0,0.0,10000
SEP_p,max,7,157.50747750578486,0.0,0,115,0.0,0.0,10000
SEP_p,max,7,157.50747750578486,0.0,0,116,1.22137e-11,1.16486e-11,10000
SEP_p,max,7,157.50747750578486,0.0,0,117,7.06822e-11,5.71398e-12,10000
SEP_p,max,7,157.50747750578486,0.0,0,118,2.68402e-12,1.63314e-12,10000
SEP_p,max,7,157.50747750578486,0.0,0,119,2.37162e-11,4.39475e-12,10000
SEP_p,max,7,157.50747750578486,0.0,0,120,0.0,0.0,10000
SEP_p,max,7,157.50747750578486,0.0,0,121,0.0,0.0,10000
SEP_p,max,7,157.50747750578486,0.0,0,122,2.95455e-12,1.01413e-11,10000
SEP_p,max,7,157.50747750578486,0.0,0,123,1.2377e-11,8.44725e-12,10000
SEP_p,max,7,157.50747750578486,0.0,0,124,2.99089e-12,4.68037e-12,10000
SEP_p,max,7,157.50747750578486,0.0,0,125,3.02016e-12,2.26665e-12,10000
SEP_p,max,7,157.50747750578486,0.0,0,126,0.0,0.0,10000
SEP_p,max,7,157.50747750578486,0.0,0,127,0.0,0.0,10000
SEP_p,max,7,157.50747750578486,0.0,0,128,6.85617e-14,1.37014e-12,10000
SEP_p,max,7,157.50747750578486,0.0,0,129,0.0,0.0,10000
SEP_p,max,7,157.50747750578486,0.0,0,130,0.0,0.0,10000
SEP_p,max,7,157.50747750578486,0.0,0,131,0.0,0.0,10000
SEP_p,max,7,157.50747750578486,0.0,0,132,0.0,0.0,10000
SEP_p,max,7,157.50747750578486,0.0,0,133,3.94413e-12,9.3286e-11,10000
SEP_p,max,7,157.50747750578486,0.0,0,134,0.0,0.0,10000
SEP_p,max,7,157.50747750578486,0.0,0,135,0.0,0.0,10000
SEP_p,max,7,157.50747750578486,0.0,0,136,0.0,0.0,10000
SEP_p,max,7,157.50747750578486,0.0,0,137,0.0,0.0,10000
SEP_p,max,7,157.50747750578486,0.0,0,138,0.0,0.0,10000
SEP_p,max,7,157.50747750578486,0.0,0,139,0.0,0.0,10000
SEP_p,max,7,157.50747750578486,0.0,0,140,0.0,0.0,10000
SEP_p,max,7,157.50747750578486,0.0,0,141,0.0,0.0,10000
SEP_p,max,2,0.25066886355998363,0.0,0,0,0.0,0.0,10000
SEP_p,max,2,0.25066886355998363,0.0,0,1,0.0,0.0,10000
SEP_p,max,2,0.25066886355998363,0.0,0,2,0.0,0.0,10000
SEP_p,max,2,0.25066886355998363,0.0,0,3,0.0,0.0,10000
SEP_p,max,2,0.25066886355998363,0.0,0,4,0.0,0.0,10000
SEP_p,max,2,0.25066886355998363,0.0,0,5,0.0,0.0,10000
SEP_p,max,2,0.25066886355998363,0.0,0,6,0.0,0.0,10000
SEP_p,max,2,0.25066886355998363,0.0,0,7,0.0,0.0,10000
SEP_p,max,2,0.25066886355998363,0.0,0,8,0.0,0.0,10000
SEP_p,max,2,0.25066886355998363,0.0,0,9,0.0,0.0,10000
SEP_p,max,2,0.25066886355998363,0.0,0,10,0.0,0.0,10000
SEP_p,max,2,0.25066886355998363,0.0,0,11,0.0,0.0,10000
SEP_p,max,2,0.25066886355998363,0.0,0,12,0.0,0.0,10000
SEP_p,max,2,0.25066886355998363,0.0,0,13,0.0,0.0,10000
SEP_p,max,2,0.25066886355998363,0.0,0,14,0.0,0.0,10000
SEP_p,max,2,0.25066886355998363,0.0,0,15,0.0,0.0,10000
SEP_p,max,2,0.25066886355998363,0.0,0,16,0.0,0.0,10000
SEP_p,max,2,0.25066886355998363,0.0,0,17,0.0,0.0,10000
SEP_p,max,2,0.25066886355998363,0.0,0,18,0.0,0.0,10000
SEP_p,max,2,0.25066886355998363,0.0,0,19,0.0,0.0,10000
SEP_p,max,2,0.25066886355998363,0.0,0,20,0.0,0.0,10000
SEP_p,max,2,0.25066886355998363,0.0,0,21,0.0,0.0,10000
SEP_p,max,2,0.25066886355998363,0.0,0,22,0.0,0.0,10000
SEP_p,max,2,0.25066886355998363,0.0,0,23,0.0,0.0,10000
SEP_p,max,2,0.25066886355998363,0.0,0,24,0.0,0.0,10000
SEP_p,max,2,0.25066886355998363,0.0,0,25,0.0,0.0,10000
SEP_p,max,2,0.25066886355998363,0.0,0,26,0.0,0.0,10000
SEP_p,max,2,0.25066886355998363,0.0,0,27,0.0,0.0,10000
SEP_p,max,2,0.25066886355998363,0.0,0,28,0.0,0.0,10000
SEP_p,max,2,0.25066886355998363,0.0,0,29,0.0,0.0,10000
SEP_p,max,2,0.25066886355998363,0.0,0,30,0.0,0.0,10000
SEP_p,max,2,0.25066886355998363,0.0,0,31,0.0,0.0,10000
SEP_p,max,2,0.25066886355998363,0.0,0,32,0.0,0.0,10000
SEP_p,max,2,0.25066886355998363,0.0,0,33,0.0,0.0,10000
SEP_p,max,2,0.25066886355998363,0.0,0,34,0.0,0.0,10000
SEP_p,max,2,0.25066886355998363,0.0,0,35,0.0,0.0,10000
SEP_p,max,2,0.25066886355998363,0.0,0,36,0.0,0.0,10000
SEP_p,max,2,0.25066886355998363,0.0,0,37,0.0,0.0,10000
SEP_p,max,2,0.25066886355998363,0.0,0,38,0.0,0.0,10000
SEP_p,max,2,0.25066886355998363,0.0,0,39,0.0,0.0,10000
SEP_p,max,2,0.25066886355998363,0.0,0,40,0.0,0.0,10000
SEP_p,max,2,0.25066886355998363,0.0,0,41,0.0,0.0,10000
SEP_p,max,2,0.25066886355998363,0.0,0,42,0.0,0.0,10000
SEP_p,max,2,0.25066886355998363,0.0,0,43,0.0,0.0,10000
SEP_p,max,2,0.25066886355998363,0.0,0,44,0.0,0.0,10000
SEP_p,max,2,0.25066886355998363,0.0,0,45,0.0,0.0,10000
SEP_p,max,2,0.25066886355998363,0.0,0,46,0.0,0.0,10000
SEP_p,max,2,0.25066886355998363,0.0,0,47,0.0,0.0,10000
SEP_p,max,2,0.25066886355998363,0.0,0,48,0.0,0.0,10000
SEP_p,max,2,0.25066886355998363,0.0,0,49,0.0,0.0,10000
SEP_p,max,2,0.25066886355998363,0.0,0,50,0.0,0.0,10000
SEP_p,max,2,0.25066886355998363,0.0,0,51,0.0,0.0,10000
SEP_p,max,2,0.25066886355998363,0.0,0,52,0.0,0.0,10000
SEP_p,max,2,0.25066886355998363,0.0,0,53,0.0,0.0,10000
SEP_p,max,2,0.25066886355998363,0.0,0,54,0.0,0.0,10000
SEP_p,max,2,0.25066886355998363,0.0,0,55,0.0,0.0,10000
SEP_p,max,2,0.25066886355998363,0.0,0,56,0.0,0.0,10000
SEP_p,max,2,0.25066886355998363,0.0,0,57,0.0,0.0,10000
SEP_p,max,2,0.25066886355998363,0.0,0,58,0.0,0.0,10000
SEP_p,max,2,0.25066886355998363,0.0,0,59,0.0,0.0,10000
SEP_p,max,2,0.25066886355998363,0.0,0,60,0.0,0.0,10000
SEP_p,max,2,0.25066886355998363,0.0,0,61,0.0,0.0,10000
SEP_p,max,2,0.25066886355998363,0.0,0,62,0.0,0.0,10000
SEP_p,max,2,0.25066886355998363,0.0,0,63,0.0,0.0,10000
SEP_p,max,2,0.25066886355998363,0.0,0,64,0.0,0.0,10000
SEP_p,max,2,0.25066886355998363,0.0,0,65,0.0,0.0,10000
SEP_p,max,2,0.25066886355998363,0.0,0,66,0.0,0.0,10000
SEP_p,max,2,0.25066886355998363,0.0,0,67,0.0,0.0,10000
SEP_p,max,2,0.25066886355998363,0.0,0,68,0.0,0.0,10000
SEP_p,max,2,0.25066886355998363,0.0,0,69,0.0,0.0,10000
SEP_p,max,2,0.25066886355998363,0.0,0,70,0.0,0.0,10000
SEP_p,max,2,0.25066886355998363,0.0,0,71,0.0,0.0,10000
SEP_p,max,2,0.25066886355998363,0.0,0,72,0.0,0.0,10000
SEP_p,max,2,0.25066886355998363,0.0,0,73,0.0,0.0,10000
SEP_p,max,2,0.25066886355998363,0.0,0,74,0.0,0.0,10000
SEP_p,max,2,0.25066886355998363,0.0,0,75,0.0,0.0,10000
SEP_p,max,2,0.25066886355998363,0.0,0,76,0.0,0.0,10000
SEP_p,max,2,0.25066886355998363,0.0,0,77,0.0,0.0,10000
SEP_p,max,2,0.25066886355998363,0.0,0,78,0.0,0.0,10000
SEP_p,max,2,0.25066886355998363,0.0,0,79,0.0,0.0,10000
SEP_p,max,2,0.25066886355998363,0.0,0,80,0.0,0.0,10000
SEP_p,max,2,0.25066886355998363,0.0,0,81,0.0,0.0,10000
SEP_p,max,2,0.25066886355998363,0.0,0,82,0.0,0.0,10000
SEP_p,max,2,0.25066886355998363,0.0,0,83,0.0,0.0,10000
SEP_p,max,2,0.25066886355998363,0.0,0,84,0.0,0.0,10000
SEP_p,max,2,0.25066886355998363,0.0,0,85,0.0,0.0,10000
SEP_p,max,2,0.25066886355998363,0.0,0,86,0.0,0.0,10000
SEP_p,max,2,0.25066886355998363,0.0,0,87,0.0,0.0,10000
SEP_p,max,2,0.25066886355998363,0.0,0,88,0.0,0.0,10000
SEP_p,max,2,0.25066886355998363,0.0,0,89,0.0,0.0,10000
SEP_p,max,2,0.25066886355998363,0.0,0,90,0.0,0.0,10000
SEP_p,max,2,0.25066886355998363,0.0,0,91,0.0,0.0,10000
SEP_p,max,2,0.25066886355998363,0.0,0,92,0.0,0.0,10000
SEP_p,max,2,0.25066886355998363,0.0,0,93,0.0,0.0,10000
SEP_p,max,2,0.25066886355998363,0.0,0,94,0.0,0.0,10000
SEP_p,max,2,0.25066886355998363,0.0,0,95,0.0,0.0,10000
SEP_p,max,2,0.25066886355998363,0.0,0,96,0.0,0.0,10000
SEP_p,max,2,0.25066886355998363,0.0,0,97,0.0,0.0,10000
SEP_p,max,2,0.25066886355998363,0.0,0,98,0.0,0.0,10000
SEP_p,max,2,0.25066886355998363,0.0,0,99,0.0,0.0,10000
SEP_p,max,2,0.25066886355998363,0.0,0,100,0.0,0.0,10000
SEP_p,max,2,0.25066886355998363,0.0,0,101,0.0,0.0,10000
SEP_p,max,2,0.25066886355998363,0.0,0,102,0.0,0.0,10000
SEP_p,max,2,0.25066886355998363,0.0,0,103,0.0,0.0,10000
SEP_p,max,2,0.25066886355998363,0.0,0,104,0.0,0.0,10000
SEP_p,max,2,0.25066886355998363,0.0,0,105,0.0,0.0,10000
SEP_p,max,2,0.25066886355998363,0.0,0,106,0.0,0.0,10000
SEP_p,max,2,0.25066886355998363,0.0,0,107,0.0,0.0,10000
SEP_p,max,2,0.25066886355998363,0.0,0,108,0.0,0.0,10000
SEP_p,max,2,0.25066886355998363,0.0,0,109,0.0,0.0,10000
SEP_p,max,2,0.25066886355998363,0.0,0,110,0.0,0.0,10000
SEP_p,max,2,0.25066886355998363,0.0,0,111,0.0,0.0,10000
SEP_p,max,2,0.25066886355998363,0.0,0,112,0.0,0.0,10000
SEP_p,max,2,0.25066886355998363,0.0,0,113,0.0,0.0,10000
SEP_p,max,2,0.25066886355998363,0.0,0,114,0.0,0.0,10000
SEP_p,max,2,0.25066886355998363,0.0,0,115,0.0,0.0,10000
SEP_p,max,2,0.25066886355998363,0.0,0,116,0.0,0.0,10000
SEP_p,max,2,0.25066886355998363,0.0,0,117,0.0,0.0,10000
SEP_p,max,2,0.25066886355998363,0.0,0,118,0.0,0.0,10000
SEP_p,max,2,0.25066886355998363,0.0,0,119,0.0,0.0,10000
SEP_p,max,2,0.25066886355998363,0.0,0,120,0.0,0.0,10000
SEP_p,max,2,0.25066886355998363,0.0,0,121,0.0,0.0,10000
SEP_p,max,2,0.25066886355998363,0.0,0,122,0.0,0.0,10000
SEP_p,max,2,0.25066886355998363,0.0,0,123,0.0,0.0,10000
SEP_p,max,2,0.25066886355998363,0.0,0,124,0.0,0.0,10000
SEP_p,max,2,0.25066886355998363,0.0,0,125,0.0,0.0,10000
SEP_p,max,2,0.25066886355998363,0.0,0,126,0.0,0.0,10000
SEP_p,max,2,0.25066886355998363,0.0,0,127,0.0,0.0,10000
SEP_p,max,2,0.25066886355998363,0.0,0,128,0.0,0.0,10000
SEP_p,max,2,0.25066886355998363,0.0,0,129,0.0,0.0,10000
SEP_p,max,2,0.25066886355998363,0.0,0,130,0.0,0.0,10000
SEP_p,max,2,0.25066886355998363,0.0,0,131,0.0,0.0,10000
SEP_p,max,2,0.25066886355998363,0.0,0,132,0.0,0.0,10000
SEP_p,max,2,0.25066886355998363,0.0,0,133,0.0,0.0,10000
SEP_p,max,2,0.25066886355998363,0.0,0,134,0.0,0.0,10000
SEP_p,max,2,0.25066886355998363,0.0,0,135,0.0,0.0,10000
SEP_p,max,2,0.25066886355998363,0.0,0,136,0.0,0.0,10000
SEP_p,max,2,0.25066886355998363,0.0,0,137,0.0,0.0,10000
SEP_p,max,2,0.25066886355998363,0.0,0,138,0.0,0.0,10000
SEP_p,max,2,0.25066886355998363,0.0,0,139,0.0,0.0,10000
SEP_p,max,2,0.25066886355998363,0.0,0,140,0.0,0.0,10000
SEP_p,max,2,0.25066886355998363,0.0,0,141,0.0,0.0,10000
SEP_p,max,3,0.9093698453734381,0.0,0,0,0.0,0.0,10000
SEP_p,max,3,0.9093698453734381,0.0,0,1,0.0,0.0,10000
SEP_p,max,3,0.9093698453734381,0.0,0,2,0.0,0.0,10000
SEP_p,max,3,0.9093698453734381,0.0,0,3,0.0,0.0,10000
SEP_p,max,3,0.9093698453734381,0.0,0,4,0.0,0.0,10000
SEP_p,max,3,0.9093698453734381,0.0,0,5,0.0,0.0,10000
SEP_p,max,3,0.9093698453734381,0.0,0,6,0.0,0.0,10000
SEP_p,max,3,0.9093698453734381,0.0,0,7,0.0,0.0,10000
SEP_p,max,3,0.9093698453734381,0.0,0,8,0.0,0.0,10000
SEP_p,max,3,0.9093698453734381,0.0,0,9,0.0,0.0,10000
SEP_p,max,3,0.9093698453734381,0.0,0,10,0.0,0.0,10000
SEP_p,max,3,0.9093698453734381,0.0,0,11,0.0,0.0,10000
SEP_p,max,3,0.9093698453734381,0.0,0,12,0.0,0.0,10000
SEP_p,max,3,0.9093698453734381,0.0,0,13,0.0,0.0,10000
SEP_p,max,3,0.9093698453734381,0.0,0,14,0.0,0.0,10000
SEP_p,max,3,0.9093698453734381,0.0,0,15,0.0,0.0,10000
SEP_p,max,3,0.9093698453734381,0.0,0,16,0.0,0.0,10000
SEP_p,max,3,0.9093698453734381,0.0,0,17,0.0,0.0,10000
SEP_p,max,3,0.9093698453734381,0.0,0,18,0.0,0.0,10000
SEP_p,max,3,0.9093698453734381,0.0,0,19,0.0,0.0,10000
SEP_p,max,3,0.9093698453734381,0.0,0,20,0.0,0.0,10000
SEP_p,max,3,0.9093698453734381,0.0,0,21,0.0,0.0,10000
SEP_p,max,3,0.9093698453734381,0.0,0,22,0.0,0.0,10000
SEP_p,max,3,0.9093698453734381,0.0,0,23,0.0,0.0,10000
SEP_p,max,3,0.9093698453734381,0.0,0,24,0.0,0.0,10000
SEP_p,max,3,0.9093698453734381,0.0,0,25,0.0,0.0,10000
SEP_p,max,3,0.9093698453734381,0.0,0,26,0.0,0.0,10000
SEP_p,max,3,0.9093698453734381,0.0,0,27,0.0,0.0,10000
SEP_p,max,3,0.9093698453734381,0.0,0,28,0.0,0.0,10000
SEP_p,max,3,0.9093698453734381,0.0,0,29,0.0,0.0,10000
SEP_p,max,3,0.9093698453734381,0.0,0,30,0.0,0.0,10000
SEP_p,max,3,0.9093698453734381,0.0,0,31,0.0,0.0,10000
SEP_p,max,3,0.9093698453734381,0.0,0,32,0.0,0.0,10000
SEP_p,max,3,0.9093698453734381,0.0,0,33,0.0,0.0,10000
SEP_p,max,3,0.9093698453734381,0.0,0,34,0.0,0.0,10000
SEP_p,max,3,0.9093698453734381,0.0,0,35,0.0,0.0,10000
SEP_p,max,3,0.9093698453734381,0.0,0,36,0.0,0.0,10000
SEP_p,max,3,0.9093698453734381,0.0,0,37,0.0,0.0,10000
SEP_p,max,3,0.9093698453734381,0.0,0,38,0.0,0.0,10000
SEP_p,max,3,0.9093698453734381,0.0,0,39,0.0,0.0,10000
SEP_p,max,3,0.9093698453734381,0.0,0,40,0.0,0.0,10000
SEP_p,max,3,0.9093698453734381,0.0,0,41,0.0,0.0,10000
SEP_p,max,3,0.9093698453734381,0.0,0,42,0.0,0.0,10000
SEP_p,max,3,0.9093698453734381,0.0,0,43,0.0,0.0,10000
SEP_p,max,3,0.9093698453734381,0.0,0,44,0.0,0.0,10000
SEP_p,max,3,0.9093698453734381,0.0,0,45,0.0,0.0,10000
SEP_p,max,3,0.9093698453734381,0.0,0,46,0.0,0.0,10000
SEP_p,max,3,0.9093698453734381,0.0,0,47,0.0,0.0,10000
SEP_p,max,3,0.9093698453734381,0.0,0,48,0.0,0.0,10000
SEP_p,max,3,0.9093698453734381,0.0,0,49,0.0,0.0,10000
SEP_p,max,3,0.9093698453734381,0.0,0,50,0.0,0.0,10000
SEP_p,max,3,0.9093698453734381,0.0,0,51,0.0,0.0,10000
SEP_p,max,3,0.9093698453734381,0.0,0,52,0.0,0.0,10000
SEP_p,max,3,0.9093698453734381,0.0,0,53,0.0,0.0,10000
SEP_p,max,3,0.9093698453734381,0.0,0,54,0.0,0.0,10000
SEP_p,max,3,0.9093698453734381,0.0,0,55,0.0,0.0,10000
SEP_p,max,3,0.9093698453734381,0.0,0,56,0.0,0.0,10000
SEP_p,max,3,0.9093698453734381,0.0,0,57,0.0,0.0,10000
SEP_p,max,3,0.9093698453734381,0.0,0,58,0.0,0.0,10000
SEP_p,max,3,0.9093698453734381,0.0,0,59,0.0,0.0,10000
SEP_p,max,3,0.9093698453734381,0.0,0,60,0.0,0.0,10000
SEP_p,max,3,0.9093698453734381,0.0,0,61,0.0,0.0,10000
SEP_p,max,3,0.9093698453734381,0.0,0,62,0.0,0.0,10000
SEP_p,max,3,0.9093698453734381,0.0,0,63,0.0,0.0,10000
SEP_p,max,3,0.9093698453734381,0.0,0,64,0.0,0.0,10000
SEP_p,max,3,0.9093698453734381,0.0,0,65,0.0,0.0,10000
SEP_p,max,3,0.9093698453734381,0.0,0,66,0.0,0.0,10000
SEP_p,max,3,0.9093698453734381,0.0,0,67,0.0,0.0,10000
SEP_p,max,3,0.9093698453734381,0.0,0,68,0.0,0.0,10000
SEP_p,max,3,0.9093698453734381,0.0,0,69,0.0,0.0,10000
SEP_p,max,3,0.9093698453734381,0.0,0,70,0.0,0.0,10000
SEP_p,max,3,0.9093698453734381,0.0,0,71,0.0,0.0,10000
SEP_p,max,3,0.9093698453734381,0.0,0,72,0.0,0.0,10000
SEP_p,max,3,0.9093698453734381,0.0,0,73,0.0,0.0,10000
SEP_p,max,3,0.9093698453734381,0.0,0,74,0.0,0.0,10000
SEP_p,max,3,0.9093698453734381,0.0,0,75,0.0,0.0,10000
SEP_p,max,3,0.9093698453734381,0.0,0,76,0.0,0.0,10000
SEP_p,max,3,0.9093698453734381,0.0,0,77,0.0,0.0,10000
SEP_p,max,3,0.9093698453734381,0.0,0,78,0.0,0.0,10000
SEP_p,max,3,0.9093698453734381,0.0,0,79,0.0,0.0,10000
SEP_p,max,3,0.9093698453734381,0.0,0,80,0.0,0.0,10000
SEP_p,max,3,0.9093698453734381,0.0,0,81,0.0,0.0,10000
SEP_p,max,3,0.9093698453734381,0.0,0,82,0.0,0.0,10000
SEP_p,max,3,0.9093698453734381,0.0,0,83,0.0,0.0,10000
SEP_p,max,3,0.9093698453734381,0.0,0,84,0.0,0.0,10000
SEP_p,max,3,0.9093698453734381,0.0,0,85,0.0,0.0,10000
SEP_p,max,3,0.9093698453734381,0.0,0,86,0.0,0.0,10000
SEP_p,max,3,0.9093698453734381,0.0,0,87,0.0,0.0,10000
SEP_p,max,3,0.9093698453734381,0.0,0,88,0.0,0.0,10000
SEP_p,max,3,0.9093698453734381,0.0,0,89,0.0,0.0,10000
SEP_p,max,3,0.9093698453734381,0.0,0,90,0.0,0.0,10000
SEP_p,max,3,0.9093698453734381,0.0,0,91,0.0,0.0,10000
SEP_p,max,3,0.9093698453734381,0.0,0,92,0.0,0.0,10000
SEP_p,max,3,0.9093698453734381,0.0,0,93,0.0,0.0,10000
SEP_p,max,3,0.9093698453734381,0.0,0,94,0.0,0.0,10000
SEP_p,max,3,0.9093698453734381,0.0,0,95,0.0,0.0,10000
SEP_p,max,3,0.9093698453734381,0.0,0,96,0.0,0.0,10000
SEP_p,max,3,0.9093698453734381,0.0,0,97,0.0,0.0,10000
SEP_p,max,3,0.9093698453734381,0.0,0,98,0.0,0.0,10000
SEP_p,max,3,0.9093698453734381,0.0,0,99,0.0,0.0,10000
SEP_p,max,3,0.9093698453734381,0.0,0,100,0.0,0.0,10000
SEP_p,max,3,0.9093698453734381,0.0,0,101,0.0,0.0,10000
SEP_p,max,3,0.9093698453734381,0.0,0,102,0.0,0.0,10000
SEP_p,max,3,0.9093698453734381,0.0,0,103,0.0,0.0,10000
SEP_p,max,3,0.9093698453734381,0.0,0,104,0.0,0.0,10000
SEP_p,max,3,0.9093698453734381,0.0,0,105,0.0,0.0,10000
SEP_p,max,3,0.9093698453734381,0.0,0,106,0.0,0.0,10000
SEP_p,max,3,0.9093698453734381,0.0,0,107,0.0,0.0,10000
SEP_p,max,3,0.9093698453734381,0.0,0,108,0.0,0.0,10000
SEP_p,max,3,0.9093698453734381,0.0,0,109,0.0,0.0,10000
SEP_p,max,3,0.9093698453734381,0.0,0,110,0.0,0.0,10000
SEP_p,max,3,0.9093698453734381,0.0,0,111,0.0,0.0,10000
SEP_p,max,3,0.9093698453734381,0.0,0,112,0.0,0.0,10000
SEP_p,max,3,0.9093698453734381,0.0,0,113,0.0,0.0,10000
SEP_p,max,3,0.9093698453734381,0.0,0,114,0.0,0.0,10000
SEP_p,max,3,0.9093698453734381,0.0,0,115,0.0,0.0,10000
SEP_p,max,3,0.9093698453734381,0.0,0,116,0.0,0.0,10000
SEP_p,max,3,0.9093698453734381,0.0,0,117,0.0,0.0,10000
SEP_p,max,3,0.9093698453734381,0.0,0,118,0.0,0.0,10000
SEP_p,max,3,0.9093698453734381,0.0,0,119,0.0,0.0,10000
SEP_p,max,3,0.9093698453734381,0.0,0,120,0.0,0.0,10000
SEP_p,max,3,0.9093698453734381,0.0,0,121,0.0,0.0,10000
SEP_p,max,3,0.9093698453734381,0.0,0,122,0.0,0.0,10000
SEP_p,max,3,0.9093698453734381,0.0,0,123,0.0,0.0,10000
SEP_p,max,3,0.9093698453734381,0.0,0,124,0.0,0.0,10000
SEP_p,max,3,0.9093698453734381,0.0,0,125,0.0,0.0,10000
SEP_p,max,3,0.9093698453734381,0.0,0,126,0.0,0.0,10000
SEP_p,max,3,0.9093698453734381,0.0,0,127,0.0,0.0,10000
SEP_p,max,3,0.9093698453734381,0.0,0,128,0.0,0.0,10000
SEP_p,max,3,0.9093698453734381,0.0,0,129,0.0,0.0,10000
SEP_p,max,3,0.9093698453734381,0.0,0,130,0.0,0.0,10000
SEP_p,max,3,0.9093698453734381,0.0,0,131,0.0,0.0,10000
SEP_p,max,3,0.9093698453734381,0.0,0,132,0.0,0.0,10000
SEP_p,max,3,0.9093698453734381,0.0,0,133,0.0,0.0,10000
SEP_p,max,3,0.9093698453734381,0.0,0,134,0.0,0.0,10000
SEP_p,max,3,0.9093698453734381,0.0,0,135,0.0,0.0,10000
SEP_p,max,3,0.9093698453734381,0.0,0,136,0.0,0.0,10000
SEP_p,max,3,0.9093698453734381,0.0,0,137,0.0,0.0,10000
SEP_p,max,3,0.9093698453734381,0.0,0,138,0.0,0.0,10000
SEP_p,max,3,0.9093698453734381,0.0,0,139,0.0,0.0,10000
SEP_p,max,3,0.9093698453734381,0.0,0,140,0.0,0.0,10000
SEP_p,max,3,0.9093698453734381,0.0,0,141,0.0,0.0,10000
SEP_p,max,4,3.2989877718762846,0.0,0,0,0.0,0.0,10000
SEP_p,max,4,3.2989877718762846,0.0,0,1,0.0,0.0,10000
SEP_p,max,4,3.2989877718762846,0.0,0,2,0.0,0.0,10000
SEP_p,max,4,3.2989877718762846,0.0,0,3,0.0,0.0,10000
SEP_p,max,4,3.2989877718762846,0.0,0,4,0.0,0.0,10000
SEP_p,max,4,3.2989877718762846,0.0,0,5,0.0,0.0,10000
SEP_p,max,4,3.2989877718762846,0.0,0,6,0.0,0.0,10000
SEP_p,max,4,3.2989877718762846,0.0,0,7,0.0,0.0,10000
SEP_p,max,4,3.2989877718762846,0.0,0,8,0.0,0.0,10000
SEP_p,max,4,3.2989877718762846,0.0,0,9,0.0,0.0,10000
SEP_p,max,4,3.2989877718762846,0.0,0,10,0.0,0.0,10000
SEP_p,max,4,3.2989877718762846,0.0,0,11,0.0,0.0,10000
SEP_p,max,4,3.2989877718762846,0.0,0,12,0.0,0.0,10000
SEP_p,max,4,3.2989877718762846,0.0,0,13,0.0,0.0,10000
SEP_p,max,4,3.2989877718762846,0.0,0,14,0.0,0.0,10000
SEP_p,max,4,3.2989877718762846,0.0,0,15,0.0,0.0,10000
SEP_p,max,4,3.2989877718762846,0.0,0,16,0.0,0.0,10000
SEP_p,max,4,3.2989877718762846,0.0,0,17,0.0,0.0,10000
SEP_p,max,4,3.2989877718762846,0.0,0,18,0.0,0.0,10000
SEP_p,max,4,3.2989877718762846,0.0,0,19,0.0,0.0,10000
SEP_p,max,4,3.2989877718762846,0.0,0,20,0.0,0.0,10000
SEP_p,max,4,3.2989877718762846,0.0,0,21,0.0,0.0,10000
SEP_p,max,4,3.2989877718762846,0.0,0,22,0.0,0.0,10000
SEP_p,max,4,3.2989877718762846,0.0,0,23,0.0,0.0,10000
SEP_p,max,4,3.2989877718762846,0.0,0,24,0.0,0.0,10000
SEP_p,max,4,3.2989877718762846,0.0,0,25,0.0,0.0,10000
SEP_p,max,4,3.2989877718762846,0.0,0,26,0.0,0.0,10000
SEP_p,max,4,3.2989877718762846,0.0,0,27,0.0,0.0,10000
SEP_p,max,4,3.2989877718762846,0.0,0,28,0.0,0.0,10000
SEP_p,max,4,3.2989877718762846,0.0,0,29,0.0,0.0,10000
SEP_p,max,4,3.2989877718762846,0.0,0,30,0.0,0.0,10000
SEP_p,max,4,3.2989877718762846,0.0,0,31,0.0,0.0,10000
SEP_p,max,4,3.2989877718762846,0.0,0,32,0.0,0.0,10000
SEP_p,max,4,3.2989877718762846,0.0,0,33,0.0,0.0,10000
SEP_p,max,4,3.2989877718762846,0.0,0,34,0.0,0.0,10000
SEP_p,max,4,3.2989877718762846,0.0,0,35,0.0,0.0,10000
SEP_p,max,4,3.2989877718762846,0.0,0,36,0.0,0.0,10000
SEP_p,max,4,3.2989877718762846,0.0,0,37,0.0,0.0,10000
SEP_p,max,4,3.2989877718762846,0.0,0,38,0.0,0.0,10000
SEP_p,max,4,3.2989877718762846,0.0,0,39,0.0,0.0,10000
SEP_p,max,4,3.2989877718762846,0.0,0,40,0.0,0.0,10000
SEP_p,max,4,3.2989877718762846,0.0,0,41,0.0,0.0,10000
SEP_p,max,4,3.2989877718762846,0.0,0,42,0.0,0.0,10000
SEP_p,max,4,3.2989877718762846,0.0,0,43,0.0,0.0,10000
SEP_p,max,4,3.2989877718762846,0.0,0,44,0.0,0.0,10000
SEP_p,max,4,3.2989877718762846,0.0,0,45,0.0,0.0,10000
SEP_p,max,4,3.2989877718762846,0.0,0,46,0.0,0.0,10000
SEP_p,max,4,3.2989877718762846,0.0,0,47,0.0,0.0,10000
SEP_p,max,4,3.2989877718762846,0.0,0,48,0.0,0.0,10000
SEP_p,max,4,3.2989877718762846,0.0,0,49,0.0,0.0,10000
SEP_p,max,4,3.2989877718762846,0.0,0,50,0.0,0.0,10000
SEP_p,max,4,3.2989877718762846,0.0,0,51,0.0,0.0,10000
SEP_p,max,4,3.2989877718762846,0.0,0,52,0.0,0.0,10000
SEP_p,max,4,3.2989877718762846,0.0,0,53,0.0,0.0,10000
SEP_p,max,4,3.2989877718762846,0.0,0,54,0.0,0.0,10000
SEP_p,max,4,3.2989877718762846,0.0,0,55,0.0,0.0,10000
SEP_p,max,4,3.2989877718762846,0.0,0,56,0.0,0.0,10000
SEP_p,max,4,3.2989877718762846,0.0,0,57,0.0,0.0,10000
SEP_p,max,4,3.2989877718762846,0.0,0,58,0.0,0.0,10000
SEP_p,max,4,3.2989877718762846,0.0,0,59,0.0,0.0,10000
SEP_p,max,4,3.2989877718762846,0.0,0,60,0.0,0.0,10000
SEP_p,max,4,3.2989877718762846,0.0,0,61,0.0,0.0,10000
SEP_p,max,4,3.2989877718762846,0.0,0,62,0.0,0.0,10000
SEP_p,max,4,3.2989877718762846,0.0,0,63,0.0,0.0,10000
SEP_p,max,4,3.2989877718762846,0.0,0,64,0.0,0.0,10000
SEP_p,max,4,3.2989877718762846,0.0,0,65,0.0,0.0,10000
SEP_p,max,4,3.2989877718762846,0.0,0,66,0.0,0.0,10000
SEP_p,max,4,3.2989877718762846,0.0,0,67,0.0,0.0,10000
SEP_p,max,4,3.2989877718762846,0.0,0,68,0.0,0.0,10000
SEP_p,max,4,3.2989877718762846,0.0,0,69,0.0,0.0,10000
SEP_p,max,4,3.2989877718762846,0.0,0,70,0.0,0.0,10000
SEP_p,max,4,3.2989877718762846,0.0,0,71,0.0,0.0,10000
SEP_p,max,4,3.2989877718762846,0.0,0,72,0.0,0.0,10000
SEP_p,max,4,3.2989877718762846,0.0,0,73,0.0,0.0,10000
SEP_p,max,4,3.2989877718762846,0.0,0,74,0.0,0.0,10000
SEP_p,max,4,3.2989877718762846,0.0,0,75,0.0,0.0,10000
SEP_p,max,4,3.2989877718762846,0.0,0,76,0.0,0.0,10000
SEP_p,max,4,3.2989877718762846,0.0,0,77,0.0,0.0,10000
SEP_p,max,4,3.2989877718762846,0.0,0,78,0.0,0.0,10000
SEP_p,max,4,3.2989877718762846,0.0,0,79,0.0,0.0,10000
SEP_p,max,4,3.2989877718762846,0.0,0,80,0.0,0.0,10000
SEP_p,max,4,3.2989877718762846,0.0,0,81,0.0,0.0,10000
SEP_p,max,4,3.2989877718762846,0.0,0,82,0.0,0.0,10000
SEP_p,max,4,3.2989877718762846,0.0,0,83,0.0,0.0,10000
SEP_p,max,4,3.2989877718762846,0.0,0,84,0.0,0.0,10000
SEP_p,max,4,3.2989877718762846,0.0,0,85,0.0,0.0,10000
SEP_p,max,4,3.2989877718762846,0.0,0,86,0.0,0.0,10000
SEP_p,max,4,3.2989877718762846,0.0,0,87,0.0,0.0,10000
SEP_p,max,4,3.2989877718762846,0.0,0,88,0.0,0.0,10000
SEP_p,max,4,3.2989877718762846,0.0,0,89,0.0,0.0,10000
SEP_p,max,4,3.2989877718762846,0.0,0,90,0.0,0.0,10000
SEP_p,max,4,3.2989877718762846,0.0,0,91,0.0,0.0,10000
SEP_p,max,4,3.2989877718762846,0.0,0,92,0.0,0.0,10000
SEP_p,max,4,3.2989877718762846,0.0,0,93,0.0,0.0,10000
SEP_p,max,4,3.2989877718762846,0.0,0,94,0.0,0.0,10000
SEP_p,max,4,3.2989877718762846,0.0,0,95,0.0,0.0,10000
SEP_p,max,4,3.2989877718762846,0.0,0,96,0.0,0.0,10000
SEP_p,max,4,3.2989877718762846,0.0,0,97,0.0,0.0,10000
SEP_p,max,4,3.2989877718762846,0.0,0,98,0.0,0.0,10000
SEP_p,max,4,3.2989877718762846,0.0,0,99,0.0,0.0,10000
SEP_p,max,4,3.2989877718762846,0.0,0,100,0.0,0.0,10000
SEP_p,max,4,3.2989877718762846,0.0,0,101,0.0,0.0,10000
SEP_p,max,4,3.2989877718762846,0.0,0,102,0.0,0.0,10000
SEP_p,max,4,3.2989877718762846,0.0,0,103,0.0,0.0,10000
SEP_p,max,4,3.2989877718762846,0.0,0,104,0.0,0.0,10000
SEP_p,max,4,3.2989877718762846,0.0,0,105,0.0,0.0,10000
SEP_p,max,4,3.2989877718762846,0.0,0,106,0.0,0.0,10000
SEP_p,max,4,3.2989877718762846,0.0,0,107,0.0,0.0,10000
SEP_p,max,4,3.2989877718762846,0.0,0,108,0.0,0.0,10000
SEP_p,max,4,3.2989877718762846,0.0,0,109,0.0,0.0,10000
SEP_p,max,4,3.2989877718762846,0.0,0,110,0.0,0.0,10000
SEP_p,max,4,3.2989877718762846,0.0,0,111,0.0,0.0,10000
SEP_p,max,4,3.2989877718762846,0.0,0,112,0.0,0.0,10000
SEP_p,max,4,3.2989877718762846,0.0,0,113,0.0,0.0,10000
SEP_p,max,4,3.2989877718762846,0.0,0,114,0.0,0.0,10000
SEP_p,max,4,3.2989877718762846,0.0,0,115,0.0,0.0,10000
SEP_p,max,4,3.2989877718762846,0.0,0,116,0.0,0.0,10000
SEP_p,max,4,3.2989877718762846,0.0,0,117,0.0,0.0,10000
SEP_p,max,4,3.2989877718762846,0.0,0,118,0.0,0.0,10000
SEP_p,max,4,3.2989877718762846,0.0,0,119,0.0,0.0,10000
SEP_p,max,4,3.2989877718762846,0.0,0,120,0.0,0.0,10000
SEP_p,max,4,3.2989877718762846,0.0,0,121,0.0,0.0,10000
SEP_p,max,4,3.2989877718762846,0.0,0,122,0.0,0.0,10000
SEP_p,max,4,3.2989877718762846,0.0,0,123,0.0,0.0,10000
SEP_p,max,4,3.2989877718762846,0.0,0,124,0.0,0.0,10000
SEP_p,max,4,3.2989877718762846,0.0,0,125,0.0,0.0,10000
SEP_p,max,4,3.2989877718762846,0.0,0,126,0.0,0.0,10000
SEP_p,max,4,3.2989877718762846,0.0,0,127,0.0,0.0,10000
SEP_p,max,4,3.2989877718762846,0.0,0,128,0.0,0.0,10000
SEP_p,max,4,3.2989877718762846,0.0,0,129,0.0,0.0,10000
SEP_p,max,4,3.2989877718762846,0.0,0,130,0.0,0.0,10000
SEP_p,max,4,3.2989877718762846,0.0,0,131,0.0,0.0,10000
SEP_p,max,4,3.2989877718762846,0.0,0,132,0.0,0.0,10000
SEP_p,max,4,3.2989877718762846,0.0,0,133,0.0,0.0,10000
SEP_p,max,4,3.2989877718762846,0.0,0,134,0.0,0.0,10000
SEP_p,max,4,3.2989877718762846,0.0,0,135,0.0,0.0,10000
SEP_p,max,4,3.2989877718762846,0.0,0,136,0.0,0.0,10000
SEP_p,max,4,3.2989877718762846,0.0,0,137,0.0,0.0,10000
SEP_p,max,4,3.2989877718762846,0.0,0,138,0.0,0.0,10000
SEP_p,max,4,3.2989877718762846,0.0,0,139,0.0,0.0,10000
SEP_p,max,4,3.2989877718762846,0.0,0,140,0.0,0.0,10000
SEP_p,max,4,3.2989877718762846,0.0,0,141,0.0,0.0,10000
SEP_p,max,5,11.967980216586083,0.0,0,0,0.0,0.0,10000
SEP_p,max,5,11.967980216586083,0.0,0,1,0.0,0.0,10000
SEP_p,max,5,11.967980216586083,0.0,0,2,0.0,0.0,10000
SEP_p,max,5,11.967980216586083,0.0,0,3,0.0,0.0,10000
SEP_p,max,5,11.967980216586083,0.0,0,4,0.0,0.0,10000
SEP_p,max,5,11.967980216586083,0.0,0,5,0.0,0.0,10000
SEP_p,max,5,11.967980216586083,0.0,0,6,0.0,0.0,10000
SEP_p,max,5,11.967980216586083,0.0,0,7,0.0,0.0,10000
SEP_p,max,5,11.967980216586083,0.0,0,8,0.0,0.0,10000
SEP_p,max,5,11.967980216586083,0.0,0,9,0.0,0.0,10000
SEP_p,max,5,11.967980216586083,0.0,0,10,0.0,0.0,10000
SEP_p,max,5,11.967980216586083,0.0,0,11,0.0,0.0,10000
SEP_p,max,5,11.967980216586083,0.0,0,12,0.0,0.0,10000
SEP_p,max,5,11.967980216586083,0.0,0,13,0.0,0.0,10000
SEP_p,max,5,11.967980216586083,0.0,0,14,0.0,0.0,10000
SEP_p,max,5,11.967980216586083,0.0,0,15,0.0,0.0,10000
SEP_p,max,5,11.967980216586083,0.0,0,16,0.0,0.0,10000
SEP_p,max,5,11.967980216586083,0.0,0,17,0.0,0.0,10000
SEP_p,max,5,11.967980216586083,0.0,0,18,0.0,0.0,10000
SEP_p,max,5,11.967980216586083,0.0,0,19,0.0,0.0,10000
SEP_p,max,5,11.967980216586083,0.0,0,20,0.0,0.0,10000
SEP_p,max,5,11.967980216586083,0.0,0,21,0.0,0.0,10000
SEP_p,max,5,11.967980216586083,0.0,0,22,0.0,0.0,10000
SEP_p,max,5,11.967980216586083,0.0,0,23,0.0,0.0,10000
SEP_p,max,5,11.967980216586083,0.0,0,24,0.0,0.0,10000
SEP_p,max,5,11.967980216586083,0.0,0,25,0.0,0.0,10000
SEP_p,max,5,11.967980216586083,0.0,0,26,0.0,0.0,10000
SEP_p,max,5,11.967980216586083,0.0,0,27,0.0,0.0,10000
SEP_p,max,5,11.967980216586083,0.0,0,28,0.0,0.0,10000
SEP_p,max,5,11.967980216586083,0.0,0,29,0.0,0.0,10000
SEP_p,max,5,11.967980216586083,0.0,0,30,0.0,0.0,10000
SEP_p,max,5,11.967980216586083,0.0,0,31,0.0,0.0,10000
SEP_p,max,5,11.967980216586083,0.0,0,32,0.0,0.0,10000
SEP_p,max,5,11.967980216586083,0.0,0,33,0.0,0.0,10000
SEP_p,max,5,11.967980216586083,0.0,0,34,0.0,0.0,10000
SEP_p,max,5,11.967980216586083,0.0,0,35,0.0,0.0,10000
SEP_p,max,5,11.967980216586083,0.0,0,36,0.0,0.0,10000
SEP_p,max,5,11.967980216586083,0.0,0,37,0.0,0.0,10000
SEP_p,max,5,11.967980216586083,0.0,0,38,0.0,0.0,10000
SEP_p,max,5,11.967980216586083,0.0,0,39,0.0,0.0,10000
SEP_p,max,5,11.967980216586083,0.0,0,40,0.0,0.0,10000
SEP_p,max,5,11.967980216586083,0.0,0,41,0.0,0.0,10000
SEP_p,max,5,11.967980216586083,0.0,0,42,0.0,0.0,10000
SEP_p,max,5,11.967980216586083,0.0,0,43,0.0,0.0,10000
SEP_p,max,5,11.967980216586083,0.0,0,44,0.0,0.0,10000
SEP_p,max,5,11.967980216586083,0.0,0,45,0.0,0.0,10000
SEP_p,max,5,11.967980216586083,0.0,0,46,0.0,0.0,10000
SEP_p,max,5,11.967980216586083,0.0,0,47,0.0,0.0,10000
SEP_p,max,5,11.967980216586083,0.0,0,48,0.0,0.0,10000
SEP_p,max,5,11.967980216586083,0.0,0,49,0.0,0.0,10000
SEP_p,max,5,11.967980216586083,0.0,0,50,0.0,0.0,10000
SEP_p,max,5,11.967980216586083,0.0,0,51,0.0,0.0,10000
SEP_p,max,5,11.967980216586083,0.0,0,52,0.0,0.0,10000
SEP_p,max,5,11.967980216586083,0.0,0,53,0.0,0.0,10000
SEP_p,max,5,11.967980216586083,0.0,0,54,0.0,0.0,10000
SEP_p,max,5,11.967980216586083,0.0,0,55,0.0,0.0,10000
SEP_p,max,5,11.967980216586083,0.0,0,56,0.0,0.0,10000
SEP_p,max,5,11.967980216586083,0.0,0,57,0.0,0.0,10000
SEP_p,max,5,11.967980216586083,0.0,0,58,0.0,0.0,10000
SEP_p,max,5,11.967980216586083,0.0,0,59,0.0,0.0,10000
SEP_p,max,5,11.967980216586083,0.0,0,60,0.0,0.0,10000
SEP_p,max,5,11.967980216586083,0.0,0,61,0.0,0.0,10000
SEP_p,max,5,11.967980216586083,0.0,0,62,0.0,0.0,10000
SEP_p,max,5,11.967980216586083,0.0,0,63,0.0,0.0,10000
SEP_p,max,5,11.967980216586083,0.0,0,64,0.0,0.0,10000
SEP_p,max,5,11.967980216586083,0.0,0,65,0.0,0.0,10000
SEP_p,max,5,11.967980216586083,0.0,0,66,0.0,0.0,10000
SEP_p,max,5,11.967980216586083,0.0,0,67,0.0,0.0,10000
SEP_p,max,5,11.967980216586083,0.0,0,68,0.0,0.0,10000
SEP_p,max,5,11.967980216586083,0.0,0,69,0.0,0.0,10000
SEP_p,max,5,11.967980216586083,0.0,0,70,0.0,0.0,10000
SEP_p,max,5,11.967980216586083,0.0,0,71,0.0,0.0,10000
SEP_p,max,5,11.967980216586083,0.0,0,72,0.0,0.0,10000
SEP_p,max,5,11.967980216586083,0.0,0,73,0.0,0.0,10000
SEP_p,max,5,11.967980216586083,0.0,0,74,0.0,0.0,10000
SEP_p,max,5,11.967980216586083,0.0,0,75,0.0,0.0,10000
SEP_p,max,5,11.967980216586083,0.0,0,76,0.0,0.0,10000
SEP_p,max,5,11.967980216586083,0.0,0,77,0.0,0.0,10000
SEP_p,max,5,11.967980216586083,0.0,0,78,0.0,0.0,10000
SEP_p,max,5,11.967980216586083,0.0,0,79,0.0,0.0,10000
SEP_p,max,5,11.967980216586083,0.0,0,80,0.0,0.0,10000
SEP_p,max,5,11.967980216586083,0.0,0,81,0.0,0.0,10000
SEP_p,max,5,11.967980216586083,0.0,0,82,0.0,0.0,10000
SEP_p,max,5,11.967980216586083,0.0,0,83,0.0,0.0,10000
SEP_p,max,5,11.967980216586083,0.0,0,84,0.0,0.0,10000
SEP_p,max,5,11.967980216586083,0.0,0,85,0.0,0.0,10000
SEP_p,max,5,11.967980216586083,0.0,0,86,0.0,0.0,10000
SEP_p,max,5,11.967980216586083,0.0,0,87,0.0,0.0,10000
SEP_p,max,5,11.967980216586083,0.0,0,88,0.0,0.0,10000
SEP_p,max,5,11.967980216586083,0.0,0,89,0.0,0.0,10000
SEP_p,max,5,11.967980216586083,0.0,0,90,0.0,0.0,10000
SEP_p,max,5,11.967980216586083,0.0,0,91,0.0,0.0,10000
SEP_p,max,5,11.967980216586083,0.0,0,92,0.0,0.0,10000
SEP_p,max,5,11.967980216586083,0.0,0,93,0.0,0.0,10000
SEP_p,max,5,11.967980216586083,0.0,0,94,0.0,0.0,10000
SEP_p,max,5,11.967980216586083,0.0,0,95,0.0,0.0,10000
SEP_p,max,5,11.967980216586083,0.0,0,96,0.0,0.0,10000
SEP_p,max,5,11.967980216586083,0.0,0,97,0.0,0.0,10000
SEP_p,max,5,11.967980216586083,0.0,0,98,0.0,0.0,10000
SEP_p,max,5,11.967980216586083,0.0,0,99,0.0,0.0,10000
SEP_p,max,5,11.967980216586083,0.0,0,100,0.0,0.0,10000
SEP_p,max,5,11.967980216586083,0.0,0,101,0.0,0.0,10000
SEP_p,max,5,11.967980216586083,0.0,0,102,0.0,0.0,10000
SEP_p,max,5,11.967980216586083,0.0,0,103,0.0,0.0,10000
SEP_p,max,5,11.967980216586083,0.0,0,104,0.0,0.0,10000
SEP_p,max,5,11.967980216586083,0.0,0,105,0.0,0.0,10000
SEP_p,max,5,11.967980216586083,0.0,0,106,0.0,0.0,10000
SEP_p,max,5,11.967980216586083,0.0,0,107,0.0,0.0,10000
SEP_p,max,5,11.967980216586083,0.0,0,108,0.0,0.0,10000
SEP_p,max,5,11.967980216586083,0.0,0,109,0.0,0.0,10000
SEP_p,max,5,11.967980216586083,0.0,0,110,0.0,0.0,10000
SEP_p,max,5,11.967980216586083,0.0,0,111,0.0,0.0,10000
SEP_p,max,5,11.967980216586083,0.0,0,112,0.0,0.0,10000
SEP_p,max,5,11.967980216586083,0.0,0,113,0.0,0.0,10000
SEP_p,max,5,11.967980216586083,0.0,0,114,0.0,0.0,10000
SEP_p,max,5,11.967980216586083,0.0,0,115,0.0,0.0,10000
SEP_p,max,5,11.967980216586083,0.0,0,116,0.0,0.0,10000
SEP_p,max,5,11.967980216586083,0.0,0,117,0.0,0.0,10000
SEP_p,max,5,11.967980216586083,0.0,0,118,0.0,0.0,10000
SEP_p,max,5,11.967980216586083,0.0,0,119,0.0,0.0,10000
SEP_p,max,5,11.967980216586083,0.0,0,120,0.0,0.0,10000
SEP_p,max,5,11.967980216586083,0.0,0,121,0.0,0.0,10000
SEP_p,max,5,11.967980216586083,0.0,0,122,0.0,0.0,10000
SEP_p,max,5,11.967980216586083,0.0,0,123,0.0,0.0,10000
SEP_p,max,5,11.967980216586083,0.0,0,124,0.0,0.0,10000
SEP_p,max,5,11.967980216586083,0.0,0,125,0.0,0.0,10000
SEP_p,max,5,11.967980216586083,0.0,0,126,0.0,0.0,10000
SEP_p,max,5,11.967980216586083,0.0,0,127,0.0,0.0,10000
SEP_p,max,5,11.967980216586083,0.0,0,128,0.0,0.0,10000
SEP_p,max,5,11.967980216586083,0.0,0,129,0.0,0.0,10000
SEP_p,max,5,11.967980216586083,0.0,0,130,0.0,0.0,10000
SEP_p,max,5,11.967980216586083,0.0,0,131,0.0,0.0,10000
SEP_p,max,5,11.967980216586083,0.0,0,132,0.0,0.0,10000
SEP_p,max,5,11.967980216586083,0.0,0,133,0.0,0.0,10000
SEP_p,max,5,11.967980216586083,0.0,0,134,0.0,0.0,10000
SEP_p,max,5,11.967980216586083,0.0,0,135,0.0,0.0,10000
SEP_p,max,5,11.967980216586083,0.0,0,136,0.0,0.0,10000
SEP_p,max,5,11.967980216586083,0.0,0,137,0.0,0.0,10000
SEP_p,max,5,11.967980216586083,0.0,0,138,0.0,0.0,10000
SEP_p,max,5,11.967980216586083,0.0,0,139,0.0,0.0,10000
SEP_p,max,5,11.967980216586083,0.0,0,140,0.0,0.0,10000
SEP_p,max,5,11.967980216586083,0.0,0,141,0.0,0.0,10000
GCR_H,min,0,17.78279410038923,0.0,0,0,0.0,0.0,10000
GCR_H,min,0,17.78279410038923,0.0,0,1,0.0,0.0,10000
GCR_H,min,0,17.78279410038923,0.0,0,2,0.0,0.0,10000
GCR_H,min,0,17.78279410038923,0.0,0,3,0.0,0.0,10000
GCR_H,min,0,17.78279410038923,0.0,0,4,0.0,0.0,10000
GCR_H,min,0,17.78279410038923,0.0,0,5,0.0,0.0,10000
GCR_H,min,0,17.78279410038923,0.0,0,6,0.0,0.0,10000
GCR_H,min,0,17.78279410038923,0.0,0,7,0.0,0.0,10000
GCR_H,min,0,17.78279410038923,0.0,0,8,0.0,0.0,10000
GCR_H,min,0,17.78279410038923,0.0,0,9,0.0,0.0,10000
GCR_H,min,0,17.78279410038923,0.0,0,10,0.0,0.0,10000
GCR_H,min,0,17.78279410038923,0.0,0,11,0.0,0.0,10000
GCR_H,min,0,17.78279410038923,0.0,0,12,0.0,0.0,10000
GCR_H,min,0,17.78279410038923,0.0,0,13,0.0,0.0,10000
GCR_H,min,0,17.78279410038923,0.0,0,14,0.0,0.0,10000
GCR_H,min,0,17.78279410038923,0.0,0,15,0.0,0.0,10000
GCR_H,min,0,17.78279410038923,0.0,0,16,0.0,0.0,10000
GCR_H,min,0,17.78279410038923,0.0,0,17,0.0,0.0,10000
GCR_H,min,0,17.78279410038923,0.0,0,18,0.0,0.0,10000
GCR_H,min,0,17.78279410038923,0.0,0,19,0.0,0.0,10000
GCR_H,min,0,17.78279410038923,0.0,0,20,0.0,0.0,10000
GCR_H,min,0,17.78279410038923,0.0,0,21,0.0,0.0,10000
GCR_H,min,0,17.78279410038923,0.0,0,22,0.0,0.0,10000
GCR_H,min,0,17.78279410038923,0.0,0,23,0.0,0.0,10000
GCR_H,min,0,17.78279410038923,0.0,0,24,0.0,0.0,10000
GCR_H,min,0,17.78279410038923,0.0,0,25,0.0,0.0,10000
GCR_H,min,0,17.78279410038923,0.0,0,26,0.0,0.0,10000
GCR_H,min,0,17.78279410038923,0.0,0,27,0.0,0.0,10000
GCR_H,min,0,17.78279410038923,0.0,0,28,0.0,0.0,10000
GCR_H,min,0,17.78279410038923,0.0,0,29,0.0,0.0,10000
GCR_H,min,0,17.78279410038923,0.0,0,30,0.0,0.0,10000
GCR_H,min,0,17.78279410038923,0.0,0,31,0.0,0.0,10000
GCR_H,min,0,17.78279410038923,0.0,0,32,0.0,0.0,10000
GCR_H,min,0,17.78279410038923,0.0,0,33,0.0,0.0,10000
GCR_H,min,0,17.78279410038923,0.0,0,34,0.0,0.0,10000
GCR_H,min,0,17.78279410038923,0.0,0,35,0.0,0.0,10000
GCR_H,min,0,17.78279410038923,0.0,0,36,0.0,0.0,10000
GCR_H,min,0,17.78279410038923,0.0,0,37,0.0,0.0,10000
GCR_H,min,0,17.78279410038923,0.0,0,38,0.0,0.0,10000
GCR_H,min,0,17.78279410038923,0.0,0,39,0.0,0.0,10000
GCR_H,min,0,17.78279410038923,0.0,0,40,0.0,0.0,10000
GCR_H,min,0,17.78279410038923,0.0,0,41,0.0,0.0,10000
GCR_H,min,0,17.78279410038923,0.0,0,42,0.0,0.0,10000
GCR_H,min,0,17.78279410038923,0.0,0,43,0.0,0.0,10000
GCR_H,min,0,17.78279410038923,0.0,0,44,0.0,0.0,10000
GCR_H,min,0,17.78279410038923,0.0,0,45,0.0,0.0,10000
GCR_H,min,0,17.78279410038923,0.0,0,46,0.0,0.0,10000
GCR_H,min,0,17.78279410038923,0.0,0,47,0.0,0.0,10000
GCR_H,min,0,17.78279410038923,0.0,0,48,0.0,0.0,10000
GCR_H,min,0,17.78279410038923,0.0,0,49,0.0,0.0,10000
GCR_H,min,0,17.78279410038923,0.0,0,50,0.0,0.0,10000
GCR_H,min,0,17.78279410038923,0.0,0,51,0.0,0.0,10000
GCR_H,min,0,17.78279410038923,0.0,0,52,0.0,0.0,10000
GCR_H,min,0,17.78279410038923,0.0,0,53,0.0,0.0,10000
GCR_H,min,0,17.78279410038923,0.0,0,54,0.0,0.0,10000
GCR_H,min,0,17.78279410038923,0.0,0,55,0.0,0.0,10000
GCR_H,min,0,17.78279410038923,0.0,0,56,0.0,0.0,10000
GCR_H,min,0,17.78279410038923,0.0,0,57,0.0,0.0,10000
GCR_H,min,0,17.78279410038923,0.0,0,58,0.0,0.0,10000
GCR_H,min,0,17.78279410038923,0.0,0,59,0.0,0.0,10000
GCR_H,min,0,17.78279410038923,0.0,0,60,0.0,0.0,10000
GCR_H,min,0,17.78279410038923,0.0,0,61,0.0,0.0,10000
GCR_H,min,0,17.78279410038923,0.0,0,62,0.0,0.0,10000
GCR_H,min,0,17.78279410038923,0.0,0,63,0.0,0.0,10000
GCR_H,min,0,17.78279410038923,0.0,0,64,0.0,0.0,10000
GCR_H,min,0,17.78279410038923,0.0,0,65,0.0,0.0,10000
GCR_H,min,0,17.78279410038923,0.0,0,66,0.0,0.0,10000
GCR_H,min,0,17.78279410038923,0.0,0,67,0.0,0.0,10000
GCR_H,min,0,17.78279410038923,0.0,0,68,0.0,0.0,10000
GCR_H,min,0,17.78279410038923,0.0,0,69,0.0,0.0,10000
GCR_H,min,0,17.78279410038923,0.0,0,70,0.0,0.0,10000
GCR_H,min,0,17.78279410038923,0.0,0,71,0.0,0.0,10000
GCR_H,min,0,17.78279410038923,0.0,0,72,0.0,0.0,10000
GCR_H,min,0,17.78279410038923,0.0,0,73,0.0,0.0,10000
GCR_H,min,0,17.78279410038923,0.0,0,74,0.0,0.0,10000
GCR_H,min,0,17.78279410038923,0.0,0,75,0.0,0.0,10000
GCR_H,min,0,17.78279410038923,0.0,0,76,0.0,0.0,10000
GCR_H,min,0,17.78279410038923,0.0,0,77,0.0,0.0,10000
GCR_H,min,0,17.78279410038923,0.0,0,78,0.0,0.0,10000
GCR_H,min,0,17.78279410038923,0.0,0,79,0.0,0.0,10000
GCR_H,min,0,17.78279410038923,0.0,0,80,0.0,0.0,10000
GCR_H,min,0,17.78279410038923,0.0,0,81,0.0,0.0,10000
GCR_H,min,0,17.78279410038923,0.0,0,82,0.0,0.0,10000
GCR_H,min,0,17.78279410038923,0.0,0,83,0.0,0.0,10000
GCR_H,min,0,17.78279410038923,0.0,0,84,0.0,0.0,10000
GCR_H,min,0,17.78279410038923,0.0,0,85,0.0,0.0,10000
GCR_H,min,0,17.78279410038923,0.0,0,86,0.0,0.0,10000
GCR_H,min,0,17.78279410038923,0.0,0,87,0.0,0.0,10000
GCR_H,min,0,17.78279410038923,0.0,0,88,0.0,0.0,10000
GCR_H,min,0,17.78279410038923,0.0,0,89,0.0,0.0,10000
GCR_H,min,0,17.78279410038923,0.0,0,90,0.0,0.0,10000
GCR_H,min,0,17.78279410038923,0.0,0,91,0.0,0.0,10000
GCR_H,min,0,17.78279410038923,0.0,0,92,0.0,0.0,10000
GCR_H,min,0,17.78279410038923,0.0,0,93,0.0,0.0,10000
GCR_H,min,0,17.78279410038923,0.0,0,94,0.0,0.0,10000
GCR_H,min,0,17.78279410038923,0.0,0,95,0.0,0.0,10000
GCR_H,min,0,17.78279410038923,0.0,0,96,0.0,0.0,10000
GCR_H,min,0,17.78279410038923,0.0,0,97,0.0,0.0,10000
GCR_H,min,0,17.78279410038923,0.0,0,98,0.0,0.0,10000
GCR_H,min,0,17.78279410038923,0.0,0,99,0.0,0.0,10000
GCR_H,min,0,17.78279410038923,0.0,0,100,0.0,0.0,10000
GCR_H,min,0,17.78279410038923,0.0,0,101,0.0,0.0,10000
GCR_H,min,0,17.78279410038923,0.0,0,102,0.0,0.0,10000
GCR_H,min,0,17.78279410038923,0.0,0,103,0.0,0.0,10000
GCR_H,min,0,17.78279410038923,0.0,0,104,0.0,0.0,10000
GCR_H,min,0,17.78279410038923,0.0,0,105,0.0,0.0,10000
GCR_H,min,0,17.78279410038923,0.0,0,106,0.0,0.0,10000
GCR_H,min,0,17.78279410038923,0.0,0,107,0.0,0.0,10000
GCR_H,min,0,17.78279410038923,0.0,0,108,0.0,0.0,10000
GCR_H,min,0,17.78279410038923,0.0,0,109,0.0,0.0,10000
GCR_H,min,0,17.78279410038923,0.0,0,110,0.0,0.0,10000
GCR_H,min,0,17.78279410038923,0.0,0,111,0.0,0.0,10000
GCR_H,min,0,17.78279410038923,0.0,0,112,0.0,0.0,10000
GCR_H,min,0,17.78279410038923,0.0,0,113,0.0,0.0,10000
GCR_H,min,0,17.78279410038923,0.0,0,114,0.0,0.0,10000
GCR_H,min,0,17.78279410038923,0.0,0,115,0.0,0.0,10000
GCR_H,min,0,17.78279410038923,0.0,0,116,0.0,0.0,10000
GCR_H,min,0,17.78279410038923,0.0,0,117,0.0,0.0,10000
GCR_H,min,0,17.78279410038923,0.0,0,118,0.0,0.0,10000
GCR_H,min,0,17.78279410038923,0.0,0,119,0.0,0.0,10000
GCR_H,min,0,17.78279410038923,0.0,0,120,0.0,0.0,10000
GCR_H,min,0,17.78279410038923,0.0,0,121,0.0,0.0,10000
GCR_H,min,0,17.78279410038923,0.0,0,122,0.0,0.0,10000
GCR_H,min,0,17.78279410038923,0.0,0,123,0.0,0.0,10000
GCR_H,min,0,17.78279410038923,0.0,0,124,0.0,0.0,10000
GCR_H,min,0,17.78279410038923,0.0,0,125,0.0,0.0,10000
GCR_H,min,0,17.78279410038923,0.0,0,126,0.0,0.0,10000
GCR_H,min,0,17.78279410038923,0.0,0,127,0.0,0.0,10000
GCR_H,min,0,17.78279410038923,0.0,0,128,0.0,0.0,10000
GCR_H,min,0,17.78279410038923,0.0,0,129,0.0,0.0,10000
GCR_H,min,0,17.78279410038923,0.0,0,130,0.0,0.0,10000
GCR_H,min,0,17.78279410038923,0.0,0,131,0.0,0.0,10000
GCR_H,min,0,17.78279410038923,0.0,0,132,0.0,0.0,10000
GCR_H,min,0,17.78279410038923,0.0,0,133,0.0,0.0,10000
GCR_H,min,0,17.78279410038923,0.0,0,134,0.0,0.0,10000
GCR_H,min,0,17.78279410038923,0.0,0,135,0.0,0.0,10000
GCR_H,min,0,17.78279410038923,0.0,0,136,0.0,0.0,10000
GCR_H,min,0,17.78279410038923,0.0,0,137,0.0,0.0,10000
GCR_H,min,0,17.78279410038923,0.0,0,138,0.0,0.0,10000
GCR_H,min,0,17.78279410038923,0.0,0,139,0.0,0.0,10000
GCR_H,min,0,17.78279410038923,0.0,0,140,0.0,0.0,10000
GCR_H,min,0,17.78279410038923,0.0,0,141,0.0,0.0,10000
GCR_He,min,6,17782.79410038923,0.0,1,0,1.4683e-09,0.0,10000
GCR_He,min,6,17782.79410038923,0.0,1,1,6.95644e-11,9.93777e-09,10000
GCR_He,min,6,17782.79410038923,0.0,1,2,9.09944e-11,1.29992e-08,10000
GCR_He,min,6,17782.79410038923,0.0,1,3,2.84727e-11,2.58138e-09,10000
GCR_He,min,6,17782.79410038923,0.0,1,4,1.20368e-10,4.23681e-09,10000
GCR_He,min,6,17782.79410038923,0.0,1,5,1.46518e-10,4.76793e-09,10000
GCR_He,min,6,17782.79410038923,0.0,1,6,1.62153e-11,3.17948e-09,10000
GCR_He,min,6,17782.79410038923,0.0,1,7,4.73161e-11,4.72689e-09,10000
GCR_He,min,6,17782.79410038923,0.0,1,8,4.3552e-10,6.56794e-09,10000
GCR_He,min,6,17782.79410038923,0.0,1,9,1.68682e-12,1.98449e-09,10000
GCR_He,min,6,17782.79410038923,0.0,1,10,5.46741e-09,2.01059e-08,10000
GCR_He,min,6,17782.79410038923,0.0,1,11,1.18117e-10,7.51377e-09,10000
GCR_He,min,6,17782.79410038923,0.0,1,12,8.49735e-10,1.02328e-08,10000
GCR_He,min,6,17782.79410038923,0.0,1,13,4.85047e-10,3.58603e-09,10000
GCR_He,min,6,17782.79410038923,0.0,1,14,6.53314e-10,3.5341e-09,10000
GCR_He,min,6,17782.79410038923,0.0,1,15,1.30702e-10,3.90389e-09,10000
GCR_He,min,6,17782.79410038923,0.0,1,16,7.83729e-10,6.12145e-09,10000
GCR_He,min,6,17782.79410038923,0.0,1,17,4.23673e-10,7.09313e-09,10000
GCR_He,min,6,17782.79410038923,0.0,1,18,1.95014e-10,5.25221e-09,10000
GCR_He,min,6,17782.79410038923,0.0,1,19,3.07841e-09,1.13679e-08,10000
GCR_He,min,6,17782.79410038923,0.0,1,20,2.08467e-09,1.14599e-08,10000
GCR_He,min,6,17782.79410038923,0.0,1,21,3.091e-10,1.36348e-08,10000
GCR_He,min,6,17782.79410038923,0.0,1,22,2.32718e-09,1.29475e-08,10000
GCR_He,min,6,17782.79410038923,0.0,1,23,1.78515e-09,1.27885e-08,10000
GCR_He,min,6,17782.79410038923,0.0,1,24,1.84386e-10,3.85906e-09,10000
GCR_He,min,6,17782.79410038923,0.0,1,25,2.21112e-10,4.16721e-09,10000
GCR_He,min,6,17782.79410038923,0.0,1,26,1.23813e-09,2.19975e-09,10000
GCR_He,min,6,17782.79410038923,0.0,1,27,1.05286e-09,2.33419e-09,10000
GCR_He,min,6,17782.79410038923,0.0,1,28,7.50668e-09,2.86865e-08,10000
GCR_He,min,6,17782.79410038923,0.0,1,29,1.54467e-08,3.27225e-08,10000
GCR_He,min,6,17782.79410038923,0.0,1,30,7.72561e-10,2.99675e-08,10000
GCR_He,min,6,17782.79410038923,0.0,1,31,3.20554e-09,1.08999e-08,10000
GCR_He,min,6,17782.79410038923,0.0,1,32,3.31417e-09,7.55677e-09,10000
GCR_He,min,6,17782.79410038923,0.0,1,33,1.12154e-09,1.38649e-08,10000
GCR_He,min,6,17782.79410038923,0.0,1,34,1.97253e-09,3.7123e-09,10000
GCR_He,min,6,17782.79410038923,0.0,1,35,3.71537e-09,5.09388e-09,10000
GCR_He,min,6,17782.79410038923,0.0,1,36,2.51555e-10,3.1976e-09,10000
GCR_He,min,6,17782.79410038923,0.0,1,37,3.73546e-10,1.60623e-09,10000
GCR_He,min,6,17782.79410038923,0.0,1,38,1.02851e-09,2.0255e-09,10000
GCR_He,min,6,17782.79410038923,0.0,1,39,2.18364e-10,2.86869e-09,10000
GCR_He,min,6,17782.79410038923,0.0,1,40,2.85212e-10,3.85943e-09,10000
GCR_He,min,6,17782.79410038923,0.0,1,41,1.69731e-08,4.25798e-08,10000
GCR_He,min,6,17782.79410038923,0.0,1,42,3.1121e-08,4.56869e-08,10000
GCR_He,min,6,17782.79410038923,0.0,1,43,2.09834e-09,5.74635e-09,10000
GCR_He,min,6,17782.79410038923,0.0,1,44,3.77441e-09,7.25764e-09,10000
GCR_He,min,6,17782.79410038923,0.0,1,45,7.8509e-10,3.55035e-09,10000
GCR_He,min,6,17782.79410038923,0.0,1,46,6.72417e-10,3.49835e-09,10000
GCR_He,min,6,17782.79410038923,0.0,1,47,3.27787e-10,3.18487e-09,10000
GCR_He,min,6,17782.79410038923,0.0,1,48,2.84066e-10,3.86222e-09,10000
GCR_He,min,6,17782.79410038923,0.0,1,49,1.96586e-09,6.85974e-09,10000
GCR_He,min,6,17782.79410038923,0.0,1,50,2.91817e-09,8.70212e-09,10000
GCR_He,min,6,17782.79410038923,0.0,1,51,3.99938e-09,2.14801e-08,10000
GCR_He,min,6,17782.79410038923,0.0,1,52,7.20756e-09,2.38606e-08,10000
GCR_He,min,6,17782.79410038923,0.0,1,53,5.28241e-09,4.83605e-08,10000
GCR_He,min,6,17782.79410038923,0.0,1,54,8.11327e-09,4.67597e-08,10000
GCR_He,min,6,17782.79410038923,0.0,1,55,4.67965e-11,4.7317e-09,10000
GCR_He,min,6,17782.79410038923,0.0,1,56,4.0969e-10,7.27561e-09,10000
GCR_He,min,6,17782.79410038923,0.0,1,57,7.03043e-11,4.40503e-09,10000
GCR_He,min,6,17782.79410038923,0.0,1,58,2.6923e-09,3.03632e-08,10000
GCR_He,min,6,17782.79410038923,0.0,1,59,7.74648e-11,1.31074e-08,10000
GCR_He,min,6,17782.79410038923,0.0,1,60,1.54487e-10,4.44823e-09,10000
GCR_He,min,6,17782.79410038923,0.0,1,61,3.66525e-09,2.52776e-09,10000
GCR_He,min,6,17782.79410038923,0.0,1,62,3.93784e-11,5.25045e-09,10000
GCR_He,min,6,17782.79410038923,0.0,1,63,4.14508e-11,8.30678e-09,10000
GCR_He,min,6,17782.79410038923,0.0,1,64,4.95534e-11,6.60712e-09,10000
GCR_He,min,6,17782.79410038923,0.0,1,65,4.47552e-11,8.96898e-09,10000
GCR_He,min,6,17782.79410038923,0.0,1,66,5.40999e-13,2.84736e-09,10000
GCR_He,min,6,17782.79410038923,0.0,1,67,1.55791e-11,2.13704e-09,10000
GCR_He,min,6,17782.79410038923,0.0,1,68,1.03555e-12,5.45028e-09,10000
GCR_He,min,6,17782.79410038923,0.0,1,69,2.84995e-11,3.88806e-09,10000
GCR_He,min,6,17782.79410038923,0.0,1,70,1.7258e-10,1.2398e-08,10000
GCR_He,min,6,17782.79410038923,0.0,1,71,7.45859e-10,1.37918e-08,10000
GCR_He,min,6,17782.79410038923,0.0,1,72,1.55357e-09,1.03578e-08,10000
GCR_He,min,6,17782.79410038923,0.0,1,73,2.43305e-09,9.73182e-09,10000
GCR_He,min,6,17782.79410038923,0.0,1,74,1.98649e-08,3.05613e-08,10000
GCR_He,min,6,17782.79410038923,0.0,1,75,6.81083e-09,1.94584e-08,10000
GCR_He,min,6,17782.79410038923,0.0,1,76,1.97007e-09,2.18921e-08,10000
GCR_He,min,6,17782.79410038923,0.0,1,77,1.0864e-09,1.97455e-08,10000
GCR_He,min,6,17782.79410038923,0.0,1,78,9.05756e-10,1.50959e-08,10000
GCR_He,min,6,17782.79410038923,0.0,1,79,1.36245e-09,1.43416e-08,10000
GCR_He,min,6,17782.79410038923,0.0,1,80,8.89097e-10,1.48183e-08,10000
GCR_He,min,6,17782.79410038923,0.0,1,81,5.31916e-10,1.32946e-08,10000
GCR_He,min,6,17782.79410038923,0.0,1,82,1.21134e-09,1.34609e-08,10000
GCR_He,min,6,17782.79410038923,0.0,1,83,4.67866e-10,1.33676e-08,10000
GCR_He,min,6,17782.79410038923,0.0,1,84,2.91488e-09,7.28539e-08,10000
GCR_He,min,6,17782.79410038923,0.0,1,85,4.94849e-09,6.60062e-08,10000
GCR_He,min,6,17782.79410038923,0.0,1,86,4.32109e-09,1.44133e-07,10000
GCR_He,min,6,17782.79410038923,0.0,1,87,2.34972e-09,7.12078e-09,10000
GCR_He,min,6,17782.79410038923,0.0,1,88,3.88511e-09,7.61771e-09,10000
GCR_He,min,6,17782.79410038923,0.0,1,89,1.24639e-09,1.16354e-08,10000
GCR_He,min,6,17782.79410038923,0.0,1,90,4.29992e-10,1.12416e-08,10000
GCR_He,min,6,17782.79410038923,0.0,1,91,8.28525e-11,1.08588e-08,10000
GCR_He,min,6,17782.79410038923,0.0,1,92,1.57625e-09,1.434e-08,10000
GCR_He,min,6,17782.79410038923,0.0,1,93,5.64965e-10,1.4394e-08,10000
GCR_He,min,6,17782.79410038923,0.0,1,94,1.20611e-10,1.53254e-08,10000
GCR_He,min,6,17782.79410038923,0.0,1,95,1.87263e-08,1.04035e-08,10000
GCR_He,min,6,17782.79410038923,0.0,1,96,5.16607e-10,6.5385e-09,10000
GCR_He,min,6,17782.79410038923,0.0,1,97,2.78783e-09,5.83545e-09,10000
GCR_He,min,6,17782.79410038923,0.0,1,98,4.50493e-10,6.29708e-09,10000
GCR_He,min,6,17782.79410038923,0.0,1,99,3.67409e-09,6.33377e-09,10000
GCR_He,min,6,17782.79410038923,0.0,1,100,7.68023e-12,3.39833e-09,10000
GCR_He,min,6,17782.79410038923,0.0,1,101,5.04679e-11,7.88562e-09,10000
GCR_He,min,6,17782.79410038923,0.0,1,102,1.82402e-11,3.05019e-09,10000
GCR_He,min,6,17782.79410038923,0.0,1,103,2.84248e-09,2.72268e-08,10000
GCR_He,min,6,17782.79410038923,0.0,1,104,5.90865e-11,7.54617e-09,10000
GCR_He,min,6,17782.79410038923,0.0,1,105,2.50676e-10,2.25834e-08,10000
GCR_He,min,6,17782.79410038923,0.0,1,106,4.1487e-09,3.40669e-09,10000
GCR_He,min,6,17782.79410038923,0.0,1,107,3.78746e-07,2.52382e-08,10000
GCR_He,min,6,17782.79410038923,0.0,1,108,2.57325e-08,9.35549e-09,10000
GCR_He,min,6,17782.79410038923,0.0,1,109,1.43619e-07,1.43261e-08,10000
GCR_He,min,6,17782.79410038923,0.0,1,110,2.84456e-10,7.10962e-09,10000
GCR_He,min,6,17782.79410038923,0.0,1,111,0.0,0.0,10000
GCR_He,min,6,17782.79410038923,0.0,1,112,0.0,0.0,10000
GCR_He,min,6,17782.79410038923,0.0,1,113,1.84576e-09,1.3184e-08,10000
GCR_He,min,6,17782.79410038923,0.0,1,114,1.70227e-12,2.83712e-09,10000
GCR_He,min,6,17782.79410038923,0.0,1,115,1.45532e-09,8.55568e-08,10000
GCR_He,min,6,17782.79410038923,0.0,1,116,3.17294e-09,3.02614e-09,10000
GCR_He,min,6,17782.79410038923,0.0,1,117,3.44519e-07,2.78511e-08,10000
GCR_He,min,6,17782.79410038923,0.0,1,118,1.53263e-08,9.3256e-09,10000
GCR_He,min,6,17782.79410038923,0.0,1,119,8.7707e-08,1.62527e-08,10000
GCR_He,min,6,17782.79410038923,0.0,1,120,1.30292e-10,3.06641e-09,10000
GCR_He,min,6,17782.79410038923,0.0,1,121,1.27305e-10,2.99612e-09,10000
GCR_He,min,6,17782.79410038923,0.0,1,122,7.60734e-10,2.61116e-09,10000
GCR_He,min,6,17782.79410038923,0.0,1,123,2.65514e-08,1.81212e-08,10000
GCR_He,min,6,17782.79410038923,0.0,1,124,5.8732e-09,9.19081e-09,10000
GCR_He,min,6,17782.79410038923,0.0,1,125,1.25874e-08,9.44698e-09,10000
GCR_He,min,6,17782.79410038923,0.0,1,126,3.00132e-10,8.19585e-09,10000
GCR_He,min,6,17782.79410038923,0.0,1,127,1.27246e-09,8.48363e-09,10000
GCR_He,min,6,17782.79410038923,0.0,1,128,1.38161e-10,2.761e-09,10000
GCR_He,min,6,17782.79410038923,0.0,1,129,8.14336e-10,4.65867e-08,10000
GCR_He,min,6,17782.79410038923,0.0,1,130,6.76459e-10,3.86107e-08,10000
GCR_He,min,6,17782.79410038923,0.0,1,131,1.51852e-10,6.07651e-09,10000
GCR_He,min,6,17782.79410038923,0.0,1,132,7.65708e-11,3.83046e-09,10000
GCR_He,min,6,17782.79410038923,0.0,1,133,1.72332e-10,4.07596e-09,10000
GCR_He,min,6,17782.79410038923,0.0,1,134,7.29434e-12,2.42337e-09,10000
GCR_He,min,6,17782.79410038923,0.0,1,135,3.143e-10,3.69331e-08,10000
GCR_He,min,6,17782.79410038923,0.0,1,136,2.85598e-10,3.81306e-08,10000
GCR_He,min,6,17782.79410038923,0.0,1,137,2.85672e-09,5.71229e-08,10000
GCR_He,min,6,17782.79410038923,0.0,1,138,1.09008e-08,5.45041e-08,10000
GCR_He,min,6,17782.79410038923,0.0,1,139,0.0,0.0,10000
GCR_He,min,6,17782.79410038923,0.0,1,140,5.15188e-13,2.57594e-09,10000
GCR_He,min,6,17782.79410038923,0.0,1,141,2.48003e-10,1.60728e-09,10000
GCR_He,min,6,17782.79410038923,0.0,2,0,1.19423e-09,0.0,10000
GCR_He,min,6,17782.79410038923,0.0,2,1,7.72292e-11,1.10327e-08,10000
GCR_He,min,6,17782.79410038923,0.0,2,2,5.53091e-11,7.9013e-09,10000
GCR_He,min,6,17782.79410038923,0.0,2,3,2.14941e-11,1.9487e-09,10000
GCR_He,min,6,17782.79410038923,0.0,2,4,8.38166e-11,2.95025e-09,10000
GCR_He,min,6,17782.79410038923,0.0,2,5,8.50209e-11,2.76671e-09,10000
GCR_He,min,6,17782.79410038923,0.0,2,6,1.36092e-11,2.66847e-09,10000
GCR_He,min,6,17782.79410038923,0.0,2,7,4.70945e-11,4.70475e-09,10000
GCR_He,min,6,17782.79410038923,0.0,2,8,4.14288e-10,6.24775e-09,10000
GCR_He,min,6,17782.79410038923,0.0,2,9,1.36419e-12,1.60493e-09,10000
GCR_He,min,6,17782.79410038923,0.0,2,10,5.39275e-09,1.98314e-08,10000
GCR_He,min,6,17782.79410038923,0.0,2,11,1.38249e-10,8.79445e-09,10000
GCR_He,min,6,17782.79410038923,0.0,2,12,8.84906e-10,1.06564e-08,10000
GCR_He,min,6,17782.79410038923,0.0,2,13,5.72814e-10,4.23491e-09,10000
GCR_He,min,6,17782.79410038923,0.0,2,14,7.30971e-10,3.95419e-09,10000
GCR_He,min,6,17782.79410038923,0.0,2,15,1.55973e-10,4.65869e-09,10000
GCR_He,min,6,17782.79410038923,0.0,2,16,7.173e-10,5.60259e-09,10000
GCR_He,min,6,17782.79410038923,0.0,2,17,4.29842e-10,7.19642e-09,10000
GCR_He,min,6,17782.79410038923,0.0,2,18,1.90009e-10,5.11741e-09,10000
GCR_He,min,6,17782.79410038923,0.0,2,19,2.83214e-09,1.04584e-08,10000
GCR_He,min,6,17782.79410038923,0.0,2,20,2.02106e-09,1.11102e-08,10000
GCR_He,min,6,17782.79410038923,0.0,2,21,2.65927e-10,1.17304e-08,10000
GCR_He,min,6,17782.79410038923,0.0,2,22,2.04942e-09,1.14021e-08,10000
GCR_He,min,6,17782.79410038923,0.0,2,23,1.73964e-09,1.24625e-08,10000
GCR_He,min,6,17782.79410038923,0.0,2,24,2.43646e-10,5.09934e-09,10000
GCR_He,min,6,17782.79410038923,0.0,2,25,2.31606e-10,4.36498e-09,10000
GCR_He,min,6,17782.79410038923,0.0,2,26,1.35909e-09,2.41466e-09,10000
GCR_He,min,6,17782.79410038923,0.0,2,27,1.16782e-09,2.58906e-09,10000
GCR_He,min,6,17782.79410038923,0.0,2,28,7.22266e-09,2.76011e-08,10000
GCR_He,min,6,17782.79410038923,0.0,2,29,1.41921e-08,3.00648e-08,10000
GCR_He,min,6,17782.79410038923,0.0,2,30,8.65225e-10,3.35619e-08,10000
GCR_He,min,6,17782.79410038923,0.0,2,31,3.36529e-09,1.14431e-08,10000
GCR_He,min,6,17782.79410038923,0.0,2,32,3.44949e-09,7.86531e-09,10000
GCR_He,min,6,17782.79410038923,0.0,2,33,1.32336e-09,1.636e-08,10000
GCR_He,min,6,17782.79410038923,0.0,2,34,2.24345e-09,4.22217e-09,10000
GCR_He,min,6,17782.79410038923,0.0,2,35,3.81787e-09,5.2344e-09,10000
GCR_He,min,6,17782.79410038923,0.0,2,36,3.56033e-10,4.52565e-09,10000
GCR_He,min,6,17782.79410038923,0.0,2,37,3.42456e-10,1.47255e-09,10000
GCR_He,min,6,17782.79410038923,0.0,2,38,8.2786e-10,1.63035e-09,10000
GCR_He,min,6,17782.79410038923,0.0,2,39,2.11936e-10,2.78423e-09,10000
GCR_He,min,6,17782.79410038923,0.0,2,40,2.51803e-10,3.40735e-09,10000
GCR_He,min,6,17782.79410038923,0.0,2,41,1.69718e-08,4.25764e-08,10000
GCR_He,min,6,17782.79410038923,0.0,2,42,3.06534e-08,4.50004e-08,10000
GCR_He,min,6,17782.79410038923,0.0,2,43,2.31179e-09,6.33089e-09,10000
GCR_He,min,6,17782.79410038923,0.0,2,44,3.97767e-09,7.64848e-09,10000
GCR_He,min,6,17782.79410038923,0.0,2,45,1.00532e-09,4.54628e-09,10000
GCR_He,min,6,17782.79410038923,0.0,2,46,9.82803e-10,5.11317e-09,10000
GCR_He,min,6,17782.79410038923,0.0,2,47,3.44063e-10,3.34302e-09,10000
GCR_He,min,6,17782.79410038923,0.0,2,48,2.64321e-10,3.59375e-09,10000
GCR_He,min,6,17782.79410038923,0.0,2,49,2.00296e-09,6.98918e-09,10000
GCR_He,min,6,17782.79410038923,0.0,2,50,2.6735e-09,7.9725e-09,10000
GCR_He,min,6,17782.79410038923,0.0,2,51,4.24328e-09,2.27901e-08,10000
GCR_He,min,6,17782.79410038923,0.0,2,52,8.31748e-09,2.75349e-08,10000
GCR_He,min,6,17782.79410038923,0.0,2,53,4.87177e-09,4.4601e-08,10000
GCR_He,min,6,17782.79410038923,0.0,2,54,7.93706e-09,4.57441e-08,10000
GCR_He,min,6,17782.79410038923,0.0,2,55,5.08857e-11,5.14517e-09,10000
GCR_He,min,6,17782.79410038923,0.0,2,56,3.63896e-10,6.46237e-09,10000
GCR_He,min,6,17782.79410038923,0.0,2,57,6.91212e-11,4.3309e-09,10000
GCR_He,min,6,17782.79410038923,0.0,2,58,2.7531e-09,3.10488e-08,10000
GCR_He,min,6,17782.79410038923,0.0,2,59,8.89968e-11,1.50587e-08,10000
GCR_He,min,6,17782.79410038923,0.0,2,60,1.59848e-10,4.6026e-09,10000
GCR_He,min,6,17782.79410038923,0.0,2,61,3.45044e-09,2.37961e-09,10000
GCR_He,min,6,17782.79410038923,0.0,2,62,4.31956e-11,5.75941e-09,10000
GCR_He,min,6,17782.79410038923,0.0,2,63,2.38724e-11,4.78405e-09,10000
GCR_He,min,6,17782.79410038923,0.0,2,64,4.88969e-11,6.51958e-09,10000
GCR_He,min,6,17782.79410038923,0.0,2,65,3.05876e-11,6.12978e-09,10000
GCR_He,min,6,17782.79410038923,0.0,2,66,1.72545e-13,9.08131e-10,10000
GCR_He,min,6,17782.79410038923,0.0,2,67,1.87256e-11,2.56867e-09,10000
GCR_He,min,6,17782.79410038923,0.0,2,68,4.23536e-14,2.22914e-10,10000
GCR_He,min,6,17782.79410038923,0.0,2,69,1.16908e-11,1.59493e-09,10000
GCR_He,min,6,17782.79410038923,0.0,2,70,1.69095e-10,1.21476e-08,10000
GCR_He,min,6,17782.79410038923,0.0,2,71,6.04466e-10,1.11773e-08,10000
GCR_He,min,6,17782.79410038923,0.0,2,72,1.62526e-09,1.08358e-08,10000
GCR_He,min,6,17782.79410038923,0.0,2,73,2.60553e-09,1.04217e-08,10000
GCR_He,min,6,17782.79410038923,0.0,2,74,2.16447e-08,3.32996e-08,10000
GCR_He,min,6,17782.79410038923,0.0,2,75,7.19471e-09,2.05551e-08,10000
GCR_He,min,6,17782.79410038923,0.0,2,76,1.89053e-09,2.10083e-08,10000
GCR_He,min,6,17782.79410038923,0.0,2,77,1.05255e-09,1.91303e-08,10000
GCR_He,min,6,17782.79410038923,0.0,2,78,8.33879e-10,1.3898e-08,10000
GCR_He,min,6,17782.79410038923,0.0,2,79,1.20984e-09,1.27351e-08,10000
GCR_He,min,6,17782.79410038923,0.0,2,80,9.75087e-10,1.62514e-08,10000
GCR_He,min,6,17782.79410038923,0.0,2,81,5.74418e-10,1.43569e-08,10000
GCR_He,min,6,17782.79410038923,0.0,2,82,1.27446e-09,1.41623e-08,10000
GCR_He,min,6,17782.79410038923,0.0,2,83,4.98137e-10,1.42325e-08,10000
GCR_He,min,6,17782.79410038923,0.0,2,84,2.80732e-09,7.01654e-08,10000
GCR_He,min,6,17782.79410038923,0.0,2,85,4.74992e-09,6.33576e-08,10000
GCR_He,min,6,17782.79410038923,0.0,2,86,4.37402e-09,1.45898e-07,10000
GCR_He,min,6,17782.79410038923,0.0,2,87,2.72421e-09,8.25567e-09,10000
GCR_He,min,6,17782.79410038923,0.0,2,88,4.1358e-09,8.10925e-09,10000
GCR_He,min,6,17782.79410038923,0.0,2,89,1.44165e-09,1.34583e-08,10000
GCR_He,min,6,17782.79410038923,0.0,2,90,5.14076e-10,1.34399e-08,10000
GCR_He,min,6,17782.79410038923,0.0,2,91,1.29262e-10,1.69413e-08,10000
GCR_He,min,6,17782.79410038923,0.0,2,92,1.59517e-09,1.45121e-08,10000
GCR_He,min,6,17782.79410038923,0.0,2,93,6.09013e-10,1.55162e-08,10000
GCR_He,min,6,17782.79410038923,0.0,2,94,1.17729e-10,1.49593e-08,10000
GCR_He,min,6,17782.79410038923,0.0,2,95,1.77005e-08,9.83356e-09,10000
GCR_He,min,6,17782.79410038923,0.0,2,96,5.37622e-10,6.80447e-09,10000
GCR_He,min,6,17782.79410038923,0.0,2,97,3.18052e-09,6.65742e-09,10000
GCR_He,min,6,17782.79410038923,0.0,2,98,3.97634e-10,5.55821e-09,10000
GCR_He,min,6,17782.79410038923,0.0,2,99,3.76416e-09,6.48904e-09,10000
GCR_He,min,6,17782.79410038923,0.0,2,100,2.19459e-11,9.71059e-09,10000
GCR_He,min,6,17782.79410038923,0.0,2,101,4.37318e-11,6.8331e-09,10000
GCR_He,min,6,17782.79410038923,0.0,2,102,1.58549e-11,2.65132e-09,10000
GCR_He,min,6,17782.79410038923,0.0,2,103,2.9079e-09,2.78535e-08,10000
GCR_He,min,6,17782.79410038923,0.0,2,104,6.32524e-11,8.07821e-09,10000
GCR_He,min,6,17782.79410038923,0.0,2,105,2.51734e-10,2.26788e-08,10000
GCR_He,min,6,17782.79410038923,0.0,2,106,3.85154e-09,3.16268e-09,10000
GCR_He,min,6,17782.79410038923,0.0,2,107,3.82071e-07,2.54598e-08,10000
GCR_He,min,6,17782.79410038923,0.0,2,108,2.584e-08,9.39457e-09,10000
GCR_He,min,6,17782.79410038923,0.0,2,109,1.4861e-07,1.4824e-08,10000
GCR_He,min,6,17782.79410038923,0.0,2,110,2.82527e-10,7.0614e-09,10000
GCR_He,min,6,17782.79410038923,0.0,2,111,0.0,0.0,10000
GCR_He,min,6,17782.79410038923,0.0,2,112,0.0,0.0,10000
GCR_He,min,6,17782.79410038923,0.0,2,113,1.7498e-09,1.24986e-08,10000
GCR_He,min,6,17782.79410038923,0.0,2,114,9.35524e-13,1.55921e-09,10000
GCR_He,min,6,17782.79410038923,0.0,2,115,1.23367e-09,7.25259e-08,10000
GCR_He,min,6,17782.79410038923,0.0,2,116,2.96234e-09,2.82529e-09,10000
GCR_He,min,6,17782.79410038923,0.0,2,117,3.50936e-07,2.83699e-08,10000
GCR_He,min,6,17782.79410038923,0.0,2,118,1.48905e-08,9.0604e-09,10000
GCR_He,min,6,17782.79410038923,0.0,2,119,9.17332e-08,1.69987e-08,10000
GCR_He,min,6,17782.79410038923,0.0,2,120,1.1111e-10,2.61497e-09,10000
GCR_He,min,6,17782.79410038923,0.0,2,121,1.40345e-10,3.303e-09,10000
GCR_He,min,6,17782.79410038923,0.0,2,122,7.11208e-10,2.44116e-09,10000
GCR_He,min,6,17782.79410038923,0.0,2,123,2.67764e-08,1.82748e-08,10000
GCR_He,min,6,17782.79410038923,0.0,2,124,6.08375e-09,9.52029e-09,10000
GCR_He,min,6,17782.79410038923,0.0,2,125,1.30529e-08,9.7963e-09,10000
GCR_He,min,6,17782.79410038923,0.0,2,126,3.21708e-10,8.78504e-09,10000
GCR_He,min,6,17782.79410038923,0.0,2,127,1.3684e-09,9.12328e-09,10000
GCR_He,min,6,17782.79410038923,0.0,2,128,1.24203e-10,2.48208e-09,10000
GCR_He,min,6,17782.79410038923,0.0,2,129,1.09228e-09,6.24872e-08,10000
GCR_He,min,6,17782.79410038923,0.0,2,130,8.28712e-10,4.73009e-08,10000
GCR_He,min,6,17782.79410038923,0.0,2,131,9.07623e-11,3.63195e-09,10000
GCR_He,min,6,17782.79410038923,0.0,2,132,9.13708e-11,4.57082e-09,10000
GCR_He,min,6,17782.79410038923,0.0,2,133,1.14406e-10,2.70591e-09,10000
GCR_He,min,6,17782.79410038923,0.0,2,134,7.7707e-12,2.58163e-09,10000
GCR_He,min,6,17782.79410038923,0.0,2,135,4.23894e-10,4.98113e-08,10000
GCR_He,min,6,17782.79410038923,0.0,2,136,3.38233e-10,4.5158e-08,10000
GCR_He,min,6,17782.79410038923,0.0,2,137,3.17284e-09,6.34442e-08,10000
GCR_He,min,6,17782.79410038923,0.0,2,138,1.08128e-08,5.40641e-08,10000
GCR_He,min,6,17782.79410038923,0.0,2,139,0.0,0.0,10000
GCR_He,min,6,17782.79410038923,0.0,2,140,3.98857e-13,1.99428e-09,10000
GCR_He,min,6,17782.79410038923,0.0,2,141,2.44063e-10,1.58174e-09,10000
GCR_He,min,7,56234.13251903491,0.0,1,0,2.34637e-09,0.0,10000
GCR_He,min,7,56234.13251903491,0.0,1,1,1.69885e-10,2.42693e-08,10000
GCR_He,min,7,56234.13251903491,0.0,1,2,1.23549e-10,1.76498e-08,10000
GCR_He,min,7,56234.13251903491,0.0,1,3,5.56721e-11,5.04734e-09,10000
GCR_He,min,7,56234.13251903491,0.0,1,4,1.8553e-10,6.53044e-09,10000
GCR_He,min,7,56234.13251903491,0.0,1,5,2.09398e-10,6.81411e-09,10000
GCR_He,min,7,56234.13251903491,0.0,1,6,3.33972e-11,6.54848e-09,10000
GCR_He,min,7,56234.13251903491,0.0,1,7,8.2697e-11,8.26144e-09,10000
GCR_He,min,7,56234.13251903491,0.0,1,8,8.21282e-10,1.23855e-08,10000
GCR_He,min,7,56234.13251903491,0.0,1,9,4.56482e-12,5.37037e-09,10000
GCR_He,min,7,56234.13251903491,0.0,1,10,9.73215e-09,3.57892e-08,10000
GCR_He,min,7,56234.13251903491,0.0,1,11,2.46519e-10,1.56819e-08,10000
GCR_He,min,7,56234.13251903491,0.0,1,12,1.97865e-09,2.38277e-08,10000
GCR_He,min,7,56234.13251903491,0.0,1,13,1.21218e-09,8.96188e-09,10000
GCR_He,min,7,56234.13251903491,0.0,1,14,1.59174e-09,8.6105e-09,10000
GCR_He,min,7,56234.13251903491,0.0,1,15,3.59224e-10,1.07295e-08,10000
GCR_He,min,7,56234.13251903491,0.0,1,16,1.4929e-09,1.16606e-08,10000
GCR_He,min,7,56234.13251903491,0.0,1,17,8.22151e-10,1.37645e-08,10000
GCR_He,min,7,56234.13251903491,0.0,1,18,4.54575e-10,1.22428e-08,10000
GCR_He,min,7,56234.13251903491,0.0,1,19,5.28197e-09,1.95051e-08,10000
GCR_He,min,7,56234.13251903491,0.0,1,20,3.50717e-09,1.92797e-08,10000
GCR_He,min,7,56234.13251903491,0.0,1,21,4.95323e-10,2.18493e-08,10000
GCR_He,min,7,56234.13251903491,0.0,1,22,3.96761e-09,2.20742e-08,10000
GCR_He,min,7,56234.13251903491,0.0,1,23,3.3355e-09,2.3895e-08,10000
GCR_He,min,7,56234.13251903491,0.0,1,24,3.58314e-10,7.49926e-09,10000
GCR_He,min,7,56234.13251903491,0.0,1,25,3.85423e-10,7.26391e-09,10000
GCR_He,min,7,56234.13251903491,0.0,1,26,2.56683e-09,4.56042e-09,10000
GCR_He,min,7,56234.13251903491,0.0,1,27,2.13431e-09,4.73177e-09,10000
GCR_He,min,7,56234.13251903491,0.0,1,28,1.78728e-08,6.83002e-08,10000
GCR_He,min,7,56234.13251903491,0.0,1,29,4.25065e-08,9.00467e-08,10000
GCR_He,min,7,56234.13251903491,0.0,1,30,1.17755e-09,4.56767e-08,10000
GCR_He,min,7,56234.13251903491,0.0,1,31,7.5409e-09,2.56415e-08,10000
GCR_He,min,7,56234.13251903491,0.0,1,32,8.55576e-09,1.95083e-08,10000
GCR_He,min,7,56234.13251903491,0.0,1,33,2.77039e-09,3.42489e-08,10000
GCR_He,min,7,56234.13251903491,0.0,1,34,5.65399e-09,1.06408e-08,10000
GCR_He,min,7,56234.13251903491,0.0,1,35,8.83315e-09,1.21105e-08,10000
GCR_He,min,7,56234.13251903491,0.0,1,36,8.14835e-10,1.03576e-08,10000
GCR_He,min,7,56234.13251903491,0.0,1,37,9.27142e-10,3.98668e-09,10000
GCR_He,min,7,56234.13251903491,0.0,1,38,2.34818e-09,4.62441e-09,10000
GCR_He,min,7,56234.13251903491,0.0,1,39,4.36144e-10,5.72969e-09,10000
GCR_He,min,7,56234.13251903491,0.0,1,40,5.14222e-10,6.95835e-09,10000
GCR_He,min,7,56234.13251903491,0.0,1,41,6.09149e-08,1.52814e-07,10000
GCR_He,min,7,56234.13251903491,0.0,1,42,1.02991e-07,1.51195e-07,10000
GCR_He,min,7,56234.13251903491,0.0,1,43,4.36781e-09,1.19614e-08,10000
GCR_He,min,7,56234.13251903491,0.0,1,44,7.81585e-09,1.50287e-08,10000
GCR_He,min,7,56234.13251903491,0.0,1,45,2.02467e-09,9.15602e-09,10000
GCR_He,min,7,56234.13251903491,0.0,1,46,1.7237e-09,8.96778e-09,10000
GCR_He,min,7,56234.13251903491,0.0,1,47,6.61975e-10,6.43194e-09,10000
GCR_He,min,7,56234.13251903491,0.0,1,48,5.38119e-10,7.31636e-09,10000
GCR_He,min,7,56234.13251903491,0.0,1,49,3.86572e-09,1.34892e-08,10000
GCR_He,min,7,56234.13251903491,0.0,1,50,5.36465e-09,1.59977e-08,10000
GCR_He,min,7,56234.13251903491,0.0,1,51,6.59515e-09,3.54216e-08,10000
GCR_He,min,7,56234.13251903491,0.0,1,52,1.26548e-08,4.18935e-08,10000
GCR_He,min,7,56234.13251903491,0.0,1,53,6.76126e-09,6.18993e-08,10000
GCR_He,min,7,56234.13251903491,0.0,1,54,1.16325e-08,6.70423e-08,10000
GCR_He,min,7,56234.13251903491,0.0,1,55,1.00878e-10,1.02e-08,10000
GCR_He,min,7,56234.13251903491,0.0,1,56,6.90391e-10,1.22605e-08,10000
GCR_He,min,7,56234.13251903491,0.0,1,57,8.38862e-11,5.25603e-09,10000
GCR_He,min,7,56234.13251903491,0.0,1,58,5.67859e-09,6.40418e-08,10000
GCR_He,min,7,56234.13251903491,0.0,1,59,1.66475e-10,2.81684e-08,10000
GCR_He,min,7,56234.13251903491,0.0,1,60,4.29044e-10,1.23537e-08,10000
GCR_He,min,7,56234.13251903491,0.0,1,61,7.05197e-09,4.86343e-09,10000
GCR_He,min,7,56234.13251903491,0.0,1,62,9.87116e-11,1.31615e-08,10000
GCR_He,min,7,56234.13251903491,0.0,1,63,6.26847e-11,1.25621e-08,10000
GCR_He,min,7,56234.13251903491,0.0,1,64,1.11614e-10,1.48819e-08,10000
GCR_He,min,7,56234.13251903491,0.0,1,65,5.40606e-11,1.08338e-08,10000
GCR_He,min,7,56234.13251903491,0.0,1,66,1.55383e-12,8.17803e-09,10000
GCR_He,min,7,56234.13251903491,0.0,1,67,3.25912e-11,4.47068e-09,10000
GCR_He,min,7,56234.13251903491,0.0,1,68,1.61706e-12,8.51084e-09,10000
GCR_He,min,7,56234.13251903491,0.0,1,69,3.65837e-11,4.99095e-09,10000
GCR_He,min,7,56234.13251903491,0.0,1,70,3.18951e-10,2.29131e-08,10000
GCR_He,min,7,56234.13251903491,0.0,1,71,1.17471e-09,2.17218e-08,10000
GCR_He,min,7,56234.13251903491,0.0,1,72,3.08355e-09,2.05584e-08,10000
GCR_He,min,7,56234.13251903491,0.0,1,73,5.131e-09,2.05232e-08,10000
GCR_He,min,7,56234.13251903491,0.0,1,74,3.47749e-08,5.34999e-08,10000
GCR_He,min,7,56234.13251903491,0.0,1,75,1.288e-08,3.67978e-08,10000
GCR_He,min,7,56234.13251903491,0.0,1,76,3.40178e-09,3.78018e-08,10000
GCR_He,min,7,56234.13251903491,0.0,1,77,1.97519e-09,3.58996e-08,10000
GCR_He,min,7,56234.13251903491,0.0,1,78,1.43152e-09,2.38587e-08,10000
GCR_He,min,7,56234.13251903491,0.0,1,79,2.51744e-09,2.64994e-08,10000
GCR_He,min,7,56234.13251903491,0.0,1,80,1.48935e-09,2.48225e-08,10000
GCR_He,min,7,56234.13251903491,0.0,1,81,1.03573e-09,2.58869e-08,10000
GCR_He,min,7,56234.13251903491,0.0,1,82,2.57629e-09,2.86286e-08,10000
GCR_He,min,7,56234.13251903491,0.0,1,83,9.10413e-10,2.60118e-08,10000
GCR_He,min,7,56234.13251903491,0.0,1,84,3.9968e-09,9.9895e-08,10000
GCR_He,min,7,56234.13251903491,0.0,1,85,6.6834e-09,8.91476e-08,10000
GCR_He,min,7,56234.13251903491,0.0,1,86,4.68435e-09,1.56249e-07,10000
GCR_He,min,7,56234.13251903491,0.0,1,87,4.56845e-09,1.38446e-08,10000
GCR_He,min,7,56234.13251903491,0.0,1,88,7.03247e-09,1.37889e-08,10000
GCR_He,min,7,56234.13251903491,0.0,1,89,2.76122e-09,2.57769e-08,10000
GCR_He,min,7,56234.13251903491,0.0,1,90,9.81351e-10,2.56562e-08,10000
GCR_He,min,7,56234.13251903491,0.0,1,91,1.89502e-10,2.48364e-08,10000
GCR_He,min,7,56234.13251903491,0.0,1,92,2.69516e-09,2.45192e-08,10000
GCR_He,min,7,56234.13251903491,0.0,1,93,1.04797e-09,2.66998e-08,10000
GCR_He,min,7,56234.13251903491,0.0,1,94,2.46758e-10,3.13542e-08,10000
GCR_He,min,7,56234.13251903491,0.0,1,95,3.23566e-08,1.79758e-08,10000
GCR_He,min,7,56234.13251903491,0.0,1,96,1.02412e-09,1.29618e-08,10000
GCR_He,min,7,56234.13251903491,0.0,1,97,6.19526e-09,1.29678e-08,10000
GCR_He,min,7,56234.13251903491,0.0,1,98,8.63757e-10,1.20738e-08,10000
GCR_He,min,7,56234.13251903491,0.0,1,99,6.98694e-09,1.20448e-08,10000
GCR_He,min,7,56234.13251903491,0.0,1,100,8.55795e-12,3.7867e-09,10000
GCR_He,min,7,56234.13251903491,0.0,1,101,8.11631e-11,1.26817e-08,10000
GCR_He,min,7,56234.13251903491,0.0,1,102,4.05474e-11,6.7805e-09,10000
GCR_He,min,7,56234.13251903491,0.0,1,103,6.94158e-09,6.64903e-08,10000
GCR_He,min,7,56234.13251903491,0.0,1,104,1.16693e-10,1.49033e-08,10000
GCR_He,min,7,56234.13251903491,0.0,1,105,4.94335e-10,4.45347e-08,10000
GCR_He,min,7,56234.13251903491,0.0,1,106,8.102e-09,6.65293e-09,10000
GCR_He,min,7,56234.13251903491,0.0,1,107,9.12601e-07,6.08124e-08,10000
GCR_He,min,7,56234.13251903491,0.0,1,108,4.76646e-08,1.73292e-08,10000
GCR_He,min,7,56234.13251903491,0.0,1,109,3.1183e-07,3.11054e-08,10000
GCR_He,min,7,56234.13251903491,0.0,1,110,4.96105e-10,1.23995e-08,10000
GCR_He,min,7,56234.13251903491,0.0,1,111,0.0,0.0,10000
GCR_He,min,7,56234.13251903491,0.0,1,112,0.0,0.0,10000
GCR_He,min,7,56234.13251903491,0.0,1,113,3.31154e-09,2.36538e-08,10000
GCR_He,min,7,56234.13251903491,0.0,1,114,3.55265e-12,5.92108e-09,10000
GCR_He,min,7,56234.13251903491,0.0,1,115,2.03555e-08,1.19668e-06,10000
GCR_He,min,7,56234.13251903491,0.0,1,116,5.94842e-09,5.67321e-09,10000
GCR_He,min,7,56234.13251903491,0.0,1,117,6.25224e-07,5.05434e-08,10000
GCR_He,min,7,56234.13251903491,0.0,1,118,2.87797e-08,1.75115e-08,10000
GCR_He,min,7,56234.13251903491,0.0,1,119,1.80795e-07,3.35025e-08,10000
GCR_He,min,7,56234.13251903491,0.0,1,120,2.37744e-10,5.5953e-09,10000
GCR_He,min,7,56234.13251903491,0.0,1,121,1.95574e-10,4.60282e-09,10000
GCR_He,min,7,56234.13251903491,0.0,1,122,1.4681e-09,5.03913e-09,10000
GCR_He,min,7,56234.13251903491,0.0,1,123,4.6444e-08,3.16979e-08,10000
GCR_He,min,7,56234.13251903491,0.0,1,124,1.16846e-08,1.8285e-08,10000
GCR_He,min,7,56234.13251903491,0.0,1,125,2.76206e-08,2.07295e-08,10000
GCR_He,min,7,56234.13251903491,0.0,1,126,5.16484e-10,1.41039e-08,10000
GCR_He,min,7,56234.13251903491,0.0,1,127,2.83398e-09,1.88944e-08,10000
GCR_He,min,7,56234.13251903491,0.0,1,128,2.95769e-10,5.91065e-09,10000
GCR_He,min,7,56234.13251903491,0.0,1,129,2.62329e-09,1.50074e-07,10000
GCR_He,min,7,56234.13251903491,0.0,1,130,2.57565e-09,1.47012e-07,10000
GCR_He,min,7,56234.13251903491,0.0,1,131,2.56226e-10,1.02531e-08,10000
GCR_He,min,7,56234.13251903491,0.0,1,132,1.5255e-10,7.63132e-09,10000
GCR_He,min,7,56234.13251903491,0.0,1,133,2.26039e-10,5.34624e-09,10000
GCR_He,min,7,56234.13251903491,0.0,1,134,2.41215e-11,8.01379e-09,10000
GCR_He,min,7,56234.13251903491,0.0,1,135,5.20733e-10,6.11907e-08,10000
GCR_He,min,7,56234.13251903491,0.0,1,136,4.98492e-10,6.65543e-08,10000
GCR_He,min,7,56234.13251903491,0.0,1,137,1.4947e-08,2.9888e-07,10000
GCR_He,min,7,56234.13251903491,0.0,1,138,6.23758e-08,3.11879e-07,10000
GCR_He,min,7,56234.13251903491,0.0,1,139,0.0,0.0,10000
GCR_He,min,7,56234.13251903491,0.0,1,140,1.03945e-12,5.19727e-09,10000
GCR_He,min,7,56234.13251903491,0.0,1,141,5.4323e-10,3.52061e-09,10000
SEP_p,max,6,43.41712075614423,0.0,1,0,0.0,0.0,10000
SEP_p,max,6,43.41712075614423,0.0,1,1,0.0,0.0,10000
SEP_p,max,6,43.41712075614423,0.0,1,2,0.0,0.0,10000
SEP_p,max,6,43.41712075614423,0.0,1,3,0.0,0.0,10000
SEP_p,max,6,43.41712075614423,0.0,1,4,0.0,0.0,10000
SEP_p,max,6,43.41712075614423,0.0,1,5,0.0,0.0,10000
SEP_p,max,6,43.41712075614423,0.0,1,6,0.0,0.0,10000
SEP_p,max,6,43.41712075614423,0.0,1,7,0.0,0.0,10000
SEP_p,max,6,43.41712075614423,0.0,1,8,0.0,0.0,10000
SEP_p,max,6,43.41712075614423,0.0,1,9,0.0,0.0,10000
SEP_p,max,6,43.41712075614423,0.0,1,10,0.0,0.0,10000
SEP_p,max,6,43.41712075614423,0.0,1,11,0.0,0.0,10000
SEP_p,max,6,43.41712075614423,0.0,1,12,0.0,0.0,10000
SEP_p,max,6,43.41712075614423,0.0,1,13,0.0,0.0,10000
SEP_p,max,6,43.41712075614423,0.0,1,14,0.0,0.0,10000
SEP_p,max,6,43.41712075614423,0.0,1,15,0.0,0.0,10000
SEP_p,max,6,43.41712075614423,0.0,1,16,0.0,0.0,10000
SEP_p,max,6,43.41712075614423,0.0,1,17,0.0,0.0,10000
SEP_p,max,6,43.41712075614423,0.0,1,18,0.0,0.0,10000
SEP_p,max,6,43.41712075614423,0.0,1,19,0.0,0.0,10000
SEP_p,max,6,43.41712075614423,0.0,1,20,0.0,0.0,10000
SEP_p,max,6,43.41712075614423,0.0,1,21,0.0,0.0,10000
SEP_p,max,6,43.41712075614423,0.0,1,22,0.0,0.0,10000
SEP_p,max,6,43.41712075614423,0.0,1,23,0.0,0.0,10000
SEP_p,max,6,43.41712075614423,0.0,1,24,0.0,0.0,10000
SEP_p,max,6,43.41712075614423,0.0,1,25,0.0,0.0,10000
SEP_p,max,6,43.41712075614423,0.0,1,26,0.0,0.0,10000
SEP_p,max,6,43.41712075614423,0.0,1,27,0.0,0.0,10000
SEP_p,max,6,43.41712075614423,0.0,1,28,0.0,0.0,10000
SEP_p,max,6,43.41712075614423,0.0,1,29,0.0,0.0,10000
SEP_p,max,6,43.41712075614423,0.0,1,30,0.0,0.0,10000
SEP_p,max,6,43.41712075614423,0.0,1,31,0.0,0.0,10000
SEP_p,max,6,43.41712075614423,0.0,1,32,0.0,0.0,10000
SEP_p,max,6,43.41712075614423,0.0,1,33,0.0,0.0,10000
SEP_p,max,6,43.41712075614423,0.0,1,34,0.0,0.0,10000
SEP_p,max,6,43.41712075614423,0.0,1,35,0.0,0.0,10000
SEP_p,max,6,43.41712075614423,0.0,1,36,0.0,0.0,10000
SEP_p,max,6,43.41712075614423,0.0,1,37,0.0,0.0,10000
SEP_p,max,6,43.41712075614423,0.0,1,38,0.0,0.0,10000
SEP_p,max,6,43.41712075614423,0.0,1,39,0.0,0.0,10000
SEP_p,max,6,43.41712075614423,0.0,1,40,0.0,0.0,10000
SEP_p,max,6,43.41712075614423,0.0,1,41,0.0,0.0,10000
SEP_p,max,6,43.41712075614423,0.0,1,42,0.0,0.0,10000
SEP_p,max,6,43.41712075614423,0.0,1,43,0.0,0.0,10000
SEP_p,max,6,43.41712075614423,0.0,1,44,0.0,0.0,10000
SEP_p,max,6,43.41712075614423,0.0,1,45,0.0,0.0,10000
SEP_p,max,6,43.41712075614423,0.0,1,46,0.0,0.0,10000
SEP_p,max,6,43.41712075614423,0.0,1,47,0.0,0.0,10000
SEP_p,max,6,43.41712075614423,0.0,1,48,0.0,0.0,10000
SEP_p,max,6,43.41712075614423,0.0,1,49,0.0,0.0,10000
SEP_p,max,6,43.41712075614423,0.0,1,50,0.0,0.0,10000
SEP_p,max,6,43.41712075614423,0.0,1,51,0.0,0.0,10000
SEP_p,max,6,43.41712075614423,0.0,1,52,0.0,0.0,10000
SEP_p,max,6,43.41712075614423,0.0,1,53,0.0,0.0,10000
SEP_p,max,6,43.41712075614423,0.0,1,54,0.0,0.0,10000
SEP_p,max,6,43.41712075614423,0.0,1,55,0.0,0.0,10000
SEP_p,max,6,43.41712075614423,0.0,1,56,0.0,0.0,10000
SEP_p,max,6,43.41712075614423,0.0,1,57,0.0,0.0,10000
SEP_p,max,6,43.41712075614423,0.0,1,58,0.0,0.0,10000
SEP_p,max,6,43.41712075614423,0.0,1,59,0.0,0.0,10000
SEP_p,max,6,43.41712075614423,0.0,1,60,0.0,0.0,10000
SEP_p,max,6,43.41712075614423,0.0,1,61,0.0,0.0,10000
SEP_p,max,6,43.41712075614423,0.0,1,62,0.0,0.0,10000
SEP_p,max,6,43.41712075614423,0.0,1,63,0.0,0.0,10000
SEP_p,max,6,43.41712075614423,0.0,1,64,0.0,0.0,10000
SEP_p,max,6,43.41712075614423,0.0,1,65,0.0,0.0,10000
SEP_p,max,6,43.41712075614423,0.0,1,66,0.0,0.0,10000
SEP_p,max,6,43.41712075614423,0.0,1,67,0.0,0.0,10000
SEP_p,max,6,43.41712075614423,0.0,1,68,0.0,0.0,10000
SEP_p,max,6,43.41712075614423,0.0,1,69,0.0,0.0,10000
SEP_p,max,6,43.41712075614423,0.0,1,70,0.0,0.0,10000
SEP_p,max,6,43.41712075614423,0.0,1,71,0.0,0.0,10000
SEP_p,max,6,43.41712075614423,0.0,1,72,0.0,0.0,10000
SEP_p,max,6,43.41712075614423,0.0,1,73,0.0,0.0,10000
SEP_p,max,6,43.41712075614423,0.0,1,74,0.0,0.0,10000
SEP_p,max,6,43.41712075614423,0.0,1,75,0.0,0.0,10000
SEP_p,max,6,43.41712075614423,0.0,1,76,0.0,0.0,10000
SEP_p,max,6,43.41712075614423,0.0,1,77,0.0,0.0,10000
SEP_p,max,6,43.41712075614423,0.0,1,78,0.0,0.0,10000
SEP_p,max,6,43.41712075614423,0.0,1,79,0.0,0.0,10000
SEP_p,max,6,43.41712075614423,0.0,1,80,0.0,0.0,10000
SEP_p,max,6,43.41712075614423,0.0,1,81,0.0,0.0,10000
SEP_p,max,6,43.41712075614423,0.0,1,82,0.0,0.0,10000
SEP_p,max,6,43.41712075614423,0.0,1,83,0.0,0.0,10000
SEP_p,max,6,43.41712075614423,0.0,1,84,0.0,0.0,10000
SEP_p,max,6,43.41712075614423,0.0,1,85,0.0,0.0,10000
SEP_p,max,6,43.41712075614423,0.0,1,86,0.0,0.0,10000
SEP_p,max,6,43.41712075614423,0.0,1,87,0.0,0.0,10000
SEP_p,max,6,43.41712075614423,0.0,1,88,0.0,0.0,10000
SEP_p,max,6,43.41712075614423,0.0,1,89,0.0,0.0,10000
SEP_p,max,6,43.41712075614423,0.0,1,90,0.0,0.0,10000
SEP_p,max,6,43.41712075614423,0.0,1,91,0.0,0.0,10000
SEP_p,max,6,43.41712075614423,0.0,1,92,0.0,0.0,10000
SEP_p,max,6,43.41712075614423,0.0,1,93,0.0,0.0,10000
SEP_p,max,6,43.41712075614423,0.0,1,94,0.0,0.0,10000
SEP_p,max,6,43.41712075614423,0.0,1,95,0.0,0.0,10000
SEP_p,max,6,43.41712075614423,0.0,1,96,0.0,0.0,10000
SEP_p,max,6,43.41712075614423,0.0,1,97,0.0,0.0,10000
SEP_p,max,6,43.41712075614423,0.0,1,98,0.0,0.0,10000
SEP_p,max,6,43.41712075614423,0.0,1,99,0.0,0.0,10000
SEP_p,max,6,43.41712075614423,0.0,1,100,0.0,0.0,10000
SEP_p,max,6,43.41712075614423,0.0,1,101,0.0,0.0,10000
SEP_p,max,6,43.41712075614423,0.0,1,102,0.0,0.0,10000
SEP_p,max,6,43.41712075614423,0.0,1,103,0.0,0.0,10000
SEP_p,max,6,43.41712075614423,0.0,1,104,0.0,0.0,10000
SEP_p,max,6,43.41712075614423,0.0,1,105,0.0,0.0,10000
SEP_p,max,6,43.41712075614423,0.0,1,106,0.0,0.0,10000
SEP_p,max,6,43.41712075614423,0.0,1,107,0.0,0.0,10000
SEP_p,max,6,43.41712075614423,0.0,1,108,0.0,0.0,10000
SEP_p,max,6,43.41712075614423,0.0,1,109,0.0,0.0,10000
SEP_p,max,6,43.41712075614423,0.0,1,110,0.0,0.0,10000
SEP_p,max,6,43.41712075614423,0.0,1,111,0.0,0.0,10000
SEP_p,max,6,43.41712075614423,0.0,1,112,0.0,0.0,10000
SEP_p,max,6,43.41712075614423,0.0,1,113,0.0,0.0,10000
SEP_p,max,6,43.41712075614423,0.0,1,114,0.0,0.0,10000
SEP_p,max,6,43.41712075614423,0.0,1,115,0.0,0.0,10000
SEP_p,max,6,43.41712075614423,0.0,1,116,0.0,0.0,10000
SEP_p,max,6,43.41712075614423,0.0,1,117,0.0,0.0,10000
SEP_p,max,6,43.41712075614423,0.0,1,118,0.0,0.0,10000
SEP_p,max,6,43.41712075614423,0.0,1,119,7.43083e-07,1.37698e-07,10000
SEP_p,max,6,43.41712075614423,0.0,1,120,0.0,0.0,10000
SEP_p,max,6,43.41712075614423,0.0,1,121,0.0,0.0,10000
SEP_p,max,6,43.41712075614423,0.0,1,122,0.0,0.0,10000
SEP_p,max,6,43.41712075614423,0.0,1,123,0.0,0.0,10000
SEP_p,max,6,43.41712075614423,0.0,1,124,0.0,0.0,10000
SEP_p,max,6,43.41712075614423,0.0,1,125,0.0,0.0,10000
SEP_p,max,6,43.41712075614423,0.0,1,126,0.0,0.0,10000
SEP_p,max,6,43.41712075614423,0.0,1,127,0.0,0.0,10000
SEP_p,max,6,43.41712075614423,0.0,1,128,0.0,0.0,10000
SEP_p,max,6,43.41712075614423,0.0,1,129,0.0,0.0,10000
SEP_p,max,6,43.41712075614423,0.0,1,130,0.0,0.0,10000
SEP_p,max,6,43.41712075614423,0.0,1,131,0.0,0.0,10000
SEP_p,max,6,43.41712075614423,0.0,1,132,0.0,0.0,10000
SEP_p,max,6,43.41712075614423,0.0,1,133,0.0,0.0,10000
SEP_p,max,6,43.41712075614423,0.0,1,134,0.0,0.0,10000
SEP_p,max,6,43.41712075614423,0.0,1,135,0.0,0.0,10000
SEP_p,max,6,43.41712075614423,0.0,1,136,0.0,0.0,10000
SEP_p,max,6,43.41712075614423,0.0,1,137,0.0,0.0,10000
SEP_p,max,6,43.41712075614423,0.0,1,138,0.0,0.0,10000
SEP_p,max,6,43.41712075614423,0.0,1,139,0.0,0.0,10000
SEP_p,max,6,43.41712075614423,0.0,1,140,0.0,0.0,10000
SEP_p,max,6,43.41712075614423,0.0,1,141,0.0,0.0,10000
SEP_p,max,6,43.41712075614423,0.0,2,0,0.0,0.0,10000
SEP_p,max,6,43.41712075614423,0.0,2,1,0.0,0.0,10000
SEP_p,max,6,43.41712075614423,0.0,2,2,0.0,0.0,10000
SEP_p,max,6,43.41712075614423,0.0,2,3,0.0,0.0,10000
SEP_p,max,6,43.41712075614423,0.0,2,4,0.0,0.0,10000
SEP_p,max,6,43.41712075614423,0.0,2,5,0.0,0.0,10000
SEP_p,max,6,43.41712075614423,0.0,2,6,0.0,0.0,10000
SEP_p,max,6,43.41712075614423,0.0,2,7,0.0,0.0,10000
SEP_p,max,6,43.41712075614423,0.0,2,8,0.0,0.0,10000
SEP_p,max,6,43.41712075614423,0.0,2,9,0.0,0.0,10000
SEP_p,max,6,43.41712075614423,0.0,2,10,0.0,0.0,10000
SEP_p,max,6,43.41712075614423,0.0,2,11,0.0,0.0,10000
SEP_p,max,6,43.41712075614423,0.0,2,12,0.0,0.0,10000
SEP_p,max,6,43.41712075614423,0.0,2,13,0.0,0.0,10000
SEP_p,max,6,43.41712075614423,0.0,2,14,0.0,0.0,10000
SEP_p,max,6,43.41712075614423,0.0,2,15,0.0,0.0,10000
SEP_p,max,6,43.41712075614423,0.0,2,16,0.0,0.0,10000
SEP_p,max,6,43.41712075614423,0.0,2,17,0.0,0.0,10000
SEP_p,max,6,43.41712075614423,0.0,2,18,0.0,0.0,10000
SEP_p,max,6,43.41712075614423,0.0,2,19,0.0,0.0,10000
SEP_p,max,6,43.41712075614423,0.0,2,20,0.0,0.0,10000
SEP_p,max,6,43.41712075614423,0.0,2,21,0.0,0.0,10000
SEP_p,max,6,43.41712075614423,0.0,2,22,0.0,0.0,10000
SEP_p,max,6,43.41712075614423,0.0,2,23,0.0,0.0,10000
SEP_p,max,6,43.41712075614423,0.0,2,24,0.0,0.0,10000
SEP_p,max,6,43.41712075614423,0.0,2,25,0.0,0.0,10000
SEP_p,max,6,43.41712075614423,0.0,2,26,0.0,0.0,10000
SEP_p,max,6,43.41712075614423,0.0,2,27,0.0,0.0,10000
SEP_p,max,6,43.41712075614423,0.0,2,28,0.0,0.0,10000
SEP_p,max,6,43.41712075614423,0.0,2,29,0.0,0.0,10000
SEP_p,max,6,43.41712075614423,0.0,2,30,0.0,0.0,10000
SEP_p,max,6,43.41712075614423,0.0,2,31,0.0,0.0,10000
SEP_p,max,6,43.41712075614423,0.0,2,32,0.0,0.0,10000
SEP_p,max,6,43.41712075614423,0.0,2,33,0.0,0.0,10000
SEP_p,max,6,43.41712075614423,0.0,2,34,0.0,0.0,10000
SEP_p,max,6,43.41712075614423,0.0,2,35,0.0,0.0,10000
SEP_p,max,6,43.41712075614423,0.0,2,36,0.0,0.0,10000
SEP_p,max,6,43.41712075614423,0.0,2,37,0.0,0.0,10000
SEP_p,max,6,43.41712075614423,0.0,2,38,0.0,0.0,10000
SEP_p,max,6,43.41712075614423,0.0,2,39,0.0,0.0,10000
SEP_p,max,6,43.41712075614423,0.0,2,40,0.0,0.0,10000
SEP_p,max,6,43.41712075614423,0.0,2,41,0.0,0.0,10000
SEP_p,max,6,43.41712075614423,0.0,2,42,0.0,0.0,10000
SEP_p,max,6,43.41712075614423,0.0,2,43,0.0,0.0,10000
SEP_p,max,6,43.41712075614423,0.0,2,44,0.0,0.0,10000
SEP_p,max,6,43.41712075614423,0.0,2,45,0.0,0.0,10000
SEP_p,max,6,43.41712075614423,0.0,2,46,0.0,0.0,10000
SEP_p,max,6,43.41712075614423,0.0,2,47,0.0,0.0,10000
SEP_p,max,6,43.41712075614423,0.0,2,48,0.0,0.0,10000
SEP_p,max,6,43.41712075614423,0.0,2,49,0.0,0.0,10000
SEP_p,max,6,43.41712075614423,0.0,2,50,0.0,0.0,10000
SEP_p,max,6,43.41712075614423,0.0,2,51,0.0,0.0,10000
SEP_p,max,6,43.41712075614423,0.0,2,52,0.0,0.0,10000
SEP_p,max,6,43.41712075614423,0.0,2,53,0.0,0.0,10000
SEP_p,max,6,43.41712075614423,0.0,2,54,0.0,0.0,10000
SEP_p,max,6,43.41712075614423,0.0,2,55,0.0,0.0,10000
SEP_p,max,6,43.41712075614423,0.0,2,56,0.0,0.0,10000
SEP_p,max,6,43.41712075614423,0.0,2,57,0.0,0.0,10000
SEP_p,max,6,43.41712075614423,0.0,2,58,0.0,0.0,10000
SEP_p,max,6,43.41712075614423,0.0,2,59,0.0,0.0,10000
SEP_p,max,6,43.41712075614423,0.0,2,60,0.0,0.0,10000
SEP_p,max,6,43.41712075614423,0.0,2,61,0.0,0.0,10000
SEP_p,max,6,43.41712075614423,0.0,2,62,0.0,0.0,10000
SEP_p,max,6,43.41712075614423,0.0,2,63,0.0,0.0,10000
SEP_p,max,6,43.41712075614423,0.0,2,64,0.0,0.0,10000
SEP_p,max,6,43.41712075614423,0.0,2,65,0.0,0.0,10000
SEP_p,max,6,43.41712075614423,0.0,2,66,0.0,0.0,10000
SEP_p,max,6,43.41712075614423,0.0,2,67,0.0,0.0,10000
SEP_p,max,6,43.41712075614423,0.0,2,68,0.0,0.0,10000
SEP_p,max,6,43.41712075614423,0.0,2,69,0.0,0.0,10000
SEP_p,max,6,43.41712075614423,0.0,2,70,0.0,0.0,10000
SEP_p,max,6,43.41712075614423,0.0,2,71,0.0,0.0,10000
SEP_p,max,6,43.41712075614423,0.0,2,72,0.0,0.0,10000
SEP_p,max,6,43.41712075614423,0.0,2,73,0.0,0.0,10000
SEP_p,max,6,43.41712075614423,0.0,2,74,0.0,0.0,10000
SEP_p,max,6,43.41712075614423,0.0,2,75,0.0,0.0,10000
SEP_p,max,6,43.41712075614423,0.0,2,76,0.0,0.0,10000
SEP_p,max,6,43.41712075614423,0.0,2,77,0.0,0.0,10000
SEP_p,max,6,43.41712075614423,0.0,2,78,0.0,0.0,10000
SEP_p,max,6,43.41712075614423,0.0,2,79,0.0,0.0,10000
SEP_p,max,6,43.41712075614423,0.0,2,80,0.0,0.0,10000
SEP_p,max,6,43.41712075614423,0.0,2,81,0.0,0.0,10000
SEP_p,max,6,43.41712075614423,0.0,2,82,0.0,0.0,10000
SEP_p,max,6,43.41712075614423,0.0,2,83,0.0,0.0,10000
SEP_p,max,6,43.41712075614423,0.0,2,84,0.0,0.0,10000
SEP_p,max,6,43.41712075614423,0.0,2,85,0.0,0.0,10000
SEP_p,max,6,43.41712075614423,0.0,2,86,0.0,0.0,10000
SEP_p,max,6,43.41712075614423,0.0,2,87,0.0,0.0,10000
SEP_p,max,6,43.41712075614423,0.0,2,88,0.0,0.0,10000
SEP_p,max,6,43.41712075614423,0.0,2,89,0.0,0.0,10000
SEP_p,max,6,43.41712075614423,0.0,2,90,0.0,0.0,10000
SEP_p,max,6,43.41712075614423,0.0,2,91,0.0,0.0,10000
SEP_p,max,6,43.41712075614423,0.0,2,92,0.0,0.0,10000
SEP_p,max,6,43.41712075614423,0.0,2,93,0.0,0.0,10000
SEP_p,max,6,43.41712075614423,0.0,2,94,0.0,0.0,10000
SEP_p,max,6,43.41712075614423,0.0,2,95,0.0,0.0,10000
SEP_p,max,6,43.41712075614423,0.0,2,96,0.0,0.0,10000
SEP_p,max,6,43.41712075614423,0.0,2,97,0.0,0.0,10000
SEP_p,max,6,43.41712075614423,0.0,2,98,0.0,0.0,10000
SEP_p,max,6,43.41712075614423,0.0,2,99,0.0,0.0,10000
SEP_p,max,6,43.41712075614423,0.0,2,100,0.0,0.0,10000
SEP_p,max,6,43.41712075614423,0.0,2,101,0.0,0.0,10000
SEP_p,max,6,43.41712075614423,0.0,2,102,0.0,0.0,10000
SEP_p,max,6,43.41712075614423,0.0,2,103,0.0,0.0,10000
SEP_p,max,6,43.41712075614423,0.0,2,104,0.0,0.0,10000
SEP_p,max,6,43.41712075614423,0.0,2,105,0.0,0.0,10000
SEP_p,max,6,43.41712075614423,0.0,2,106,0.0,0.0,10000
SEP_p,max,6,43.41712075614423,0.0,2,107,0.0,0.0,10000
SEP_p,max,6,43.41712075614423,0.0,2,108,0.0,0.0,10000
SEP_p,max,6,43.41712075614423,0.0,2,109,0.0,0.0,10000
SEP_p,max,6,43.41712075614423,0.0,2,110,0.0,0.0,10000
SEP_p,max,6,43.41712075614423,0.0,2,111,0.0,0.0,10000
SEP_p,max,6,43.41712075614423,0.0,2,112,0.0,0.0,10000
SEP_p,max,6,43.41712075614423,0.0,2,113,0.0,0.0,10000
SEP_p,max,6,43.41712075614423,0.0,2,114,0.0,0.0,10000
SEP_p,max,6,43.41712075614423,0.0,2,115,0.0,0.0,10000
SEP_p,max,6,43.41712075614423,0.0,2,116,0.0,0.0,10000
SEP_p,max,6,43.41712075614423,0.0,2,117,0.0,0.0,10000
SEP_p,max,6,43.41712075614423,0.0,2,118,0.0,0.0,10000
SEP_p,max,6,43.41712075614423,0.0,2,119,0.0,0.0,10000
SEP_p,max,6,43.41712075614423,0.0,2,120,0.0,0.0,10000
SEP_p,max,6,43.41712075614423,0.0,2,121,0.0,0.0,10000
SEP_p,max,6,43.41712075614423,0.0,2,122,0.0,0.0,10000
SEP_p,max,6,43.41712075614423,0.0,2,123,0.0,0.0,10000
SEP_p,max,6,43.41712075614423,0.0,2,124,0.0,0.0,10000
SEP_p,max,6,43.41712075614423,0.0,2,125,0.0,0.0,10000
SEP_p,max,6,43.41712075614423,0.0,2,126,0.0,0.0,10000
SEP_p,max,6,43.41712075614423,0.0,2,127,0.0,0.0,10000
SEP_p,max,6,43.41712075614423,0.0,2,128,0.0,0.0,10000
SEP_p,max,6,43.41712075614423,0.0,2,129,0.0,0.0,10000
SEP_p,max,6,43.41712075614423,0.0,2,130,0.0,0.0,10000
SEP_p,max,6,43.41712075614423,0.0,2,131,0.0,0.0,10000
SEP_p,max,6,43.41712075614423,0.0,2,132,0.0,0.0,10000
SEP_p,max,6,43.41712075614423,0.0,2,133,0.0,0.0,10000
SEP_p,max,6,43.41712075614423,0.0,2,134,0.0,0.0,10000
SEP_p,max,6,43.41712075614423,0.0,2,135,0.0,0.0,10000
SEP_p,max,6,43.41712075614423,0.0,2,136,0.0,0.0,10000
SEP_p,max,6,43.41712075614423,0.0,2,137,0.0,0.0,10000
SEP_p,max,6,43.41712075614423,0.0,2,138,0.0,0.0,10000
SEP_p,max,6,43.41712075614423,0.0,2,139,0.0,0.0,10000
SEP_p,max,6,43.41712075614423,0.0,2,140,0.0,0.0,10000
SEP_p,max,6,43.41712075614423,0.0,2,141,0.0,0.0,10000
SEP_p,max,7,157.50747750578486,0.0,1,0,7.5997e-10,0.0,10000
SEP_p,max,7,157.50747750578486,0.0,1,1,0.0,0.0,10000
SEP_p,max,7,157.50747750578486,0.0,1,2,0.0,0.0,10000
SEP_p,max,7,157.50747750578486,0.0,1,3,0.0,0.0,10000
SEP_p,max,7,157.50747750578486,0.0,1,4,0.0,0.0,10000
SEP_p,max,7,157.50747750578486,0.0,1,5,0.0,0.0,10000
SEP_p,max,7,157.50747750578486,0.0,1,6,0.0,0.0,10000
SEP_p,max,7,157.50747750578486,0.0,1,7,0.0,0.0,10000
SEP_p,max,7,157.50747750578486,0.0,1,8,0.0,0.0,10000
SEP_p,max,7,157.50747750578486,0.0,1,9,0.0,0.0,10000
SEP_p,max,7,157.50747750578486,0.0,1,10,0.0,0.0,10000
SEP_p,max,7,157.50747750578486,0.0,1,11,0.0,0.0,10000
SEP_p,max,7,157.50747750578486,0.0,1,12,2.9781e-13,3.58634e-12,10000
SEP_p,max,7,157.50747750578486,0.0,1,13,3.32476e-12,2.45805e-11,10000
SEP_p,max,7,157.50747750578486,0.0,1,14,6.42947e-12,3.47802e-11,10000
SEP_p,max,7,157.50747750578486,0.0,1,15,0.0,0.0,10000
SEP_p,max,7,157.50747750578486,0.0,1,16,0.0,0.0,10000
SEP_p,max,7,157.50747750578486,0.0,1,17,0.0,0.0,10000
SEP_p,max,7,157.50747750578486,0.0,1,18,0.0,0.0,10000
SEP_p,max,7,157.50747750578486,0.0,1,19,7.20074e-14,2.65906e-13,10000
SEP_p,max,7,157.50747750578486,0.0,1,20,0.0,0.0,10000
SEP_p,max,7,157.50747750578486,0.0,1,21,0.0,0.0,10000
SEP_p,max,7,157.50747750578486,0.0,1,22,1.12406e-12,6.25384e-12,10000
SEP_p,max,7,157.50747750578486,0.0,1,23,1.79221e-12,1.28391e-11,10000
SEP_p,max,7,157.50747750578486,0.0,1,24,0.0,0.0,10000
SEP_p,max,7,157.50747750578486,0.0,1,25,0.0,0.0,10000
SEP_p,max,7,157.50747750578486,0.0,1,26,4.69353e-12,8.33886e-12,10000
SEP_p,max,7,157.50747750578486,0.0,1,27,4.06628e-12,9.01493e-12,10000
SEP_p,max,7,157.50747750578486,0.0,1,28,0.0,0.0,10000
SEP_p,max,7,157.50747750578486,0.0,1,29,0.0,0.0,10000
SEP_p,max,7,157.50747750578486,0.0,1,30,0.0,0.0,10000
SEP_p,max,7,157.50747750578486,0.0,1,31,0.0,0.0,10000
SEP_p,max,7,157.50747750578486,0.0,1,32,0.0,0.0,10000
SEP_p,max,7,157.50747750578486,0.0,1,33,0.0,0.0,10000
SEP_p,max,7,157.50747750578486,0.0,1,34,6.84371e-13,1.28799e-12,10000
SEP_p,max,7,157.50747750578486,0.0,1,35,3.72354e-12,5.10508e-12,10000
SEP_p,max,7,157.50747750578486,0.0,1,36,0.0,0.0,10000
SEP_p,max,7,157.50747750578486,0.0,1,37,0.0,0.0,10000
SEP_p,max,7,157.50747750578486,0.0,1,38,0.0,0.0,10000
SEP_p,max,7,157.50747750578486,0.0,1,39,1.2822e-12,1.68445e-11,10000
SEP_p,max,7,157.50747750578486,0.0,1,40,2.53703e-12,3.43306e-11,10000
SEP_p,max,7,157.50747750578486,0.0,1,41,0.0,0.0,10000
SEP_p,max,7,157.50747750578486,0.0,1,42,0.0,0.0,10000
SEP_p,max,7,157.50747750578486,0.0,1,43,0.0,0.0,10000
SEP_p,max,7,157.50747750578486,0.0,1,44,5.62094e-12,1.08083e-11,10000
SEP_p,max,7,157.50747750578486,0.0,1,45,0.0,0.0,10000
SEP_p,max,7,157.50747750578486,0.0,1,46,0.0,0.0,10000
SEP_p,max,7,157.50747750578486,0.0,1,47,0.0,0.0,10000
SEP_p,max,7,157.50747750578486,0.0,1,48,0.0,0.0,10000
SEP_p,max,7,157.50747750578486,0.0,1,49,0.0,0.0,10000
SEP_p,max,7,157.50747750578486,0.0,1,50,0.0,0.0,10000
SEP_p,max,7,157.50747750578486,0.0,1,51,0.0,0.0,10000
SEP_p,max,7,157.50747750578486,0.0,1,52,0.0,0.0,10000
SEP_p,max,7,157.50747750578486,0.0,1,53,0.0,0.0,10000
SEP_p,max,7,157.50747750578486,0.0,1,54,0.0,0.0,10000
SEP_p,max,7,157.50747750578486,0.0,1,55,0.0,0.0,10000
SEP_p,max,7,157.50747750578486,0.0,1,56,0.0,0.0,10000
SEP_p,max,7,157.50747750578486,0.0,1,57,0.0,0.0,10000
SEP_p,max,7,157.50747750578486,0.0,1,58,0.0,0.0,10000
SEP_p,max,7,157.50747750578486,0.0,1,59,0.0,0.0,10000
SEP_p,max,7,157.50747750578486,0.0,1,60,0.0,0.0,10000
SEP_p,max,7,157.50747750578486,0.0,1,61,3.89731e-12,2.6878e-12,10000
SEP_p,max,7,157.50747750578486,0.0,1,62,0.0,0.0,10000
SEP_p,max,7,157.50747750578486,0.0,1,63,0.0,0.0,10000
SEP_p,max,7,157.50747750578486,0.0,1,64,0.0,0.0,10000
SEP_p,max,7,157.50747750578486,0.0,1,65,0.0,0.0,10000
SEP_p,max,7,157.50747750578486,0.0,1,66,0.0,0.0,10000
SEP_p,max,7,157.50747750578486,0.0,1,67,0.0,0.0,10000
SEP_p,max,7,157.50747750578486,0.0,1,68,0.0,0.0,10000
SEP_p,max,7,157.50747750578486,0.0,1,69,0.0,0.0,10000
SEP_p,max,7,157.50747750578486,0.0,1,70,0.0,0.0,10000
SEP_p,max,7,157.50747750578486,0.0,1,71,0.0,0.0,10000
SEP_p,max,7,157.50747750578486,0.0,1,72,0.0,0.0,10000
SEP_p,max,7,157.50747750578486,0.0,1,73,0.0,0.0,10000
SEP_p,max,7,157.50747750578486,0.0,1,74,0.0,0.0,10000
SEP_p,max,7,157.50747750578486,0.0,1,75,0.0,0.0,10000
SEP_p,max,7,157.50747750578486,0.0,1,76,3.78451e-15,4.20548e-14,10000
SEP_p,max,7,157.50747750578486,0.0,1,77,1.56384e-14,2.84232e-13,10000
SEP_p,max,7,157.50747750578486,0.0,1,78,8.10195e-16,1.35032e-14,10000
SEP_p,max,7,157.50747750578486,0.0,1,79,0.0,0.0,10000
SEP_p,max,7,157.50747750578486,0.0,1,80,0.0,0.0,10000
SEP_p,max,7,157.50747750578486,0.0,1,81,0.0,0.0,10000
SEP_p,max,7,157.50747750578486,0.0,1,82,0.0,0.0,10000
SEP_p,max,7,157.50747750578486,0.0,1,83,0.0,0.0,10000
SEP_p,max,7,157.50747750578486,0.0,1,84,2.0971e-13,5.24145e-12,10000
SEP_p,max,7,157.50747750578486,0.0,1,85,3.48345e-12,4.64646e-11,10000
SEP_p,max,7,157.50747750578486,0.0,1,86,0.0,0.0,10000
SEP_p,max,7,157.50747750578486,0.0,1,87,0.0,0.0,10000
SEP_p,max,7,157.50747750578486,0.0,1,88,0.0,0.0,10000
SEP_p,max,7,157.50747750578486,0.0,1,89,0.0,0.0,10000
SEP_p,max,7,157.50747750578486,0.0,1,90,0.0,0.0,10000
SEP_p,max,7,157.50747750578486,0.0,1,91,0.0,0.0,10000
SEP_p,max,7,157.50747750578486,0.0,1,92,0.0,0.0,10000
SEP_p,max,7,157.50747750578486,0.0,1,93,0.0,0.0,10000
SEP_p,max,7,157.50747750578486,0.0,1,94,0.0,0.0,10000
SEP_p,max,7,157.50747750578486,0.0,1,95,0.0,0.0,10000
SEP_p,max,7,157.50747750578486,0.0,1,96,0.0,0.0,10000
SEP_p,max,7,157.50747750578486,0.0,1,97,0.0,0.0,10000
SEP_p,max,7,157.50747750578486,0.0,1,98,0.0,0.0,10000
SEP_p,max,7,157.50747750578486,0.0,1,99,0.0,0.0,10000
SEP_p,max,7,157.50747750578486,0.0,1,100,0.0,0.0,10000
SEP_p,max,7,157.50747750578486,0.0,1,101,0.0,0.0,10000
SEP_p,max,7,157.50747750578486,0.0,1,102,0.0,0.0,10000
SEP_p,max,7,157.50747750578486,0.0,1,103,0.0,0.0,10000
SEP_p,max,7,157.50747750578486,0.0,1,104,6.74589e-13,8.61544e-11,10000
SEP_p,max,7,157.50747750578486,0.0,1,105,0.0,0.0,10000
SEP_p,max,7,157.50747750578486,0.0,1,106,5.35809e-12,4.39978e-12,10000
SEP_p,max,7,157.50747750578486,0.0,1,107,7.10012e-11,4.73126e-12,10000
SEP_p,max,7,157.50747750578486,0.0,1,108,2.26147e-11,8.22196e-12,10000
SEP_p,max,7,157.50747750578486,0.0,1,109,5.30504e-12,5.29183e-13,10000
SEP_p,max,7,157.50747750578486,0.0,1,110,0.0,0.0,10000
SEP_p,max,7,157.50747750578486,0.0,1,111,0.0,0.0,10000
SEP_p,max,7,157.50747750578486,0.0,1,112,0.0,0.0,10000
SEP_p,max,7,157.50747750578486,0.0,1,113,0.0,0.0,10000
SEP_p,max,7,157.50747750578486,0.0,1,114,0.0,0.0,10000
SEP_p,max,7,157.50747750578486,0.0,1,115,0.0,0.0,10000
SEP_p,max,7,157.50747750578486,0.0,1,116,4.45742e-12,4.25119e-12,10000
SEP_p,max,7,157.50747750578486,0.0,1,117,7.23866e-11,5.85176e-12,10000
SEP_p,max,7,157.50747750578486,0.0,1,118,1.99087e-11,1.21138e-11,10000
SEP_p,max,7,157.50747750578486,0.0,1,119,8.29001e-12,1.53619e-12,10000
SEP_p,max,7,157.50747750578486,0.0,1,120,7.0945e-13,1.66969e-11,10000
SEP_p,max,7,157.50747750578486,0.0,1,121,0.0,0.0,10000
SEP_p,max,7,157.50747750578486,0.0,1,122,1.319e-12,4.52735e-12,10000
SEP_p,max,7,157.50747750578486,0.0,1,123,1.39158e-11,9.49751e-12,10000
SEP_p,max,7,157.50747750578486,0.0,1,124,1.38049e-11,2.16029e-11,10000
SEP_p,max,7,157.50747750578486,0.0,1,125,2.09449e-11,1.57193e-11,10000
SEP_p,max,7,157.50747750578486,0.0,1,126,0.0,0.0,10000
SEP_p,max,7,157.50747750578486,0.0,1,127,0.0,0.0,10000
SEP_p,max,7,157.50747750578486,0.0,1,128,0.0,0.0,10000
SEP_p,max,7,157.50747750578486,0.0,1,129,0.0,0.0,10000
SEP_p,max,7,157.50747750578486,0.0,1,130,0.0,0.0,10000
SEP_p,max,7,157.50747750578486,0.0,1,131,0.0,0.0,10000
SEP_p,max,7,157.50747750578486,0.0,1,132,0.0,0.0,10000
SEP_p,max,7,157.50747750578486,0.0,1,133,0.0,0.0,10000
SEP_p,max,7,157.50747750578486,0.0,1,134,0.0,0.0,10000
SEP_p,max,7,157.50747750578486,0.0,1,135,0.0,0.0,10000
SEP_p,max,7,157.50747750578486,0.0,1,136,0.0,0.0,10000
SEP_p,max,7,157.50747750578486,0.0,1,137,0.0,0.0,10000
SEP_p,max,7,157.50747750578486,0.0,1,138,0.0,0.0,10000
SEP_p,max,7,157.50747750578486,0.0,1,139,0.0,0.0,10000
SEP_p,max,7,157.50747750578486,0.0,1,140,0.0,0.0,10000
SEP_p,max,7,157.50747750578486,0.0,1,141,0.0,0.0,10000
SEP_p,max,7,157.50747750578486,0.0,2,0,3.47208e-10,0.0,10000
SEP_p,max,7,157.50747750578486,0.0,2,1,0.0,0.0,10000
SEP_p,max,7,157.50747750578486,0.0,2,2,0.0,0.0,10000
SEP_p,max,7,157.50747750578486,0.0,2,3,0.0,0.0,10000
SEP_p,max,7,157.50747750578486,0.0,2,4,0.0,0.0,10000
SEP_p,max,7,157.50747750578486,0.0,2,5,0.0,0.0,10000
SEP_p,max,7,157.50747750578486,0.0,2,6,0.0,0.0,10000
SEP_p,max,7,157.50747750578486,0.0,2,7,0.0,0.0,10000
SEP_p,max,7,157.50747750578486,0.0,2,8,0.0,0.0,10000
SEP_p,max,7,157.50747750578486,0.0,2,9,0.0,0.0,10000
SEP_p,max,7,157.50747750578486,0.0,2,10,1.01201e-12,3.72158e-12,10000
SEP_p,max,7,157.50747750578486,0.0,2,11,4.10279e-13,2.60992e-11,10000
SEP_p,max,7,157.50747750578486,0.0,2,12,0.0,0.0,10000
SEP_p,max,7,157.50747750578486,0.0,2,13,1.02314e-12,7.56422e-12,10000
SEP_p,max,7,157.50747750578486,0.0,2,14,0.0,0.0,10000
SEP_p,max,7,157.50747750578486,0.0,2,15,0.0,0.0,10000
SEP_p,max,7,157.50747750578486,0.0,2,16,0.0,0.0,10000
SEP_p,max,7,157.50747750578486,0.0,2,17,0.0,0.0,10000
SEP_p,max,7,157.50747750578486,0.0,2,18,1.75323e-14,4.72186e-13,10000
SEP_p,max,7,157.50747750578486,0.0,2,19,2.93851e-12,1.08512e-11,10000
SEP_p,max,7,157.50747750578486,0.0,2,20,4.78335e-12,2.62951e-11,10000
SEP_p,max,7,157.50747750578486,0.0,2,21,4.8505e-13,2.13961e-11,10000
SEP_p,max,7,157.50747750578486,0.0,2,22,2.85895e-12,1.5906e-11,10000
SEP_p,max,7,157.50747750578486,0.0,2,23,1.02203e-12,7.32164e-12,10000
SEP_p,max,7,157.50747750578486,0.0,2,24,0.0,0.0,10000
SEP_p,max,7,157.50747750578486,0.0,2,25,0.0,0.0,10000
SEP_p,max,7,157.50747750578486,0.0,2,26,3.17501e-12,5.64096e-12,10000
SEP_p,max,7,157.50747750578486,0.0,2,27,3.6973e-12,8.19692e-12,10000
SEP_p,max,7,157.50747750578486,0.0,2,28,0.0,0.0,10000
SEP_p,max,7,157.50747750578486,0.0,2,29,0.0,0.0,10000
SEP_p,max,7,157.50747750578486,0.0,2,30,0.0,0.0,10000
SEP_p,max,7,157.50747750578486,0.0,2,31,0.0,0.0,10000
SEP_p,max,7,157.50747750578486,0.0,2,32,0.0,0.0,10000
SEP_p,max,7,157.50747750578486,0.0,2,33,0.0,0.0,10000
SEP_p,max,7,157.50747750578486,0.0,2,34,7.04156e-12,1.32522e-11,10000
SEP_p,max,7,157.50747750578486,0.0,2,35,0.0,0.0,10000
SEP_p,max,7,157.50747750578486,0.0,2,36,0.0,0.0,10000
SEP_p,max,7,157.50747750578486,0.0,2,37,5.53713e-12,2.38095e-11,10000
SEP_p,max,7,157.50747750578486,0.0,2,38,1.20933e-11,2.3816e-11,10000
SEP_p,max,7,157.50747750578486,0.0,2,39,0.0,0.0,10000
SEP_p,max,7,157.50747750578486,0.0,2,40,0.0,0.0,10000
SEP_p,max,7,157.50747750578486,0.0,2,41,2.44066e-12,6.12278e-12,10000
SEP_p,max,7,157.50747750578486,0.0,2,42,0.0,0.0,10000
SEP_p,max,7,157.50747750578486,0.0,2,43,8.40716e-15,2.30232e-14,10000
SEP_p,max,7,157.50747750578486,0.0,2,44,2.46444e-12,4.73877e-12,10000
SEP_p,max,7,157.50747750578486,0.0,2,45,0.0,0.0,10000
SEP_p,max,7,157.50747750578486,0.0,2,46,0.0,0.0,10000
SEP_p,max,7,157.50747750578486,0.0,2,47,3.83386e-12,3.72509e-11,10000
SEP_p,max,7,157.50747750578486,0.0,2,48,9.87385e-12,1.34247e-10,10000
SEP_p,max,7,157.50747750578486,0.0,2,49,0.0,0.0,10000
SEP_p,max,7,157.50747750578486,0.0,2,50,0.0,0.0,10000
SEP_p,max,7,157.50747750578486,0.0,2,51,3.25029e-12,1.74568e-11,10000
SEP_p,max,7,157.50747750578486,0.0,2,52,2.01709e-12,6.67757e-12,10000
SEP_p,max,7,157.50747750578486,0.0,2,53,0.0,0.0,10000
SEP_p,max,7,157.50747750578486,0.0,2,54,0.0,0.0,10000
SEP_p,max,7,157.50747750578486,0.0,2,55,0.0,0.0,10000
SEP_p,max,7,157.50747750578486,0.0,2,56,0.0,0.0,10000
SEP_p,max,7,157.50747750578486,0.0,2,57,0.0,0.0,10000
SEP_p,max,7,157.50747750578486,0.0,2,58,0.0,0.0,10000
SEP_p,max,7,157.50747750578486,0.0,2,59,0.0,0.0,10000
SEP_p,max,7,157.50747750578486,0.0,2,60,1.92867e-13,5.55333e-12,10000
SEP_p,max,7,157.50747750578486,0.0,2,61,3.96032e-13,2.73126e-13,10000
SEP_p,max,7,157.50747750578486,0.0,2,62,0.0,0.0,10000
SEP_p,max,7,157.50747750578486,0.0,2,63,0.0,0.0,10000
SEP_p,max,7,157.50747750578486,0.0,2,64,0.0,0.0,10000
SEP_p,max,7,157.50747750578486,0.0,2,65,0.0,0.0,10000
SEP_p,max,7,157.50747750578486,0.0,2,66,0.0,0.0,10000
SEP_p,max,7,157.50747750578486,0.0,2,67,0.0,0.0,10000
SEP_p,max,7,157.50747750578486,0.0,2,68,0.0,0.0,10000
SEP_p,max,7,157.50747750578486,0.0,2,69,0.0,0.0,10000
SEP_p,max,7,157.50747750578486,0.0,2,70,0.0,0.0,10000
SEP_p,max,7,157.50747750578486,0.0,2,71,0.0,0.0,10000
SEP_p,max,7,157.50747750578486,0.0,2,72,0.0,0.0,10000
SEP_p,max,7,157.50747750578486,0.0,2,73,0.0,0.0,10000
SEP_p,max,7,157.50747750578486,0.0,2,74,0.0,0.0,10000
SEP_p,max,7,157.50747750578486,0.0,2,75,0.0,0.0,10000
SEP_p,max,7,157.50747750578486,0.0,2,76,2.01246e-12,2.23632e-11,10000
SEP_p,max,7,157.50747750578486,0.0,2,77,2.45361e-12,4.45948e-11,10000
SEP_p,max,7,157.50747750578486,0.0,2,78,0.0,0.0,10000
SEP_p,max,7,157.50747750578486,0.0,2,79,0.0,0.0,10000
SEP_p,max,7,157.50747750578486,0.0,2,80,0.0,0.0,10000
SEP_p,max,7,157.50747750578486,0.0,2,81,0.0,0.0,10000
SEP_p,max,7,157.50747750578486,0.0,2,82,1.63216e-14,1.81371e-13,10000
SEP_p,max,7,157.50747750578486,0.0,2,83,0.0,0.0,10000
SEP_p,max,7,157.50747750578486,0.0,2,84,0.0,0.0,10000
SEP_p,max,7,157.50747750578486,0.0,2,85,0.0,0.0,10000
SEP_p,max,7,157.50747750578486,0.0,2,86,0.0,0.0,10000
SEP_p,max,7,157.50747750578486,0.0,2,87,0.0,0.0,10000
SEP_p,max,7,157.50747750578486,0.0,2,88,0.0,0.0,10000
SEP_p,max,7,157.50747750578486,0.0,2,89,0.0,0.0,10000
SEP_p,max,7,157.50747750578486,0.0,2,90,0.0,0.0,10000
SEP_p,max,7,157.50747750578486,0.0,2,91,0.0,0.0,10000
SEP_p,max,7,157.50747750578486,0.0,2,92,0.0,0.0,10000
SEP_p,max,7,157.50747750578486,0.0,2,93,0.0,0.0,10000
SEP_p,max,7,157.50747750578486,0.0,2,94,0.0,0.0,10000
SEP_p,max,7,157.50747750578486,0.0,2,95,0.0,0.0,10000
SEP_p,max,7,157.50747750578486,0.0,2,96,0.0,0.0,10000
SEP_p,max,7,157.50747750578486,0.0,2,97,1.22183e-14,2.55752e-14,10000
SEP_p,max,7,157.50747750578486,0.0,2,98,0.0,0.0,10000
SEP_p,max,7,157.50747750578486,0.0,2,99,0.0,0.0,10000
SEP_p,max,7,157.50747750578486,0.0,2,100,0.0,0.0,10000
SEP_p,max,7,157.50747750578486,0.0,2,101,0.0,0.0,10000
SEP_p,max,7,157.50747750578486,0.0,2,102,0.0,0.0,10000
SEP_p,max,7,157.50747750578486,0.0,2,103,2.986e-13,2.86015e-12,10000
SEP_p,max,7,157.50747750578486,0.0,2,104,6.96565e-13,8.8961e-11,10000
SEP_p,max,7,157.50747750578486,0.0,2,105,0.0,0.0,10000
SEP_p,max,7,157.50747750578486,0.0,2,106,1.08054e-11,8.87284e-12,10000
SEP_p,max,7,157.50747750578486,0.0,2,107,1.08508e-10,7.23058e-12,10000
SEP_p,max,7,157.50747750578486,0.0,2,108,1.96203e-11,7.13328e-12,10000
SEP_p,max,7,157.50747750578486,0.0,2,109,4.37042e-11,4.35953e-12,10000
SEP_p,max,7,157.50747750578486,0.0,2,110,0.0,0.0,10000
SEP_p,max,7,157.50747750578486,0.0,2,111,0.0,0.0,10000
SEP_p,max,7,157.50747750578486,0.0,2,112,0.0,0.0,10000
SEP_p,max,7,157.50747750578486,0.0,2,113,0.0,0.0,10000
SEP_p,max,7,157.50747750578486,0.0,2,114,0.0,0.0,10000
SEP_p,max,7,157.50747750578486,0.0,2,115,0.0,0.0,10000
SEP_p,max,7,157.50747750578486,0.0,2,116,1.42166e-11,1.35588e-11,10000
SEP_p,max,7,157.50747750578486,0.0,2,117,6.66999e-11,5.39205e-12,10000
SEP_p,max,7,157.50747750578486,0.0,2,118,1.00404e-11,6.10925e-12,10000
SEP_p,max,7,157.50747750578486,0.0,2,119,2.42639e-11,4.49625e-12,10000
SEP_p,max,7,157.50747750578486,0.0,2,120,0.0,0.0,10000
SEP_p,max,7,157.50747750578486,0.0,2,121,7.58513e-15,1.78516e-13,10000
SEP_p,max,7,157.50747750578486,0.0,2,122,1.7017e-12,5.84093e-12,10000
SEP_p,max,7,157.50747750578486,0.0,2,123,1.4577e-11,9.94877e-12,10000
SEP_p,max,7,157.50747750578486,0.0,2,124,3.37595e-12,5.28293e-12,10000
SEP_p,max,7,157.50747750578486,0.0,2,125,1.14583e-11,8.59956e-12,10000
SEP_p,max,7,157.50747750578486,0.0,2,126,0.0,0.0,10000
SEP_p,max,7,157.50747750578486,0.0,2,127,0.0,0.0,10000
SEP_p,max,7,157.50747750578486,0.0,2,128,0.0,0.0,10000
SEP_p,max,7,157.50747750578486,0.0,2,129,0.0,0.0,10000
SEP_p,max,7,157.50747750578486,0.0,2,130,0.0,0.0,10000
SEP_p,max,7,157.50747750578486,0.0,2,131,0.0,0.0,10000
SEP_p,max,7,157.50747750578486,0.0,2,132,0.0,0.0,10000
SEP_p,max,7,157.50747750578486,0.0,2,133,0.0,0.0,10000
SEP_p,max,7,157.50747750578486,0.0,2,134,0.0,0.0,10000
SEP_p,max,7,157.50747750578486,0.0,2,135,0.0,0.0,10000
SEP_p,max,7,157.50747750578486,0.0,2,136,0.0,0.0,10000
SEP_p,max,7,157.50747750578486,0.0,2,137,5.40325e-13,1.08043e-11,10000
SEP_p,max,7,157.50747750578486,0.0,2,138,1.06622e-11,5.33109e-11,10000
SEP_p,max,7,157.50747750578486,0.0,2,139,0.0,0.0,10000
SEP_p,max,7,157.50747750578486,0.0,2,140,1.13192e-15,5.65962e-12,10000
SEP_p,max,7,157.50747750578486,0.0,2,141,1.95697e-12,1.26829e-11,10000
GCR_H,min,1,56.23413251903491,0.0,0,0,0.0,0.0,10000
GCR_H,min,1,56.23413251903491,0.0,0,1,0.0,0.0,10000
GCR_H,min,1,56.23413251903491,0.0,0,2,0.0,0.0,10000
GCR_H,min,1,56.23413251903491,0.0,0,3,0.0,0.0,10000
GCR_H,min,1,56.23413251903491,0.0,0,4,0.0,0.0,10000
GCR_H,min,1,56.23413251903491,0.0,0,5,0.0,0.0,10000
GCR_H,min,1,56.23413251903491,0.0,0,6,0.0,0.0,10000
GCR_H,min,1,56.23413251903491,0.0,0,7,0.0,0.0,10000
GCR_H,min,1,56.23413251903491,0.0,0,8,0.0,0.0,10000
GCR_H,min,1,56.23413251903491,0.0,0,9,0.0,0.0,10000
GCR_H,min,1,56.23413251903491,0.0,0,10,0.0,0.0,10000
GCR_H,min,1,56.23413251903491,0.0,0,11,0.0,0.0,10000
GCR_H,min,1,56.23413251903491,0.0,0,12,0.0,0.0,10000
GCR_H,min,1,56.23413251903491,0.0,0,13,0.0,0.0,10000
GCR_H,min,1,56.23413251903491,0.0,0,14,0.0,0.0,10000
GCR_H,min,1,56.23413251903491,0.0,0,15,0.0,0.0,10000
GCR_H,min,1,56.23413251903491,0.0,0,16,0.0,0.0,10000
GCR_H,min,1,56.23413251903491,0.0,0,17,0.0,0.0,10000
GCR_H,min,1,56.23413251903491,0.0,0,18,0.0,0.0,10000
GCR_H,min,1,56.23413251903491,0.0,0,19,0.0,0.0,10000
GCR_H,min,1,56.23413251903491,0.0,0,20,0.0,0.0,10000
GCR_H,min,1,56.23413251903491,0.0,0,21,0.0,0.0,10000
GCR_H,min,1,56.23413251903491,0.0,0,22,0.0,0.0,10000
GCR_H,min,1,56.23413251903491,0.0,0,23,0.0,0.0,10000
GCR_H,min,1,56.23413251903491,0.0,0,24,0.0,0.0,10000
GCR_H,min,1,56.23413251903491,0.0,0,25,0.0,0.0,10000
GCR_H,min,1,56.23413251903491,0.0,0,26,0.0,0.0,10000
GCR_H,min,1,56.23413251903491,0.0,0,27,0.0,0.0,10000
GCR_H,min,1,56.23413251903491,0.0,0,28,0.0,0.0,10000
GCR_H,min,1,56.23413251903491,0.0,0,29,0.0,0.0,10000
GCR_H,min,1,56.23413251903491,0.0,0,30,0.0,0.0,10000
GCR_H,min,1,56.23413251903491,0.0,0,31,0.0,0.0,10000
GCR_H,min,1,56.23413251903491,0.0,0,32,0.0,0.0,10000
GCR_H,min,1,56.23413251903491,0.0,0,33,0.0,0.0,10000
GCR_H,min,1,56.23413251903491,0.0,0,34,0.0,0.0,10000
GCR_H,min,1,56.23413251903491,0.0,0,35,0.0,0.0,10000
GCR_H,min,1,56.23413251903491,0.0,0,36,0.0,0.0,10000
GCR_H,min,1,56.23413251903491,0.0,0,37,0.0,0.0,10000
GCR_H,min,1,56.23413251903491,0.0,0,38,0.0,0.0,10000
GCR_H,min,1,56.23413251903491,0.0,0,39,0.0,0.0,10000
GCR_H,min,1,56.23413251903491,0.0,0,40,0.0,0.0,10000
GCR_H,min,1,56.23413251903491,0.0,0,41,0.0,0.0,10000
GCR_H,min,1,56.23413251903491,0.0,0,42,0.0,0.0,10000
GCR_H,min,1,56.23413251903491,0.0,0,43,0.0,0.0,10000
GCR_H,min,1,56.23413251903491,0.0,0,44,0.0,0.0,10000
GCR_H,min,1,56.23413251903491,0.0,0,45,0.0,0.0,10000
GCR_H,min,1,56.23413251903491,0.0,0,46,0.0,0.0,10000
GCR_H,min,1,56.23413251903491,0.0,0,47,0.0,0.0,10000
GCR_H,min,1,56.23413251903491,0.0,0,48,0.0,0.0,10000
GCR_H,min,1,56.23413251903491,0.0,0,49,0.0,0.0,10000
GCR_H,min,1,56.23413251903491,0.0,0,50,0.0,0.0,10000
GCR_H,min,1,56.23413251903491,0.0,0,51,0.0,0.0,10000
GCR_H,min,1,56.23413251903491,0.0,0,52,0.0,0.0,10000
GCR_H,min,1,56.23413251903491,0.0,0,53,0.0,0.0,10000
GCR_H,min,1,56.23413251903491,0.0,0,54,0.0,0.0,10000
GCR_H,min,1,56.23413251903491,0.0,0,55,0.0,0.0,10000
GCR_H,min,1,56.23413251903491,0.0,0,56,0.0,0.0,10000
GCR_H,min,1,56.23413251903491,0.0,0,57,0.0,0.0,10000
GCR_H,min,1,56.23413251903491,0.0,0,58,0.0,0.0,10000
GCR_H,min,1,56.23413251903491,0.0,0,59,0.0,0.0,10000
GCR_H,min,1,56.23413251903491,0.0,0,60,0.0,0.0,10000
GCR_H,min,1,56.23413251903491,0.0,0,61,0.0,0.0,10000
GCR_H,min,1,56.23413251903491,0.0,0,62,0.0,0.0,10000
GCR_H,min,1,56.23413251903491,0.0,0,63,0.0,0.0,10000
GCR_H,min,1,56.23413251903491,0.0,0,64,0.0,0.0,10000
GCR_H,min,1,56.23413251903491,0.0,0,65,0.0,0.0,10000
GCR_H,min,1,56.23413251903491,0.0,0,66,0.0,0.0,10000
GCR_H,min,1,56.23413251903491,0.0,0,67,0.0,0.0,10000
GCR_H,min,1,56.23413251903491,0.0,0,68,0.0,0.0,10000
GCR_H,min,1,56.23413251903491,0.0,0,69,0.0,0.0,10000
GCR_H,min,1,56.23413251903491,0.0,0,70,0.0,0.0,10000
GCR_H,min,1,56.23413251903491,0.0,0,71,0.0,0.0,10000
GCR_H,min,1,56.23413251903491,0.0,0,72,0.0,0.0,10000
GCR_H,min,1,56.23413251903491,0.0,0,73,0.0,0.0,10000
GCR_H,min,1,56.23413251903491,0.0,0,74,0.0,0.0,10000
GCR_H,min,1,56.23413251903491,0.0,0,75,0.0,0.0,10000
GCR_H,min,1,56.23413251903491,0.0,0,76,0.0,0.0,10000
GCR_H,min,1,56.23413251903491,0.0,0,77,0.0,0.0,10000
GCR_H,min,1,56.23413251903491,0.0,0,78,0.0,0.0,10000
GCR_H,min,1,56.23413251903491,0.0,0,79,0.0,0.0,10000
GCR_H,min,1,56.23413251903491,0.0,0,80,0.0,0.0,10000
GCR_H,min,1,56.23413251903491,0.0,0,81,0.0,0.0,10000
GCR_H,min,1,56.23413251903491,0.0,0,82,0.0,0.0,10000
GCR_H,min,1,56.23413251903491,0.0,0,83,0.0,0.0,10000
GCR_H,min,1,56.23413251903491,0.0,0,84,0.0,0.0,10000
GCR_H,min,1,56.23413251903491,0.0,0,85,0.0,0.0,10000
GCR_H,min,1,56.23413251903491,0.0,0,86,0.0,0.0,10000
GCR_H,min,1,56.23413251903491,0.0,0,87,0.0,0.0,10000
GCR_H,min,1,56.23413251903491,0.0,0,88,1.39633e-12,2.73786e-12,10000
GCR_H,min,1,56.23413251903491,0.0,0,89,0.0,0.0,10000
GCR_H,min,1,56.23413251903491,0.0,0,90,0.0,0.0,10000
GCR_H,min,1,56.23413251903491,0.0,0,91,0.0,0.0,10000
GCR_H,min,1,56.23413251903491,0.0,0,92,0.0,0.0,10000
GCR_H,min,1,56.23413251903491,0.0,0,93,0.0,0.0,10000
GCR_H,min,1,56.23413251903491,0.0,0,94,0.0,0.0,10000
GCR_H,min,1,56.23413251903491,0.0,0,95,0.0,0.0,10000
GCR_H,min,1,56.23413251903491,0.0,0,96,0.0,0.0,10000
GCR_H,min,1,56.23413251903491,0.0,0,97,0.0,0.0,10000
GCR_H,min,1,56.23413251903491,0.0,0,98,0.0,0.0,10000
GCR_H,min,1,56.23413251903491,0.0,0,99,0.0,0.0,10000
GCR_H,min,1,56.23413251903491,0.0,0,100,0.0,0.0,10000
GCR_H,min,1,56.23413251903491,0.0,0,101,0.0,0.0,10000
GCR_H,min,1,56.23413251903491,0.0,0,102,0.0,0.0,10000
GCR_H,min,1,56.23413251903491,0.0,0,103,0.0,0.0,10000
GCR_H,min,1,56.23413251903491,0.0,0,104,0.0,0.0,10000
GCR_H,min,1,56.23413251903491,0.0,0,105,0.0,0.0,10000
GCR_H,min,1,56.23413251903491,0.0,0,106,0.0,0.0,10000
GCR_H,min,1,56.23413251903491,0.0,0,107,2.52754e-12,1.68426e-13,10000
GCR_H,min,1,56.23413251903491,0.0,0,108,0.0,0.0,10000
GCR_H,min,1,56.23413251903491,0.0,0,109,0.0,0.0,10000
GCR_H,min,1,56.23413251903491,0.0,0,110,0.0,0.0,10000
GCR_H,min,1,56.23413251903491,0.0,0,111,0.0,0.0,10000
GCR_H,min,1,56.23413251903491,0.0,0,112,0.0,0.0,10000
GCR_H,min,1,56.23413251903491,0.0,0,113,0.0,0.0,10000
GCR_H,min,1,56.23413251903491,0.0,0,114,0.0,0.0,10000
GCR_H,min,1,56.23413251903491,0.0,0,115,0.0,0.0,10000
GCR_H,min,1,56.23413251903491,0.0,0,116,0.0,0.0,10000
GCR_H,min,1,56.23413251903491,0.0,0,117,2.99257e-06,2.41921e-07,10000
GCR_H,min,1,56.23413251903491,0.0,0,118,0.0,0.0,10000
GCR_H,min,1,56.23413251903491,0.0,0,119,0.0,0.0,10000
GCR_H,min,1,56.23413251903491,0.0,0,120,0.0,0.0,10000
GCR_H,min,1,56.23413251903491,0.0,0,121,0.0,0.0,10000
GCR_H,min,1,56.23413251903491,0.0,0,122,0.0,0.0,10000
GCR_H,min,1,56.23413251903491,0.0,0,123,0.0,0.0,10000
GCR_H,min,1,56.23413251903491,0.0,0,124,0.0,0.0,10000
GCR_H,min,1,56.23413251903491,0.0,0,125,0.0,0.0,10000
GCR_H,min,1,56.23413251903491,0.0,0,126,0.0,0.0,10000
GCR_H,min,1,56.23413251903491,0.0,0,127,0.0,0.0,10000
GCR_H,min,1,56.23413251903491,0.0,0,128,0.0,0.0,10000
GCR_H,min,1,56.23413251903491,0.0,0,129,0.0,0.0,10000
GCR_H,min,1,56.23413251903491,0.0,0,130,0.0,0.0,10000
GCR_H,min,1,56.23413251903491,0.0,0,131,0.0,0.0,10000
GCR_H,min,1,56.23413251903491,0.0,0,132,0.0,0.0,10000
GCR_H,min,1,56.23413251903491,0.0,0,133,0.0,0.0,10000
GCR_H,min,1,56.23413251903491,0.0,0,134,0.0,0.0,10000
GCR_H,min,1,56.23413251903491,0.0,0,135,0.0,0.0,10000
GCR_H,min,1,56.23413251903491,0.0,0,136,0.0,0.0,10000
GCR_H,min,1,56.23413251903491,0.0,0,137,0.0,0.0,10000
GCR_H,min,1,56.23413251903491,0.0,0,138,0.0,0.0,10000
GCR_H,min,1,56.23413251903491,0.0,0,139,0.0,0.0,10000
GCR_H,min,1,56.23413251903491,0.0,0,140,0.0,0.0,10000
GCR_H,min,1,56.23413251903491,0.0,0,141,0.0,0.0,10000
GCR_H,min,0,17.78279410038923,0.0,1,0,0.0,0.0,10000
GCR_H,min,0,17.78279410038923,0.0,1,1,0.0,0.0,10000
GCR_H,min,0,17.78279410038923,0.0,1,2,0.0,0.0,10000
GCR_H,min,0,17.78279410038923,0.0,1,3,0.0,0.0,10000
GCR_H,min,0,17.78279410038923,0.0,1,4,0.0,0.0,10000
GCR_H,min,0,17.78279410038923,0.0,1,5,0.0,0.0,10000
GCR_H,min,0,17.78279410038923,0.0,1,6,0.0,0.0,10000
GCR_H,min,0,17.78279410038923,0.0,1,7,0.0,0.0,10000
GCR_H,min,0,17.78279410038923,0.0,1,8,0.0,0.0,10000
GCR_H,min,0,17.78279410038923,0.0,1,9,0.0,0.0,10000
GCR_H,min,0,17.78279410038923,0.0,1,10,0.0,0.0,10000
GCR_H,min,0,17.78279410038923,0.0,1,11,0.0,0.0,10000
GCR_H,min,0,17.78279410038923,0.0,1,12,0.0,0.0,10000
GCR_H,min,0,17.78279410038923,0.0,1,13,0.0,0.0,10000
GCR_H,min,0,17.78279410038923,0.0,1,14,0.0,0.0,10000
GCR_H,min,0,17.78279410038923,0.0,1,15,0.0,0.0,10000
GCR_H,min,0,17.78279410038923,0.0,1,16,0.0,0.0,10000
GCR_H,min,0,17.78279410038923,0.0,1,17,0.0,0.0,10000
GCR_H,min,0,17.78279410038923,0.0,1,18,0.0,0.0,10000
GCR_H,min,0,17.78279410038923,0.0,1,19,0.0,0.0,10000
GCR_H,min,0,17.78279410038923,0.0,1,20,0.0,0.0,10000
GCR_H,min,0,17.78279410038923,0.0,1,21,0.0,0.0,10000
GCR_H,min,0,17.78279410038923,0.0,1,22,0.0,0.0,10000
GCR_H,min,0,17.78279410038923,0.0,1,23,0.0,0.0,10000
GCR_H,min,0,17.78279410038923,0.0,1,24,0.0,0.0,10000
GCR_H,min,0,17.78279410038923,0.0,1,25,0.0,0.0,10000
GCR_H,min,0,17.78279410038923,0.0,1,26,0.0,0.0,10000
GCR_H,min,0,17.78279410038923,0.0,1,27,0.0,0.0,10000
GCR_H,min,0,17.78279410038923,0.0,1,28,0.0,0.0,10000
GCR_H,min,0,17.78279410038923,0.0,1,29,0.0,0.0,10000
GCR_H,min,0,17.78279410038923,0.0,1,30,0.0,0.0,10000
GCR_H,min,0,17.78279410038923,0.0,1,31,0.0,0.0,10000
GCR_H,min,0,17.78279410038923,0.0,1,32,0.0,0.0,10000
GCR_H,min,0,17.78279410038923,0.0,1,33,0.0,0.0,10000
GCR_H,min,0,17.78279410038923,0.0,1,34,0.0,0.0,10000
GCR_H,min,0,17.78279410038923,0.0,1,35,0.0,0.0,10000
GCR_H,min,0,17.78279410038923,0.0,1,36,0.0,0.0,10000
GCR_H,min,0,17.78279410038923,0.0,1,37,0.0,0.0,10000
GCR_H,min,0,17.78279410038923,0.0,1,38,0.0,0.0,10000
GCR_H,min,0,17.78279410038923,0.0,1,39,0.0,0.0,10000
GCR_H,min,0,17.78279410038923,0.0,1,40,0.0,0.0,10000
GCR_H,min,0,17.78279410038923,0.0,1,41,0.0,0.0,10000
GCR_H,min,0,17.78279410038923,0.0,1,42,0.0,0.0,10000
GCR_H,min,0,17.78279410038923,0.0,1,43,0.0,0.0,10000
GCR_H,min,0,17.78279410038923,0.0,1,44,0.0,0.0,10000
GCR_H,min,0,17.78279410038923,0.0,1,45,0.0,0.0,10000
GCR_H,min,0,17.78279410038923,0.0,1,46,0.0,0.0,10000
GCR_H,min,0,17.78279410038923,0.0,1,47,0.0,0.0,10000
GCR_H,min,0,17.78279410038923,0.0,1,48,0.0,0.0,10000
GCR_H,min,0,17.78279410038923,0.0,1,49,0.0,0.0,10000
GCR_H,min,0,17.78279410038923,0.0,1,50,0.0,0.0,10000
GCR_H,min,0,17.78279410038923,0.0,1,51,0.0,0.0,10000
GCR_H,min,0,17.78279410038923,0.0,1,52,0.0,0.0,10000
GCR_H,min,0,17.78279410038923,0.0,1,53,0.0,0.0,10000
GCR_H,min,0,17.78279410038923,0.0,1,54,0.0,0.0,10000
GCR_H,min,0,17.78279410038923,0.0,1,55,0.0,0.0,10000
GCR_H,min,0,17.78279410038923,0.0,1,56,0.0,0.0,10000
GCR_H,min,0,17.78279410038923,0.0,1,57,0.0,0.0,10000
GCR_H,min,0,17.78279410038923,0.0,1,58,0.0,0.0,10000
GCR_H,min,0,17.78279410038923,0.0,1,59,0.0,0.0,10000
GCR_H,min,0,17.78279410038923,0.0,1,60,0.0,0.0,10000
GCR_H,min,0,17.78279410038923,0.0,1,61,0.0,0.0,10000
GCR_H,min,0,17.78279410038923,0.0,1,62,0.0,0.0,10000
GCR_H,min,0,17.78279410038923,0.0,1,63,0.0,0.0,10000
GCR_H,min,0,17.78279410038923,0.0,1,64,0.0,0.0,10000
GCR_H,min,0,17.78279410038923,0.0,1,65,0.0,0.0,10000
GCR_H,min,0,17.78279410038923,0.0,1,66,0.0,0.0,10000
GCR_H,min,0,17.78279410038923,0.0,1,67,0.0,0.0,10000
GCR_H,min,0,17.78279410038923,0.0,1,68,0.0,0.0,10000
GCR_H,min,0,17.78279410038923,0.0,1,69,0.0,0.0,10000
GCR_H,min,0,17.78279410038923,0.0,1,70,0.0,0.0,10000
GCR_H,min,0,17.78279410038923,0.0,1,71,0.0,0.0,10000
GCR_H,min,0,17.78279410038923,0.0,1,72,0.0,0.0,10000
GCR_H,min,0,17.78279410038923,0.0,1,73,0.0,0.0,10000
GCR_H,min,0,17.78279410038923,0.0,1,74,0.0,0.0,10000
GCR_H,min,0,17.78279410038923,0.0,1,75,0.0,0.0,10000
GCR_H,min,0,17.78279410038923,0.0,1,76,0.0,0.0,10000
GCR_H,min,0,17.78279410038923,0.0,1,77,0.0,0.0,10000
GCR_H,min,0,17.78279410038923,0.0,1,78,0.0,0.0,10000
GCR_H,min,0,17.78279410038923,0.0,1,79,0.0,0.0,10000
GCR_H,min,0,17.78279410038923,0.0,1,80,0.0,0.0,10000
GCR_H,min,0,17.78279410038923,0.0,1,81,0.0,0.0,10000
GCR_H,min,0,17.78279410038923,0.0,1,82,0.0,0.0,10000
GCR_H,min,0,17.78279410038923,0.0,1,83,0.0,0.0,10000
GCR_H,min,0,17.78279410038923,0.0,1,84,0.0,0.0,10000
GCR_H,min,0,17.78279410038923,0.0,1,85,0.0,0.0,10000
GCR_H,min,0,17.78279410038923,0.0,1,86,0.0,0.0,10000
GCR_H,min,0,17.78279410038923,0.0,1,87,0.0,0.0,10000
GCR_H,min,0,17.78279410038923,0.0,1,88,0.0,0.0,10000
GCR_H,min,0,17.78279410038923,0.0,1,89,0.0,0.0,10000
GCR_H,min,0,17.78279410038923,0.0,1,90,0.0,0.0,10000
GCR_H,min,0,17.78279410038923,0.0,1,91,0.0,0.0,10000
GCR_H,min,0,17.78279410038923,0.0,1,92,0.0,0.0,10000
GCR_H,min,0,17.78279410038923,0.0,1,93,0.0,0.0,10000
GCR_H,min,0,17.78279410038923,0.0,1,94,0.0,0.0,10000
GCR_H,min,0,17.78279410038923,0.0,1,95,0.0,0.0,10000
GCR_H,min,0,17.78279410038923,0.0,1,96,0.0,0.0,10000
GCR_H,min,0,17.78279410038923,0.0,1,97,0.0,0.0,10000
GCR_H,min,0,17.78279410038923,0.0,1,98,0.0,0.0,10000
GCR_H,min,0,17.78279410038923,0.0,1,99,0.0,0.0,10000
GCR_H,min,0,17.78279410038923,0.0,1,100,0.0,0.0,10000
GCR_H,min,0,17.78279410038923,0.0,1,101,0.0,0.0,10000
GCR_H,min,0,17.78279410038923,0.0,1,102,0.0,0.0,10000
GCR_H,min,0,17.78279410038923,0.0,1,103,0.0,0.0,10000
GCR_H,min,0,17.78279410038923,0.0,1,104,0.0,0.0,10000
GCR_H,min,0,17.78279410038923,0.0,1,105,0.0,0.0,10000
GCR_H,min,0,17.78279410038923,0.0,1,106,0.0,0.0,10000
GCR_H,min,0,17.78279410038923,0.0,1,107,0.0,0.0,10000
GCR_H,min,0,17.78279410038923,0.0,1,108,0.0,0.0,10000
GCR_H,min,0,17.78279410038923,0.0,1,109,0.0,0.0,10000
GCR_H,min,0,17.78279410038923,0.0,1,110,0.0,0.0,10000
GCR_H,min,0,17.78279410038923,0.0,1,111,0.0,0.0,10000
GCR_H,min,0,17.78279410038923,0.0,1,112,0.0,0.0,10000
GCR_H,min,0,17.78279410038923,0.0,1,113,0.0,0.0,10000
GCR_H,min,0,17.78279410038923,0.0,1,114,0.0,0.0,10000
GCR_H,min,0,17.78279410038923,0.0,1,115,0.0,0.0,10000
GCR_H,min,0,17.78279410038923,0.0,1,116,0.0,0.0,10000
GCR_H,min,0,17.78279410038923,0.0,1,117,0.0,0.0,10000
GCR_H,min,0,17.78279410038923,0.0,1,118,0.0,0.0,10000
GCR_H,min,0,17.78279410038923,0.0,1,119,0.0,0.0,10000
GCR_H,min,0,17.78279410038923,0.0,1,120,0.0,0.0,10000
GCR_H,min,0,17.78279410038923,0.0,1,121,0.0,0.0,10000
GCR_H,min,0,17.78279410038923,0.0,1,122,0.0,0.0,10000
GCR_H,min,0,17.78279410038923,0.0,1,123,0.0,0.0,10000
GCR_H,min,0,17.78279410038923,0.0,1,124,0.0,0.0,10000
GCR_H,min,0,17.78279410038923,0.0,1,125,0.0,0.0,10000
GCR_H,min,0,17.78279410038923,0.0,1,126,0.0,0.0,10000
GCR_H,min,0,17.78279410038923,0.0,1,127,0.0,0.0,10000
GCR_H,min,0,17.78279410038923,0.0,1,128,0.0,0.0,10000
GCR_H,min,0,17.78279410038923,0.0,1,129,0.0,0.0,10000
GCR_H,min,0,17.78279410038923,0.0,1,130,0.0,0.0,10000
GCR_H,min,0,17.78279410038923,0.0,1,131,0.0,0.0,10000
GCR_H,min,0,17.78279410038923,0.0,1,132,0.0,0.0,10000
GCR_H,min,0,17.78279410038923,0.0,1,133,0.0,0.0,10000
GCR_H,min,0,17.78279410038923,0.0,1,134,0.0,0.0,10000
GCR_H,min,0,17.78279410038923,0.0,1,135,0.0,0.0,10000
GCR_H,min,0,17.78279410038923,0.0,1,136,0.0,0.0,10000
GCR_H,min,0,17.78279410038923,0.0,1,137,0.0,0.0,10000
GCR_H,min,0,17.78279410038923,0.0,1,138,0.0,0.0,10000
GCR_H,min,0,17.78279410038923,0.0,1,139,0.0,0.0,10000
GCR_H,min,0,17.78279410038923,0.0,1,140,0.0,0.0,10000
GCR_H,min,0,17.78279410038923,0.0,1,141,0.0,0.0,10000
GCR_H,min,0,17.78279410038923,0.0,2,0,0.0,0.0,10000
GCR_H,min,0,17.78279410038923,0.0,2,1,0.0,0.0,10000
GCR_H,min,0,17.78279410038923,0.0,2,2,0.0,0.0,10000
GCR_H,min,0,17.78279410038923,0.0,2,3,0.0,0.0,10000
GCR_H,min,0,17.78279410038923,0.0,2,4,0.0,0.0,10000
GCR_H,min,0,17.78279410038923,0.0,2,5,0.0,0.0,10000
GCR_H,min,0,17.78279410038923,0.0,2,6,0.0,0.0,10000
GCR_H,min,0,17.78279410038923,0.0,2,7,0.0,0.0,10000
GCR_H,min,0,17.78279410038923,0.0,2,8,0.0,0.0,10000
GCR_H,min,0,17.78279410038923,0.0,2,9,0.0,0.0,10000
GCR_H,min,0,17.78279410038923,0.0,2,10,0.0,0.0,10000
GCR_H,min,0,17.78279410038923,0.0,2,11,0.0,0.0,10000
GCR_H,min,0,17.78279410038923,0.0,2,12,0.0,0.0,10000
GCR_H,min,0,17.78279410038923,0.0,2,13,0.0,0.0,10000
GCR_H,min,0,17.78279410038923,0.0,2,14,0.0,0.0,10000
GCR_H,min,0,17.78279410038923,0.0,2,15,0.0,0.0,10000
GCR_H,min,0,17.78279410038923,0.0,2,16,0.0,0.0,10000
GCR_H,min,0,17.78279410038923,0.0,2,17,0.0,0.0,10000
GCR_H,min,0,17.78279410038923,0.0,2,18,0.0,0.0,10000
GCR_H,min,0,17.78279410038923,0.0,2,19,0.0,0.0,10000
GCR_H,min,0,17.78279410038923,0.0,2,20,0.0,0.0,10000
GCR_H,min,0,17.78279410038923,0.0,2,21,0.0,0.0,10000
GCR_H,min,0,17.78279410038923,0.0,2,22,0.0,0.0,10000
GCR_H,min,0,17.78279410038923,0.0,2,23,0.0,0.0,10000
GCR_H,min,0,17.78279410038923,0.0,2,24,0.0,0.0,10000
GCR_H,min,0,17.78279410038923,0.0,2,25,0.0,0.0,10000
GCR_H,min,0,17.78279410038923,0.0,2,26,0.0,0.0,10000
GCR_H,min,0,17.78279410038923,0.0,2,27,0.0,0.0,10000
GCR_H,min,0,17.78279410038923,0.0,2,28,0.0,0.0,10000
GCR_H,min,0,17.78279410038923,0.0,2,29,0.0,0.0,10000
GCR_H,min,0,17.78279410038923,0.0,2,30,0.0,0.0,10000
GCR_H,min,0,17.78279410038923,0.0,2,31,0.0,0.0,10000
GCR_H,min,0,17.78279410038923,0.0,2,32,0.0,0.0,10000
GCR_H,min,0,17.78279410038923,0.0,2,33,0.0,0.0,10000
GCR_H,min,0,17.78279410038923,0.0,2,34,0.0,0.0,10000
GCR_H,min,0,17.78279410038923,0.0,2,35,0.0,0.0,10000
GCR_H,min,0,17.78279410038923,0.0,2,36,0.0,0.0,10000
GCR_H,min,0,17.78279410038923,0.0,2,37,0.0,0.0,10000
GCR_H,min,0,17.78279410038923,0.0,2,38,0.0,0.0,10000
GCR_H,min,0,17.78279410038923,0.0,2,39,0.0,0.0,10000
GCR_H,min,0,17.78279410038923,0.0,2,40,0.0,0.0,10000
GCR_H,min,0,17.78279410038923,0.0,2,41,0.0,0.0,10000
GCR_H,min,0,17.78279410038923,0.0,2,42,0.0,0.0,10000
GCR_H,min,0,17.78279410038923,0.0,2,43,0.0,0.0,10000
GCR_H,min,0,17.78279410038923,0.0,2,44,0.0,0.0,10000
GCR_H,min,0,17.78279410038923,0.0,2,45,0.0,0.0,10000
GCR_H,min,0,17.78279410038923,0.0,2,46,0.0,0.0,10000
GCR_H,min,0,17.78279410038923,0.0,2,47,0.0,0.0,10000
GCR_H,min,0,17.78279410038923,0.0,2,48,0.0,0.0,10000
GCR_H,min,0,17.78279410038923,0.0,2,49,0.0,0.0,10000
GCR_H,min,0,17.78279410038923,0.0,2,50,0.0,0.0,10000
GCR_H,min,0,17.78279410038923,0.0,2,51,0.0,0.0,10000
GCR_H,min,0,17.78279410038923,0.0,2,52,0.0,0.0,10000
GCR_H,min,0,17.78279410038923,0.0,2,53,0.0,0.0,10000
GCR_H,min,0,17.78279410038923,0.0,2,54,0.0,0.0,10000
GCR_H,min,0,17.78279410038923,0.0,2,55,0.0,0.0,10000
GCR_H,min,0,17.78279410038923,0.0,2,56,0.0,0.0,10000
GCR_H,min,0,17.78279410038923,0.0,2,57,0.0,0.0,10000
GCR_H,min,0,17.78279410038923,0.0,2,58,0.0,0.0,10000
GCR_H,min,0,17.78279410038923,0.0,2,59,0.0,0.0,10000
GCR_H,min,0,17.78279410038923,0.0,2,60,0.0,0.0,10000
GCR_H,min,0,17.78279410038923,0.0,2,61,0.0,0.0,10000
GCR_H,min,0,17.78279410038923,0.0,2,62,0.0,0.0,10000
GCR_H,min,0,17.78279410038923,0.0,2,63,0.0,0.0,10000
GCR_H,min,0,17.78279410038923,0.0,2,64,0.0,0.0,10000
GCR_H,min,0,17.78279410038923,0.0,2,65,0.0,0.0,10000
GCR_H,min,0,17.78279410038923,0.0,2,66,0.0,0.0,10000
GCR_H,min,0,17.78279410038923,0.0,2,67,0.0,0.0,10000
GCR_H,min,0,17.78279410038923,0.0,2,68,0.0,0.0,10000
GCR_H,min,0,17.78279410038923,0.0,2,69,0.0,0.0,10000
GCR_H,min,0,17.78279410038923,0.0,2,70,0.0,0.0,10000
GCR_H,min,0,17.78279410038923,0.0,2,71,0.0,0.0,10000
GCR_H,min,0,17.78279410038923,0.0,2,72,0.0,0.0,10000
GCR_H,min,0,17.78279410038923,0.0,2,73,0.0,0.0,10000
GCR_H,min,0,17.78279410038923,0.0,2,74,0.0,0.0,10000
GCR_H,min,0,17.78279410038923,0.0,2,75,0.0,0.0,10000
GCR_H,min,0,17.78279410038923,0.0,2,76,0.0,0.0,10000
GCR_H,min,0,17.78279410038923,0.0,2,77,0.0,0.0,10000
GCR_H,min,0,17.78279410038923,0.0,2,78,0.0,0.0,10000
GCR_H,min,0,17.78279410038923,0.0,2,79,0.0,0.0,10000
GCR_H,min,0,17.78279410038923,0.0,2,80,0.0,0.0,10000
GCR_H,min,0,17.78279410038923,0.0,2,81,0.0,0.0,10000
GCR_H,min,0,17.78279410038923,0.0,2,82,0.0,0.0,10000
GCR_H,min,0,17.78279410038923,0.0,2,83,0.0,0.0,10000
GCR_H,min,0,17.78279410038923,0.0,2,84,0.0,0.0,10000
GCR_H,min,0,17.78279410038923,0.0,2,85,0.0,0.0,10000
GCR_H,min,0,17.78279410038923,0.0,2,86,0.0,0.0,10000
GCR_H,min,0,17.78279410038923,0.0,2,87,0.0,0.0,10000
GCR_H,min,0,17.78279410038923,0.0,2,88,0.0,0.0,10000
GCR_H,min,0,17.78279410038923,0.0,2,89,0.0,0.0,10000
GCR_H,min,0,17.78279410038923,0.0,2,90,0.0,0.0,10000
GCR_H,min,0,17.78279410038923,0.0,2,91,0.0,0.0,10000
GCR_H,min,0,17.78279410038923,0.0,2,92,0.0,0.0,10000
GCR_H,min,0,17.78279410038923,0.0,2,93,0.0,0.0,10000
GCR_H,min,0,17.78279410038923,0.0,2,94,0.0,0.0,10000
GCR_H,min,0,17.78279410038923,0.0,2,95,0.0,0.0,10000
GCR_H,min,0,17.78279410038923,0.0,2,96,0.0,0.0,10000
GCR_H,min,0,17.78279410038923,0.0,2,97,0.0,0.0,10000
GCR_H,min,0,17.78279410038923,0.0,2,98,0.0,0.0,10000
GCR_H,min,0,17.78279410038923,0.0,2,99,0.0,0.0,10000
GCR_H,min,0,17.78279410038923,0.0,2,100,0.0,0.0,10000
GCR_H,min,0,17.78279410038923,0.0,2,101,0.0,0.0,10000
GCR_H,min,0,17.78279410038923,0.0,2,102,0.0,0.0,10000
GCR_H,min,0,17.78279410038923,0.0,2,103,0.0,0.0,10000
GCR_H,min,0,17.78279410038923,0.0,2,104,0.0,0.0,10000
GCR_H,min,0,17.78279410038923,0.0,2,105,0.0,0.0,10000
GCR_H,min,0,17.78279410038923,0.0,2,106,0.0,0.0,10000
GCR_H,min,0,17.78279410038923,0.0,2,107,0.0,0.0,10000
GCR_H,min,0,17.78279410038923,0.0,2,108,0.0,0.0,10000
GCR_H,min,0,17.78279410038923,0.0,2,109,0.0,0.0,10000
GCR_H,min,0,17.78279410038923,0.0,2,110,0.0,0.0,10000
GCR_H,min,0,17.78279410038923,0.0,2,111,0.0,0.0,10000
GCR_H,min,0,17.78279410038923,0.0,2,112,0.0,0.0,10000
GCR_H,min,0,17.78279410038923,0.0,2,113,0.0,0.0,10000
GCR_H,min,0,17.78279410038923,0.0,2,114,0.0,0.0,10000
GCR_H,min,0,17.78279410038923,0.0,2,115,0.0,0.0,10000
GCR_H,min,0,17.78279410038923,0.0,2,116,0.0,0.0,10000
GCR_H,min,0,17.78279410038923,0.0,2,117,0.0,0.0,10000
GCR_H,min,0,17.78279410038923,0.0,2,118,0.0,0.0,10000
GCR_H,min,0,17.78279410038923,0.0,2,119,0.0,0.0,10000
GCR_H,min,0,17.78279410038923,0.0,2,120,0.0,0.0,10000
GCR_H,min,0,17.78279410038923,0.0,2,121,0.0,0.0,10000
GCR_H,min,0,17.78279410038923,0.0,2,122,0.0,0.0,10000
GCR_H,min,0,17.78279410038923,0.0,2,123,0.0,0.0,10000
GCR_H,min,0,17.78279410038923,0.0,2,124,0.0,0.0,10000
GCR_H,min,0,17.78279410038923,0.0,2,125,0.0,0.0,10000
GCR_H,min,0,17.78279410038923,0.0,2,126,0.0,0.0,10000
GCR_H,min,0,17.78279410038923,0.0,2,127,0.0,0.0,10000
GCR_H,min,0,17.78279410038923,0.0,2,128,0.0,0.0,10000
GCR_H,min,0,17.78279410038923,0.0,2,129,0.0,0.0,10000
GCR_H,min,0,17.78279410038923,0.0,2,130,0.0,0.0,10000
GCR_H,min,0,17.78279410038923,0.0,2,131,0.0,0.0,10000
GCR_H,min,0,17.78279410038923,0.0,2,132,0.0,0.0,10000
GCR_H,min,0,17.78279410038923,0.0,2,133,0.0,0.0,10000
GCR_H,min,0,17.78279410038923,0.0,2,134,0.0,0.0,10000
GCR_H,min,0,17.78279410038923,0.0,2,135,0.0,0.0,10000
GCR_H,min,0,17.78279410038923,0.0,2,136,0.0,0.0,10000
GCR_H,min,0,17.78279410038923,0.0,2,137,0.0,0.0,10000
GCR_H,min,0,17.78279410038923,0.0,2,138,0.0,0.0,10000
GCR_H,min,0,17.78279410038923,0.0,2,139,0.0,0.0,10000
GCR_H,min,0,17.78279410038923,0.0,2,140,0.0,0.0,10000
GCR_H,min,0,17.78279410038923,0.0,2,141,0.0,0.0,10000
GCR_H,min,1,56.23413251903491,0.0,1,0,0.0,0.0,10000
GCR_H,min,1,56.23413251903491,0.0,1,1,0.0,0.0,10000
GCR_H,min,1,56.23413251903491,0.0,1,2,0.0,0.0,10000
GCR_H,min,1,56.23413251903491,0.0,1,3,0.0,0.0,10000
GCR_H,min,1,56.23413251903491,0.0,1,4,0.0,0.0,10000
GCR_H,min,1,56.23413251903491,0.0,1,5,0.0,0.0,10000
GCR_H,min,1,56.23413251903491,0.0,1,6,0.0,0.0,10000
GCR_H,min,1,56.23413251903491,0.0,1,7,0.0,0.0,10000
GCR_H,min,1,56.23413251903491,0.0,1,8,0.0,0.0,10000
GCR_H,min,1,56.23413251903491,0.0,1,9,0.0,0.0,10000
GCR_H,min,1,56.23413251903491,0.0,1,10,0.0,0.0,10000
GCR_H,min,1,56.23413251903491,0.0,1,11,0.0,0.0,10000
GCR_H,min,1,56.23413251903491,0.0,1,12,0.0,0.0,10000
GCR_H,min,1,56.23413251903491,0.0,1,13,0.0,0.0,10000
GCR_H,min,1,56.23413251903491,0.0,1,14,0.0,0.0,10000
GCR_H,min,1,56.23413251903491,0.0,1,15,0.0,0.0,10000
GCR_H,min,1,56.23413251903491,0.0,1,16,0.0,0.0,10000
GCR_H,min,1,56.23413251903491,0.0,1,17,0.0,0.0,10000
GCR_H,min,1,56.23413251903491,0.0,1,18,0.0,0.0,10000
GCR_H,min,1,56.23413251903491,0.0,1,19,0.0,0.0,10000
GCR_H,min,1,56.23413251903491,0.0,1,20,0.0,0.0,10000
GCR_H,min,1,56.23413251903491,0.0,1,21,0.0,0.0,10000
GCR_H,min,1,56.23413251903491,0.0,1,22,0.0,0.0,10000
GCR_H,min,1,56.23413251903491,0.0,1,23,0.0,0.0,10000
GCR_H,min,1,56.23413251903491,0.0,1,24,0.0,0.0,10000
GCR_H,min,1,56.23413251903491,0.0,1,25,0.0,0.0,10000
GCR_H,min,1,56.23413251903491,0.0,1,26,0.0,0.0,10000
GCR_H,min,1,56.23413251903491,0.0,1,27,0.0,0.0,10000
GCR_H,min,1,56.23413251903491,0.0,1,28,0.0,0.0,10000
GCR_H,min,1,56.23413251903491,0.0,1,29,0.0,0.0,10000
GCR_H,min,1,56.23413251903491,0.0,1,30,0.0,0.0,10000
GCR_H,min,1,56.23413251903491,0.0,1,31,0.0,0.0,10000
GCR_H,min,1,56.23413251903491,0.0,1,32,0.0,0.0,10000
GCR_H,min,1,56.23413251903491,0.0,1,33,0.0,0.0,10000
GCR_H,min,1,56.23413251903491,0.0,1,34,0.0,0.0,10000
GCR_H,min,1,56.23413251903491,0.0,1,35,0.0,0.0,10000
GCR_H,min,1,56.23413251903491,0.0,1,36,0.0,0.0,10000
GCR_H,min,1,56.23413251903491,0.0,1,37,0.0,0.0,10000
GCR_H,min,1,56.23413251903491,0.0,1,38,0.0,0.0,10000
GCR_H,min,1,56.23413251903491,0.0,1,39,0.0,0.0,10000
GCR_H,min,1,56.23413251903491,0.0,1,40,0.0,0.0,10000
GCR_H,min,1,56.23413251903491,0.0,1,41,0.0,0.0,10000
GCR_H,min,1,56.23413251903491,0.0,1,42,0.0,0.0,10000
GCR_H,min,1,56.23413251903491,0.0,1,43,0.0,0.0,10000
GCR_H,min,1,56.23413251903491,0.0,1,44,0.0,0.0,10000
GCR_H,min,1,56.23413251903491,0.0,1,45,0.0,0.0,10000
GCR_H,min,1,56.23413251903491,0.0,1,46,0.0,0.0,10000
GCR_H,min,1,56.23413251903491,0.0,1,47,0.0,0.0,10000
GCR_H,min,1,56.23413251903491,0.0,1,48,0.0,0.0,10000
GCR_H,min,1,56.23413251903491,0.0,1,49,0.0,0.0,10000
GCR_H,min,1,56.23413251903491,0.0,1,50,0.0,0.0,10000
GCR_H,min,1,56.23413251903491,0.0,1,51,0.0,0.0,10000
GCR_H,min,1,56.23413251903491,0.0,1,52,0.0,0.0,10000
GCR_H,min,1,56.23413251903491,0.0,1,53,0.0,0.0,10000
GCR_H,min,1,56.23413251903491,0.0,1,54,0.0,0.0,10000
GCR_H,min,1,56.23413251903491,0.0,1,55,0.0,0.0,10000
GCR_H,min,1,56.23413251903491,0.0,1,56,0.0,0.0,10000
GCR_H,min,1,56.23413251903491,0.0,1,57,0.0,0.0,10000
GCR_H,min,1,56.23413251903491,0.0,1,58,0.0,0.0,10000
GCR_H,min,1,56.23413251903491,0.0,1,59,0.0,0.0,10000
GCR_H,min,1,56.23413251903491,0.0,1,60,0.0,0.0,10000
GCR_H,min,1,56.23413251903491,0.0,1,61,0.0,0.0,10000
GCR_H,min,1,56.23413251903491,0.0,1,62,0.0,0.0,10000
GCR_H,min,1,56.23413251903491,0.0,1,63,0.0,0.0,10000
GCR_H,min,1,56.23413251903491,0.0,1,64,0.0,0.0,10000
GCR_H,min,1,56.23413251903491,0.0,1,65,0.0,0.0,10000
GCR_H,min,1,56.23413251903491,0.0,1,66,0.0,0.0,10000
GCR_H,min,1,56.23413251903491,0.0,1,67,0.0,0.0,10000
GCR_H,min,1,56.23413251903491,0.0,1,68,0.0,0.0,10000
GCR_H,min,1,56.23413251903491,0.0,1,69,0.0,0.0,10000
GCR_H,min,1,56.23413251903491,0.0,1,70,0.0,0.0,10000
GCR_H,min,1,56.23413251903491,0.0,1,71,0.0,0.0,10000
GCR_H,min,1,56.23413251903491,0.0,1,72,0.0,0.0,10000
GCR_H,min,1,56.23413251903491,0.0,1,73,0.0,0.0,10000
GCR_H,min,1,56.23413251903491,0.0,1,74,0.0,0.0,10000
GCR_H,min,1,56.23413251903491,0.0,1,75,0.0,0.0,10000
GCR_H,min,1,56.23413251903491,0.0,1,76,0.0,0.0,10000
GCR_H,min,1,56.23413251903491,0.0,1,77,0.0,0.0,10000
GCR_H,min,1,56.23413251903491,0.0,1,78,0.0,0.0,10000
GCR_H,min,1,56.23413251903491,0.0,1,79,0.0,0.0,10000
GCR_H,min,1,56.23413251903491,0.0,1,80,0.0,0.0,10000
GCR_H,min,1,56.23413251903491,0.0,1,81,0.0,0.0,10000
GCR_H,min,1,56.23413251903491,0.0,1,82,0.0,0.0,10000
GCR_H,min,1,56.23413251903491,0.0,1,83,0.0,0.0,10000
GCR_H,min,1,56.23413251903491,0.0,1,84,0.0,0.0,10000
GCR_H,min,1,56.23413251903491,0.0,1,85,0.0,0.0,10000
GCR_H,min,1,56.23413251903491,0.0,1,86,0.0,0.0,10000
GCR_H,min,1,56.23413251903491,0.0,1,87,0.0,0.0,10000
GCR_H,min,1,56.23413251903491,0.0,1,88,0.0,0.0,10000
GCR_H,min,1,56.23413251903491,0.0,1,89,0.0,0.0,10000
GCR_H,min,1,56.23413251903491,0.0,1,90,0.0,0.0,10000
GCR_H,min,1,56.23413251903491,0.0,1,91,0.0,0.0,10000
GCR_H,min,1,56.23413251903491,0.0,1,92,0.0,0.0,10000
GCR_H,min,1,56.23413251903491,0.0,1,93,0.0,0.0,10000
GCR_H,min,1,56.23413251903491,0.0,1,94,0.0,0.0,10000
GCR_H,min,1,56.23413251903491,0.0,1,95,0.0,0.0,10000
GCR_H,min,1,56.23413251903491,0.0,1,96,0.0,0.0,10000
GCR_H,min,1,56.23413251903491,0.0,1,97,0.0,0.0,10000
GCR_H,min,1,56.23413251903491,0.0,1,98,0.0,0.0,10000
GCR_H,min,1,56.23413251903491,0.0,1,99,0.0,0.0,10000
GCR_H,min,1,56.23413251903491,0.0,1,100,0.0,0.0,10000
GCR_H,min,1,56.23413251903491,0.0,1,101,0.0,0.0,10000
GCR_H,min,1,56.23413251903491,0.0,1,102,0.0,0.0,10000
GCR_H,min,1,56.23413251903491,0.0,1,103,0.0,0.0,10000
GCR_H,min,1,56.23413251903491,0.0,1,104,0.0,0.0,10000
GCR_H,min,1,56.23413251903491,0.0,1,105,0.0,0.0,10000
GCR_H,min,1,56.23413251903491,0.0,1,106,0.0,0.0,10000
GCR_H,min,1,56.23413251903491,0.0,1,107,0.0,0.0,10000
GCR_H,min,1,56.23413251903491,0.0,1,108,0.0,0.0,10000
GCR_H,min,1,56.23413251903491,0.0,1,109,0.0,0.0,10000
GCR_H,min,1,56.23413251903491,0.0,1,110,0.0,0.0,10000
GCR_H,min,1,56.23413251903491,0.0,1,111,0.0,0.0,10000
GCR_H,min,1,56.23413251903491,0.0,1,112,0.0,0.0,10000
GCR_H,min,1,56.23413251903491,0.0,1,113,0.0,0.0,10000
GCR_H,min,1,56.23413251903491,0.0,1,114,0.0,0.0,10000
GCR_H,min,1,56.23413251903491,0.0,1,115,0.0,0.0,10000
GCR_H,min,1,56.23413251903491,0.0,1,116,0.0,0.0,10000
GCR_H,min,1,56.23413251903491,0.0,1,117,0.0,0.0,10000
GCR_H,min,1,56.23413251903491,0.0,1,118,0.0,0.0,10000
GCR_H,min,1,56.23413251903491,0.0,1,119,0.0,0.0,10000
GCR_H,min,1,56.23413251903491,0.0,1,120,0.0,0.0,10000
GCR_H,min,1,56.23413251903491,0.0,1,121,0.0,0.0,10000
GCR_H,min,1,56.23413251903491,0.0,1,122,0.0,0.0,10000
GCR_H,min,1,56.23413251903491,0.0,1,123,0.0,0.0,10000
GCR_H,min,1,56.23413251903491,0.0,1,124,0.0,0.0,10000
GCR_H,min,1,56.23413251903491,0.0,1,125,0.0,0.0,10000
GCR_H,min,1,56.23413251903491,0.0,1,126,0.0,0.0,10000
GCR_H,min,1,56.23413251903491,0.0,1,127,0.0,0.0,10000
GCR_H,min,1,56.23413251903491,0.0,1,128,0.0,0.0,10000
GCR_H,min,1,56.23413251903491,0.0,1,129,0.0,0.0,10000
GCR_H,min,1,56.23413251903491,0.0,1,130,0.0,0.0,10000
GCR_H,min,1,56.23413251903491,0.0,1,131,0.0,0.0,10000
GCR_H,min,1,56.23413251903491,0.0,1,132,0.0,0.0,10000
GCR_H,min,1,56.23413251903491,0.0,1,133,0.0,0.0,10000
GCR_H,min,1,56.23413251903491,0.0,1,134,0.0,0.0,10000
GCR_H,min,1,56.23413251903491,0.0,1,135,0.0,0.0,10000
GCR_H,min,1,56.23413251903491,0.0,1,136,0.0,0.0,10000
GCR_H,min,1,56.23413251903491,0.0,1,137,0.0,0.0,10000
GCR_H,min,1,56.23413251903491,0.0,1,138,0.0,0.0,10000
GCR_H,min,1,56.23413251903491,0.0,1,139,0.0,0.0,10000
GCR_H,min,1,56.23413251903491,0.0,1,140,0.0,0.0,10000
GCR_H,min,1,56.23413251903491,0.0,1,141,0.0,0.0,10000
GCR_H,min,1,56.23413251903491,0.0,2,0,0.0,0.0,10000
GCR_H,min,1,56.23413251903491,0.0,2,1,0.0,0.0,10000
GCR_H,min,1,56.23413251903491,0.0,2,2,0.0,0.0,10000
GCR_H,min,1,56.23413251903491,0.0,2,3,0.0,0.0,10000
GCR_H,min,1,56.23413251903491,0.0,2,4,0.0,0.0,10000
GCR_H,min,1,56.23413251903491,0.0,2,5,0.0,0.0,10000
GCR_H,min,1,56.23413251903491,0.0,2,6,0.0,0.0,10000
GCR_H,min,1,56.23413251903491,0.0,2,7,0.0,0.0,10000
GCR_H,min,1,56.23413251903491,0.0,2,8,0.0,0.0,10000
GCR_H,min,1,56.23413251903491,0.0,2,9,0.0,0.0,10000
GCR_H,min,1,56.23413251903491,0.0,2,10,0.0,0.0,10000
GCR_H,min,1,56.23413251903491,0.0,2,11,0.0,0.0,10000
GCR_H,min,1,56.23413251903491,0.0,2,12,0.0,0.0,10000
GCR_H,min,1,56.23413251903491,0.0,2,13,0.0,0.0,10000
GCR_H,min,1,56.23413251903491,0.0,2,14,0.0,0.0,10000
GCR_H,min,1,56.23413251903491,0.0,2,15,0.0,0.0,10000
GCR_H,min,1,56.23413251903491,0.0,2,16,0.0,0.0,10000
GCR_H,min,1,56.23413251903491,0.0,2,17,0.0,0.0,10000
GCR_H,min,1,56.23413251903491,0.0,2,18,0.0,0.0,10000
GCR_H,min,1,56.23413251903491,0.0,2,19,0.0,0.0,10000
GCR_H,min,1,56.23413251903491,0.0,2,20,2.56084e-18,1.40775e-17,10000
GCR_H,min,1,56.23413251903491,0.0,2,21,0.0,0.0,10000
GCR_H,min,1,56.23413251903491,0.0,2,22,0.0,0.0,10000
GCR_H,min,1,56.23413251903491,0.0,2,23,0.0,0.0,10000
GCR_H,min,1,56.23413251903491,0.0,2,24,0.0,0.0,10000
GCR_H,min,1,56.23413251903491,0.0,2,25,0.0,0.0,10000
GCR_H,min,1,56.23413251903491,0.0,2,26,0.0,0.0,10000
GCR_H,min,1,56.23413251903491,0.0,2,27,0.0,0.0,10000
GCR_H,min,1,56.23413251903491,0.0,2,28,0.0,0.0,10000
GCR_H,min,1,56.23413251903491,0.0,2,29,0.0,0.0,10000
GCR_H,min,1,56.23413251903491,0.0,2,30,0.0,0.0,10000
GCR_H,min,1,56.23413251903491,0.0,2,31,0.0,0.0,10000
GCR_H,min,1,56.23413251903491,0.0,2,32,0.0,0.0,10000
GCR_H,min,1,56.23413251903491,0.0,2,33,0.0,0.0,10000
GCR_H,min,1,56.23413251903491,0.0,2,34,0.0,0.0,10000
GCR_H,min,1,56.23413251903491,0.0,2,35,0.0,0.0,10000
GCR_H,min,1,56.23413251903491,0.0,2,36,0.0,0.0,10000
GCR_H,min,1,56.23413251903491,0.0,2,37,0.0,0.0,10000
GCR_H,min,1,56.23413251903491,0.0,2,38,0.0,0.0,10000
GCR_H,min,1,56.23413251903491,0.0,2,39,0.0,0.0,10000
GCR_H,min,1,56.23413251903491,0.0,2,40,0.0,0.0,10000
GCR_H,min,1,56.23413251903491,0.0,2,41,0.0,0.0,10000
GCR_H,min,1,56.23413251903491,0.0,2,42,0.0,0.0,10000
GCR_H,min,1,56.23413251903491,0.0,2,43,0.0,0.0,10000
GCR_H,min,1,56.23413251903491,0.0,2,44,0.0,0.0,10000
GCR_H,min,1,56.23413251903491,0.0,2,45,0.0,0.0,10000
GCR_H,min,1,56.23413251903491,0.0,2,46,0.0,0.0,10000
GCR_H,min,1,56.23413251903491,0.0,2,47,0.0,0.0,10000
GCR_H,min,1,56.23413251903491,0.0,2,48,0.0,0.0,10000
GCR_H,min,1,56.23413251903491,0.0,2,49,0.0,0.0,10000
GCR_H,min,1,56.23413251903491,0.0,2,50,0.0,0.0,10000
GCR_H,min,1,56.23413251903491,0.0,2,51,0.0,0.0,10000
GCR_H,min,1,56.23413251903491,0.0,2,52,0.0,0.0,10000
GCR_H,min,1,56.23413251903491,0.0,2,53,0.0,0.0,10000
GCR_H,min,1,56.23413251903491,0.0,2,54,0.0,0.0,10000
GCR_H,min,1,56.23413251903491,0.0,2,55,0.0,0.0,10000
GCR_H,min,1,56.23413251903491,0.0,2,56,0.0,0.0,10000
GCR_H,min,1,56.23413251903491,0.0,2,57,0.0,0.0,10000
GCR_H,min,1,56.23413251903491,0.0,2,58,0.0,0.0,10000
GCR_H,min,1,56.23413251903491,0.0,2,59,0.0,0.0,10000
GCR_H,min,1,56.23413251903491,0.0,2,60,0.0,0.0,10000
GCR_H,min,1,56.23413251903491,0.0,2,61,0.0,0.0,10000
GCR_H,min,1,56.23413251903491,0.0,2,62,0.0,0.0,10000
GCR_H,min,1,56.23413251903491,0.0,2,63,0.0,0.0,10000
GCR_H,min,1,56.23413251903491,0.0,2,64,0.0,0.0,10000
GCR_H,min,1,56.23413251903491,0.0,2,65,0.0,0.0,10000
GCR_H,min,1,56.23413251903491,0.0,2,66,0.0,0.0,10000
GCR_H,min,1,56.23413251903491,0.0,2,67,0.0,0.0,10000
GCR_H,min,1,56.23413251903491,0.0,2,68,0.0,0.0,10000
GCR_H,min,1,56.23413251903491,0.0,2,69,0.0,0.0,10000
GCR_H,min,1,56.23413251903491,0.0,2,70,0.0,0.0,10000
GCR_H,min,1,56.23413251903491,0.0,2,71,0.0,0.0,10000
GCR_H,min,1,56.23413251903491,0.0,2,72,0.0,0.0,10000
GCR_H,min,1,56.23413251903491,0.0,2,73,0.0,0.0,10000
GCR_H,min,1,56.23413251903491,0.0,2,74,0.0,0.0,10000
GCR_H,min,1,56.23413251903491,0.0,2,75,0.0,0.0,10000
GCR_H,min,1,56.23413251903491,0.0,2,76,0.0,0.0,10000
GCR_H,min,1,56.23413251903491,0.0,2,77,0.0,0.0,10000
GCR_H,min,1,56.23413251903491,0.0,2,78,0.0,0.0,10000
GCR_H,min,1,56.23413251903491,0.0,2,79,0.0,0.0,10000
GCR_H,min,1,56.23413251903491,0.0,2,80,0.0,0.0,10000
GCR_H,min,1,56.23413251903491,0.0,2,81,0.0,0.0,10000
GCR_H,min,1,56.23413251903491,0.0,2,82,0.0,0.0,10000
GCR_H,min,1,56.23413251903491,0.0,2,83,0.0,0.0,10000
GCR_H,min,1,56.23413251903491,0.0,2,84,0.0,0.0,10000
GCR_H,min,1,56.23413251903491,0.0,2,85,0.0,0.0,10000
GCR_H,min,1,56.23413251903491,0.0,2,86,0.0,0.0,10000
GCR_H,min,1,56.23413251903491,0.0,2,87,0.0,0.0,10000
GCR_H,min,1,56.23413251903491,0.0,2,88,0.0,0.0,10000
GCR_H,min,1,56.23413251903491,0.0,2,89,0.0,0.0,10000
GCR_H,min,1,56.23413251903491,0.0,2,90,0.0,0.0,10000
GCR_H,min,1,56.23413251903491,0.0,2,91,0.0,0.0,10000
GCR_H,min,1,56.23413251903491,0.0,2,92,0.0,0.0,10000
GCR_H,min,1,56.23413251903491,0.0,2,93,0.0,0.0,10000
GCR_H,min,1,56.23413251903491,0.0,2,94,0.0,0.0,10000
GCR_H,min,1,56.23413251903491,0.0,2,95,0.0,0.0,10000
GCR_H,min,1,56.23413251903491,0.0,2,96,0.0,0.0,10000
GCR_H,min,1,56.23413251903491,0.0,2,97,0.0,0.0,10000
GCR_H,min,1,56.23413251903491,0.0,2,98,0.0,0.0,10000
GCR_H,min,1,56.23413251903491,0.0,2,99,0.0,0.0,10000
GCR_H,min,1,56.23413251903491,0.0,2,100,0.0,0.0,10000
GCR_H,min,1,56.23413251903491,0.0,2,101,0.0,0.0,10000
GCR_H,min,1,56.23413251903491,0.0,2,102,0.0,0.0,10000
GCR_H,min,1,56.23413251903491,0.0,2,103,0.0,0.0,10000
GCR_H,min,1,56.23413251903491,0.0,2,104,0.0,0.0,10000
GCR_H,min,1,56.23413251903491,0.0,2,105,0.0,0.0,10000
GCR_H,min,1,56.23413251903491,0.0,2,106,0.0,0.0,10000
GCR_H,min,1,56.23413251903491,0.0,2,107,7.92687e-14,5.28218e-15,10000
GCR_H,min,1,56.23413251903491,0.0,2,108,3.87354e-18,1.40829e-18,10000
GCR_H,min,1,56.23413251903491,0.0,2,109,7.90046e-13,7.88078e-14,10000
GCR_H,min,1,56.23413251903491,0.0,2,110,0.0,0.0,10000
GCR_H,min,1,56.23413251903491,0.0,2,111,0.0,0.0,10000
GCR_H,min,1,56.23413251903491,0.0,2,112,0.0,0.0,10000
GCR_H,min,1,56.23413251903491,0.0,2,113,0.0,0.0,10000
GCR_H,min,1,56.23413251903491,0.0,2,114,0.0,0.0,10000
GCR_H,min,1,56.23413251903491,0.0,2,115,0.0,0.0,10000
GCR_H,min,1,56.23413251903491,0.0,2,116,0.0,0.0,10000
GCR_H,min,1,56.23413251903491,0.0,2,117,6.75162e-14,5.45804e-15,10000
GCR_H,min,1,56.23413251903491,0.0,2,118,1.78417e-13,1.08561e-13,10000
GCR_H,min,1,56.23413251903491,0.0,2,119,4.67137e-14,8.65634e-15,10000
GCR_H,min,1,56.23413251903491,0.0,2,120,0.0,0.0,10000
GCR_H,min,1,56.23413251903491,0.0,2,121,0.0,0.0,10000
GCR_H,min,1,56.23413251903491,0.0,2,122,0.0,0.0,10000
GCR_H,min,1,56.23413251903491,0.0,2,123,7.58553e-14,5.17709e-14,10000
GCR_H,min,1,56.23413251903491,0.0,2,124,0.0,0.0,10000
GCR_H,min,1,56.23413251903491,0.0,2,125,0.0,0.0,10000
GCR_H,min,1,56.23413251903491,0.0,2,126,0.0,0.0,10000
GCR_H,min,1,56.23413251903491,0.0,2,127,0.0,0.0,10000
GCR_H,min,1,56.23413251903491,0.0,2,128,0.0,0.0,10000
GCR_H,min,1,56.23413251903491,0.0,2,129,0.0,0.0,10000
GCR_H,min,1,56.23413251903491,0.0,2,130,0.0,0.0,10000
GCR_H,min,1,56.23413251903491,0.0,2,131,0.0,0.0,10000
GCR_H,min,1,56.23413251903491,0.0,2,132,0.0,0.0,10000
GCR_H,min,1,56.23413251903491,0.0,2,133,0.0,0.0,10000
GCR_H,min,1,56.23413251903491,0.0,2,134,0.0,0.0,10000
GCR_H,min,1,56.23413251903491,0.0,2,135,0.0,0.0,10000
GCR_H,min,1,56.23413251903491,0.0,2,136,0.0,0.0,10000
GCR_H,min,1,56.23413251903491,0.0,2,137,0.0,0.0,10000
GCR_H,min,1,56.23413251903491,0.0,2,138,0.0,0.0,10000
GCR_H,min,1,56.23413251903491,0.0,2,139,0.0,0.0,10000
GCR_H,min,1,56.23413251903491,0.0,2,140,0.0,0.0,10000
GCR_H,min,1,56.23413251903491,0.0,2,141,0.0,0.0,10000
GCR_H,min,2,177.82794100389228,0.0,1,0,1.08606e-09,0.0,10000
GCR_H,min,2,177.82794100389228,0.0,1,1,0.0,0.0,10000
GCR_H,min,2,177.82794100389228,0.0,1,2,0.0,0.0,10000
GCR_H,min,2,177.82794100389228,0.0,1,3,0.0,0.0,10000
GCR_H,min,2,177.82794100389228,0.0,1,4,5.58733e-13,1.96668e-11,10000
GCR_H,min,2,177.82794100389228,0.0,1,5,0.0,0.0,10000
GCR_H,min,2,177.82794100389228,0.0,1,6,0.0,0.0,10000
GCR_H,min,2,177.82794100389228,0.0,1,7,0.0,0.0,10000
GCR_H,min,2,177.82794100389228,0.0,1,8,0.0,0.0,10000
GCR_H,min,2,177.82794100389228,0.0,1,9,0.0,0.0,10000
GCR_H,min,2,177.82794100389228,0.0,1,10,1.71615e-12,6.31099e-12,10000
GCR_H,min,2,177.82794100389228,0.0,1,11,0.0,0.0,10000
GCR_H,min,2,177.82794100389228,0.0,1,12,0.0,0.0,10000
GCR_H,min,2,177.82794100389228,0.0,1,13,2.02932e-12,1.50031e-11,10000
GCR_H,min,2,177.82794100389228,0.0,1,14,1.04888e-12,5.67393e-12,10000
GCR_H,min,2,177.82794100389228,0.0,1,15,3.58873e-13,1.0719e-11,10000
GCR_H,min,2,177.82794100389228,0.0,1,16,0.0,0.0,10000
GCR_H,min,2,177.82794100389228,0.0,1,17,0.0,0.0,10000
GCR_H,min,2,177.82794100389228,0.0,1,18,0.0,0.0,10000
GCR_H,min,2,177.82794100389228,0.0,1,19,0.0,0.0,10000
GCR_H,min,2,177.82794100389228,0.0,1,20,0.0,0.0,10000
GCR_H,min,2,177.82794100389228,0.0,1,21,0.0,0.0,10000
GCR_H,min,2,177.82794100389228,0.0,1,22,0.0,0.0,10000
GCR_H,min,2,177.82794100389228,0.0,1,23,0.0,0.0,10000
GCR_H,min,2,177.82794100389228,0.0,1,24,0.0,0.0,10000
GCR_H,min,2,177.82794100389228,0.0,1,25,1.34255e-16,2.53024e-15,10000
GCR_H,min,2,177.82794100389228,0.0,1,26,1.367e-11,2.42872e-11,10000
GCR_H,min,2,177.82794100389228,0.0,1,27,3.55579e-12,7.88319e-12,10000
GCR_H,min,2,177.82794100389228,0.0,1,28,1.84872e-12,7.0648e-12,10000
GCR_H,min,2,177.82794100389228,0.0,1,29,0.0,0.0,10000
GCR_H,min,2,177.82794100389228,0.0,1,30,1.936e-12,7.5097e-11,10000
GCR_H,min,2,177.82794100389228,0.0,1,31,1.22134e-13,4.15295e-13,10000
GCR_H,min,2,177.82794100389228,0.0,1,32,0.0,0.0,10000
GCR_H,min,2,177.82794100389228,0.0,1,33,0.0,0.0,10000
GCR_H,min,2,177.82794100389228,0.0,1,34,5.57262e-12,1.04877e-11,10000
GCR_H,min,2,177.82794100389228,0.0,1,35,1.05562e-11,1.44728e-11,10000
GCR_H,min,2,177.82794100389228,0.0,1,36,3.80295e-12,4.83405e-11,10000
GCR_H,min,2,177.82794100389228,0.0,1,37,1.24675e-12,5.36097e-12,10000
GCR_H,min,2,177.82794100389228,0.0,1,38,1.23489e-12,2.43194e-12,10000
GCR_H,min,2,177.82794100389228,0.0,1,39,2.96982e-16,3.90149e-15,10000
GCR_H,min,2,177.82794100389228,0.0,1,40,0.0,0.0,10000
GCR_H,min,2,177.82794100389228,0.0,1,41,2.28587e-12,5.73447e-12,10000
GCR_H,min,2,177.82794100389228,0.0,1,42,2.42691e-12,3.5628e-12,10000
GCR_H,min,2,177.82794100389228,0.0,1,43,7.90521e-15,2.16486e-14,10000
GCR_H,min,2,177.82794100389228,0.0,1,44,1.28707e-11,2.47486e-11,10000
GCR_H,min,2,177.82794100389228,0.0,1,45,2.67973e-14,1.21183e-13,10000
GCR_H,min,2,177.82794100389228,0.0,1,46,4.68178e-15,2.43576e-14,10000
GCR_H,min,2,177.82794100389228,0.0,1,47,6.00888e-13,5.8384e-12,10000
GCR_H,min,2,177.82794100389228,0.0,1,48,0.0,0.0,10000
GCR_H,min,2,177.82794100389228,0.0,1,49,0.0,0.0,10000
GCR_H,min,2,177.82794100389228,0.0,1,50,1.96973e-14,5.87384e-14,10000
GCR_H,min,2,177.82794100389228,0.0,1,51,4.0441e-12,2.17203e-11,10000
GCR_H,min,2,177.82794100389228,0.0,1,52,8.011e-12,2.65203e-11,10000
GCR_H,min,2,177.82794100389228,0.0,1,53,2.41e-12,2.20635e-11,10000
GCR_H,min,2,177.82794100389228,0.0,1,54,8.31696e-12,4.79336e-11,10000
GCR_H,min,2,177.82794100389228,0.0,1,55,1.08898e-12,1.10109e-10,10000
GCR_H,min,2,177.82794100389228,0.0,1,56,1.0061e-11,1.78672e-10,10000
GCR_H,min,2,177.82794100389228,0.0,1,57,0.0,0.0,10000
GCR_H,min,2,177.82794100389228,0.0,1,58,2.273e-12,2.56343e-11,10000
GCR_H,min,2,177.82794100389228,0.0,1,59,0.0,0.0,10000
GCR_H,min,2,177.82794100389228,0.0,1,60,0.0,0.0,10000
GCR_H,min,2,177.82794100389228,0.0,1,61,1.46199e-11,1.00827e-11,10000
GCR_H,min,2,177.82794100389228,0.0,1,62,0.0,0.0,10000
GCR_H,min,2,177.82794100389228,0.0,1,63,0.0,0.0,10000
GCR_H,min,2,177.82794100389228,0.0,1,64,0.0,0.0,10000
GCR_H,min,2,177.82794100389228,0.0,1,65,0.0,0.0,10000
GCR_H,min,2,177.82794100389228,0.0,1,66,0.0,0.0,10000
GCR_H,min,2,177.82794100389228,0.0,1,67,0.0,0.0,10000
GCR_H,min,2,177.82794100389228,0.0,1,68,0.0,0.0,10000
GCR_H,min,2,177.82794100389228,0.0,1,69,0.0,0.0,10000
GCR_H,min,2,177.82794100389228,0.0,1,70,0.0,0.0,10000
GCR_H,min,2,177.82794100389228,0.0,1,71,0.0,0.0,10000
GCR_H,min,2,177.82794100389228,0.0,1,72,1.24633e-12,8.30943e-12,10000
GCR_H,min,2,177.82794100389228,0.0,1,73,2.45582e-12,9.8229e-12,10000
GCR_H,min,2,177.82794100389228,0.0,1,74,9.6503e-13,1.48466e-12,10000
GCR_H,min,2,177.82794100389228,0.0,1,75,0.0,0.0,10000
GCR_H,min,2,177.82794100389228,0.0,1,76,0.0,0.0,10000
GCR_H,min,2,177.82794100389228,0.0,1,77,0.0,0.0,10000
GCR_H,min,2,177.82794100389228,0.0,1,78,0.0,0.0,10000
GCR_H,min,2,177.82794100389228,0.0,1,79,0.0,0.0,10000
GCR_H,min,2,177.82794100389228,0.0,1,80,0.0,0.0,10000
GCR_H,min,2,177.82794100389228,0.0,1,81,0.0,0.0,10000
GCR_H,min,2,177.82794100389228,0.0,1,82,0.0,0.0,10000
GCR_H,min,2,177.82794100389228,0.0,1,83,0.0,0.0,10000
GCR_H,min,2,177.82794100389228,0.0,1,84,0.0,0.0,10000
GCR_H,min,2,177.82794100389228,0.0,1,85,0.0,0.0,10000
GCR_H,min,2,177.82794100389228,0.0,1,86,0.0,0.0,10000
GCR_H,min,2,177.82794100389228,0.0,1,87,5.62386e-12,1.7043e-11,10000
GCR_H,min,2,177.82794100389228,0.0,1,88,8.34213e-12,1.63568e-11,10000
GCR_H,min,2,177.82794100389228,0.0,1,89,0.0,0.0,10000
GCR_H,min,2,177.82794100389228,0.0,1,90,0.0,0.0,10000
GCR_H,min,2,177.82794100389228,0.0,1,91,0.0,0.0,10000
GCR_H,min,2,177.82794100389228,0.0,1,92,0.0,0.0,10000
GCR_H,min,2,177.82794100389228,0.0,1,93,0.0,0.0,10000
GCR_H,min,2,177.82794100389228,0.0,1,94,0.0,0.0,10000
GCR_H,min,2,177.82794100389228,0.0,1,95,5.63265e-13,3.12923e-13,10000
GCR_H,min,2,177.82794100389228,0.0,1,96,4.07739e-12,5.1606e-11,10000
GCR_H,min,2,177.82794100389228,0.0,1,97,1.70374e-12,3.56624e-12,10000
GCR_H,min,2,177.82794100389228,0.0,1,98,8.21528e-14,1.14835e-12,10000
GCR_H,min,2,177.82794100389228,0.0,1,99,2.66494e-12,4.59409e-12,10000
GCR_H,min,2,177.82794100389228,0.0,1,100,0.0,0.0,10000
GCR_H,min,2,177.82794100389228,0.0,1,101,0.0,0.0,10000
GCR_H,min,2,177.82794100389228,0.0,1,102,0.0,0.0,10000
GCR_H,min,2,177.82794100389228,0.0,1,103,0.0,0.0,10000
GCR_H,min,2,177.82794100389228,0.0,1,104,0.0,0.0,10000
GCR_H,min,2,177.82794100389228,0.0,1,105,0.0,0.0,10000
GCR_H,min,2,177.82794100389228,0.0,1,106,1.74122e-11,1.42979e-11,10000
GCR_H,min,2,177.82794100389228,0.0,1,107,1.04094e-10,6.93642e-12,10000
GCR_H,min,2,177.82794100389228,0.0,1,108,1.0722e-11,3.89815e-12,10000
GCR_H,min,2,177.82794100389228,0.0,1,109,9.47043e-11,9.44684e-12,10000
GCR_H,min,2,177.82794100389228,0.0,1,110,0.0,0.0,10000
GCR_H,min,2,177.82794100389228,0.0,1,111,0.0,0.0,10000
GCR_H,min,2,177.82794100389228,0.0,1,112,0.0,0.0,10000
GCR_H,min,2,177.82794100389228,0.0,1,113,0.0,0.0,10000
GCR_H,min,2,177.82794100389228,0.0,1,114,0.0,0.0,10000
GCR_H,min,2,177.82794100389228,0.0,1,115,0.0,0.0,10000
GCR_H,min,2,177.82794100389228,0.0,1,116,1.00852e-11,9.61861e-12,10000
GCR_H,min,2,177.82794100389228,0.0,1,117,8.09181e-11,6.54146e-12,10000
GCR_H,min,2,177.82794100389228,0.0,1,118,1.36804e-11,8.3241e-12,10000
GCR_H,min,2,177.82794100389228,0.0,1,119,3.87301e-11,7.17693e-12,10000
GCR_H,min,2,177.82794100389228,0.0,1,120,0.0,0.0,10000
GCR_H,min,2,177.82794100389228,0.0,1,121,0.0,0.0,10000
GCR_H,min,2,177.82794100389228,0.0,1,122,2.39789e-12,8.23055e-12,10000
GCR_H,min,2,177.82794100389228,0.0,1,123,8.33005e-12,5.68523e-12,10000
GCR_H,min,2,177.82794100389228,0.0,1,124,3.13399e-12,4.90429e-12,10000
GCR_H,min,2,177.82794100389228,0.0,1,125,1.13335e-11,8.50586e-12,10000
GCR_H,min,2,177.82794100389228,0.0,1,126,0.0,0.0,10000
GCR_H,min,2,177.82794100389228,0.0,1,127,0.0,0.0,10000
GCR_H,min,2,177.82794100389228,0.0,1,128,0.0,0.0,10000
GCR_H,min,2,177.82794100389228,0.0,1,129,0.0,0.0,10000
GCR_H,min,2,177.82794100389228,0.0,1,130,0.0,0.0,10000
GCR_H,min,2,177.82794100389228,0.0,1,131,0.0,0.0,10000
GCR_H,min,2,177.82794100389228,0.0,1,132,0.0,0.0,10000
GCR_H,min,2,177.82794100389228,0.0,1,133,0.0,0.0,10000
GCR_H,min,2,177.82794100389228,0.0,1,134,0.0,0.0,10000
GCR_H,min,2,177.82794100389228,0.0,1,135,0.0,0.0,10000
GCR_H,min,2,177.82794100389228,0.0,1,136,0.0,0.0,10000
GCR_H,min,2,177.82794100389228,0.0,1,137,0.0,0.0,10000
GCR_H,min,2,177.82794100389228,0.0,1,138,0.0,0.0,10000
GCR_H,min,2,177.82794100389228,0.0,1,139,0.0,0.0,10000
GCR_H,min,2,177.82794100389228,0.0,1,140,2.11238e-15,1.05619e-11,10000
GCR_H,min,2,177.82794100389228,0.0,1,141,1.8903e-15,1.22508e-14,10000
GCR_H,min,2,177.82794100389228,0.0,2,0,4.32618e-10,0.0,10000
GCR_H,min,2,177.82794100389228,0.0,2,1,0.0,0.0,10000
GCR_H,min,2,177.82794100389228,0.0,2,2,0.0,0.0,10000
GCR_H,min,2,177.82794100389228,0.0,2,3,0.0,0.0,10000
GCR_H,min,2,177.82794100389228,0.0,2,4,0.0,0.0,10000
GCR_H,min,2,177.82794100389228,0.0,2,5,0.0,0.0,10000
GCR_H,min,2,177.82794100389228,0.0,2,6,0.0,0.0,10000
GCR_H,min,2,177.82794100389228,0.0,2,7,0.0,0.0,10000
GCR_H,min,2,177.82794100389228,0.0,2,8,3.22159e-13,4.85837e-12,10000
GCR_H,min,2,177.82794100389228,0.0,2,9,0.0,0.0,10000
GCR_H,min,2,177.82794100389228,0.0,2,10,0.0,0.0,10000
GCR_H,min,2,177.82794100389228,0.0,2,11,5.74469e-13,3.65438e-11,10000
GCR_H,min,2,177.82794100389228,0.0,2,12,2.08822e-12,2.51471e-11,10000
GCR_H,min,2,177.82794100389228,0.0,2,13,0.0,0.0,10000
GCR_H,min,2,177.82794100389228,0.0,2,14,0.0,0.0,10000
GCR_H,min,2,177.82794100389228,0.0,2,15,0.0,0.0,10000
GCR_H,min,2,177.82794100389228,0.0,2,16,1.67904e-12,1.31145e-11,10000
GCR_H,min,2,177.82794100389228,0.0,2,17,0.0,0.0,10000
GCR_H,min,2,177.82794100389228,0.0,2,18,1.63766e-12,4.41061e-11,10000
GCR_H,min,2,177.82794100389228,0.0,2,19,0.0,0.0,10000
GCR_H,min,2,177.82794100389228,0.0,2,20,0.0,0.0,10000
GCR_H,min,2,177.82794100389228,0.0,2,21,0.0,0.0,10000
GCR_H,min,2,177.82794100389228,0.0,2,22,0.0,0.0,10000
GCR_H,min,2,177.82794100389228,0.0,2,23,0.0,0.0,10000
GCR_H,min,2,177.82794100389228,0.0,2,24,0.0,0.0,10000
GCR_H,min,2,177.82794100389228,0.0,2,25,0.0,0.0,10000
GCR_H,min,2,177.82794100389228,0.0,2,26,5.71217e-13,1.01487e-12,10000
GCR_H,min,2,177.82794100389228,0.0,2,27,0.0,0.0,10000
GCR_H,min,2,177.82794100389228,0.0,2,28,1.40931e-12,5.38563e-12,10000
GCR_H,min,2,177.82794100389228,0.0,2,29,2.65206e-12,5.61818e-12,10000
GCR_H,min,2,177.82794100389228,0.0,2,30,0.0,0.0,10000
GCR_H,min,2,177.82794100389228,0.0,2,31,0.0,0.0,10000
GCR_H,min,2,177.82794100389228,0.0,2,32,1.0707e-15,2.44135e-15,10000
GCR_H,min,2,177.82794100389228,0.0,2,33,0.0,0.0,10000
GCR_H,min,2,177.82794100389228,0.0,2,34,5.56066e-12,1.04651e-11,10000
GCR_H,min,2,177.82794100389228,0.0,2,35,1.30937e-11,1.79519e-11,10000
GCR_H,min,2,177.82794100389228,0.0,2,36,0.0,0.0,10000
GCR_H,min,2,177.82794100389228,0.0,2,37,6.62941e-13,2.85062e-12,10000
GCR_H,min,2,177.82794100389228,0.0,2,38,3.10396e-12,6.1128e-12,10000
GCR_H,min,2,177.82794100389228,0.0,2,39,0.0,0.0,10000
GCR_H,min,2,177.82794100389228,0.0,2,40,0.0,0.0,10000
GCR_H,min,2,177.82794100389228,0.0,2,41,7.3124e-12,1.83443e-11,10000
GCR_H,min,2,177.82794100389228,0.0,2,42,5.36566e-12,7.87701e-12,10000
GCR_H,min,2,177.82794100389228,0.0,2,43,1.38442e-12,3.79128e-12,10000
GCR_H,min,2,177.82794100389228,0.0,2,44,1.34397e-12,2.58426e-12,10000
GCR_H,min,2,177.82794100389228,0.0,2,45,1.57664e-12,7.12993e-12,10000
GCR_H,min,2,177.82794100389228,0.0,2,46,3.59639e-12,1.87107e-11,10000
GCR_H,min,2,177.82794100389228,0.0,2,47,0.0,0.0,10000
GCR_H,min,2,177.82794100389228,0.0,2,48,0.0,0.0,10000
GCR_H,min,2,177.82794100389228,0.0,2,49,0.0,0.0,10000
GCR_H,min,2,177.82794100389228,0.0,2,50,0.0,0.0,10000
GCR_H,min,2,177.82794100389228,0.0,2,51,3.3618e-12,1.80557e-11,10000
GCR_H,min,2,177.82794100389228,0.0,2,52,2.00728e-12,6.64509e-12,10000
GCR_H,min,2,177.82794100389228,0.0,2,53,2.3242e-12,2.12781e-11,10000
GCR_H,min,2,177.82794100389228,0.0,2,54,7.9563e-12,4.5855e-11,10000
GCR_H,min,2,177.82794100389228,0.0,2,55,0.0,0.0,10000
GCR_H,min,2,177.82794100389228,0.0,2,56,0.0,0.0,10000
GCR_H,min,2,177.82794100389228,0.0,2,57,0.0,0.0,10000
GCR_H,min,2,177.82794100389228,0.0,2,58,3.08944e-15,3.4842e-14,10000
GCR_H,min,2,177.82794100389228,0.0,2,59,0.0,0.0,10000
GCR_H,min,2,177.82794100389228,0.0,2,60,3.56169e-13,1.02554e-11,10000
GCR_H,min,2,177.82794100389228,0.0,2,61,1.36833e-11,9.43678e-12,10000
GCR_H,min,2,177.82794100389228,0.0,2,62,0.0,0.0,10000
GCR_H,min,2,177.82794100389228,0.0,2,63,0.0,0.0,10000
GCR_H,min,2,177.82794100389228,0.0,2,64,0.0,0.0,10000
GCR_H,min,2,177.82794100389228,0.0,2,65,0.0,0.0,10000
GCR_H,min,2,177.82794100389228,0.0,2,66,0.0,0.0,10000
GCR_H,min,2,177.82794100389228,0.0,2,67,0.0,0.0,10000
GCR_H,min,2,177.82794100389228,0.0,2,68,0.0,0.0,10000
GCR_H,min,2,177.82794100389228,0.0,2,69,0.0,0.0,10000
GCR_H,min,2,177.82794100389228,0.0,2,70,0.0,0.0,10000
GCR_H,min,2,177.82794100389228,0.0,2,71,0.0,0.0,10000
GCR_H,min,2,177.82794100389228,0.0,2,72,0.0,0.0,10000
GCR_H,min,2,177.82794100389228,0.0,2,73,0.0,0.0,10000
GCR_H,min,2,177.82794100389228,0.0,2,74,0.0,0.0,10000
GCR_H,min,2,177.82794100389228,0.0,2,75,0.0,0.0,10000
GCR_H,min,2,177.82794100389228,0.0,2,76,0.0,0.0,10000
GCR_H,min,2,177.82794100389228,0.0,2,77,0.0,0.0,10000
GCR_H,min,2,177.82794100389228,0.0,2,78,0.0,0.0,10000
GCR_H,min,2,177.82794100389228,0.0,2,79,0.0,0.0,10000
GCR_H,min,2,177.82794100389228,0.0,2,80,0.0,0.0,10000
GCR_H,min,2,177.82794100389228,0.0,2,81,0.0,0.0,10000
GCR_H,min,2,177.82794100389228,0.0,2,82,0.0,0.0,10000
GCR_H,min,2,177.82794100389228,0.0,2,83,0.0,0.0,10000
GCR_H,min,2,177.82794100389228,0.0,2,84,0.0,0.0,10000
GCR_H,min,2,177.82794100389228,0.0,2,85,0.0,0.0,10000
GCR_H,min,2,177.82794100389228,0.0,2,86,0.0,0.0,10000
GCR_H,min,2,177.82794100389228,0.0,2,87,3.3784e-12,1.02382e-11,10000
GCR_H,min,2,177.82794100389228,0.0,2,88,1.43409e-11,2.81188e-11,10000
GCR_H,min,2,177.82794100389228,0.0,2,89,0.0,0.0,10000
GCR_H,min,2,177.82794100389228,0.0,2,90,0.0,0.0,10000
GCR_H,min,2,177.82794100389228,0.0,2,91,0.0,0.0,10000
GCR_H,min,2,177.82794100389228,0.0,2,92,0.0,0.0,10000
GCR_H,min,2,177.82794100389228,0.0,2,93,0.0,0.0,10000
GCR_H,min,2,177.82794100389228,0.0,2,94,0.0,0.0,10000
GCR_H,min,2,177.82794100389228,0.0,2,95,0.0,0.0,10000
GCR_H,min,2,177.82794100389228,0.0,2,96,0.0,0.0,10000
GCR_H,min,2,177.82794100389228,0.0,2,97,1.25248e-12,2.62168e-12,10000
GCR_H,min,2,177.82794100389228,0.0,2,98,0.0,0.0,10000
GCR_H,min,2,177.82794100389228,0.0,2,99,2.49155e-12,4.29518e-12,10000
GCR_H,min,2,177.82794100389228,0.0,2,100,0.0,0.0,10000
GCR_H,min,2,177.82794100389228,0.0,2,101,0.0,0.0,10000
GCR_H,min,2,177.82794100389228,0.0,2,102,0.0,0.0,10000
GCR_H,min,2,177.82794100389228,0.0,2,103,0.0,0.0,10000
GCR_H,min,2,177.82794100389228,0.0,2,104,0.0,0.0,10000
GCR_H,min,2,177.82794100389228,0.0,2,105,0.0,0.0,10000
GCR_H,min,2,177.82794100389228,0.0,2,106,4.1256e-12,3.38772e-12,10000
GCR_H,min,2,177.82794100389228,0.0,2,107,1.05952e-10,7.06028e-12,10000
GCR_H,min,2,177.82794100389228,0.0,2,108,6.46604e-12,2.35083e-12,10000
GCR_H,min,2,177.82794100389228,0.0,2,109,6.7098e-11,6.69308e-12,10000
GCR_H,min,2,177.82794100389228,0.0,2,110,0.0,0.0,10000
GCR_H,min,2,177.82794100389228,0.0,2,111,0.0,0.0,10000
GCR_H,min,2,177.82794100389228,0.0,2,112,0.0,0.0,10000
GCR_H,min,2,177.82794100389228,0.0,2,113,0.0,0.0,10000
GCR_H,min,2,177.82794100389228,0.0,2,114,0.0,0.0,10000
GCR_H,min,2,177.82794100389228,0.0,2,115,0.0,0.0,10000
GCR_H,min,2,177.82794100389228,0.0,2,116,8.56086e-12,8.16478e-12,10000
GCR_H,min,2,177.82794100389228,0.0,2,117,6.69858e-11,5.41517e-12,10000
GCR_H,min,2,177.82794100389228,0.0,2,118,1.29664e-11,7.88967e-12,10000
GCR_H,min,2,177.82794100389228,0.0,2,119,6.50599e-11,1.2056e-11,10000
GCR_H,min,2,177.82794100389228,0.0,2,120,0.0,0.0,10000
GCR_H,min,2,177.82794100389228,0.0,2,121,0.0,0.0,10000
GCR_H,min,2,177.82794100389228,0.0,2,122,1.48623e-12,5.10136e-12,10000
GCR_H,min,2,177.82794100389228,0.0,2,123,1.13547e-11,7.7495e-12,10000
GCR_H,min,2,177.82794100389228,0.0,2,124,2.34104e-12,3.66343e-12,10000
GCR_H,min,2,177.82794100389228,0.0,2,125,9.89753e-12,7.42818e-12,10000
GCR_H,min,2,177.82794100389228,0.0,2,126,0.0,0.0,10000
GCR_H,min,2,177.82794100389228,0.0,2,127,0.0,0.0,10000
GCR_H,min,2,177.82794100389228,0.0,2,128,0.0,0.0,10000
GCR_H,min,2,177.82794100389228,0.0,2,129,0.0,0.0,10000
GCR_H,min,2,177.82794100389228,0.0,2,130,0.0,0.0,10000
GCR_H,min,2,177.82794100389228,0.0,2,131,0.0,0.0,10000
GCR_H,min,2,177.82794100389228,0.0,2,132,0.0,0.0,10000
GCR_H,min,2,177.82794100389228,0.0,2,133,0.0,0.0,10000
GCR_H,min,2,177.82794100389228,0.0,2,134,0.0,0.0,10000
GCR_H,min,2,177.82794100389228,0.0,2,135,0.0,0.0,10000
GCR_H,min,2,177.82794100389228,0.0,2,136,0.0,0.0,10000
GCR_H,min,2,177.82794100389228,0.0,2,137,0.0,0.0,10000
GCR_H,min,2,177.82794100389228,0.0,2,138,0.0,0.0,10000
GCR_H,min,2,177.82794100389228,0.0,2,139,0.0,0.0,10000
GCR_H,min,2,177.82794100389228,0.0,2,140,0.0,0.0,10000
GCR_H,min,2,177.82794100389228,0.0,2,141,0.0,0.0,10000
GCR_H,min,2,177.82794100389228,0.0,0,0,1.10528e-09,0.0,10000
GCR_H,min,2,177.82794100389228,0.0,0,1,0.0,0.0,10000
GCR_H,min,2,177.82794100389228,0.0,0,2,0.0,0.0,10000
GCR_H,min,2,177.82794100389228,0.0,0,3,0.0,0.0,10000
GCR_H,min,2,177.82794100389228,0.0,0,4,7.02573e-21,2.47298e-19,10000
GCR_H,min,2,177.82794100389228,0.0,0,5,4.03487e-13,1.31301e-11,10000
GCR_H,min,2,177.82794100389228,0.0,0,6,2.26842e-13,4.44788e-11,10000
GCR_H,min,2,177.82794100389228,0.0,0,7,0.0,0.0,10000
GCR_H,min,2,177.82794100389228,0.0,0,8,0.0,0.0,10000
GCR_H,min,2,177.82794100389228,0.0,0,9,0.0,0.0,10000
GCR_H,min,2,177.82794100389228,0.0,0,10,6.29118e-13,2.31353e-12,10000
GCR_H,min,2,177.82794100389228,0.0,0,11,0.0,0.0,10000
GCR_H,min,2,177.82794100389228,0.0,0,12,3.72134e-12,4.48138e-11,10000
GCR_H,min,2,177.82794100389228,0.0,0,13,8.20145e-13,6.06347e-12,10000
GCR_H,min,2,177.82794100389228,0.0,0,14,2.51307e-12,1.35944e-11,10000
GCR_H,min,2,177.82794100389228,0.0,0,15,0.0,0.0,10000
GCR_H,min,2,177.82794100389228,0.0,0,16,0.0,0.0,10000
GCR_H,min,2,177.82794100389228,0.0,0,17,0.0,0.0,10000
GCR_H,min,2,177.82794100389228,0.0,0,18,0.0,0.0,10000
GCR_H,min,2,177.82794100389228,0.0,0,19,3.21309e-16,1.18652e-15,10000
GCR_H,min,2,177.82794100389228,0.0,0,20,0.0,0.0,10000
GCR_H,min,2,177.82794100389228,0.0,0,21,0.0,0.0,10000
GCR_H,min,2,177.82794100389228,0.0,0,22,0.0,0.0,10000
GCR_H,min,2,177.82794100389228,0.0,0,23,0.0,0.0,10000
GCR_H,min,2,177.82794100389228,0.0,0,24,0.0,0.0,10000
GCR_H,min,2,177.82794100389228,0.0,0,25,0.0,0.0,10000
GCR_H,min,2,177.82794100389228,0.0,0,26,4.08877e-13,7.26441e-13,10000
GCR_H,min,2,177.82794100389228,0.0,0,27,1.32462e-13,2.93669e-13,10000
GCR_H,min,2,177.82794100389228,0.0,0,28,3.31016e-12,1.26497e-11,10000
GCR_H,min,2,177.82794100389228,0.0,0,29,0.0,0.0,10000
GCR_H,min,2,177.82794100389228,0.0,0,30,6.26417e-12,2.42986e-10,10000
GCR_H,min,2,177.82794100389228,0.0,0,31,0.0,0.0,10000
GCR_H,min,2,177.82794100389228,0.0,0,32,0.0,0.0,10000
GCR_H,min,2,177.82794100389228,0.0,0,33,0.0,0.0,10000
GCR_H,min,2,177.82794100389228,0.0,0,34,4.35251e-12,8.19142e-12,10000
GCR_H,min,2,177.82794100389228,0.0,0,35,3.09239e-12,4.23975e-12,10000
GCR_H,min,2,177.82794100389228,0.0,0,36,0.0,0.0,10000
GCR_H,min,2,177.82794100389228,0.0,0,37,1.1294e-12,4.85638e-12,10000
GCR_H,min,2,177.82794100389228,0.0,0,38,6.45254e-12,1.27074e-11,10000
GCR_H,min,2,177.82794100389228,0.0,0,39,0.0,0.0,10000
GCR_H,min,2,177.82794100389228,0.0,0,40,2.38037e-12,3.22107e-11,10000
GCR_H,min,2,177.82794100389228,0.0,0,41,2.05764e-13,5.16192e-13,10000
GCR_H,min,2,177.82794100389228,0.0,0,42,1.48754e-12,2.18378e-12,10000
GCR_H,min,2,177.82794100389228,0.0,0,43,7.66669e-12,2.09954e-11,10000
GCR_H,min,2,177.82794100389228,0.0,0,44,2.39426e-12,4.60382e-12,10000
GCR_H,min,2,177.82794100389228,0.0,0,45,0.0,0.0,10000
GCR_H,min,2,177.82794100389228,0.0,0,46,0.0,0.0,10000
GCR_H,min,2,177.82794100389228,0.0,0,47,4.18116e-16,4.06254e-15,10000
GCR_H,min,2,177.82794100389228,0.0,0,48,2.22494e-15,3.02507e-14,10000
GCR_H,min,2,177.82794100389228,0.0,0,49,1.44326e-13,5.03616e-13,10000
GCR_H,min,2,177.82794100389228,0.0,0,50,1.47019e-13,4.38418e-13,10000
GCR_H,min,2,177.82794100389228,0.0,0,51,0.0,0.0,10000
GCR_H,min,2,177.82794100389228,0.0,0,52,0.0,0.0,10000
GCR_H,min,2,177.82794100389228,0.0,0,53,0.0,0.0,10000
GCR_H,min,2,177.82794100389228,0.0,0,54,0.0,0.0,10000
GCR_H,min,2,177.82794100389228,0.0,0,55,0.0,0.0,10000
GCR_H,min,2,177.82794100389228,0.0,0,56,0.0,0.0,10000
GCR_H,min,2,177.82794100389228,0.0,0,57,0.0,0.0,10000
GCR_H,min,2,177.82794100389228,0.0,0,58,2.46666e-20,2.78185e-19,10000
GCR_H,min,2,177.82794100389228,0.0,0,59,0.0,0.0,10000
GCR_H,min,2,177.82794100389228,0.0,0,60,0.0,0.0,10000
GCR_H,min,2,177.82794100389228,0.0,0,61,6.30794e-14,4.35031e-14,10000
GCR_H,min,2,177.82794100389228,0.0,0,62,0.0,0.0,10000
GCR_H,min,2,177.82794100389228,0.0,0,63,0.0,0.0,10000
GCR_H,min,2,177.82794100389228,0.0,0,64,0.0,0.0,10000
GCR_H,min,2,177.82794100389228,0.0,0,65,0.0,0.0,10000
GCR_H,min,2,177.82794100389228,0.0,0,66,0.0,0.0,10000
GCR_H,min,2,177.82794100389228,0.0,0,67,0.0,0.0,10000
GCR_H,min,2,177.82794100389228,0.0,0,68,0.0,0.0,10000
GCR_H,min,2,177.82794100389228,0.0,0,69,0.0,0.0,10000
GCR_H,min,2,177.82794100389228,0.0,0,70,0.0,0.0,10000
GCR_H,min,2,177.82794100389228,0.0,0,71,0.0,0.0,10000
GCR_H,min,2,177.82794100389228,0.0,0,72,0.0,0.0,10000
GCR_H,min,2,177.82794100389228,0.0,0,73,0.0,0.0,10000
GCR_H,min,2,177.82794100389228,0.0,0,74,9.9567e-12,1.5318e-11,10000
GCR_H,min,2,177.82794100389228,0.0,0,75,5.46277e-12,1.5607e-11,10000
GCR_H,min,2,177.82794100389228,0.0,0,76,0.0,0.0,10000
GCR_H,min,2,177.82794100389228,0.0,0,77,0.0,0.0,10000
GCR_H,min,2,177.82794100389228,0.0,0,78,0.0,0.0,10000
GCR_H,min,2,177.82794100389228,0.0,0,79,0.0,0.0,10000
GCR_H,min,2,177.82794100389228,0.0,0,80,0.0,0.0,10000
GCR_H,min,2,177.82794100389228,0.0,0,81,0.0,0.0,10000
GCR_H,min,2,177.82794100389228,0.0,0,82,3.08364e-12,3.42665e-11,10000
GCR_H,min,2,177.82794100389228,0.0,0,83,3.77104e-13,1.07744e-11,10000
GCR_H,min,2,177.82794100389228,0.0,0,84,4.4442e-13,1.11077e-11,10000
GCR_H,min,2,177.82794100389228,0.0,0,85,0.0,0.0,10000
GCR_H,min,2,177.82794100389228,0.0,0,86,0.0,0.0,10000
GCR_H,min,2,177.82794100389228,0.0,0,87,0.0,0.0,10000
GCR_H,min,2,177.82794100389228,0.0,0,88,0.0,0.0,10000
GCR_H,min,2,177.82794100389228,0.0,0,89,0.0,0.0,10000
GCR_H,min,2,177.82794100389228,0.0,0,90,0.0,0.0,10000
GCR_H,min,2,177.82794100389228,0.0,0,91,0.0,0.0,10000
GCR_H,min,2,177.82794100389228,0.0,0,92,0.0,0.0,10000
GCR_H,min,2,177.82794100389228,0.0,0,93,0.0,0.0,10000
GCR_H,min,2,177.82794100389228,0.0,0,94,0.0,0.0,10000
GCR_H,min,2,177.82794100389228,0.0,0,95,0.0,0.0,10000
GCR_H,min,2,177.82794100389228,0.0,0,96,2.24085e-12,2.83615e-11,10000
GCR_H,min,2,177.82794100389228,0.0,0,97,4.3378e-12,9.07983e-12,10000
GCR_H,min,2,177.82794100389228,0.0,0,98,1.3937e-12,1.94814e-11,10000
GCR_H,min,2,177.82794100389228,0.0,0,99,5.99356e-12,1.03323e-11,10000
GCR_H,min,2,177.82794100389228,0.0,0,100,0.0,0.0,10000
GCR_H,min,2,177.82794100389228,0.0,0,101,0.0,0.0,10000
GCR_H,min,2,177.82794100389228,0.0,0,102,0.0,0.0,10000
GCR_H,min,2,177.82794100389228,0.0,0,103,0.0,0.0,10000
GCR_H,min,2,177.82794100389228,0.0,0,104,0.0,0.0,10000
GCR_H,min,2,177.82794100389228,0.0,0,105,0.0,0.0,10000
GCR_H,min,2,177.82794100389228,0.0,0,106,3.70348e-11,3.0411e-11,10000
GCR_H,min,2,177.82794100389228,0.0,0,107,5.07767e-11,3.38358e-12,10000
GCR_H,min,2,177.82794100389228,0.0,0,108,9.03628e-12,3.28529e-12,10000
GCR_H,min,2,177.82794100389228,0.0,0,109,3.5853e-11,3.57637e-12,10000
GCR_H,min,2,177.82794100389228,0.0,0,110,1.00117e-20,2.5023e-19,10000
GCR_H,min,2,177.82794100389228,0.0,0,111,0.0,0.0,10000
GCR_H,min,2,177.82794100389228,0.0,0,112,0.0,0.0,10000
GCR_H,min,2,177.82794100389228,0.0,0,113,0.0,0.0,10000
GCR_H,min,2,177.82794100389228,0.0,0,114,0.0,0.0,10000
GCR_H,min,2,177.82794100389228,0.0,0,115,0.0,0.0,10000
GCR_H,min,2,177.82794100389228,0.0,0,116,2.05892e-11,1.96366e-11,10000
GCR_H,min,2,177.82794100389228,0.0,0,117,5.30354e-11,4.28741e-12,10000
GCR_H,min,2,177.82794100389228,0.0,0,118,2.62061e-12,1.59456e-12,10000
GCR_H,min,2,177.82794100389228,0.0,0,119,3.41193e-11,6.32253e-12,10000
GCR_H,min,2,177.82794100389228,0.0,0,120,1.09639e-12,2.58036e-11,10000
GCR_H,min,2,177.82794100389228,0.0,0,121,0.0,0.0,10000
GCR_H,min,2,177.82794100389228,0.0,0,122,4.02002e-12,1.37984e-11,10000
GCR_H,min,2,177.82794100389228,0.0,0,123,6.10682e-12,4.16788e-12,10000
GCR_H,min,2,177.82794100389228,0.0,0,124,8.7479e-13,1.36893e-12,10000
GCR_H,min,2,177.82794100389228,0.0,0,125,1.31722e-11,9.88587e-12,10000
GCR_H,min,2,177.82794100389228,0.0,0,126,0.0,0.0,10000
GCR_H,min,2,177.82794100389228,0.0,0,127,9.37175e-17,6.24825e-16,10000
GCR_H,min,2,177.82794100389228,0.0,0,128,2.71444e-12,5.42453e-11,10000
GCR_H,min,2,177.82794100389228,0.0,0,129,1.04797e-12,5.99528e-11,10000
GCR_H,min,2,177.82794100389228,0.0,0,130,0.0,0.0,10000
GCR_H,min,2,177.82794100389228,0.0,0,131,0.0,0.0,10000
GCR_H,min,2,177.82794100389228,0.0,0,132,0.0,0.0,10000
GCR_H,min,2,177.82794100389228,0.0,0,133,0.0,0.0,10000
GCR_H,min,2,177.82794100389228,0.0,0,134,0.0,0.0,10000
GCR_H,min,2,177.82794100389228,0.0,0,135,0.0,0.0,10000
GCR_H,min,2,177.82794100389228,0.0,0,136,0.0,0.0,10000
GCR_H,min,2,177.82794100389228,0.0,0,137,0.0,0.0,10000
GCR_H,min,2,177.82794100389228,0.0,0,138,0.0,0.0,10000
GCR_H,min,2,177.82794100389228,0.0,0,139,0.0,0.0,10000
GCR_H,min,2,177.82794100389228,0.0,0,140,0.0,0.0,10000
GCR_H,min,2,177.82794100389228,0.0,0,141,0.0,0.0,10000
GCR_H,min,3,562.341325190349,0.0,1,0,1.00964e-08,0.0,10000
GCR_H,min,3,562.341325190349,0.0,1,1,3.04372e-14,4.34817e-12,10000
GCR_H,min,3,562.341325190349,0.0,1,2,0.0,0.0,10000
GCR_H,min,3,562.341325190349,0.0,1,3,0.0,0.0,10000
GCR_H,min,3,562.341325190349,0.0,1,4,0.0,0.0,10000
GCR_H,min,3,562.341325190349,0.0,1,5,0.0,0.0,10000
GCR_H,min,3,562.341325190349,0.0,1,6,0.0,0.0,10000
GCR_H,min,3,562.341325190349,0.0,1,7,1.91094e-13,1.90904e-11,10000
GCR_H,min,3,562.341325190349,0.0,1,8,1.10655e-12,1.66876e-11,10000
GCR_H,min,3,562.341325190349,0.0,1,9,0.0,0.0,10000
GCR_H,min,3,562.341325190349,0.0,1,10,5.00844e-12,1.84181e-11,10000
GCR_H,min,3,562.341325190349,0.0,1,11,2.20155e-13,1.40047e-11,10000
GCR_H,min,3,562.341325190349,0.0,1,12,1.00189e-12,1.20652e-11,10000
GCR_H,min,3,562.341325190349,0.0,1,13,1.77784e-12,1.31439e-11,10000
GCR_H,min,3,562.341325190349,0.0,1,14,0.0,0.0,10000
GCR_H,min,3,562.341325190349,0.0,1,15,0.0,0.0,10000
GCR_H,min,3,562.341325190349,0.0,1,16,1.74367e-12,1.36192e-11,10000
GCR_H,min,3,562.341325190349,0.0,1,17,1.14082e-12,1.90997e-11,10000
GCR_H,min,3,562.341325190349,0.0,1,18,0.0,0.0,10000
GCR_H,min,3,562.341325190349,0.0,1,19,5.58371e-13,2.06193e-12,10000
GCR_H,min,3,562.341325190349,0.0,1,20,5.1189e-12,2.81397e-11,10000
GCR_H,min,3,562.341325190349,0.0,1,21,0.0,0.0,10000
GCR_H,min,3,562.341325190349,0.0,1,22,3.3564e-12,1.86736e-11,10000
GCR_H,min,3,562.341325190349,0.0,1,23,2.21239e-12,1.58492e-11,10000
GCR_H,min,3,562.341325190349,0.0,1,24,3.56578e-12,7.46291e-11,10000
GCR_H,min,3,562.341325190349,0.0,1,25,9.09934e-13,1.71492e-11,10000
GCR_H,min,3,562.341325190349,0.0,1,26,3.41643e-12,6.06987e-12,10000
GCR_H,min,3,562.341325190349,0.0,1,27,4.80502e-12,1.06527e-11,10000
GCR_H,min,3,562.341325190349,0.0,1,28,4.39968e-12,1.68132e-11,10000
GCR_H,min,3,562.341325190349,0.0,1,29,6.31986e-12,1.33881e-11,10000
GCR_H,min,3,562.341325190349,0.0,1,30,1.70138e-12,6.59963e-11,10000
GCR_H,min,3,562.341325190349,0.0,1,31,4.86591e-12,1.65457e-11,10000
GCR_H,min,3,562.341325190349,0.0,1,32,5.49464e-12,1.25285e-11,10000
GCR_H,min,3,562.341325190349,0.0,1,33,2.34058e-12,2.89353e-11,10000
GCR_H,min,3,562.341325190349,0.0,1,34,1.47772e-11,2.78106e-11,10000
GCR_H,min,3,562.341325190349,0.0,1,35,2.58685e-11,3.54664e-11,10000
GCR_H,min,3,562.341325190349,0.0,1,36,2.09545e-12,2.66359e-11,10000
GCR_H,min,3,562.341325190349,0.0,1,37,1.04586e-12,4.49717e-12,10000
GCR_H,min,3,562.341325190349,0.0,1,38,1.23069e-12,2.42366e-12,10000
GCR_H,min,3,562.341325190349,0.0,1,39,0.0,0.0,10000
GCR_H,min,3,562.341325190349,0.0,1,40,0.0,0.0,10000
GCR_H,min,3,562.341325190349,0.0,1,41,3.40749e-12,8.54821e-12,10000
GCR_H,min,3,562.341325190349,0.0,1,42,8.84882e-12,1.29904e-11,10000
GCR_H,min,3,562.341325190349,0.0,1,43,4.54124e-12,1.24363e-11,10000
GCR_H,min,3,562.341325190349,0.0,1,44,1.80658e-11,3.47379e-11,10000
GCR_H,min,3,562.341325190349,0.0,1,45,5.3861e-12,2.43572e-11,10000
GCR_H,min,3,562.341325190349,0.0,1,46,1.82757e-12,9.50821e-12,10000
GCR_H,min,3,562.341325190349,0.0,1,47,0.0,0.0,10000
GCR_H,min,3,562.341325190349,0.0,1,48,0.0,0.0,10000
GCR_H,min,3,562.341325190349,0.0,1,49,1.60271e-12,5.59255e-12,10000
GCR_H,min,3,562.341325190349,0.0,1,50,1.62032e-12,4.83187e-12,10000
GCR_H,min,3,562.341325190349,0.0,1,51,2.98485e-12,1.60312e-11,10000
GCR_H,min,3,562.341325190349,0.0,1,52,2.60327e-12,8.6181e-12,10000
GCR_H,min,3,562.341325190349,0.0,1,53,4.26361e-13,3.90333e-12,10000
GCR_H,min,3,562.341325190349,0.0,1,54,1.15063e-12,6.63147e-12,10000
GCR_H,min,3,562.341325190349,0.0,1,55,0.0,0.0,10000
GCR_H,min,3,562.341325190349,0.0,1,56,1.55558e-12,2.76253e-11,10000
GCR_H,min,3,562.341325190349,0.0,1,57,0.0,0.0,10000
GCR_H,min,3,562.341325190349,0.0,1,58,8.92765e-13,1.00684e-11,10000
GCR_H,min,3,562.341325190349,0.0,1,59,1.51975e-13,2.57149e-11,10000
GCR_H,min,3,562.341325190349,0.0,1,60,1.13654e-12,3.27251e-11,10000
GCR_H,min,3,562.341325190349,0.0,1,61,9.40119e-12,6.48358e-12,10000
GCR_H,min,3,562.341325190349,0.0,1,62,0.0,0.0,10000
GCR_H,min,3,562.341325190349,0.0,1,63,0.0,0.0,10000
GCR_H,min,3,562.341325190349,0.0,1,64,0.0,0.0,10000
GCR_H,min,3,562.341325190349,0.0,1,65,0.0,0.0,10000
GCR_H,min,3,562.341325190349,0.0,1,66,0.0,0.0,10000
GCR_H,min,3,562.341325190349,0.0,1,67,0.0,0.0,10000
GCR_H,min,3,562.341325190349,0.0,1,68,0.0,0.0,10000
GCR_H,min,3,562.341325190349,0.0,1,69,0.0,0.0,10000
GCR_H,min,3,562.341325190349,0.0,1,70,0.0,0.0,10000
GCR_H,min,3,562.341325190349,0.0,1,71,0.0,0.0,10000
GCR_H,min,3,562.341325190349,0.0,1,72,1.0429e-12,6.9531e-12,10000
GCR_H,min,3,562.341325190349,0.0,1,73,1.70133e-12,6.80504e-12,10000
GCR_H,min,3,562.341325190349,0.0,1,74,1.01855e-11,1.567e-11,10000
GCR_H,min,3,562.341325190349,0.0,1,75,1.50881e-12,4.31065e-12,10000
GCR_H,min,3,562.341325190349,0.0,1,76,8.77926e-13,9.75582e-12,10000
GCR_H,min,3,562.341325190349,0.0,1,77,9.08112e-13,1.65051e-11,10000
GCR_H,min,3,562.341325190349,0.0,1,78,4.05046e-13,6.75077e-12,10000
GCR_H,min,3,562.341325190349,0.0,1,79,1.0786e-12,1.13537e-11,10000
GCR_H,min,3,562.341325190349,0.0,1,80,0.0,0.0,10000
GCR_H,min,3,562.341325190349,0.0,1,81,0.0,0.0,10000
GCR_H,min,3,562.341325190349,0.0,1,82,7.68193e-13,8.53643e-12,10000
GCR_H,min,3,562.341325190349,0.0,1,83,1.03815e-12,2.96615e-11,10000
GCR_H,min,3,562.341325190349,0.0,1,84,0.0,0.0,10000
GCR_H,min,3,562.341325190349,0.0,1,85,0.0,0.0,10000
GCR_H,min,3,562.341325190349,0.0,1,86,0.0,0.0,10000
GCR_H,min,3,562.341325190349,0.0,1,87,4.05349e-12,1.22841e-11,10000
GCR_H,min,3,562.341325190349,0.0,1,88,7.75689e-12,1.52093e-11,10000
GCR_H,min,3,562.341325190349,0.0,1,89,0.0,0.0,10000
GCR_H,min,3,562.341325190349,0.0,1,90,0.0,0.0,10000
GCR_H,min,3,562.341325190349,0.0,1,91,0.0,0.0,10000
GCR_H,min,3,562.341325190349,0.0,1,92,0.0,0.0,10000
GCR_H,min,3,562.341325190349,0.0,1,93,0.0,0.0,10000
GCR_H,min,3,562.341325190349,0.0,1,94,0.0,0.0,10000
GCR_H,min,3,562.341325190349,0.0,1,95,5.43524e-11,3.01956e-11,10000
GCR_H,min,3,562.341325190349,0.0,1,96,5.16898e-13,6.54219e-12,10000
GCR_H,min,3,562.341325190349,0.0,1,97,7.86818e-12,1.64696e-11,10000
GCR_H,min,3,562.341325190349,0.0,1,98,1.52024e-13,2.12503e-12,10000
GCR_H,min,3,562.341325190349,0.0,1,99,4.26942e-12,7.36006e-12,10000
GCR_H,min,3,562.341325190349,0.0,1,100,0.0,0.0,10000
GCR_H,min,3,562.341325190349,0.0,1,101,3.80463e-13,5.94473e-11,10000
GCR_H,min,3,562.341325190349,0.0,1,102,0.0,0.0,10000
GCR_H,min,3,562.341325190349,0.0,1,103,5.18802e-13,4.96937e-12,10000
GCR_H,min,3,562.341325190349,0.0,1,104,1.40564e-13,1.7952e-11,10000
GCR_H,min,3,562.341325190349,0.0,1,105,0.0,0.0,10000
GCR_H,min,3,562.341325190349,0.0,1,106,1.52778e-12,1.25453e-12,10000
GCR_H,min,3,562.341325190349,0.0,1,107,1.27079e-10,8.46808e-12,10000
GCR_H,min,3,562.341325190349,0.0,1,108,3.68312e-11,1.33906e-11,10000
GCR_H,min,3,562.341325190349,0.0,1,109,1.5704e-10,1.56649e-11,10000
GCR_H,min,3,562.341325190349,0.0,1,110,1.14451e-12,2.86056e-11,10000
GCR_H,min,3,562.341325190349,0.0,1,111,0.0,0.0,10000
GCR_H,min,3,562.341325190349,0.0,1,112,0.0,0.0,10000
GCR_H,min,3,562.341325190349,0.0,1,113,4.94947e-15,3.53534e-14,10000
GCR_H,min,3,562.341325190349,0.0,1,114,0.0,0.0,10000
GCR_H,min,3,562.341325190349,0.0,1,115,0.0,0.0,10000
GCR_H,min,3,562.341325190349,0.0,1,116,7.5232e-12,7.17513e-12,10000
GCR_H,min,3,562.341325190349,0.0,1,117,1.33317e-10,1.07774e-11,10000
GCR_H,min,3,562.341325190349,0.0,1,118,2.27644e-11,1.38514e-11,10000
GCR_H,min,3,562.341325190349,0.0,1,119,7.89113e-11,1.46228e-11,10000
GCR_H,min,3,562.341325190349,0.0,1,120,0.0,0.0,10000
GCR_H,min,3,562.341325190349,0.0,1,121,0.0,0.0,10000
GCR_H,min,3,562.341325190349,0.0,1,122,2.71824e-12,9.33014e-12,10000
GCR_H,min,3,562.341325190349,0.0,1,123,1.70583e-11,1.16422e-11,10000
GCR_H,min,3,562.341325190349,0.0,1,124,7.13122e-12,1.11594e-11,10000
GCR_H,min,3,562.341325190349,0.0,1,125,1.63717e-11,1.22871e-11,10000
GCR_H,min,3,562.341325190349,0.0,1,126,3.29013e-13,8.98452e-12,10000
GCR_H,min,3,562.341325190349,0.0,1,127,1.84613e-12,1.23084e-11,10000
GCR_H,min,3,562.341325190349,0.0,1,128,0.0,0.0,10000
GCR_H,min,3,562.341325190349,0.0,1,129,0.0,0.0,10000
GCR_H,min,3,562.341325190349,0.0,1,130,5.85328e-13,3.34091e-11,10000
GCR_H,min,3,562.341325190349,0.0,1,131,0.0,0.0,10000
GCR_H,min,3,562.341325190349,0.0,1,132,0.0,0.0,10000
GCR_H,min,3,562.341325190349,0.0,1,133,0.0,0.0,10000
GCR_H,min,3,562.341325190349,0.0,1,134,0.0,0.0,10000
GCR_H,min,3,562.341325190349,0.0,1,135,0.0,0.0,10000
GCR_H,min,3,562.341325190349,0.0,1,136,0.0,0.0,10000
GCR_H,min,3,562.341325190349,0.0,1,137,4.06569e-13,8.12976e-12,10000
GCR_H,min,3,562.341325190349,0.0,1,138,0.0,0.0,10000
GCR_H,min,3,562.341325190349,0.0,1,139,0.0,0.0,10000
GCR_H,min,3,562.341325190349,0.0,1,140,1.78597e-16,8.92986e-13,10000
GCR_H,min,3,562.341325190349,0.0,1,141,3.68167e-13,2.38605e-12,10000
GCR_H,min,3,562.341325190349,0.0,2,0,4.5634e-10,0.0,10000
GCR_H,min,3,562.341325190349,0.0,2,1,0.0,0.0,10000
GCR_H,min,3,562.341325190349,0.0,2,2,0.0,0.0,10000
GCR_H,min,3,562.341325190349,0.0,2,3,0.0,0.0,10000
GCR_H,min,3,562.341325190349,0.0,2,4,1.0354e-13,3.64448e-12,10000
GCR_H,min,3,562.341325190349,0.0,2,5,0.0,0.0,10000
GCR_H,min,3,562.341325190349,0.0,2,6,0.0,0.0,10000
GCR_H,min,3,562.341325190349,0.0,2,7,0.0,0.0,10000
GCR_H,min,3,562.341325190349,0.0,2,8,1.60145e-12,2.4151e-11,10000
GCR_H,min,3,562.341325190349,0.0,2,9,0.0,0.0,10000
GCR_H,min,3,562.341325190349,0.0,2,10,1.03452e-12,3.80436e-12,10000
GCR_H,min,3,562.341325190349,0.0,2,11,4.83714e-13,3.07706e-11,10000
GCR_H,min,3,562.341325190349,0.0,2,12,1.11648e-12,1.34451e-11,10000
GCR_H,min,3,562.341325190349,0.0,2,13,1.55982e-12,1.1532e-11,10000
GCR_H,min,3,562.341325190349,0.0,2,14,1.80198e-12,9.74781e-12,10000
GCR_H,min,3,562.341325190349,0.0,2,15,0.0,0.0,10000
GCR_H,min,3,562.341325190349,0.0,2,16,1.38543e-12,1.08211e-11,10000
GCR_H,min,3,562.341325190349,0.0,2,17,1.84607e-12,3.09069e-11,10000
GCR_H,min,3,562.341325190349,0.0,2,18,1.5935e-12,4.29169e-11,10000
GCR_H,min,3,562.341325190349,0.0,2,19,1.95901e-12,7.23417e-12,10000
GCR_H,min,3,562.341325190349,0.0,2,20,5.95203e-12,3.27196e-11,10000
GCR_H,min,3,562.341325190349,0.0,2,21,3.56362e-13,1.57195e-11,10000
GCR_H,min,3,562.341325190349,0.0,2,22,1.16071e-12,6.45769e-12,10000
GCR_H,min,3,562.341325190349,0.0,2,23,8.86542e-13,6.35104e-12,10000
GCR_H,min,3,562.341325190349,0.0,2,24,2.18579e-13,4.5747e-12,10000
GCR_H,min,3,562.341325190349,0.0,2,25,8.23465e-13,1.55195e-11,10000
GCR_H,min,3,562.341325190349,0.0,2,26,1.07e-12,1.90104e-12,10000
GCR_H,min,3,562.341325190349,0.0,2,27,2.95046e-12,6.54117e-12,10000
GCR_H,min,3,562.341325190349,0.0,2,28,3.01747e-12,1.15311e-11,10000
GCR_H,min,3,562.341325190349,0.0,2,29,1.59115e-12,3.37072e-12,10000
GCR_H,min,3,562.341325190349,0.0,2,30,1.99694e-13,7.74607e-12,10000
GCR_H,min,3,562.341325190349,0.0,2,31,2.78265e-12,9.46189e-12,10000
GCR_H,min,3,562.341325190349,0.0,2,32,1.52875e-11,3.48576e-11,10000
GCR_H,min,3,562.341325190349,0.0,2,33,3.58099e-14,4.42699e-13,10000
GCR_H,min,3,562.341325190349,0.0,2,34,7.62728e-12,1.43545e-11,10000
GCR_H,min,3,562.341325190349,0.0,2,35,1.03542e-11,1.41959e-11,10000
GCR_H,min,3,562.341325190349,0.0,2,36,0.0,0.0,10000
GCR_H,min,3,562.341325190349,0.0,2,37,1.61403e-12,6.94029e-12,10000
GCR_H,min,3,562.341325190349,0.0,2,38,1.00507e-11,1.97935e-11,10000
GCR_H,min,3,562.341325190349,0.0,2,39,9.54861e-13,1.25442e-11,10000
GCR_H,min,3,562.341325190349,0.0,2,40,1.20942e-12,1.63656e-11,10000
GCR_H,min,3,562.341325190349,0.0,2,41,1.55574e-12,3.90283e-12,10000
GCR_H,min,3,562.341325190349,0.0,2,42,6.46023e-12,9.48388e-12,10000
GCR_H,min,3,562.341325190349,0.0,2,43,5.16129e-12,1.41343e-11,10000
GCR_H,min,3,562.341325190349,0.0,2,44,3.57553e-12,6.87522e-12,10000
GCR_H,min,3,562.341325190349,0.0,2,45,1.09812e-12,4.96594e-12,10000
GCR_H,min,3,562.341325190349,0.0,2,46,9.35845e-13,4.86887e-12,10000
GCR_H,min,3,562.341325190349,0.0,2,47,5.58715e-13,5.42863e-12,10000
GCR_H,min,3,562.341325190349,0.0,2,48,1.50785e-12,2.0501e-11,10000
GCR_H,min,3,562.341325190349,0.0,2,49,1.53859e-12,5.36879e-12,10000
GCR_H,min,3,562.341325190349,0.0,2,50,1.7388e-12,5.18519e-12,10000
GCR_H,min,3,562.341325190349,0.0,2,51,9.1827e-13,4.9319e-12,10000
GCR_H,min,3,562.341325190349,0.0,2,52,1.86227e-12,6.16501e-12,10000
GCR_H,min,3,562.341325190349,0.0,2,53,1.10371e-12,1.01045e-11,10000
GCR_H,min,3,562.341325190349,0.0,2,54,6.18969e-14,3.56734e-13,10000
GCR_H,min,3,562.341325190349,0.0,2,55,0.0,0.0,10000
GCR_H,min,3,562.341325190349,0.0,2,56,1.85498e-13,3.29424e-12,10000
GCR_H,min,3,562.341325190349,0.0,2,57,1.06926e-13,6.69961e-12,10000
GCR_H,min,3,562.341325190349,0.0,2,58,2.34586e-12,2.64561e-11,10000
GCR_H,min,3,562.341325190349,0.0,2,59,2.36519e-13,4.00201e-11,10000
GCR_H,min,3,562.341325190349,0.0,2,60,6.74808e-13,1.94301e-11,10000
GCR_H,min,3,562.341325190349,0.0,2,61,0.0,0.0,10000
GCR_H,min,3,562.341325190349,0.0,2,62,0.0,0.0,10000
GCR_H,min,3,562.341325190349,0.0,2,63,0.0,0.0,10000
GCR_H,min,3,562.341325190349,0.0,2,64,0.0,0.0,10000
GCR_H,min,3,562.341325190349,0.0,2,65,0.0,0.0,10000
GCR_H,min,3,562.341325190349,0.0,2,66,0.0,0.0,10000
GCR_H,min,3,562.341325190349,0.0,2,67,0.0,0.0,10000
GCR_H,min,3,562.341325190349,0.0,2,68,0.0,0.0,10000
GCR_H,min,3,562.341325190349,0.0,2,69,0.0,0.0,10000
GCR_H,min,3,562.341325190349,0.0,2,70,0.0,0.0,10000
GCR_H,min,3,562.341325190349,0.0,2,71,0.0,0.0,10000
GCR_H,min,3,562.341325190349,0.0,2,72,1.21073e-12,8.07208e-12,10000
GCR_H,min,3,562.341325190349,0.0,2,73,3.87985e-12,1.55188e-11,10000
GCR_H,min,3,562.341325190349,0.0,2,74,4.90871e-12,7.55186e-12,10000
GCR_H,min,3,562.341325190349,0.0,2,75,2.79689e-12,7.99065e-12,10000
GCR_H,min,3,562.341325190349,0.0,2,76,4.35664e-13,4.84125e-12,10000
GCR_H,min,3,562.341325190349,0.0,2,77,0.0,0.0,10000
GCR_H,min,3,562.341325190349,0.0,2,78,3.58167e-13,5.96945e-12,10000
GCR_H,min,3,562.341325190349,0.0,2,79,0.0,0.0,10000
GCR_H,min,3,562.341325190349,0.0,2,80,0.0,0.0,10000
GCR_H,min,3,562.341325190349,0.0,2,81,0.0,0.0,10000
GCR_H,min,3,562.341325190349,0.0,2,82,2.38583e-12,2.65121e-11,10000
GCR_H,min,3,562.341325190349,0.0,2,83,7.39161e-13,2.11189e-11,10000
GCR_H,min,3,562.341325190349,0.0,2,84,0.0,0.0,10000
GCR_H,min,3,562.341325190349,0.0,2,85,0.0,0.0,10000
GCR_H,min,3,562.341325190349,0.0,2,86,0.0,0.0,10000
GCR_H,min,3,562.341325190349,0.0,2,87,3.48697e-12,1.05672e-11,10000
GCR_H,min,3,562.341325190349,0.0,2,88,4.81015e-12,9.43148e-12,10000
GCR_H,min,3,562.341325190349,0.0,2,89,2.15195e-12,2.00892e-11,10000
GCR_H,min,3,562.341325190349,0.0,2,90,6.63627e-13,1.73497e-11,10000
GCR_H,min,3,562.341325190349,0.0,2,91,2.18657e-14,2.86575e-12,10000
GCR_H,min,3,562.341325190349,0.0,2,92,1.908e-13,1.7358e-12,10000
GCR_H,min,3,562.341325190349,0.0,2,93,0.0,0.0,10000
GCR_H,min,3,562.341325190349,0.0,2,94,0.0,0.0,10000
GCR_H,min,3,562.341325190349,0.0,2,95,1.99058e-11,1.10587e-11,10000
GCR_H,min,3,562.341325190349,0.0,2,96,2.43425e-12,3.08094e-11,10000
GCR_H,min,3,562.341325190349,0.0,2,97,4.96064e-12,1.03836e-11,10000
GCR_H,min,3,562.341325190349,0.0,2,98,1.60685e-13,2.24608e-12,10000
GCR_H,min,3,562.341325190349,0.0,2,99,7.80469e-12,1.34545e-11,10000
GCR_H,min,3,562.341325190349,0.0,2,100,0.0,0.0,10000
GCR_H,min,3,562.341325190349,0.0,2,101,0.0,0.0,10000
GCR_H,min,3,562.341325190349,0.0,2,102,1.04661e-13,1.75019e-11,10000
GCR_H,min,3,562.341325190349,0.0,2,103,8.0818e-13,7.74119e-12,10000
GCR_H,min,3,562.341325190349,0.0,2,104,4.81121e-14,6.14459e-12,10000
GCR_H,min,3,562.341325190349,0.0,2,105,1.83789e-13,1.65575e-11,10000
GCR_H,min,3,562.341325190349,0.0,2,106,4.07766e-12,3.34835e-12,10000
GCR_H,min,3,562.341325190349,0.0,2,107,1.3269e-10,8.84201e-12,10000
GCR_H,min,3,562.341325190349,0.0,2,108,3.86974e-11,1.40691e-11,10000
GCR_H,min,3,562.341325190349,0.0,2,109,1.69352e-10,1.6893e-11,10000
GCR_H,min,3,562.341325190349,0.0,2,110,5.09489e-14,1.27341e-12,10000
GCR_H,min,3,562.341325190349,0.0,2,111,0.0,0.0,10000
GCR_H,min,3,562.341325190349,0.0,2,112,0.0,0.0,10000
GCR_H,min,3,562.341325190349,0.0,2,113,0.0,0.0,10000
GCR_H,min,3,562.341325190349,0.0,2,114,0.0,0.0,10000
GCR_H,min,3,562.341325190349,0.0,2,115,0.0,0.0,10000
GCR_H,min,3,562.341325190349,0.0,2,116,7.93072e-12,7.5638e-12,10000
GCR_H,min,3,562.341325190349,0.0,2,117,1.31134e-10,1.06009e-11,10000
GCR_H,min,3,562.341325190349,0.0,2,118,2.56348e-11,1.5598e-11,10000
GCR_H,min,3,562.341325190349,0.0,2,119,8.33223e-11,1.54401e-11,10000
GCR_H,min,3,562.341325190349,0.0,2,120,3.79114e-13,8.92243e-12,10000
GCR_H,min,3,562.341325190349,0.0,2,121,0.0,0.0,10000
GCR_H,min,3,562.341325190349,0.0,2,122,2.02872e-12,6.96341e-12,10000
GCR_H,min,3,562.341325190349,0.0,2,123,1.61466e-11,1.102e-11,10000
GCR_H,min,3,562.341325190349,0.0,2,124,5.99683e-12,9.38426e-12,10000
GCR_H,min,3,562.341325190349,0.0,2,125,1.68271e-11,1.26288e-11,10000
GCR_H,min,3,562.341325190349,0.0,2,126,0.0,0.0,10000
GCR_H,min,3,562.341325190349,0.0,2,127,0.0,0.0,10000
GCR_H,min,3,562.341325190349,0.0,2,128,0.0,0.0,10000
GCR_H,min,3,562.341325190349,0.0,2,129,0.0,0.0,10000
GCR_H,min,3,562.341325190349,0.0,2,130,0.0,0.0,10000
GCR_H,min,3,562.341325190349,0.0,2,131,0.0,0.0,10000
GCR_H,min,3,562.341325190349,0.0,2,132,0.0,0.0,10000
GCR_H,min,3,562.341325190349,0.0,2,133,0.0,0.0,10000
GCR_H,min,3,562.341325190349,0.0,2,134,0.0,0.0,10000
GCR_H,min,3,562.341325190349,0.0,2,135,0.0,0.0,10000
GCR_H,min,3,562.341325190349,0.0,2,136,0.0,0.0,10000
GCR_H,min,3,562.341325190349,0.0,2,137,0.0,0.0,10000
GCR_H,min,3,562.341325190349,0.0,2,138,1.83878e-15,9.19391e-15,10000
GCR_H,min,3,562.341325190349,0.0,2,139,0.0,0.0,10000
GCR_H,min,3,562.341325190349,0.0,2,140,3.09245e-16,1.54622e-12,10000
GCR_H,min,3,562.341325190349,0.0,2,141,1.29371e-12,8.38435e-12,10000
GCR_H,min,4,1778.2794100389228,0.0,1,0,7.05741e-11,0.0,10000
GCR_H,min,4,1778.2794100389228,0.0,1,1,0.0,0.0,10000
GCR_H,min,4,1778.2794100389228,0.0,1,2,2.02829e-13,2.89755e-11,10000
GCR_H,min,4,1778.2794100389228,0.0,1,3,0.0,0.0,10000
GCR_H,min,4,1778.2794100389228,0.0,1,4,0.0,0.0,10000
GCR_H,min,4,1778.2794100389228,0.0,1,5,1.23397e-13,4.01551e-12,10000
GCR_H,min,4,1778.2794100389228,0.0,1,6,3.82658e-15,7.50309e-13,10000
GCR_H,min,4,1778.2794100389228,0.0,1,7,1.12607e-13,1.12495e-11,10000
GCR_H,min,4,1778.2794100389228,0.0,1,8,4.68403e-13,7.06384e-12,10000
GCR_H,min,4,1778.2794100389228,0.0,1,9,0.0,0.0,10000
GCR_H,min,4,1778.2794100389228,0.0,1,10,9.01802e-12,3.3163e-11,10000
GCR_H,min,4,1778.2794100389228,0.0,1,11,2.47364e-13,1.57356e-11,10000
GCR_H,min,4,1778.2794100389228,0.0,1,12,3.46932e-12,4.17789e-11,10000
GCR_H,min,4,1778.2794100389228,0.0,1,13,2.32804e-12,1.72116e-11,10000
GCR_H,min,4,1778.2794100389228,0.0,1,14,5.1295e-12,2.7748e-11,10000
GCR_H,min,4,1778.2794100389228,0.0,1,15,6.11432e-13,1.82626e-11,10000
GCR_H,min,4,1778.2794100389228,0.0,1,16,1.33608e-12,1.04356e-11,10000
GCR_H,min,4,1778.2794100389228,0.0,1,17,9.6412e-13,1.61413e-11,10000
GCR_H,min,4,1778.2794100389228,0.0,1,18,1.8453e-13,4.96984e-12,10000
GCR_H,min,4,1778.2794100389228,0.0,1,19,1.60436e-11,5.92452e-11,10000
GCR_H,min,4,1778.2794100389228,0.0,1,20,9.63568e-12,5.29695e-11,10000
GCR_H,min,4,1778.2794100389228,0.0,1,21,6.71205e-12,2.96076e-10,10000
GCR_H,min,4,1778.2794100389228,0.0,1,22,8.6663e-12,4.82157e-11,10000
GCR_H,min,4,1778.2794100389228,0.0,1,23,9.02879e-12,6.46808e-11,10000
GCR_H,min,4,1778.2794100389228,0.0,1,24,3.71001e-12,7.76477e-11,10000
GCR_H,min,4,1778.2794100389228,0.0,1,25,3.36817e-12,6.34785e-11,10000
GCR_H,min,4,1778.2794100389228,0.0,1,26,1.07656e-11,1.9127e-11,10000
GCR_H,min,4,1778.2794100389228,0.0,1,27,7.45558e-12,1.6529e-11,10000
GCR_H,min,4,1778.2794100389228,0.0,1,28,9.16559e-12,3.5026e-11,10000
GCR_H,min,4,1778.2794100389228,0.0,1,29,2.04215e-11,4.32613e-11,10000
GCR_H,min,4,1778.2794100389228,0.0,1,30,1.40837e-12,5.46305e-11,10000
GCR_H,min,4,1778.2794100389228,0.0,1,31,5.55041e-12,1.88732e-11,10000
GCR_H,min,4,1778.2794100389228,0.0,1,32,7.14096e-12,1.62824e-11,10000
GCR_H,min,4,1778.2794100389228,0.0,1,33,1.47775e-12,1.82686e-11,10000
GCR_H,min,4,1778.2794100389228,0.0,1,34,1.32033e-11,2.48485e-11,10000
GCR_H,min,4,1778.2794100389228,0.0,1,35,2.6727e-11,3.66435e-11,10000
GCR_H,min,4,1778.2794100389228,0.0,1,36,1.24295e-12,1.57996e-11,10000
GCR_H,min,4,1778.2794100389228,0.0,1,37,3.73112e-12,1.60437e-11,10000
GCR_H,min,4,1778.2794100389228,0.0,1,38,7.70935e-12,1.51825e-11,10000
GCR_H,min,4,1778.2794100389228,0.0,1,39,1.00027e-12,1.31407e-11,10000
GCR_H,min,4,1778.2794100389228,0.0,1,40,1.11878e-12,1.51391e-11,10000
GCR_H,min,4,1778.2794100389228,0.0,1,41,3.39836e-11,8.52532e-11,10000
GCR_H,min,4,1778.2794100389228,0.0,1,42,4.26776e-11,6.26525e-11,10000
GCR_H,min,4,1778.2794100389228,0.0,1,43,4.94142e-12,1.35322e-11,10000
GCR_H,min,4,1778.2794100389228,0.0,1,44,1.25908e-11,2.42102e-11,10000
GCR_H,min,4,1778.2794100389228,0.0,1,45,3.35037e-12,1.51512e-11,10000
GCR_H,min,4,1778.2794100389228,0.0,1,46,2.05507e-12,1.06918e-11,10000
GCR_H,min,4,1778.2794100389228,0.0,1,47,1.45732e-12,1.41598e-11,10000
GCR_H,min,4,1778.2794100389228,0.0,1,48,9.70659e-13,1.31973e-11,10000
GCR_H,min,4,1778.2794100389228,0.0,1,49,9.42598e-12,3.28913e-11,10000
GCR_H,min,4,1778.2794100389228,0.0,1,50,1.08632e-11,3.23945e-11,10000
GCR_H,min,4,1778.2794100389228,0.0,1,51,6.94726e-12,3.73127e-11,10000
GCR_H,min,4,1778.2794100389228,0.0,1,52,2.28667e-11,7.57e-11,10000
GCR_H,min,4,1778.2794100389228,0.0,1,53,3.73604e-12,3.42034e-11,10000
GCR_H,min,4,1778.2794100389228,0.0,1,54,1.19507e-11,6.88759e-11,10000
GCR_H,min,4,1778.2794100389228,0.0,1,55,0.0,0.0,10000
GCR_H,min,4,1778.2794100389228,0.0,1,56,3.64008e-13,6.46437e-12,10000
GCR_H,min,4,1778.2794100389228,0.0,1,57,0.0,0.0,10000
GCR_H,min,4,1778.2794100389228,0.0,1,58,3.31498e-12,3.73855e-11,10000
GCR_H,min,4,1778.2794100389228,0.0,1,59,6.48584e-14,1.09743e-11,10000
GCR_H,min,4,1778.2794100389228,0.0,1,60,1.15814e-12,3.33469e-11,10000
GCR_H,min,4,1778.2794100389228,0.0,1,61,3.3768e-11,2.32883e-11,10000
GCR_H,min,4,1778.2794100389228,0.0,1,62,1.95751e-14,2.61001e-12,10000
GCR_H,min,4,1778.2794100389228,0.0,1,63,0.0,0.0,10000
GCR_H,min,4,1778.2794100389228,0.0,1,64,0.0,0.0,10000
GCR_H,min,4,1778.2794100389228,0.0,1,65,0.0,0.0,10000
GCR_H,min,4,1778.2794100389228,0.0,1,66,0.0,0.0,10000
GCR_H,min,4,1778.2794100389228,0.0,1,67,0.0,0.0,10000
GCR_H,min,4,1778.2794100389228,0.0,1,68,0.0,0.0,10000
GCR_H,min,4,1778.2794100389228,0.0,1,69,2.13268e-15,2.90952e-13,10000
GCR_H,min,4,1778.2794100389228,0.0,1,70,1.44349e-13,1.03699e-11,10000
GCR_H,min,4,1778.2794100389228,0.0,1,71,3.88376e-13,7.18151e-12,10000
GCR_H,min,4,1778.2794100389228,0.0,1,72,1.97646e-12,1.31773e-11,10000
GCR_H,min,4,1778.2794100389228,0.0,1,73,4.94652e-12,1.97853e-11,10000
GCR_H,min,4,1778.2794100389228,0.0,1,74,3.37899e-11,5.19845e-11,10000
GCR_H,min,4,1778.2794100389228,0.0,1,75,3.00054e-11,8.57248e-11,10000
GCR_H,min,4,1778.2794100389228,0.0,1,76,5.51682e-12,6.13048e-11,10000
GCR_H,min,4,1778.2794100389228,0.0,1,77,3.45376e-12,6.27728e-11,10000
GCR_H,min,4,1778.2794100389228,0.0,1,78,2.13714e-12,3.56191e-11,10000
GCR_H,min,4,1778.2794100389228,0.0,1,79,2.7014e-12,2.84358e-11,10000
GCR_H,min,4,1778.2794100389228,0.0,1,80,1.51833e-11,2.53055e-10,10000
GCR_H,min,4,1778.2794100389228,0.0,1,81,6.78439e-12,1.69567e-10,10000
GCR_H,min,4,1778.2794100389228,0.0,1,82,4.64505e-12,5.16174e-11,10000
GCR_H,min,4,1778.2794100389228,0.0,1,83,1.20593e-12,3.4455e-11,10000
GCR_H,min,4,1778.2794100389228,0.0,1,84,2.38761e-12,5.96753e-11,10000
GCR_H,min,4,1778.2794100389228,0.0,1,85,2.90531e-12,3.8753e-11,10000
GCR_H,min,4,1778.2794100389228,0.0,1,86,9.64929e-13,3.21858e-11,10000
GCR_H,min,4,1778.2794100389228,0.0,1,87,6.14419e-12,1.86199e-11,10000
GCR_H,min,4,1778.2794100389228,0.0,1,88,8.09078e-12,1.5864e-11,10000
GCR_H,min,4,1778.2794100389228,0.0,1,89,5.87111e-12,5.48087e-11,10000
GCR_H,min,4,1778.2794100389228,0.0,1,90,8.67094e-13,2.26691e-11,10000
GCR_H,min,4,1778.2794100389228,0.0,1,91,0.0,0.0,10000
GCR_H,min,4,1778.2794100389228,0.0,1,92,2.59966e-12,2.36505e-11,10000
GCR_H,min,4,1778.2794100389228,0.0,1,93,1.73494e-12,4.42024e-11,10000
GCR_H,min,4,1778.2794100389228,0.0,1,94,8.60308e-15,1.09315e-12,10000
GCR_H,min,4,1778.2794100389228,0.0,1,95,4.62733e-11,2.57072e-11,10000
GCR_H,min,4,1778.2794100389228,0.0,1,96,2.30557e-12,2.91808e-11,10000
GCR_H,min,4,1778.2794100389228,0.0,1,97,2.71401e-11,5.68094e-11,10000
GCR_H,min,4,1778.2794100389228,0.0,1,98,1.05677e-13,1.47718e-12,10000
GCR_H,min,4,1778.2794100389228,0.0,1,99,9.68474e-12,1.66955e-11,10000
GCR_H,min,4,1778.2794100389228,0.0,1,100,0.0,0.0,10000
GCR_H,min,4,1778.2794100389228,0.0,1,101,7.65052e-14,1.19539e-11,10000
GCR_H,min,4,1778.2794100389228,0.0,1,102,1.55952e-13,2.60789e-11,10000
GCR_H,min,4,1778.2794100389228,0.0,1,103,3.93519e-12,3.76934e-11,10000
GCR_H,min,4,1778.2794100389228,0.0,1,104,0.0,0.0,10000
GCR_H,min,4,1778.2794100389228,0.0,1,105,1.19193e-12,1.07381e-10,10000
GCR_H,min,4,1778.2794100389228,0.0,1,106,1.62012e-11,1.33036e-11,10000
GCR_H,min,4,1778.2794100389228,0.0,1,107,6.95452e-10,4.63424e-11,10000
GCR_H,min,4,1778.2794100389228,0.0,1,108,7.3571e-11,2.67479e-11,10000
GCR_H,min,4,1778.2794100389228,0.0,1,109,3.89547e-10,3.88576e-11,10000
GCR_H,min,4,1778.2794100389228,0.0,1,110,1.16714e-12,2.91712e-11,10000
GCR_H,min,4,1778.2794100389228,0.0,1,111,0.0,0.0,10000
GCR_H,min,4,1778.2794100389228,0.0,1,112,0.0,0.0,10000
GCR_H,min,4,1778.2794100389228,0.0,1,113,6.73018e-12,4.80727e-11,10000
GCR_H,min,4,1778.2794100389228,0.0,1,114,0.0,0.0,10000
GCR_H,min,4,1778.2794100389228,0.0,1,115,8.86461e-13,5.21141e-11,10000
GCR_H,min,4,1778.2794100389228,0.0,1,116,1.42325e-11,1.3574e-11,10000
GCR_H,min,4,1778.2794100389228,0.0,1,117,5.50402e-10,4.44948e-11,10000
GCR_H,min,4,1778.2794100389228,0.0,1,118,4.41407e-11,2.68583e-11,10000
GCR_H,min,4,1778.2794100389228,0.0,1,119,2.15356e-10,3.99068e-11,10000
GCR_H,min,4,1778.2794100389228,0.0,1,120,3.5259e-13,8.29819e-12,10000
GCR_H,min,4,1778.2794100389228,0.0,1,121,0.0,0.0,10000
GCR_H,min,4,1778.2794100389228,0.0,1,122,4.99736e-12,1.7153e-11,10000
GCR_H,min,4,1778.2794100389228,0.0,1,123,4.86913e-11,3.32316e-11,10000
GCR_H,min,4,1778.2794100389228,0.0,1,124,1.96111e-11,3.06889e-11,10000
GCR_H,min,4,1778.2794100389228,0.0,1,125,3.88778e-11,2.91781e-11,10000
GCR_H,min,4,1778.2794100389228,0.0,1,126,1.07091e-12,2.9244e-11,10000
GCR_H,min,4,1778.2794100389228,0.0,1,127,4.80027e-13,3.20039e-12,10000
GCR_H,min,4,1778.2794100389228,0.0,1,128,0.0,0.0,10000
GCR_H,min,4,1778.2794100389228,0.0,1,129,6.73271e-13,3.85166e-11,10000
GCR_H,min,4,1778.2794100389228,0.0,1,130,5.72938e-13,3.27019e-11,10000
GCR_H,min,4,1778.2794100389228,0.0,1,131,1.12692e-12,4.50948e-11,10000
GCR_H,min,4,1778.2794100389228,0.0,1,132,2.10652e-12,1.05379e-10,10000
GCR_H,min,4,1778.2794100389228,0.0,1,133,1.35905e-12,3.2144e-11,10000
GCR_H,min,4,1778.2794100389228,0.0,1,134,2.68164e-13,8.90912e-11,10000
GCR_H,min,4,1778.2794100389228,0.0,1,135,2.71655e-13,3.19219e-11,10000
GCR_H,min,4,1778.2794100389228,0.0,1,136,9.36358e-13,1.25014e-10,10000
GCR_H,min,4,1778.2794100389228,0.0,1,137,2.7892e-12,5.57728e-11,10000
GCR_H,min,4,1778.2794100389228,0.0,1,138,1.84539e-11,9.22694e-11,10000
GCR_H,min,4,1778.2794100389228,0.0,1,139,0.0,0.0,10000
GCR_H,min,4,1778.2794100389228,0.0,1,140,1.05777e-15,5.28885e-12,10000
GCR_H,min,4,1778.2794100389228,0.0,1,141,1.74919e-12,1.13363e-11,10000
GCR_H,min,4,1778.2794100389228,0.0,2,0,2.49964e-10,0.0,10000
GCR_H,min,4,1778.2794100389228,0.0,2,1,0.0,0.0,10000
GCR_H,min,4,1778.2794100389228,0.0,2,2,1.00983e-13,1.44261e-11,10000
GCR_H,min,4,1778.2794100389228,0.0,2,3,5.25194e-13,4.7615e-11,10000
GCR_H,min,4,1778.2794100389228,0.0,2,4,0.0,0.0,10000
GCR_H,min,4,1778.2794100389228,0.0,2,5,2.92392e-13,9.51486e-12,10000
GCR_H,min,4,1778.2794100389228,0.0,2,6,0.0,0.0,10000
GCR_H,min,4,1778.2794100389228,0.0,2,7,0.0,0.0,10000
GCR_H,min,4,1778.2794100389228,0.0,2,8,2.00852e-12,3.02898e-11,10000
GCR_H,min,4,1778.2794100389228,0.0,2,9,0.0,0.0,10000
GCR_H,min,4,1778.2794100389228,0.0,2,10,5.7348e-12,2.10892e-11,10000
GCR_H,min,4,1778.2794100389228,0.0,2,11,4.16954e-13,2.65238e-11,10000
GCR_H,min,4,1778.2794100389228,0.0,2,12,1.13609e-12,1.36813e-11,10000
GCR_H,min,4,1778.2794100389228,0.0,2,13,3.29829e-12,2.43848e-11,10000
GCR_H,min,4,1778.2794100389228,0.0,2,14,3.64997e-12,1.97445e-11,10000
GCR_H,min,4,1778.2794100389228,0.0,2,15,9.89924e-13,2.95676e-11,10000
GCR_H,min,4,1778.2794100389228,0.0,2,16,2.30878e-12,1.80331e-11,10000
GCR_H,min,4,1778.2794100389228,0.0,2,17,2.28609e-12,3.82737e-11,10000
GCR_H,min,4,1778.2794100389228,0.0,2,18,4.47042e-13,1.20399e-11,10000
GCR_H,min,4,1778.2794100389228,0.0,2,19,8.13387e-12,3.00365e-11,10000
GCR_H,min,4,1778.2794100389228,0.0,2,20,8.81037e-12,4.84326e-11,10000
GCR_H,min,4,1778.2794100389228,0.0,2,21,4.69055e-13,2.06906e-11,10000
GCR_H,min,4,1778.2794100389228,0.0,2,22,4.26749e-12,2.37426e-11,10000
GCR_H,min,4,1778.2794100389228,0.0,2,23,4.91061e-12,3.51788e-11,10000
GCR_H,min,4,1778.2794100389228,0.0,2,24,3.95958e-12,8.2871e-11,10000
GCR_H,min,4,1778.2794100389228,0.0,2,25,2.17757e-12,4.10398e-11,10000
GCR_H,min,4,1778.2794100389228,0.0,2,26,5.33099e-12,9.47142e-12,10000
GCR_H,min,4,1778.2794100389228,0.0,2,27,6.29834e-12,1.39634e-11,10000
GCR_H,min,4,1778.2794100389228,0.0,2,28,2.15817e-11,8.24737e-11,10000
GCR_H,min,4,1778.2794100389228,0.0,2,29,6.19372e-11,1.31209e-10,10000
GCR_H,min,4,1778.2794100389228,0.0,2,30,8.31383e-13,3.22491e-11,10000
GCR_H,min,4,1778.2794100389228,0.0,2,31,4.20558e-11,1.43003e-10,10000
GCR_H,min,4,1778.2794100389228,0.0,2,32,1.71553e-12,3.91164e-12,10000
GCR_H,min,4,1778.2794100389228,0.0,2,33,1.90842e-11,2.35928e-10,10000
GCR_H,min,4,1778.2794100389228,0.0,2,34,5.34796e-12,1.00649e-11,10000
GCR_H,min,4,1778.2794100389228,0.0,2,35,2.86752e-11,3.93144e-11,10000
GCR_H,min,4,1778.2794100389228,0.0,2,36,4.22006e-13,5.36425e-12,10000
GCR_H,min,4,1778.2794100389228,0.0,2,37,9.13261e-12,3.92699e-11,10000
GCR_H,min,4,1778.2794100389228,0.0,2,38,1.77528e-11,3.49617e-11,10000
GCR_H,min,4,1778.2794100389228,0.0,2,39,3.12344e-12,4.10331e-11,10000
GCR_H,min,4,1778.2794100389228,0.0,2,40,1.06412e-12,1.43995e-11,10000
GCR_H,min,4,1778.2794100389228,0.0,2,41,1.2199e-11,3.06032e-11,10000
GCR_H,min,4,1778.2794100389228,0.0,2,42,3.93748e-11,5.78037e-11,10000
GCR_H,min,4,1778.2794100389228,0.0,2,43,7.57814e-12,2.07529e-11,10000
GCR_H,min,4,1778.2794100389228,0.0,2,44,2.4774e-11,4.76369e-11,10000
GCR_H,min,4,1778.2794100389228,0.0,2,45,2.97935e-12,1.34733e-11,10000
GCR_H,min,4,1778.2794100389228,0.0,2,46,2.72652e-12,1.41851e-11,10000
GCR_H,min,4,1778.2794100389228,0.0,2,47,1.99868e-13,1.94197e-12,10000
GCR_H,min,4,1778.2794100389228,0.0,2,48,1.22473e-13,1.66517e-12,10000
GCR_H,min,4,1778.2794100389228,0.0,2,49,6.07503e-12,2.11984e-11,10000
GCR_H,min,4,1778.2794100389228,0.0,2,50,9.47873e-12,2.8266e-11,10000
GCR_H,min,4,1778.2794100389228,0.0,2,51,5.06994e-12,2.72299e-11,10000
GCR_H,min,4,1778.2794100389228,0.0,2,52,1.15103e-11,3.81049e-11,10000
GCR_H,min,4,1778.2794100389228,0.0,2,53,4.12424e-12,3.77574e-11,10000
GCR_H,min,4,1778.2794100389228,0.0,2,54,6.96663e-12,4.01512e-11,10000
GCR_H,min,4,1778.2794100389228,0.0,2,55,1.12162e-13,1.1341e-11,10000
GCR_H,min,4,1778.2794100389228,0.0,2,56,5.74098e-13,1.01953e-11,10000
GCR_H,min,4,1778.2794100389228,0.0,2,57,1.13581e-12,7.11661e-11,10000
GCR_H,min,4,1778.2794100389228,0.0,2,58,2.29013e-12,2.58275e-11,10000
GCR_H,min,4,1778.2794100389228,0.0,2,59,2.17023e-13,3.67214e-11,10000
GCR_H,min,4,1778.2794100389228,0.0,2,60,1.86134e-12,5.35947e-11,10000
GCR_H,min,4,1778.2794100389228,0.0,2,61,1.72944e-11,1.19272e-11,10000
GCR_H,min,4,1778.2794100389228,0.0,2,62,0.0,0.0,10000
GCR_H,min,4,1778.2794100389228,0.0,2,63,0.0,0.0,10000
GCR_H,min,4,1778.2794100389228,0.0,2,64,0.0,0.0,10000
GCR_H,min,4,1778.2794100389228,0.0,2,65,0.0,0.0,10000
GCR_H,min,4,1778.2794100389228,0.0,2,66,0.0,0.0,10000
GCR_H,min,4,1778.2794100389228,0.0,2,67,0.0,0.0,10000
GCR_H,min,4,1778.2794100389228,0.0,2,68,0.0,0.0,10000
GCR_H,min,4,1778.2794100389228,0.0,2,69,0.0,0.0,10000
GCR_H,min,4,1778.2794100389228,0.0,2,70,1.26359e-13,9.07755e-12,10000
GCR_H,min,4,1778.2794100389228,0.0,2,71,7.0312e-13,1.30015e-11,10000
GCR_H,min,4,1778.2794100389228,0.0,2,72,6.79648e-12,4.53129e-11,10000
GCR_H,min,4,1778.2794100389228,0.0,2,73,1.86632e-11,7.46497e-11,10000
GCR_H,min,4,1778.2794100389228,0.0,2,74,3.35473e-11,5.16112e-11,10000
GCR_H,min,4,1778.2794100389228,0.0,2,75,1.88254e-11,5.37839e-11,10000
GCR_H,min,4,1778.2794100389228,0.0,2,76,2.14386e-12,2.38233e-11,10000
GCR_H,min,4,1778.2794100389228,0.0,2,77,1.36788e-12,2.48615e-11,10000
GCR_H,min,4,1778.2794100389228,0.0,2,78,2.96576e-13,4.94293e-12,10000
GCR_H,min,4,1778.2794100389228,0.0,2,79,9.14312e-13,9.62434e-12,10000
GCR_H,min,4,1778.2794100389228,0.0,2,80,4.28946e-13,7.1491e-12,10000
GCR_H,min,4,1778.2794100389228,0.0,2,81,7.89464e-13,1.97317e-11,10000
GCR_H,min,4,1778.2794100389228,0.0,2,82,9.41127e-12,1.04581e-10,10000
GCR_H,min,4,1778.2794100389228,0.0,2,83,3.80001e-12,1.08572e-10,10000
GCR_H,min,4,1778.2794100389228,0.0,2,84,6.3854e-13,1.59595e-11,10000
GCR_H,min,4,1778.2794100389228,0.0,2,85,2.01382e-12,2.68616e-11,10000
GCR_H,min,4,1778.2794100389228,0.0,2,86,1.13517e-12,3.78643e-11,10000
GCR_H,min,4,1778.2794100389228,0.0,2,87,5.89144e-12,1.78539e-11,10000
GCR_H,min,4,1778.2794100389228,0.0,2,88,1.95761e-11,3.83837e-11,10000
GCR_H,min,4,1778.2794100389228,0.0,2,89,2.54162e-12,2.37268e-11,10000
GCR_H,min,4,1778.2794100389228,0.0,2,90,1.12598e-12,2.94374e-11,10000
GCR_H,min,4,1778.2794100389228,0.0,2,91,6.17215e-14,8.08931e-12,10000
GCR_H,min,4,1778.2794100389228,0.0,2,92,2.52897e-12,2.30074e-11,10000
GCR_H,min,4,1778.2794100389228,0.0,2,93,1.88135e-12,4.79325e-11,10000
GCR_H,min,4,1778.2794100389228,0.0,2,94,8.75141e-13,1.112e-10,10000
GCR_H,min,4,1778.2794100389228,0.0,2,95,4.07305e-11,2.26279e-11,10000
GCR_H,min,4,1778.2794100389228,0.0,2,96,3.61978e-13,4.58142e-12,10000
GCR_H,min,4,1778.2794100389228,0.0,2,97,7.31696e-12,1.53158e-11,10000
GCR_H,min,4,1778.2794100389228,0.0,2,98,2.18345e-12,3.05206e-11,10000
GCR_H,min,4,1778.2794100389228,0.0,2,99,1.83517e-11,3.16364e-11,10000
GCR_H,min,4,1778.2794100389228,0.0,2,100,0.0,0.0,10000
GCR_H,min,4,1778.2794100389228,0.0,2,101,1.41753e-13,2.2149e-11,10000
GCR_H,min,4,1778.2794100389228,0.0,2,102,0.0,0.0,10000
GCR_H,min,4,1778.2794100389228,0.0,2,103,2.52635e-12,2.41987e-11,10000
GCR_H,min,4,1778.2794100389228,0.0,2,104,2.24791e-14,2.87089e-12,10000
GCR_H,min,4,1778.2794100389228,0.0,2,105,2.43463e-13,2.19336e-11,10000
GCR_H,min,4,1778.2794100389228,0.0,2,106,1.36601e-11,1.12169e-11,10000
GCR_H,min,4,1778.2794100389228,0.0,2,107,7.4638e-10,4.9736e-11,10000
GCR_H,min,4,1778.2794100389228,0.0,2,108,1.07067e-10,3.8926e-11,10000
GCR_H,min,4,1778.2794100389228,0.0,2,109,5.10721e-10,5.09449e-11,10000
GCR_H,min,4,1778.2794100389228,0.0,2,110,4.21463e-13,1.05339e-11,10000
GCR_H,min,4,1778.2794100389228,0.0,2,111,0.0,0.0,10000
GCR_H,min,4,1778.2794100389228,0.0,2,112,0.0,0.0,10000
GCR_H,min,4,1778.2794100389228,0.0,2,113,7.45245e-16,5.32318e-15,10000
GCR_H,min,4,1778.2794100389228,0.0,2,114,0.0,0.0,10000
GCR_H,min,4,1778.2794100389228,0.0,2,115,1.37736e-13,8.09734e-12,10000
GCR_H,min,4,1778.2794100389228,0.0,2,116,1.4442e-11,1.37739e-11,10000
GCR_H,min,4,1778.2794100389228,0.0,2,117,5.7492e-10,4.64768e-11,10000
GCR_H,min,4,1778.2794100389228,0.0,2,118,5.80855e-11,3.53432e-11,10000
GCR_H,min,4,1778.2794100389228,0.0,2,119,3.32423e-10,6.16e-11,10000
GCR_H,min,4,1778.2794100389228,0.0,2,120,0.0,0.0,10000
GCR_H,min,4,1778.2794100389228,0.0,2,121,1.04813e-12,2.46677e-11,10000
GCR_H,min,4,1778.2794100389228,0.0,2,122,3.61793e-12,1.24182e-11,10000
GCR_H,min,4,1778.2794100389228,0.0,2,123,5.77871e-11,3.94394e-11,10000
GCR_H,min,4,1778.2794100389228,0.0,2,124,1.95002e-11,3.05153e-11,10000
GCR_H,min,4,1778.2794100389228,0.0,2,125,4.81796e-11,3.61592e-11,10000
GCR_H,min,4,1778.2794100389228,0.0,2,126,7.09009e-13,1.93613e-11,10000
GCR_H,min,4,1778.2794100389228,0.0,2,127,2.75159e-12,1.83452e-11,10000
GCR_H,min,4,1778.2794100389228,0.0,2,128,3.90033e-12,7.79442e-11,10000
GCR_H,min,4,1778.2794100389228,0.0,2,129,4.12825e-13,2.3617e-11,10000
GCR_H,min,4,1778.2794100389228,0.0,2,130,0.0,0.0,10000
GCR_H,min,4,1778.2794100389228,0.0,2,131,7.45038e-13,2.98135e-11,10000
GCR_H,min,4,1778.2794100389228,0.0,2,132,0.0,0.0,10000
GCR_H,min,4,1778.2794100389228,0.0,2,133,9.33489e-13,2.20787e-11,10000
GCR_H,min,4,1778.2794100389228,0.0,2,134,0.0,0.0,10000
GCR_H,min,4,1778.2794100389228,0.0,2,135,6.0174e-14,7.07098e-12,10000
GCR_H,min,4,1778.2794100389228,0.0,2,136,3.63747e-13,4.85644e-11,10000
GCR_H,min,4,1778.2794100389228,0.0,2,137,9.02952e-13,1.80554e-11,10000
GCR_H,min,4,1778.2794100389228,0.0,2,138,7.24492e-12,3.62246e-11,10000
GCR_H,min,4,1778.2794100389228,0.0,2,139,0.0,0.0,10000
GCR_H,min,4,1778.2794100389228,0.0,2,140,6.42777e-17,3.21388e-13,10000
GCR_H,min,4,1778.2794100389228,0.0,2,141,3.76665e-12,2.44112e-11,10000
GCR_H,min,3,562.341325190349,0.0,0,0,1.60118e-09,0.0,10000
GCR_H,min,3,562.341325190349,0.0,0,1,0.0,0.0,10000
GCR_H,min,3,562.341325190349,0.0,0,2,0.0,0.0,10000
GCR_H,min,3,562.341325190349,0.0,0,3,0.0,0.0,10000
GCR_H,min,3,562.341325190349,0.0,0,4,0.0,0.0,10000
GCR_H,min,3,562.341325190349,0.0,0,5,0.0,0.0,10000
GCR_H,min,3,562.341325190349,0.0,0,6,0.0,0.0,10000
GCR_H,min,3,562.341325190349,0.0,0,7,0.0,0.0,10000
GCR_H,min,3,562.341325190349,0.0,0,8,4.93456e-13,7.44165e-12,10000
GCR_H,min,3,562.341325190349,0.0,0,9,0.0,0.0,10000
GCR_H,min,3,562.341325190349,0.0,0,10,1.32787e-12,4.88313e-12,10000
GCR_H,min,3,562.341325190349,0.0,0,11,2.81914e-13,1.79334e-11,10000
GCR_H,min,3,562.341325190349,0.0,0,12,1.31484e-12,1.58338e-11,10000
GCR_H,min,3,562.341325190349,0.0,0,13,0.0,0.0,10000
GCR_H,min,3,562.341325190349,0.0,0,14,8.48826e-15,4.59173e-14,10000
GCR_H,min,3,562.341325190349,0.0,0,15,0.0,0.0,10000
GCR_H,min,3,562.341325190349,0.0,0,16,9.58019e-13,7.48277e-12,10000
GCR_H,min,3,562.341325190349,0.0,0,17,0.0,0.0,10000
GCR_H,min,3,562.341325190349,0.0,0,18,6.36105e-13,1.71318e-11,10000
GCR_H,min,3,562.341325190349,0.0,0,19,1.25703e-12,4.64191e-12,10000
GCR_H,min,3,562.341325190349,0.0,0,20,2.84002e-12,1.56122e-11,10000
GCR_H,min,3,562.341325190349,0.0,0,21,3.256e-13,1.43626e-11,10000
GCR_H,min,3,562.341325190349,0.0,0,22,6.27687e-13,3.49219e-12,10000
GCR_H,min,3,562.341325190349,0.0,0,23,2.77685e-14,1.98929e-13,10000
GCR_H,min,3,562.341325190349,0.0,0,24,7.60684e-13,1.59205e-11,10000
GCR_H,min,3,562.341325190349,0.0,0,25,3.7769e-13,7.11816e-12,10000
GCR_H,min,3,562.341325190349,0.0,0,26,1.67124e-12,2.96924e-12,10000
GCR_H,min,3,562.341325190349,0.0,0,27,1.82906e-12,4.05502e-12,10000
GCR_H,min,3,562.341325190349,0.0,0,28,9.1716e-13,3.50489e-12,10000
GCR_H,min,3,562.341325190349,0.0,0,29,2.13781e-12,4.52877e-12,10000
GCR_H,min,3,562.341325190349,0.0,0,30,0.0,0.0,10000
GCR_H,min,3,562.341325190349,0.0,0,31,1.68924e-12,5.74397e-12,10000
GCR_H,min,3,562.341325190349,0.0,0,32,1.53165e-12,3.49238e-12,10000
GCR_H,min,3,562.341325190349,0.0,0,33,2.62101e-13,3.24022e-12,10000
GCR_H,min,3,562.341325190349,0.0,0,34,5.45314e-12,1.02628e-11,10000
GCR_H,min,3,562.341325190349,0.0,0,35,1.2728e-11,1.74504e-11,10000
GCR_H,min,3,562.341325190349,0.0,0,36,8.18664e-13,1.04063e-11,10000
GCR_H,min,3,562.341325190349,0.0,0,37,5.5564e-13,2.38923e-12,10000
GCR_H,min,3,562.341325190349,0.0,0,38,1.0382e-12,2.04458e-12,10000
GCR_H,min,3,562.341325190349,0.0,0,39,3.21951e-13,4.22952e-12,10000
GCR_H,min,3,562.341325190349,0.0,0,40,5.99734e-13,8.11548e-12,10000
GCR_H,min,3,562.341325190349,0.0,0,41,3.6978e-12,9.27649e-12,10000
GCR_H,min,3,562.341325190349,0.0,0,42,6.75642e-12,9.9187e-12,10000
GCR_H,min,3,562.341325190349,0.0,0,43,4.68392e-12,1.2827e-11,10000
GCR_H,min,3,562.341325190349,0.0,0,44,8.44206e-12,1.62328e-11,10000
GCR_H,min,3,562.341325190349,0.0,0,45,3.21463e-12,1.45373e-11,10000
GCR_H,min,3,562.341325190349,0.0,0,46,1.2676e-12,6.59487e-12,10000
GCR_H,min,3,562.341325190349,0.0,0,47,1.01919e-12,9.90272e-12,10000
GCR_H,min,3,562.341325190349,0.0,0,48,8.28354e-14,1.12625e-12,10000
GCR_H,min,3,562.341325190349,0.0,0,49,2.00927e-12,7.01121e-12,10000
GCR_H,min,3,562.341325190349,0.0,0,50,8.82565e-13,2.63185e-12,10000
GCR_H,min,3,562.341325190349,0.0,0,51,1.76313e-12,9.46953e-12,10000
GCR_H,min,3,562.341325190349,0.0,0,52,7.78234e-12,2.57634e-11,10000
GCR_H,min,3,562.341325190349,0.0,0,53,1.93075e-12,1.7676e-11,10000
GCR_H,min,3,562.341325190349,0.0,0,54,2.83827e-12,1.6358e-11,10000
GCR_H,min,3,562.341325190349,0.0,0,55,0.0,0.0,10000
GCR_H,min,3,562.341325190349,0.0,0,56,1.40204e-12,2.48985e-11,10000
GCR_H,min,3,562.341325190349,0.0,0,57,0.0,0.0,10000
GCR_H,min,3,562.341325190349,0.0,0,58,6.3617e-12,7.17458e-11,10000
GCR_H,min,3,562.341325190349,0.0,0,59,0.0,0.0,10000
GCR_H,min,3,562.341325190349,0.0,0,60,3.59154e-13,1.03413e-11,10000
GCR_H,min,3,562.341325190349,0.0,0,61,5.67877e-12,3.9164e-12,10000
GCR_H,min,3,562.341325190349,0.0,0,62,0.0,0.0,10000
GCR_H,min,3,562.341325190349,0.0,0,63,0.0,0.0,10000
GCR_H,min,3,562.341325190349,0.0,0,64,0.0,0.0,10000
GCR_H,min,3,562.341325190349,0.0,0,65,0.0,0.0,10000
GCR_H,min,3,562.341325190349,0.0,0,66,0.0,0.0,10000
GCR_H,min,3,562.341325190349,0.0,0,67,0.0,0.0,10000
GCR_H,min,3,562.341325190349,0.0,0,68,0.0,0.0,10000
GCR_H,min,3,562.341325190349,0.0,0,69,0.0,0.0,10000
GCR_H,min,3,562.341325190349,0.0,0,70,0.0,0.0,10000
GCR_H,min,3,562.341325190349,0.0,0,71,0.0,0.0,10000
GCR_H,min,3,562.341325190349,0.0,0,72,8.36272e-13,5.57552e-12,10000
GCR_H,min,3,562.341325190349,0.0,0,73,3.813e-12,1.52514e-11,10000
GCR_H,min,3,562.341325190349,0.0,0,74,7.81872e-13,1.20288e-12,10000
GCR_H,min,3,562.341325190349,0.0,0,75,1.45702e-13,4.16268e-13,10000
GCR_H,min,3,562.341325190349,0.0,0,76,5.39382e-12,5.9938e-11,10000
GCR_H,min,3,562.341325190349,0.0,0,77,2.89846e-12,5.26802e-11,10000
GCR_H,min,3,562.341325190349,0.0,0,78,0.0,0.0,10000
GCR_H,min,3,562.341325190349,0.0,0,79,2.11552e-14,2.22687e-13,10000
GCR_H,min,3,562.341325190349,0.0,0,80,1.43507e-20,2.39178e-19,10000
GCR_H,min,3,562.341325190349,0.0,0,81,0.0,0.0,10000
GCR_H,min,3,562.341325190349,0.0,0,82,1.16654e-12,1.29629e-11,10000
GCR_H,min,3,562.341325190349,0.0,0,83,7.60581e-13,2.17309e-11,10000
GCR_H,min,3,562.341325190349,0.0,0,84,3.31292e-18,8.28023e-17,10000
GCR_H,min,3,562.341325190349,0.0,0,85,3.54215e-18,4.72476e-17,10000
GCR_H,min,3,562.341325190349,0.0,0,86,0.0,0.0,10000
GCR_H,min,3,562.341325190349,0.0,0,87,5.91055e-12,1.79118e-11,10000
GCR_H,min,3,562.341325190349,0.0,0,88,2.64291e-11,5.18208e-11,10000
GCR_H,min,3,562.341325190349,0.0,0,89,2.95515e-12,2.75872e-11,10000
GCR_H,min,3,562.341325190349,0.0,0,90,1.48379e-12,3.87919e-11,10000
GCR_H,min,3,562.341325190349,0.0,0,91,0.0,0.0,10000
GCR_H,min,3,562.341325190349,0.0,0,92,0.0,0.0,10000
GCR_H,min,3,562.341325190349,0.0,0,93,0.0,0.0,10000
GCR_H,min,3,562.341325190349,0.0,0,94,0.0,0.0,10000
GCR_H,min,3,562.341325190349,0.0,0,95,2.29805e-11,1.27669e-11,10000
GCR_H,min,3,562.341325190349,0.0,0,96,1.82291e-12,2.30719e-11,10000
GCR_H,min,3,562.341325190349,0.0,0,97,5.58348e-12,1.16873e-11,10000
GCR_H,min,3,562.341325190349,0.0,0,98,2.2363e-12,3.12595e-11,10000
GCR_H,min,3,562.341325190349,0.0,0,99,1.73756e-11,2.99537e-11,10000
GCR_H,min,3,562.341325190349,0.0,0,100,0.0,0.0,10000
GCR_H,min,3,562.341325190349,0.0,0,101,1.38868e-15,2.16982e-13,10000
GCR_H,min,3,562.341325190349,0.0,0,102,0.0,0.0,10000
GCR_H,min,3,562.341325190349,0.0,0,103,5.76614e-13,5.52312e-12,10000
GCR_H,min,3,562.341325190349,0.0,0,104,1.68574e-13,2.15293e-11,10000
GCR_H,min,3,562.341325190349,0.0,0,105,1.19212e-13,1.07398e-11,10000
GCR_H,min,3,562.341325190349,0.0,0,106,4.35983e-12,3.58005e-12,10000
GCR_H,min,3,562.341325190349,0.0,0,107,1.27408e-10,8.48999e-12,10000
GCR_H,min,3,562.341325190349,0.0,0,108,3.0093e-11,1.09408e-11,10000
GCR_H,min,3,562.341325190349,0.0,0,109,7.28424e-11,7.2661e-12,10000
GCR_H,min,3,562.341325190349,0.0,0,110,0.0,0.0,10000
GCR_H,min,3,562.341325190349,0.0,0,111,0.0,0.0,10000
GCR_H,min,3,562.341325190349,0.0,0,112,0.0,0.0,10000
GCR_H,min,3,562.341325190349,0.0,0,113,1.56966e-12,1.12119e-11,10000
GCR_H,min,3,562.341325190349,0.0,0,114,0.0,0.0,10000
GCR_H,min,3,562.341325190349,0.0,0,115,0.0,0.0,10000
GCR_H,min,3,562.341325190349,0.0,0,116,3.39629e-12,3.23915e-12,10000
GCR_H,min,3,562.341325190349,0.0,0,117,1.49726e-10,1.21039e-11,10000
GCR_H,min,3,562.341325190349,0.0,0,118,2.74637e-11,1.67108e-11,10000
GCR_H,min,3,562.341325190349,0.0,0,119,4.3995e-11,8.15255e-12,10000
GCR_H,min,3,562.341325190349,0.0,0,120,0.0,0.0,10000
GCR_H,min,3,562.341325190349,0.0,0,121,6.91163e-13,1.62665e-11,10000
GCR_H,min,3,562.341325190349,0.0,0,122,1.27746e-12,4.38477e-12,10000
GCR_H,min,3,562.341325190349,0.0,0,123,1.7237e-11,1.17642e-11,10000
GCR_H,min,3,562.341325190349,0.0,0,124,7.82185e-12,1.22402e-11,10000
GCR_H,min,3,562.341325190349,0.0,0,125,1.83863e-11,1.37991e-11,10000
GCR_H,min,3,562.341325190349,0.0,0,126,0.0,0.0,10000
GCR_H,min,3,562.341325190349,0.0,0,127,0.0,0.0,10000
GCR_H,min,3,562.341325190349,0.0,0,128,0.0,0.0,10000
GCR_H,min,3,562.341325190349,0.0,0,129,0.0,0.0,10000
GCR_H,min,3,562.341325190349,0.0,0,130,0.0,0.0,10000
GCR_H,min,3,562.341325190349,0.0,0,131,0.0,0.0,10000
GCR_H,min,3,562.341325190349,0.0,0,132,0.0,0.0,10000
GCR_H,min,3,562.341325190349,0.0,0,133,0.0,0.0,10000
GCR_H,min,3,562.341325190349,0.0,0,134,0.0,0.0,10000
GCR_H,min,3,562.341325190349,0.0,0,135,0.0,0.0,10000
GCR_H,min,3,562.341325190349,0.0,0,136,0.0,0.0,10000
GCR_H,min,3,562.341325190349,0.0,0,137,0.0,0.0,10000
GCR_H,min,3,562.341325190349,0.0,0,138,2.34111e-18,1.17056e-17,10000
GCR_H,min,3,562.341325190349,0.0,0,139,0.0,0.0,10000
GCR_H,min,3,562.341325190349,0.0,0,140,0.0,0.0,10000
GCR_H,min,3,562.341325190349,0.0,0,141,4.53909e-13,2.94173e-12,10000
GCR_H,min,5,5623.413251903491,0.0,1,0,8.18944e-11,0.0,10000
GCR_H,min,5,5623.413251903491,0.0,1,1,3.21711e-13,4.59588e-11,10000
GCR_H,min,5,5623.413251903491,0.0,1,2,1.12924e-12,1.6132e-10,10000
GCR_H,min,5,5623.413251903491,0.0,1,3,1.17461e-12,1.06493e-10,10000
GCR_H,min,5,5623.413251903491,0.0,1,4,5.79357e-12,2.03927e-10,10000
GCR_H,min,5,5623.413251903491,0.0,1,5,1.59519e-11,5.19098e-10,10000
GCR_H,min,5,5623.413251903491,0.0,1,6,8.51824e-13,1.67024e-10,10000
GCR_H,min,5,5623.413251903491,0.0,1,7,1.13087e-12,1.12974e-10,10000
GCR_H,min,5,5623.413251903491,0.0,1,8,7.68656e-12,1.15918e-10,10000
GCR_H,min,5,5623.413251903491,0.0,1,9,5.68001e-13,6.68237e-10,10000
GCR_H,min,5,5623.413251903491,0.0,1,10,6.2793e-11,2.30916e-10,10000
GCR_H,min,5,5623.413251903491,0.0,1,11,2.54569e-12,1.6194e-10,10000
GCR_H,min,5,5623.413251903491,0.0,1,12,3.48448e-11,4.19614e-10,10000
GCR_H,min,5,5623.413251903491,0.0,1,13,1.42929e-11,1.0567e-10,10000
GCR_H,min,5,5623.413251903491,0.0,1,14,3.02868e-11,1.63836e-10,10000
GCR_H,min,5,5623.413251903491,0.0,1,15,1.53642e-12,4.58907e-11,10000
GCR_H,min,5,5623.413251903491,0.0,1,16,1.2216e-11,9.54152e-11,10000
GCR_H,min,5,5623.413251903491,0.0,1,17,5.80036e-12,9.71097e-11,10000
GCR_H,min,5,5623.413251903491,0.0,1,18,2.86338e-12,7.71177e-11,10000
GCR_H,min,5,5623.413251903491,0.0,1,19,9.63774e-11,3.55899e-10,10000
GCR_H,min,5,5623.413251903491,0.0,1,20,4.76291e-11,2.61828e-10,10000
GCR_H,min,5,5623.413251903491,0.0,1,21,1.92129e-12,8.47505e-11,10000
GCR_H,min,5,5623.413251903491,0.0,1,22,5.95442e-11,3.31279e-10,10000
GCR_H,min,5,5623.413251903491,0.0,1,23,6.60064e-11,4.72859e-10,10000
GCR_H,min,5,5623.413251903491,0.0,1,24,1.64674e-11,3.44651e-10,10000
GCR_H,min,5,5623.413251903491,0.0,1,25,1.19277e-11,2.24797e-10,10000
GCR_H,min,5,5623.413251903491,0.0,1,26,9.50175e-11,1.68815e-10,10000
GCR_H,min,5,5623.413251903491,0.0,1,27,7.41604e-11,1.64414e-10,10000
GCR_H,min,5,5623.413251903491,0.0,1,28,1.589e-10,6.07232e-10,10000
GCR_H,min,5,5623.413251903491,0.0,1,29,3.28899e-10,6.96747e-10,10000
GCR_H,min,5,5623.413251903491,0.0,1,30,5.84058e-12,2.26555e-10,10000
GCR_H,min,5,5623.413251903491,0.0,1,31,7.05806e-11,2.39997e-10,10000
GCR_H,min,5,5623.413251903491,0.0,1,32,1.65906e-10,3.7829e-10,10000
GCR_H,min,5,5623.413251903491,0.0,1,33,9.23632e-12,1.14184e-10,10000
GCR_H,min,5,5623.413251903491,0.0,1,34,1.14144e-10,2.1482e-10,10000
GCR_H,min,5,5623.413251903491,0.0,1,35,1.34884e-10,1.8493e-10,10000
GCR_H,min,5,5623.413251903491,0.0,1,36,6.26903e-11,7.96877e-10,10000
GCR_H,min,5,5623.413251903491,0.0,1,37,3.44581e-11,1.48168e-10,10000
GCR_H,min,5,5623.413251903491,0.0,1,38,1.66734e-10,3.28358e-10,10000
GCR_H,min,5,5623.413251903491,0.0,1,39,1.10222e-11,1.44801e-10,10000
GCR_H,min,5,5623.413251903491,0.0,1,40,1.05703e-11,1.43035e-10,10000
GCR_H,min,5,5623.413251903491,0.0,1,41,1.46858e-10,3.68416e-10,10000
GCR_H,min,5,5623.413251903491,0.0,1,42,3.55476e-10,5.21854e-10,10000
GCR_H,min,5,5623.413251903491,0.0,1,43,2.57245e-11,7.04473e-11,10000
GCR_H,min,5,5623.413251903491,0.0,1,44,7.24092e-11,1.39232e-10,10000
GCR_H,min,5,5623.413251903491,0.0,1,45,4.24377e-11,1.91913e-10,10000
GCR_H,min,5,5623.413251903491,0.0,1,46,1.42094e-11,7.39262e-11,10000
GCR_H,min,5,5623.413251903491,0.0,1,47,2.05043e-11,1.99226e-10,10000
GCR_H,min,5,5623.413251903491,0.0,1,48,1.49316e-11,2.03013e-10,10000
GCR_H,min,5,5623.413251903491,0.0,1,49,8.73603e-11,3.04837e-10,10000
GCR_H,min,5,5623.413251903491,0.0,1,50,8.07744e-11,2.40873e-10,10000
GCR_H,min,5,5623.413251903491,0.0,1,51,5.60226e-11,3.0089e-10,10000
GCR_H,min,5,5623.413251903491,0.0,1,52,7.49303e-11,2.48056e-10,10000
GCR_H,min,5,5623.413251903491,0.0,1,53,6.14611e-11,5.62676e-10,10000
GCR_H,min,5,5623.413251903491,0.0,1,54,1.08029e-10,6.22612e-10,10000
GCR_H,min,5,5623.413251903491,0.0,1,55,8.18365e-13,8.27467e-11,10000
GCR_H,min,5,5623.413251903491,0.0,1,56,3.74449e-12,6.64978e-11,10000
GCR_H,min,5,5623.413251903491,0.0,1,57,5.47206e-12,3.42861e-10,10000
GCR_H,min,5,5623.413251903491,0.0,1,58,2.5496e-11,2.87538e-10,10000
GCR_H,min,5,5623.413251903491,0.0,1,59,1.08822e-12,1.84133e-10,10000
GCR_H,min,5,5623.413251903491,0.0,1,60,1.29497e-11,3.72868e-10,10000
GCR_H,min,5,5623.413251903491,0.0,1,61,2.81471e-10,1.94118e-10,10000
GCR_H,min,5,5623.413251903491,0.0,1,62,1.64258e-12,2.19011e-10,10000
GCR_H,min,5,5623.413251903491,0.0,1,63,7.89441e-13,1.58205e-10,10000
GCR_H,min,5,5623.413251903491,0.0,1,64,8.64281e-13,1.15237e-10,10000
GCR_H,min,5,5623.413251903491,0.0,1,65,5.83168e-13,1.16867e-10,10000
GCR_H,min,5,5623.413251903491,0.0,1,66,0.0,0.0,10000
GCR_H,min,5,5623.413251903491,0.0,1,67,8.92266e-13,1.22396e-10,10000
GCR_H,min,5,5623.413251903491,0.0,1,68,2.63844e-13,1.38865e-09,10000
GCR_H,min,5,5623.413251903491,0.0,1,69,1.54507e-12,2.10788e-10,10000
GCR_H,min,5,5623.413251903491,0.0,1,70,2.43856e-11,1.75184e-09,10000
GCR_H,min,5,5623.413251903491,0.0,1,71,5.92861e-11,1.09627e-09,10000
GCR_H,min,5,5623.413251903491,0.0,1,72,6.97278e-11,4.64883e-10,10000
GCR_H,min,5,5623.413251903491,0.0,1,73,9.96872e-11,3.98733e-10,10000
GCR_H,min,5,5623.413251903491,0.0,1,74,1.87903e-10,2.89081e-10,10000
GCR_H,min,5,5623.413251903491,0.0,1,75,1.07752e-10,3.07844e-10,10000
GCR_H,min,5,5623.413251903491,0.0,1,76,2.22126e-11,2.46834e-10,10000
GCR_H,min,5,5623.413251903491,0.0,1,77,2.22712e-11,4.04783e-10,10000
GCR_H,min,5,5623.413251903491,0.0,1,78,1.62173e-11,2.70289e-10,10000
GCR_H,min,5,5623.413251903491,0.0,1,79,3.68408e-11,3.87798e-10,10000
GCR_H,min,5,5623.413251903491,0.0,1,80,2.6643e-11,4.4405e-10,10000
GCR_H,min,5,5623.413251903491,0.0,1,81,2.52322e-11,6.30648e-10,10000
GCR_H,min,5,5623.413251903491,0.0,1,82,1.89891e-11,2.11013e-10,10000
GCR_H,min,5,5623.413251903491,0.0,1,83,2.57865e-11,7.36757e-10,10000
GCR_H,min,5,5623.413251903491,0.0,1,84,1.40395e-11,3.509e-10,10000
GCR_H,min,5,5623.413251903491,0.0,1,85,2.35477e-11,3.14095e-10,10000
GCR_H,min,5,5623.413251903491,0.0,1,86,2.73435e-12,9.12058e-11,10000
GCR_H,min,5,5623.413251903491,0.0,1,87,3.14254e-11,9.52343e-11,10000
GCR_H,min,5,5623.413251903491,0.0,1,88,4.63191e-11,9.08199e-11,10000
GCR_H,min,5,5623.413251903491,0.0,1,89,1.59562e-11,1.48956e-10,10000
GCR_H,min,5,5623.413251903491,0.0,1,90,9.01896e-12,2.3579e-10,10000
GCR_H,min,5,5623.413251903491,0.0,1,91,2.09469e-12,2.74534e-10,10000
GCR_H,min,5,5623.413251903491,0.0,1,92,2.18454e-11,1.98739e-10,10000
GCR_H,min,5,5623.413251903491,0.0,1,93,7.4268e-12,1.89218e-10,10000
GCR_H,min,5,5623.413251903491,0.0,1,94,5.54127e-13,7.04101e-11,10000
GCR_H,min,5,5623.413251903491,0.0,1,95,8.00719e-10,4.44842e-10,10000
GCR_H,min,5,5623.413251903491,0.0,1,96,6.86355e-12,8.68693e-11,10000
GCR_H,min,5,5623.413251903491,0.0,1,97,4.45502e-11,9.32519e-11,10000
GCR_H,min,5,5623.413251903491,0.0,1,98,5.62026e-12,7.85611e-11,10000
GCR_H,min,5,5623.413251903491,0.0,1,99,6.57809e-11,1.134e-10,10000
GCR_H,min,5,5623.413251903491,0.0,1,100,9.84916e-13,4.35803e-10,10000
GCR_H,min,5,5623.413251903491,0.0,1,101,3.17529e-13,4.96139e-11,10000
GCR_H,min,5,5623.413251903491,0.0,1,102,1.96746e-12,3.29006e-10,10000
GCR_H,min,5,5623.413251903491,0.0,1,103,4.04477e-11,3.8743e-10,10000
GCR_H,min,5,5623.413251903491,0.0,1,104,9.98029e-13,1.27462e-10,10000
GCR_H,min,5,5623.413251903491,0.0,1,105,3.19245e-12,2.87609e-10,10000
GCR_H,min,5,5623.413251903491,0.0,1,106,4.40993e-10,3.6212e-10,10000
GCR_H,min,5,5623.413251903491,0.0,1,107,5.03843e-09,3.35742e-10,10000
GCR_H,min,5,5623.413251903491,0.0,1,108,6.21698e-10,2.26028e-10,10000
GCR_H,min,5,5623.413251903491,0.0,1,109,3.02531e-09,3.01778e-10,10000
GCR_H,min,5,5623.413251903491,0.0,1,110,2.99852e-12,7.49443e-11,10000
GCR_H,min,5,5623.413251903491,0.0,1,111,0.0,0.0,10000
GCR_H,min,5,5623.413251903491,0.0,1,112,0.0,0.0,10000
GCR_H,min,5,5623.413251903491,0.0,1,113,5.59956e-11,3.99968e-10,10000
GCR_H,min,5,5623.413251903491,0.0,1,114,1.77814e-13,2.96356e-10,10000
GCR_H,min,5,5623.413251903491,0.0,1,115,6.41463e-12,3.77109e-10,10000
GCR_H,min,5,5623.413251903491,0.0,1,116,2.58832e-10,2.46857e-10,10000
GCR_H,min,5,5623.413251903491,0.0,1,117,3.94625e-09,3.19017e-10,10000
GCR_H,min,5,5623.413251903491,0.0,1,118,4.26331e-10,2.59409e-10,10000
GCR_H,min,5,5623.413251903491,0.0,1,119,1.71072e-09,3.17008e-10,10000
GCR_H,min,5,5623.413251903491,0.0,1,120,6.72492e-12,1.58271e-10,10000
GCR_H,min,5,5623.413251903491,0.0,1,121,6.61189e-12,1.55611e-10,10000
GCR_H,min,5,5623.413251903491,0.0,1,122,4.87855e-11,1.67452e-10,10000
GCR_H,min,5,5623.413251903491,0.0,1,123,4.47951e-10,3.05725e-10,10000
GCR_H,min,5,5623.413251903491,0.0,1,124,1.5268e-10,2.38924e-10,10000
GCR_H,min,5,5623.413251903491,0.0,1,125,3.06155e-10,2.29772e-10,10000
GCR_H,min,5,5623.413251903491,0.0,1,126,3.8647e-12,1.05535e-10,10000
GCR_H,min,5,5623.413251903491,0.0,1,127,2.33709e-11,1.55816e-10,10000
GCR_H,min,5,5623.413251903491,0.0,1,128,2.93097e-11,5.85726e-10,10000
GCR_H,min,5,5623.413251903491,0.0,1,129,1.03348e-11,5.91238e-10,10000
GCR_H,min,5,5623.413251903491,0.0,1,130,1.35802e-11,7.75124e-10,10000
GCR_H,min,5,5623.413251903491,0.0,1,131,5.17368e-13,2.0703e-11,10000
GCR_H,min,5,5623.413251903491,0.0,1,132,4.48948e-12,2.24586e-10,10000
GCR_H,min,5,5623.413251903491,0.0,1,133,9.3822e-12,2.21906e-10,10000
GCR_H,min,5,5623.413251903491,0.0,1,134,0.0,0.0,10000
GCR_H,min,5,5623.413251903491,0.0,1,135,1.14455e-11,1.34495e-09,10000
GCR_H,min,5,5623.413251903491,0.0,1,136,2.25877e-12,3.01572e-10,10000
GCR_H,min,5,5623.413251903491,0.0,1,137,2.16168e-11,4.32249e-10,10000
GCR_H,min,5,5623.413251903491,0.0,1,138,1.20367e-10,6.01837e-10,10000
GCR_H,min,5,5623.413251903491,0.0,1,139,0.0,0.0,10000
GCR_H,min,5,5623.413251903491,0.0,1,140,1.29979e-14,6.49896e-11,10000
GCR_H,min,5,5623.413251903491,0.0,1,141,5.3899e-11,3.49313e-10,10000
GCR_H,min,5,5623.413251903491,0.0,2,0,3.53101e-11,0.0,10000
GCR_H,min,5,5623.413251903491,0.0,2,1,3.01059e-12,4.30084e-10,10000
GCR_H,min,5,5623.413251903491,0.0,2,2,9.79876e-13,1.39982e-10,10000
GCR_H,min,5,5623.413251903491,0.0,2,3,6.01144e-13,5.45008e-11,10000
GCR_H,min,5,5623.413251903491,0.0,2,4,1.6549e-11,5.82506e-10,10000
GCR_H,min,5,5623.413251903491,0.0,2,5,7.09403e-12,2.3085e-10,10000
GCR_H,min,5,5623.413251903491,0.0,2,6,1.34304e-12,2.63341e-10,10000
GCR_H,min,5,5623.413251903491,0.0,2,7,1.58451e-12,1.58293e-10,10000
GCR_H,min,5,5623.413251903491,0.0,2,8,8.54615e-12,1.28882e-10,10000
GCR_H,min,5,5623.413251903491,0.0,2,9,2.57359e-13,3.02775e-10,10000
GCR_H,min,5,5623.413251903491,0.0,2,10,7.74557e-11,2.84837e-10,10000
GCR_H,min,5,5623.413251903491,0.0,2,11,1.39227e-12,8.85671e-11,10000
GCR_H,min,5,5623.413251903491,0.0,2,12,2.03127e-11,2.44613e-10,10000
GCR_H,min,5,5623.413251903491,0.0,2,13,1.31008e-11,9.68568e-11,10000
GCR_H,min,5,5623.413251903491,0.0,2,14,2.10437e-11,1.13836e-10,10000
GCR_H,min,5,5623.413251903491,0.0,2,15,6.72978e-13,2.01009e-11,10000
GCR_H,min,5,5623.413251903491,0.0,2,16,9.10345e-11,7.11041e-10,10000
GCR_H,min,5,5623.413251903491,0.0,2,17,4.29982e-11,7.19876e-10,10000
GCR_H,min,5,5623.413251903491,0.0,2,18,4.06919e-13,1.09593e-11,10000
GCR_H,min,5,5623.413251903491,0.0,2,19,9.2459e-11,3.41429e-10,10000
GCR_H,min,5,5623.413251903491,0.0,2,20,6.57262e-11,3.61312e-10,10000
GCR_H,min,5,5623.413251903491,0.0,2,21,2.31946e-12,1.02314e-10,10000
GCR_H,min,5,5623.413251903491,0.0,2,22,4.59161e-11,2.55459e-10,10000
GCR_H,min,5,5623.413251903491,0.0,2,23,4.14617e-11,2.97025e-10,10000
GCR_H,min,5,5623.413251903491,0.0,2,24,4.43927e-12,9.29107e-11,10000
GCR_H,min,5,5623.413251903491,0.0,2,25,3.99954e-12,7.53777e-11,10000
GCR_H,min,5,5623.413251903491,0.0,2,26,1.07445e-10,1.90895e-10,10000
GCR_H,min,5,5623.413251903491,0.0,2,27,1.27127e-10,2.81841e-10,10000
GCR_H,min,5,5623.413251903491,0.0,2,28,1.12061e-10,4.28237e-10,10000
GCR_H,min,5,5623.413251903491,0.0,2,29,3.52257e-10,7.46227e-10,10000
GCR_H,min,5,5623.413251903491,0.0,2,30,1.0368e-11,4.02171e-10,10000
GCR_H,min,5,5623.413251903491,0.0,2,31,8.05211e-11,2.73797e-10,10000
GCR_H,min,5,5623.413251903491,0.0,2,32,1.64138e-10,3.74258e-10,10000
GCR_H,min,5,5623.413251903491,0.0,2,33,1.7039e-11,2.10645e-10,10000
GCR_H,min,5,5623.413251903491,0.0,2,34,9.61987e-11,1.81046e-10,10000
GCR_H,min,5,5623.413251903491,0.0,2,35,7.84214e-11,1.07518e-10,10000
GCR_H,min,5,5623.413251903491,0.0,2,36,2.0274e-11,2.5771e-10,10000
GCR_H,min,5,5623.413251903491,0.0,2,37,7.04905e-11,3.03107e-10,10000
GCR_H,min,5,5623.413251903491,0.0,2,38,7.52339e-11,1.48162e-10,10000
GCR_H,min,5,5623.413251903491,0.0,2,39,1.68879e-11,2.21858e-10,10000
GCR_H,min,5,5623.413251903491,0.0,2,40,1.87521e-11,2.53749e-10,10000
GCR_H,min,5,5623.413251903491,0.0,2,41,1.62056e-10,4.06544e-10,10000
GCR_H,min,5,5623.413251903491,0.0,2,42,2.88544e-10,4.23594e-10,10000
GCR_H,min,5,5623.413251903491,0.0,2,43,4.70879e-11,1.28951e-10,10000
GCR_H,min,5,5623.413251903491,0.0,2,44,7.12547e-11,1.37012e-10,10000
GCR_H,min,5,5623.413251903491,0.0,2,45,5.66768e-11,2.56305e-10,10000
GCR_H,min,5,5623.413251903491,0.0,2,46,2.74893e-11,1.43017e-10,10000
GCR_H,min,5,5623.413251903491,0.0,2,47,2.71684e-11,2.63976e-10,10000
GCR_H,min,5,5623.413251903491,0.0,2,48,2.59353e-11,3.52621e-10,10000
GCR_H,min,5,5623.413251903491,0.0,2,49,6.07838e-11,2.12101e-10,10000
GCR_H,min,5,5623.413251903491,0.0,2,50,1.21792e-10,3.6319e-10,10000
GCR_H,min,5,5623.413251903491,0.0,2,51,6.34889e-11,3.4099e-10,10000
GCR_H,min,5,5623.413251903491,0.0,2,52,1.18466e-10,3.92182e-10,10000
GCR_H,min,5,5623.413251903491,0.0,2,53,4.03896e-11,3.69766e-10,10000
GCR_H,min,5,5623.413251903491,0.0,2,54,4.06117e-11,2.34059e-10,10000
GCR_H,min,5,5623.413251903491,0.0,2,55,6.67471e-13,6.74895e-11,10000
GCR_H,min,5,5623.413251903491,0.0,2,56,4.80104e-12,8.52609e-11,10000
GCR_H,min,5,5623.413251903491,0.0,2,57,5.0798e-12,3.18283e-10,10000
GCR_H,min,5,5623.413251903491,0.0,2,58,3.83654e-11,4.32676e-10,10000
GCR_H,min,5,5623.413251903491,0.0,2,59,3.01785e-12,5.10635e-10,10000
GCR_H,min,5,5623.413251903491,0.0,2,60,1.19963e-12,3.45415e-11,10000
GCR_H,min,5,5623.413251903491,0.0,2,61,2.11899e-10,1.46137e-10,10000
GCR_H,min,5,5623.413251903491,0.0,2,62,9.44013e-13,1.25868e-10,10000
GCR_H,min,5,5623.413251903491,0.0,2,63,2.69152e-13,5.39383e-11,10000
GCR_H,min,5,5623.413251903491,0.0,2,64,1.00206e-12,1.33608e-10,10000
GCR_H,min,5,5623.413251903491,0.0,2,65,8.49888e-13,1.70318e-10,10000
GCR_H,min,5,5623.413251903491,0.0,2,66,0.0,0.0,10000
GCR_H,min,5,5623.413251903491,0.0,2,67,1.80592e-12,2.47725e-10,10000
GCR_H,min,5,5623.413251903491,0.0,2,68,0.0,0.0,10000
GCR_H,min,5,5623.413251903491,0.0,2,69,1.53564e-12,2.09501e-10,10000
GCR_H,min,5,5623.413251903491,0.0,2,70,4.80049e-12,3.44863e-10,10000
GCR_H,min,5,5623.413251903491,0.0,2,71,2.08119e-11,3.84835e-10,10000
GCR_H,min,5,5623.413251903491,0.0,2,72,1.8699e-11,1.24668e-10,10000
GCR_H,min,5,5623.413251903491,0.0,2,73,4.93239e-11,1.97288e-10,10000
GCR_H,min,5,5623.413251903491,0.0,2,74,2.22401e-10,3.42155e-10,10000
GCR_H,min,5,5623.413251903491,0.0,2,75,1.05063e-10,3.00162e-10,10000
GCR_H,min,5,5623.413251903491,0.0,2,76,8.2567e-12,9.17513e-11,10000
GCR_H,min,5,5623.413251903491,0.0,2,77,3.82517e-12,6.95233e-11,10000
GCR_H,min,5,5623.413251903491,0.0,2,78,1.08033e-11,1.80054e-10,10000
GCR_H,min,5,5623.413251903491,0.0,2,79,1.16188e-11,1.22303e-10,10000
GCR_H,min,5,5623.413251903491,0.0,2,80,1.78297e-11,2.97162e-10,10000
GCR_H,min,5,5623.413251903491,0.0,2,81,9.22643e-12,2.30603e-10,10000
GCR_H,min,5,5623.413251903491,0.0,2,82,1.19707e-11,1.33023e-10,10000
GCR_H,min,5,5623.413251903491,0.0,2,83,5.39932e-12,1.54266e-10,10000
GCR_H,min,5,5623.413251903491,0.0,2,84,1.545e-11,3.86154e-10,10000
GCR_H,min,5,5623.413251903491,0.0,2,85,6.5053e-11,8.6772e-10,10000
GCR_H,min,5,5623.413251903491,0.0,2,86,2.13969e-11,7.13707e-10,10000
GCR_H,min,5,5623.413251903491,0.0,2,87,3.50165e-11,1.06117e-10,10000
GCR_H,min,5,5623.413251903491,0.0,2,88,7.67133e-11,1.50415e-10,10000
GCR_H,min,5,5623.413251903491,0.0,2,89,9.17704e-11,8.56707e-10,10000
GCR_H,min,5,5623.413251903491,0.0,2,90,1.40185e-11,3.66497e-10,10000
GCR_H,min,5,5623.413251903491,0.0,2,91,2.07465e-12,2.71907e-10,10000
GCR_H,min,5,5623.413251903491,0.0,2,92,4.62987e-11,4.21203e-10,10000
GCR_H,min,5,5623.413251903491,0.0,2,93,2.28669e-11,5.82595e-10,10000
GCR_H,min,5,5623.413251903491,0.0,2,94,3.89477e-13,4.94888e-11,10000
GCR_H,min,5,5623.413251903491,0.0,2,95,3.05056e-10,1.69475e-10,10000
GCR_H,min,5,5623.413251903491,0.0,2,96,3.20254e-11,4.05334e-10,10000
GCR_H,min,5,5623.413251903491,0.0,2,97,8.77722e-11,1.83724e-10,10000
GCR_H,min,5,5623.413251903491,0.0,2,98,3.88128e-12,5.42533e-11,10000
GCR_H,min,5,5623.413251903491,0.0,2,99,6.72411e-11,1.15917e-10,10000
GCR_H,min,5,5623.413251903491,0.0,2,100,7.03867e-13,3.11446e-10,10000
GCR_H,min,5,5623.413251903491,0.0,2,101,1.61221e-12,2.51909e-10,10000
GCR_H,min,5,5623.413251903491,0.0,2,102,2.43188e-12,4.06668e-10,10000
GCR_H,min,5,5623.413251903491,0.0,2,103,2.85082e-11,2.73067e-10,10000
GCR_H,min,5,5623.413251903491,0.0,2,104,1.4294e-12,1.82555e-10,10000
GCR_H,min,5,5623.413251903491,0.0,2,105,2.56584e-12,2.31156e-10,10000
GCR_H,min,5,5623.413251903491,0.0,2,106,3.71426e-10,3.04995e-10,10000
GCR_H,min,5,5623.413251903491,0.0,2,107,5.32035e-09,3.54529e-10,10000
GCR_H,min,5,5623.413251903491,0.0,2,108,6.54981e-10,2.38129e-10,10000
GCR_H,min,5,5623.413251903491,0.0,2,109,3.11082e-09,3.10307e-10,10000
GCR_H,min,5,5623.413251903491,0.0,2,110,8.88069e-12,2.21962e-10,10000
GCR_H,min,5,5623.413251903491,0.0,2,111,0.0,0.0,10000
GCR_H,min,5,5623.413251903491,0.0,2,112,0.0,0.0,10000
GCR_H,min,5,5623.413251903491,0.0,2,113,5.70427e-11,4.07448e-10,10000
GCR_H,min,5,5623.413251903491,0.0,2,114,0.0,0.0,10000
GCR_H,min,5,5623.413251903491,0.0,2,115,2.01485e-11,1.18451e-09,10000
GCR_H,min,5,5623.413251903491,0.0,2,116,2.16271e-10,2.06266e-10,10000
GCR_H,min,5,5623.413251903491,0.0,2,117,3.80484e-09,3.07585e-10,10000
GCR_H,min,5,5623.413251903491,0.0,2,118,4.0485e-10,2.46338e-10,10000
GCR_H,min,5,5623.413251903491,0.0,2,119,1.9127e-09,3.54436e-10,10000
GCR_H,min,5,5623.413251903491,0.0,2,120,5.44903e-12,1.28243e-10,10000
GCR_H,min,5,5623.413251903491,0.0,2,121,5.17915e-12,1.21891e-10,10000
GCR_H,min,5,5623.413251903491,0.0,2,122,8.04064e-11,2.75988e-10,10000
GCR_H,min,5,5623.413251903491,0.0,2,123,3.70687e-10,2.52993e-10,10000
GCR_H,min,5,5623.413251903491,0.0,2,124,1.57446e-10,2.46383e-10,10000
GCR_H,min,5,5623.413251903491,0.0,2,125,3.5037e-10,2.62955e-10,10000
GCR_H,min,5,5623.413251903491,0.0,2,126,4.00739e-12,1.09432e-10,10000
GCR_H,min,5,5623.413251903491,0.0,2,127,2.2261e-11,1.48417e-10,10000
GCR_H,min,5,5623.413251903491,0.0,2,128,1.68381e-11,3.36493e-10,10000
GCR_H,min,5,5623.413251903491,0.0,2,129,8.8397e-12,5.05704e-10,10000
GCR_H,min,5,5623.413251903491,0.0,2,130,6.92943e-12,3.95515e-10,10000
GCR_H,min,5,5623.413251903491,0.0,2,131,1.65217e-12,6.61131e-11,10000
GCR_H,min,5,5623.413251903491,0.0,2,132,4.3508e-12,2.17649e-10,10000
GCR_H,min,5,5623.413251903491,0.0,2,133,1.29846e-11,3.07109e-10,10000
GCR_H,min,5,5623.413251903491,0.0,2,134,1.29842e-11,4.31369e-09,10000
GCR_H,min,5,5623.413251903491,0.0,2,135,1.22752e-12,1.44244e-10,10000
GCR_H,min,5,5623.413251903491,0.0,2,136,9.60109e-13,1.28185e-10,10000
GCR_H,min,5,5623.413251903491,0.0,2,137,2.28525e-11,4.56959e-10,10000
GCR_H,min,5,5623.413251903491,0.0,2,138,1.38861e-10,6.94307e-10,10000
GCR_H,min,5,5623.413251903491,0.0,2,139,0.0,0.0,10000
GCR_H,min,5,5623.413251903491,0.0,2,140,5.26599e-14,2.633e-10,10000
GCR_H,min,5,5623.413251903491,0.0,2,141,2.67309e-11,1.7324e-10,10000
GCR_He,min,7,56234.13251903491,0.0,0,0,2.25885e-09,0.0,10000
GCR_He,min,7,56234.13251903491,0.0,0,1,1.22598e-10,1.7514e-08,10000
GCR_He,min,7,56234.13251903491,0.0,0,2,1.29156e-10,1.84509e-08,10000
GCR_He,min,7,56234.13251903491,0.0,0,3,6.12984e-11,5.55743e-09,10000
GCR_He,min,7,56234.13251903491,0.0,0,4,1.45836e-10,5.13325e-09,10000
GCR_He,min,7,56234.13251903491,0.0,0,5,1.76054e-10,5.72907e-09,10000
GCR_He,min,7,56234.13251903491,0.0,0,6,3.38853e-11,6.64417e-09,10000
GCR_He,min,7,56234.13251903491,0.0,0,7,1.1729e-10,1.17173e-08,10000
GCR_He,min,7,56234.13251903491,0.0,0,8,8.05531e-10,1.2148e-08,10000
GCR_He,min,7,56234.13251903491,0.0,0,9,4.68589e-12,5.51281e-09,10000
GCR_He,min,7,56234.13251903491,0.0,0,10,9.50713e-09,3.49617e-08,10000
GCR_He,min,7,56234.13251903491,0.0,0,11,2.37505e-10,1.51085e-08,10000
GCR_He,min,7,56234.13251903491,0.0,0,12,1.89064e-09,2.27678e-08,10000
GCR_He,min,7,56234.13251903491,0.0,0,13,1.09846e-09,8.12112e-09,10000
GCR_He,min,7,56234.13251903491,0.0,0,14,1.52386e-09,8.24334e-09,10000
GCR_He,min,7,56234.13251903491,0.0,0,15,3.08311e-10,9.2088e-09,10000
GCR_He,min,7,56234.13251903491,0.0,0,16,1.58257e-09,1.23609e-08,10000
GCR_He,min,7,56234.13251903491,0.0,0,17,9.55283e-10,1.59934e-08,10000
GCR_He,min,7,56234.13251903491,0.0,0,18,4.95393e-10,1.33421e-08,10000
GCR_He,min,7,56234.13251903491,0.0,0,19,5.20521e-09,1.92216e-08,10000
GCR_He,min,7,56234.13251903491,0.0,0,20,3.46135e-09,1.90278e-08,10000
GCR_He,min,7,56234.13251903491,0.0,0,21,4.94971e-10,2.18338e-08,10000
GCR_He,min,7,56234.13251903491,0.0,0,22,3.91404e-09,2.17761e-08,10000
GCR_He,min,7,56234.13251903491,0.0,0,23,3.43028e-09,2.4574e-08,10000
GCR_He,min,7,56234.13251903491,0.0,0,24,3.70346e-10,7.75106e-09,10000
GCR_He,min,7,56234.13251903491,0.0,0,25,5.30893e-10,1.00055e-08,10000
GCR_He,min,7,56234.13251903491,0.0,0,26,2.85758e-09,5.07698e-09,10000
GCR_He,min,7,56234.13251903491,0.0,0,27,2.2504e-09,4.98915e-09,10000
GCR_He,min,7,56234.13251903491,0.0,0,28,1.7925e-08,6.84998e-08,10000
GCR_He,min,7,56234.13251903491,0.0,0,29,4.09876e-08,8.68288e-08,10000
GCR_He,min,7,56234.13251903491,0.0,0,30,1.1494e-09,4.45848e-08,10000
GCR_He,min,7,56234.13251903491,0.0,0,31,7.24475e-09,2.46345e-08,10000
GCR_He,min,7,56234.13251903491,0.0,0,32,8.11789e-09,1.85099e-08,10000
GCR_He,min,7,56234.13251903491,0.0,0,33,2.57807e-09,3.18713e-08,10000
GCR_He,min,7,56234.13251903491,0.0,0,34,5.89605e-09,1.10964e-08,10000
GCR_He,min,7,56234.13251903491,0.0,0,35,9.09567e-09,1.24704e-08,10000
GCR_He,min,7,56234.13251903491,0.0,0,36,8.36065e-10,1.06275e-08,10000
GCR_He,min,7,56234.13251903491,0.0,0,37,8.93618e-10,3.84253e-09,10000
GCR_He,min,7,56234.13251903491,0.0,0,38,2.24885e-09,4.4288e-09,10000
GCR_He,min,7,56234.13251903491,0.0,0,39,5.21728e-10,6.85401e-09,10000
GCR_He,min,7,56234.13251903491,0.0,0,40,5.91134e-10,7.99911e-09,10000
GCR_He,min,7,56234.13251903491,0.0,0,41,5.9244e-08,1.48623e-07,10000
GCR_He,min,7,56234.13251903491,0.0,0,42,1.01411e-07,1.48876e-07,10000
GCR_He,min,7,56234.13251903491,0.0,0,43,4.02218e-09,1.10149e-08,10000
GCR_He,min,7,56234.13251903491,0.0,0,44,7.06086e-09,1.3577e-08,10000
GCR_He,min,7,56234.13251903491,0.0,0,45,1.87687e-09,8.48764e-09,10000
GCR_He,min,7,56234.13251903491,0.0,0,46,1.58317e-09,8.23668e-09,10000
GCR_He,min,7,56234.13251903491,0.0,0,47,7.48829e-10,7.27584e-09,10000
GCR_He,min,7,56234.13251903491,0.0,0,48,5.83691e-10,7.93597e-09,10000
GCR_He,min,7,56234.13251903491,0.0,0,49,3.43874e-09,1.19992e-08,10000
GCR_He,min,7,56234.13251903491,0.0,0,50,4.92018e-09,1.46722e-08,10000
GCR_He,min,7,56234.13251903491,0.0,0,51,6.29665e-09,3.38184e-08,10000
GCR_He,min,7,56234.13251903491,0.0,0,52,1.22098e-08,4.04205e-08,10000
GCR_He,min,7,56234.13251903491,0.0,0,53,6.91539e-09,6.33103e-08,10000
GCR_He,min,7,56234.13251903491,0.0,0,54,1.23318e-08,7.10726e-08,10000
GCR_He,min,7,56234.13251903491,0.0,0,55,9.39408e-11,9.49856e-09,10000
GCR_He,min,7,56234.13251903491,0.0,0,56,7.43584e-10,1.32052e-08,10000
GCR_He,min,7,56234.13251903491,0.0,0,57,1.04106e-10,6.5229e-09,10000
GCR_He,min,7,56234.13251903491,0.0,0,58,5.70117e-09,6.42965e-08,10000
GCR_He,min,7,56234.13251903491,0.0,0,59,1.58763e-10,2.68634e-08,10000
GCR_He,min,7,56234.13251903491,0.0,0,60,3.84792e-10,1.10795e-08,10000
GCR_He,min,7,56234.13251903491,0.0,0,61,7.79256e-09,5.37418e-09,10000
GCR_He,min,7,56234.13251903491,0.0,0,62,1.05193e-10,1.40257e-08,10000
GCR_He,min,7,56234.13251903491,0.0,0,63,7.80523e-11,1.56417e-08,10000
GCR_He,min,7,56234.13251903491,0.0,0,64,7.50698e-11,1.00093e-08,10000
GCR_He,min,7,56234.13251903491,0.0,0,65,4.2012e-11,8.41925e-09,10000
GCR_He,min,7,56234.13251903491,0.0,0,66,1.20905e-12,6.36341e-09,10000
GCR_He,min,7,56234.13251903491,0.0,0,67,6.41551e-11,8.80042e-09,10000
GCR_He,min,7,56234.13251903491,0.0,0,68,5.75394e-13,3.02839e-09,10000
GCR_He,min,7,56234.13251903491,0.0,0,69,2.92681e-11,3.99291e-09,10000
GCR_He,min,7,56234.13251903491,0.0,0,70,3.21561e-10,2.31006e-08,10000
GCR_He,min,7,56234.13251903491,0.0,0,71,1.11099e-09,2.05435e-08,10000
GCR_He,min,7,56234.13251903491,0.0,0,72,2.89165e-09,1.9279e-08,10000
GCR_He,min,7,56234.13251903491,0.0,0,73,4.60981e-09,1.84385e-08,10000
GCR_He,min,7,56234.13251903491,0.0,0,74,3.29565e-08,5.07023e-08,10000
GCR_He,min,7,56234.13251903491,0.0,0,75,1.15439e-08,3.29807e-08,10000
GCR_He,min,7,56234.13251903491,0.0,0,76,3.1121e-09,3.45827e-08,10000
GCR_He,min,7,56234.13251903491,0.0,0,77,1.86579e-09,3.39112e-08,10000
GCR_He,min,7,56234.13251903491,0.0,0,78,1.46449e-09,2.44082e-08,10000
GCR_He,min,7,56234.13251903491,0.0,0,79,2.13094e-09,2.24309e-08,10000
GCR_He,min,7,56234.13251903491,0.0,0,80,1.50401e-09,2.50668e-08,10000
GCR_He,min,7,56234.13251903491,0.0,0,81,1.00105e-09,2.502e-08,10000
GCR_He,min,7,56234.13251903491,0.0,0,82,2.35224e-09,2.61389e-08,10000
GCR_He,min,7,56234.13251903491,0.0,0,83,8.22782e-10,2.35081e-08,10000
GCR_He,min,7,56234.13251903491,0.0,0,84,3.97422e-09,9.93306e-08,10000
GCR_He,min,7,56234.13251903491,0.0,0,85,6.37898e-09,8.50871e-08,10000
GCR_He,min,7,56234.13251903491,0.0,0,86,4.72955e-09,1.57757e-07,10000
GCR_He,min,7,56234.13251903491,0.0,0,87,4.56751e-09,1.38418e-08,10000
GCR_He,min,7,56234.13251903491,0.0,0,88,7.2554e-09,1.4226e-08,10000
GCR_He,min,7,56234.13251903491,0.0,0,89,2.21788e-09,2.07046e-08,10000
GCR_He,min,7,56234.13251903491,0.0,0,90,7.80685e-10,2.04101e-08,10000
GCR_He,min,7,56234.13251903491,0.0,0,91,1.49537e-10,1.95985e-08,10000
GCR_He,min,7,56234.13251903491,0.0,0,92,2.55089e-09,2.32068e-08,10000
GCR_He,min,7,56234.13251903491,0.0,0,93,8.31333e-10,2.11805e-08,10000
GCR_He,min,7,56234.13251903491,0.0,0,94,2.07134e-10,2.63194e-08,10000
GCR_He,min,7,56234.13251903491,0.0,0,95,3.26859e-08,1.81587e-08,10000
GCR_He,min,7,56234.13251903491,0.0,0,96,8.99571e-10,1.13855e-08,10000
GCR_He,min,7,56234.13251903491,0.0,0,97,5.74257e-09,1.20203e-08,10000
GCR_He,min,7,56234.13251903491,0.0,0,98,8.45049e-10,1.18123e-08,10000
GCR_He,min,7,56234.13251903491,0.0,0,99,6.99499e-09,1.20587e-08,10000
GCR_He,min,7,56234.13251903491,0.0,0,100,1.56828e-11,6.93931e-09,10000
GCR_He,min,7,56234.13251903491,0.0,0,101,7.26097e-11,1.13453e-08,10000
GCR_He,min,7,56234.13251903491,0.0,0,102,4.81959e-11,8.05952e-09,10000
GCR_He,min,7,56234.13251903491,0.0,0,103,7.04903e-09,6.75195e-08,10000
GCR_He,min,7,56234.13251903491,0.0,0,104,1.19178e-10,1.52207e-08,10000
GCR_He,min,7,56234.13251903491,0.0,0,105,5.28507e-10,4.76133e-08,10000
GCR_He,min,7,56234.13251903491,0.0,0,106,8.66105e-09,7.11199e-09,10000
GCR_He,min,7,56234.13251903491,0.0,0,107,8.85875e-07,5.90315e-08,10000
GCR_He,min,7,56234.13251903491,0.0,0,108,4.70181e-08,1.70942e-08,10000
GCR_He,min,7,56234.13251903491,0.0,0,109,3.04451e-07,3.03693e-08,10000
GCR_He,min,7,56234.13251903491,0.0,0,110,5.16911e-10,1.29195e-08,10000
GCR_He,min,7,56234.13251903491,0.0,0,111,0.0,0.0,10000
GCR_He,min,7,56234.13251903491,0.0,0,112,0.0,0.0,10000
GCR_He,min,7,56234.13251903491,0.0,0,113,3.40729e-09,2.43378e-08,10000
GCR_He,min,7,56234.13251903491,0.0,0,114,9.89389e-12,1.64898e-08,10000
GCR_He,min,7,56234.13251903491,0.0,0,115,2.05672e-08,1.20912e-06,10000
GCR_He,min,7,56234.13251903491,0.0,0,116,6.39191e-09,6.09619e-09,10000
GCR_He,min,7,56234.13251903491,0.0,0,117,6.13501e-07,4.95957e-08,10000
GCR_He,min,7,56234.13251903491,0.0,0,118,2.81058e-08,1.71015e-08,10000
GCR_He,min,7,56234.13251903491,0.0,0,119,1.77836e-07,3.29541e-08,10000
GCR_He,min,7,56234.13251903491,0.0,0,120,2.81719e-10,6.63025e-09,10000
GCR_He,min,7,56234.13251903491,0.0,0,121,2.46834e-10,5.80923e-09,10000
GCR_He,min,7,56234.13251903491,0.0,0,122,1.5623e-09,5.36245e-09,10000
GCR_He,min,7,56234.13251903491,0.0,0,123,4.47349e-08,3.05314e-08,10000
GCR_He,min,7,56234.13251903491,0.0,0,124,1.09692e-08,1.71655e-08,10000
GCR_He,min,7,56234.13251903491,0.0,0,125,2.77265e-08,2.08089e-08,10000
GCR_He,min,7,56234.13251903491,0.0,0,126,4.88443e-10,1.33381e-08,10000
GCR_He,min,7,56234.13251903491,0.0,0,127,2.49957e-09,1.66649e-08,10000
GCR_He,min,7,56234.13251903491,0.0,0,128,3.09539e-10,6.18584e-09,10000
GCR_He,min,7,56234.13251903491,0.0,0,129,2.54607e-09,1.45656e-07,10000
GCR_He,min,7,56234.13251903491,0.0,0,130,2.35941e-09,1.34669e-07,10000
GCR_He,min,7,56234.13251903491,0.0,0,131,2.4911e-10,9.96837e-09,10000
GCR_He,min,7,56234.13251903491,0.0,0,132,2.28856e-10,1.14485e-08,10000
GCR_He,min,7,56234.13251903491,0.0,0,133,2.47896e-10,5.86319e-09,10000
GCR_He,min,7,56234.13251903491,0.0,0,134,1.74817e-11,5.80789e-09,10000
GCR_He,min,7,56234.13251903491,0.0,0,135,5.12593e-10,6.02342e-08,10000
GCR_He,min,7,56234.13251903491,0.0,0,136,5.24733e-10,7.00579e-08,10000
GCR_He,min,7,56234.13251903491,0.0,0,137,1.44963e-08,2.89869e-07,10000
GCR_He,min,7,56234.13251903491,0.0,0,138,6.08557e-08,3.04278e-07,10000
GCR_He,min,7,56234.13251903491,0.0,0,139,0.0,0.0,10000
GCR_He,min,7,56234.13251903491,0.0,0,140,1.08957e-12,5.44786e-09,10000
GCR_He,min,7,56234.13251903491,0.0,0,141,5.96866e-10,3.86822e-09,10000
GCR_H,min,4,1778.2794100389228,0.0,0,0,3.62711e-11,0.0,10000
GCR_H,min,4,1778.2794100389228,0.0,0,1,0.0,0.0,10000
GCR_H,min,4,1778.2794100389228,0.0,0,2,0.0,0.0,10000
GCR_H,min,4,1778.2794100389228,0.0,0,3,5.16836e-14,4.68573e-12,10000
GCR_H,min,4,1778.2794100389228,0.0,0,4,3.35529e-15,1.18102e-13,10000
GCR_H,min,4,1778.2794100389228,0.0,0,5,1.14677e-13,3.73175e-12,10000
GCR_H,min,4,1778.2794100389228,0.0,0,6,6.84314e-14,1.34179e-11,10000
GCR_H,min,4,1778.2794100389228,0.0,0,7,3.67614e-20,3.67246e-18,10000
GCR_H,min,4,1778.2794100389228,0.0,0,8,1.30787e-12,1.97235e-11,10000
GCR_H,min,4,1778.2794100389228,0.0,0,9,0.0,0.0,10000
GCR_H,min,4,1778.2794100389228,0.0,0,10,1.70209e-11,6.25929e-11,10000
GCR_H,min,4,1778.2794100389228,0.0,0,11,2.65653e-13,1.6899e-11,10000
GCR_H,min,4,1778.2794100389228,0.0,0,12,4.21282e-12,5.07324e-11,10000
GCR_H,min,4,1778.2794100389228,0.0,0,13,3.61439e-12,2.67218e-11,10000
GCR_H,min,4,1778.2794100389228,0.0,0,14,5.27514e-12,2.85359e-11,10000
GCR_H,min,4,1778.2794100389228,0.0,0,15,1.20296e-12,3.59308e-11,10000
GCR_H,min,4,1778.2794100389228,0.0,0,16,3.4512e-12,2.69562e-11,10000
GCR_H,min,4,1778.2794100389228,0.0,0,17,1.45649e-12,2.43846e-11,10000
GCR_H,min,4,1778.2794100389228,0.0,0,18,2.61126e-12,7.03275e-11,10000
GCR_H,min,4,1778.2794100389228,0.0,0,19,1.14563e-11,4.23054e-11,10000
GCR_H,min,4,1778.2794100389228,0.0,0,20,6.32348e-12,3.47616e-11,10000
GCR_H,min,4,1778.2794100389228,0.0,0,21,5.27491e-13,2.32682e-11,10000
GCR_H,min,4,1778.2794100389228,0.0,0,22,6.2652e-12,3.4857e-11,10000
GCR_H,min,4,1778.2794100389228,0.0,0,23,6.09061e-12,4.36322e-11,10000
GCR_H,min,4,1778.2794100389228,0.0,0,24,1.97693e-12,4.13756e-11,10000
GCR_H,min,4,1778.2794100389228,0.0,0,25,2.8763e-13,5.42083e-12,10000
GCR_H,min,4,1778.2794100389228,0.0,0,26,8.38426e-12,1.48961e-11,10000
GCR_H,min,4,1778.2794100389228,0.0,0,27,1.12372e-11,2.49129e-11,10000
GCR_H,min,4,1778.2794100389228,0.0,0,28,1.4436e-11,5.51666e-11,10000
GCR_H,min,4,1778.2794100389228,0.0,0,29,1.58639e-11,3.36063e-11,10000
GCR_H,min,4,1778.2794100389228,0.0,0,30,4.19806e-12,1.62842e-10,10000
GCR_H,min,4,1778.2794100389228,0.0,0,31,4.97314e-12,1.69103e-11,10000
GCR_H,min,4,1778.2794100389228,0.0,0,32,8.54681e-12,1.94879e-11,10000
GCR_H,min,4,1778.2794100389228,0.0,0,33,1.22267e-12,1.51153e-11,10000
GCR_H,min,4,1778.2794100389228,0.0,0,34,1.37825e-11,2.59386e-11,10000
GCR_H,min,4,1778.2794100389228,0.0,0,35,2.79279e-11,3.82899e-11,10000
GCR_H,min,4,1778.2794100389228,0.0,0,36,3.61351e-12,4.59326e-11,10000
GCR_H,min,4,1778.2794100389228,0.0,0,37,5.14628e-12,2.21288e-11,10000
GCR_H,min,4,1778.2794100389228,0.0,0,38,9.92417e-12,1.95442e-11,10000
GCR_H,min,4,1778.2794100389228,0.0,0,39,2.88013e-13,3.78367e-12,10000
GCR_H,min,4,1778.2794100389228,0.0,0,40,1.32227e-12,1.78926e-11,10000
GCR_H,min,4,1778.2794100389228,0.0,0,41,2.94759e-11,7.39449e-11,10000
GCR_H,min,4,1778.2794100389228,0.0,0,42,4.07154e-11,5.97719e-11,10000
GCR_H,min,4,1778.2794100389228,0.0,0,43,7.51676e-12,2.05848e-11,10000
GCR_H,min,4,1778.2794100389228,0.0,0,44,1.35364e-11,2.60286e-11,10000
GCR_H,min,4,1778.2794100389228,0.0,0,45,1.42828e-12,6.45902e-12,10000
GCR_H,min,4,1778.2794100389228,0.0,0,46,2.19679e-12,1.14291e-11,10000
GCR_H,min,4,1778.2794100389228,0.0,0,47,0.0,0.0,10000
GCR_H,min,4,1778.2794100389228,0.0,0,48,8.58544e-15,1.16729e-13,10000
GCR_H,min,4,1778.2794100389228,0.0,0,49,2.93733e-12,1.02496e-11,10000
GCR_H,min,4,1778.2794100389228,0.0,0,50,4.61329e-12,1.37571e-11,10000
GCR_H,min,4,1778.2794100389228,0.0,0,51,7.03232e-12,3.77696e-11,10000
GCR_H,min,4,1778.2794100389228,0.0,0,52,1.1434e-11,3.78522e-11,10000
GCR_H,min,4,1778.2794100389228,0.0,0,53,2.65351e-12,2.42929e-11,10000
GCR_H,min,4,1778.2794100389228,0.0,0,54,3.86728e-12,2.22885e-11,10000
GCR_H,min,4,1778.2794100389228,0.0,0,55,1.83481e-20,1.85522e-18,10000
GCR_H,min,4,1778.2794100389228,0.0,0,56,6.64365e-14,1.17983e-12,10000
GCR_H,min,4,1778.2794100389228,0.0,0,57,0.0,0.0,10000
GCR_H,min,4,1778.2794100389228,0.0,0,58,6.0563e-12,6.83016e-11,10000
GCR_H,min,4,1778.2794100389228,0.0,0,59,1.28276e-13,2.1705e-11,10000
GCR_H,min,4,1778.2794100389228,0.0,0,60,7.2251e-13,2.08036e-11,10000
GCR_H,min,4,1778.2794100389228,0.0,0,61,2.44398e-11,1.6855e-11,10000
GCR_H,min,4,1778.2794100389228,0.0,0,62,0.0,0.0,10000
GCR_H,min,4,1778.2794100389228,0.0,0,63,0.0,0.0,10000
GCR_H,min,4,1778.2794100389228,0.0,0,64,5.44734e-14,7.26312e-12,10000
GCR_H,min,4,1778.2794100389228,0.0,0,65,0.0,0.0,10000
GCR_H,min,4,1778.2794100389228,0.0,0,66,0.0,0.0,10000
GCR_H,min,4,1778.2794100389228,0.0,0,67,0.0,0.0,10000
GCR_H,min,4,1778.2794100389228,0.0,0,68,0.0,0.0,10000
GCR_H,min,4,1778.2794100389228,0.0,0,69,0.0,0.0,10000
GCR_H,min,4,1778.2794100389228,0.0,0,70,2.1717e-13,1.56013e-11,10000
GCR_H,min,4,1778.2794100389228,0.0,0,71,2.11495e-14,3.91078e-13,10000
GCR_H,min,4,1778.2794100389228,0.0,0,72,6.41489e-13,4.27688e-12,10000
GCR_H,min,4,1778.2794100389228,0.0,0,73,4.01088e-12,1.60429e-11,10000
GCR_H,min,4,1778.2794100389228,0.0,0,74,3.2391e-11,4.98323e-11,10000
GCR_H,min,4,1778.2794100389228,0.0,0,75,1.1416e-11,3.26152e-11,10000
GCR_H,min,4,1778.2794100389228,0.0,0,76,1.96027e-12,2.17831e-11,10000
GCR_H,min,4,1778.2794100389228,0.0,0,77,2.13178e-12,3.87456e-11,10000
GCR_H,min,4,1778.2794100389228,0.0,0,78,3.69829e-13,6.16381e-12,10000
GCR_H,min,4,1778.2794100389228,0.0,0,79,5.74455e-13,6.0469e-12,10000
GCR_H,min,4,1778.2794100389228,0.0,0,80,2.85249e-12,4.75416e-11,10000
GCR_H,min,4,1778.2794100389228,0.0,0,81,1.03975e-13,2.59873e-12,10000
GCR_H,min,4,1778.2794100389228,0.0,0,82,3.75884e-12,4.17695e-11,10000
GCR_H,min,4,1778.2794100389228,0.0,0,83,9.55949e-13,2.73128e-11,10000
GCR_H,min,4,1778.2794100389228,0.0,0,84,4.71105e-13,1.17747e-11,10000
GCR_H,min,4,1778.2794100389228,0.0,0,85,1.25794e-12,1.67793e-11,10000
GCR_H,min,4,1778.2794100389228,0.0,0,86,1.02874e-12,3.43141e-11,10000
GCR_H,min,4,1778.2794100389228,0.0,0,87,1.18029e-11,3.57686e-11,10000
GCR_H,min,4,1778.2794100389228,0.0,0,88,9.45602e-12,1.85408e-11,10000
GCR_H,min,4,1778.2794100389228,0.0,0,89,6.70903e-13,6.2631e-12,10000
GCR_H,min,4,1778.2794100389228,0.0,0,90,8.29962e-13,2.16983e-11,10000
GCR_H,min,4,1778.2794100389228,0.0,0,91,3.7502e-13,4.91507e-11,10000
GCR_H,min,4,1778.2794100389228,0.0,0,92,6.72308e-12,6.11634e-11,10000
GCR_H,min,4,1778.2794100389228,0.0,0,93,1.99437e-12,5.08119e-11,10000
GCR_H,min,4,1778.2794100389228,0.0,0,94,0.0,0.0,10000
GCR_H,min,4,1778.2794100389228,0.0,0,95,7.46346e-11,4.14634e-11,10000
GCR_H,min,4,1778.2794100389228,0.0,0,96,4.24372e-12,5.37112e-11,10000
GCR_H,min,4,1778.2794100389228,0.0,0,97,2.21148e-11,4.62905e-11,10000
GCR_H,min,4,1778.2794100389228,0.0,0,98,1.26174e-12,1.76368e-11,10000
GCR_H,min,4,1778.2794100389228,0.0,0,99,2.17998e-11,3.75807e-11,10000
GCR_H,min,4,1778.2794100389228,0.0,0,100,0.0,0.0,10000
GCR_H,min,4,1778.2794100389228,0.0,0,101,7.90277e-20,1.23481e-17,10000
GCR_H,min,4,1778.2794100389228,0.0,0,102,7.37214e-15,1.2328e-12,10000
GCR_H,min,4,1778.2794100389228,0.0,0,103,6.13167e-12,5.87324e-11,10000
GCR_H,min,4,1778.2794100389228,0.0,0,104,0.0,0.0,10000
GCR_H,min,4,1778.2794100389228,0.0,0,105,9.74472e-13,8.77903e-11,10000
GCR_H,min,4,1778.2794100389228,0.0,0,106,9.8014e-12,8.04839e-12,10000
GCR_H,min,4,1778.2794100389228,0.0,0,107,5.05645e-10,3.36943e-11,10000
GCR_H,min,4,1778.2794100389228,0.0,0,108,1.56245e-10,5.68053e-11,10000
GCR_H,min,4,1778.2794100389228,0.0,0,109,4.07848e-10,4.06832e-11,10000
GCR_H,min,4,1778.2794100389228,0.0,0,110,1.68643e-12,4.21503e-11,10000
GCR_H,min,4,1778.2794100389228,0.0,0,111,0.0,0.0,10000
GCR_H,min,4,1778.2794100389228,0.0,0,112,0.0,0.0,10000
GCR_H,min,4,1778.2794100389228,0.0,0,113,2.23182e-12,1.59415e-11,10000
GCR_H,min,4,1778.2794100389228,0.0,0,114,0.0,0.0,10000
GCR_H,min,4,1778.2794100389228,0.0,0,115,4.26534e-19,2.50755e-17,10000
GCR_H,min,4,1778.2794100389228,0.0,0,116,1.25286e-11,1.1949e-11,10000
GCR_H,min,4,1778.2794100389228,0.0,0,117,4.71367e-10,3.81055e-11,10000
GCR_H,min,4,1778.2794100389228,0.0,0,118,1.06846e-10,6.50126e-11,10000
GCR_H,min,4,1778.2794100389228,0.0,0,119,2.53833e-10,4.70368e-11,10000
GCR_H,min,4,1778.2794100389228,0.0,0,120,0.0,0.0,10000
GCR_H,min,4,1778.2794100389228,0.0,0,121,0.0,0.0,10000
GCR_H,min,4,1778.2794100389228,0.0,0,122,4.75798e-12,1.63314e-11,10000
GCR_H,min,4,1778.2794100389228,0.0,0,123,4.07798e-11,2.7832e-11,10000
GCR_H,min,4,1778.2794100389228,0.0,0,124,4.0612e-11,6.35526e-11,10000
GCR_H,min,4,1778.2794100389228,0.0,0,125,5.13697e-11,3.85534e-11,10000
GCR_H,min,4,1778.2794100389228,0.0,0,126,4.51742e-20,1.23359e-18,10000
GCR_H,min,4,1778.2794100389228,0.0,0,127,1.14008e-11,7.60105e-11,10000
GCR_H,min,4,1778.2794100389228,0.0,0,128,6.0382e-13,1.20667e-11,10000
GCR_H,min,4,1778.2794100389228,0.0,0,129,3.88477e-13,2.22241e-11,10000
GCR_H,min,4,1778.2794100389228,0.0,0,130,5.69126e-13,3.24844e-11,10000
GCR_H,min,4,1778.2794100389228,0.0,0,131,2.5341e-13,1.01405e-11,10000
GCR_H,min,4,1778.2794100389228,0.0,0,132,2.76463e-13,1.383e-11,10000
GCR_H,min,4,1778.2794100389228,0.0,0,133,7.08618e-13,1.67601e-11,10000
GCR_H,min,4,1778.2794100389228,0.0,0,134,0.0,0.0,10000
GCR_H,min,4,1778.2794100389228,0.0,0,135,1.84454e-12,2.1675e-10,10000
GCR_H,min,4,1778.2794100389228,0.0,0,136,5.19715e-13,6.93879e-11,10000
GCR_H,min,4,1778.2794100389228,0.0,0,137,3.14817e-12,6.29507e-11,10000
GCR_H,min,4,1778.2794100389228,0.0,0,138,8.62872e-12,4.31436e-11,10000
GCR_H,min,4,1778.2794100389228,0.0,0,139,0.0,0.0,10000
GCR_H,min,4,1778.2794100389228,0.0,0,140,7.87819e-16,3.9391e-12,10000
GCR_H,min,4,1778.2794100389228,0.0,0,141,4.38073e-12,2.8391e-11,10000
GCR_He,min,0,17.78279410038923,0.0,1,0,0.0,0.0,10000
GCR_He,min,0,17.78279410038923,0.0,1,1,0.0,0.0,10000
GCR_He,min,0,17.78279410038923,0.0,1,2,0.0,0.0,10000
GCR_He,min,0,17.78279410038923,0.0,1,3,0.0,0.0,10000
GCR_He,min,0,17.78279410038923,0.0,1,4,0.0,0.0,10000
GCR_He,min,0,17.78279410038923,0.0,1,5,0.0,0.0,10000
GCR_He,min,0,17.78279410038923,0.0,1,6,0.0,0.0,10000
GCR_He,min,0,17.78279410038923,0.0,1,7,0.0,0.0,10000
GCR_He,min,0,17.78279410038923,0.0,1,8,0.0,0.0,10000
GCR_He,min,0,17.78279410038923,0.0,1,9,0.0,0.0,10000
GCR_He,min,0,17.78279410038923,0.0,1,10,0.0,0.0,10000
GCR_He,min,0,17.78279410038923,0.0,1,11,0.0,0.0,10000
GCR_He,min,0,17.78279410038923,0.0,1,12,0.0,0.0,10000
GCR_He,min,0,17.78279410038923,0.0,1,13,0.0,0.0,10000
GCR_He,min,0,17.78279410038923,0.0,1,14,0.0,0.0,10000
GCR_He,min,0,17.78279410038923,0.0,1,15,0.0,0.0,10000
GCR_He,min,0,17.78279410038923,0.0,1,16,0.0,0.0,10000
GCR_He,min,0,17.78279410038923,0.0,1,17,0.0,0.0,10000
GCR_He,min,0,17.78279410038923,0.0,1,18,0.0,0.0,10000
GCR_He,min,0,17.78279410038923,0.0,1,19,0.0,0.0,10000
GCR_He,min,0,17.78279410038923,0.0,1,20,0.0,0.0,10000
GCR_He,min,0,17.78279410038923,0.0,1,21,0.0,0.0,10000
GCR_He,min,0,17.78279410038923,0.0,1,22,0.0,0.0,10000
GCR_He,min,0,17.78279410038923,0.0,1,23,0.0,0.0,10000
GCR_He,min,0,17.78279410038923,0.0,1,24,0.0,0.0,10000
GCR_He,min,0,17.78279410038923,0.0,1,25,0.0,0.0,10000
GCR_He,min,0,17.78279410038923,0.0,1,26,0.0,0.0,10000
GCR_He,min,0,17.78279410038923,0.0,1,27,0.0,0.0,10000
GCR_He,min,0,17.78279410038923,0.0,1,28,0.0,0.0,10000
GCR_He,min,0,17.78279410038923,0.0,1,29,0.0,0.0,10000
GCR_He,min,0,17.78279410038923,0.0,1,30,0.0,0.0,10000
GCR_He,min,0,17.78279410038923,0.0,1,31,0.0,0.0,10000
GCR_He,min,0,17.78279410038923,0.0,1,32,0.0,0.0,10000
GCR_He,min,0,17.78279410038923,0.0,1,33,0.0,0.0,10000
GCR_He,min,0,17.78279410038923,0.0,1,34,0.0,0.0,10000
GCR_He,min,0,17.78279410038923,0.0,1,35,0.0,0.0,10000
GCR_He,min,0,17.78279410038923,0.0,1,36,0.0,0.0,10000
GCR_He,min,0,17.78279410038923,0.0,1,37,0.0,0.0,10000
GCR_He,min,0,17.78279410038923,0.0,1,38,0.0,0.0,10000
GCR_He,min,0,17.78279410038923,0.0,1,39,0.0,0.0,10000
GCR_He,min,0,17.78279410038923,0.0,1,40,0.0,0.0,10000
GCR_He,min,0,17.78279410038923,0.0,1,41,0.0,0.0,10000
GCR_He,min,0,17.78279410038923,0.0,1,42,0.0,0.0,10000
GCR_He,min,0,17.78279410038923,0.0,1,43,0.0,0.0,10000
GCR_He,min,0,17.78279410038923,0.0,1,44,0.0,0.0,10000
GCR_He,min,0,17.78279410038923,0.0,1,45,0.0,0.0,10000
GCR_He,min,0,17.78279410038923,0.0,1,46,0.0,0.0,10000
GCR_He,min,0,17.78279410038923,0.0,1,47,0.0,0.0,10000
GCR_He,min,0,17.78279410038923,0.0,1,48,0.0,0.0,10000
GCR_He,min,0,17.78279410038923,0.0,1,49,0.0,0.0,10000
GCR_He,min,0,17.78279410038923,0.0,1,50,0.0,0.0,10000
GCR_He,min,0,17.78279410038923,0.0,1,51,0.0,0.0,10000
GCR_He,min,0,17.78279410038923,0.0,1,52,0.0,0.0,10000
GCR_He,min,0,17.78279410038923,0.0,1,53,0.0,0.0,10000
GCR_He,min,0,17.78279410038923,0.0,1,54,0.0,0.0,10000
GCR_He,min,0,17.78279410038923,0.0,1,55,0.0,0.0,10000
GCR_He,min,0,17.78279410038923,0.0,1,56,0.0,0.0,10000
GCR_He,min,0,17.78279410038923,0.0,1,57,0.0,0.0,10000
GCR_He,min,0,17.78279410038923,0.0,1,58,0.0,0.0,10000
GCR_He,min,0,17.78279410038923,0.0,1,59,0.0,0.0,10000
GCR_He,min,0,17.78279410038923,0.0,1,60,0.0,0.0,10000
GCR_He,min,0,17.78279410038923,0.0,1,61,0.0,0.0,10000
GCR_He,min,0,17.78279410038923,0.0,1,62,0.0,0.0,10000
GCR_He,min,0,17.78279410038923,0.0,1,63,0.0,0.0,10000
GCR_He,min,0,17.78279410038923,0.0,1,64,0.0,0.0,10000
GCR_He,min,0,17.78279410038923,0.0,1,65,0.0,0.0,10000
GCR_He,min,0,17.78279410038923,0.0,1,66,0.0,0.0,10000
GCR_He,min,0,17.78279410038923,0.0,1,67,0.0,0.0,10000
GCR_He,min,0,17.78279410038923,0.0,1,68,0.0,0.0,10000
GCR_He,min,0,17.78279410038923,0.0,1,69,0.0,0.0,10000
GCR_He,min,0,17.78279410038923,0.0,1,70,0.0,0.0,10000
GCR_He,min,0,17.78279410038923,0.0,1,71,0.0,0.0,10000
GCR_He,min,0,17.78279410038923,0.0,1,72,0.0,0.0,10000
GCR_He,min,0,17.78279410038923,0.0,1,73,0.0,0.0,10000
GCR_He,min,0,17.78279410038923,0.0,1,74,0.0,0.0,10000
GCR_He,min,0,17.78279410038923,0.0,1,75,0.0,0.0,10000
GCR_He,min,0,17.78279410038923,0.0,1,76,0.0,0.0,10000
GCR_He,min,0,17.78279410038923,0.0,1,77,0.0,0.0,10000
GCR_He,min,0,17.78279410038923,0.0,1,78,0.0,0.0,10000
GCR_He,min,0,17.78279410038923,0.0,1,79,0.0,0.0,10000
GCR_He,min,0,17.78279410038923,0.0,1,80,0.0,0.0,10000
GCR_He,min,0,17.78279410038923,0.0,1,81,0.0,0.0,10000
GCR_He,min,0,17.78279410038923,0.0,1,82,0.0,0.0,10000
GCR_He,min,0,17.78279410038923,0.0,1,83,0.0,0.0,10000
GCR_He,min,0,17.78279410038923,0.0,1,84,0.0,0.0,10000
GCR_He,min,0,17.78279410038923,0.0,1,85,0.0,0.0,10000
GCR_He,min,0,17.78279410038923,0.0,1,86,0.0,0.0,10000
GCR_He,min,0,17.78279410038923,0.0,1,87,0.0,0.0,10000
GCR_He,min,0,17.78279410038923,0.0,1,88,0.0,0.0,10000
GCR_He,min,0,17.78279410038923,0.0,1,89,0.0,0.0,10000
GCR_He,min,0,17.78279410038923,0.0,1,90,0.0,0.0,10000
GCR_He,min,0,17.78279410038923,0.0,1,91,0.0,0.0,10000
GCR_He,min,0,17.78279410038923,0.0,1,92,0.0,0.0,10000
GCR_He,min,0,17.78279410038923,0.0,1,93,0.0,0.0,10000
GCR_He,min,0,17.78279410038923,0.0,1,94,0.0,0.0,10000
GCR_He,min,0,17.78279410038923,0.0,1,95,0.0,0.0,10000
GCR_He,min,0,17.78279410038923,0.0,1,96,0.0,0.0,10000
GCR_He,min,0,17.78279410038923,0.0,1,97,0.0,0.0,10000
GCR_He,min,0,17.78279410038923,0.0,1,98,0.0,0.0,10000
GCR_He,min,0,17.78279410038923,0.0,1,99,0.0,0.0,10000
GCR_He,min,0,17.78279410038923,0.0,1,100,0.0,0.0,10000
GCR_He,min,0,17.78279410038923,0.0,1,101,0.0,0.0,10000
GCR_He,min,0,17.78279410038923,0.0,1,102,0.0,0.0,10000
GCR_He,min,0,17.78279410038923,0.0,1,103,0.0,0.0,10000
GCR_He,min,0,17.78279410038923,0.0,1,104,0.0,0.0,10000
GCR_He,min,0,17.78279410038923,0.0,1,105,0.0,0.0,10000
GCR_He,min,0,17.78279410038923,0.0,1,106,0.0,0.0,10000
GCR_He,min,0,17.78279410038923,0.0,1,107,0.0,0.0,10000
GCR_He,min,0,17.78279410038923,0.0,1,108,0.0,0.0,10000
GCR_He,min,0,17.78279410038923,0.0,1,109,0.0,0.0,10000
GCR_He,min,0,17.78279410038923,0.0,1,110,0.0,0.0,10000
GCR_He,min,0,17.78279410038923,0.0,1,111,0.0,0.0,10000
GCR_He,min,0,17.78279410038923,0.0,1,112,0.0,0.0,10000
GCR_He,min,0,17.78279410038923,0.0,1,113,0.0,0.0,10000
GCR_He,min,0,17.78279410038923,0.0,1,114,0.0,0.0,10000
GCR_He,min,0,17.78279410038923,0.0,1,115,0.0,0.0,10000
GCR_He,min,0,17.78279410038923,0.0,1,116,0.0,0.0,10000
GCR_He,min,0,17.78279410038923,0.0,1,117,0.0,0.0,10000
GCR_He,min,0,17.78279410038923,0.0,1,118,0.0,0.0,10000
GCR_He,min,0,17.78279410038923,0.0,1,119,0.0,0.0,10000
GCR_He,min,0,17.78279410038923,0.0,1,120,0.0,0.0,10000
GCR_He,min,0,17.78279410038923,0.0,1,121,0.0,0.0,10000
GCR_He,min,0,17.78279410038923,0.0,1,122,0.0,0.0,10000
GCR_He,min,0,17.78279410038923,0.0,1,123,0.0,0.0,10000
GCR_He,min,0,17.78279410038923,0.0,1,124,0.0,0.0,10000
GCR_He,min,0,17.78279410038923,0.0,1,125,0.0,0.0,10000
GCR_He,min,0,17.78279410038923,0.0,1,126,0.0,0.0,10000
GCR_He,min,0,17.78279410038923,0.0,1,127,0.0,0.0,10000
GCR_He,min,0,17.78279410038923,0.0,1,128,0.0,0.0,10000
GCR_He,min,0,17.78279410038923,0.0,1,129,0.0,0.0,10000
GCR_He,min,0,17.78279410038923,0.0,1,130,0.0,0.0,10000
GCR_He,min,0,17.78279410038923,0.0,1,131,0.0,0.0,10000
GCR_He,min,0,17.78279410038923,0.0,1,132,0.0,0.0,10000
GCR_He,min,0,17.78279410038923,0.0,1,133,0.0,0.0,10000
GCR_He,min,0,17.78279410038923,0.0,1,134,0.0,0.0,10000
GCR_He,min,0,17.78279410038923,0.0,1,135,0.0,0.0,10000
GCR_He,min,0,17.78279410038923,0.0,1,136,0.0,0.0,10000
GCR_He,min,0,17.78279410038923,0.0,1,137,0.0,0.0,10000
GCR_He,min,0,17.78279410038923,0.0,1,138,0.0,0.0,10000
GCR_He,min,0,17.78279410038923,0.0,1,139,0.0,0.0,10000
GCR_He,min,0,17.78279410038923,0.0,1,140,0.0,0.0,10000
GCR_He,min,0,17.78279410038923,0.0,1,141,0.0,0.0,10000
GCR_He,min,0,17.78279410038923,0.0,2,0,0.0,0.0,10000
GCR_He,min,0,17.78279410038923,0.0,2,1,0.0,0.0,10000
GCR_He,min,0,17.78279410038923,0.0,2,2,0.0,0.0,10000
GCR_He,min,0,17.78279410038923,0.0,2,3,0.0,0.0,10000
GCR_He,min,0,17.78279410038923,0.0,2,4,0.0,0.0,10000
GCR_He,min,0,17.78279410038923,0.0,2,5,0.0,0.0,10000
GCR_He,min,0,17.78279410038923,0.0,2,6,0.0,0.0,10000
GCR_He,min,0,17.78279410038923,0.0,2,7,0.0,0.0,10000
GCR_He,min,0,17.78279410038923,0.0,2,8,0.0,0.0,10000
GCR_He,min,0,17.78279410038923,0.0,2,9,0.0,0.0,10000
GCR_He,min,0,17.78279410038923,0.0,2,10,0.0,0.0,10000
GCR_He,min,0,17.78279410038923,0.0,2,11,0.0,0.0,10000
GCR_He,min,0,17.78279410038923,0.0,2,12,0.0,0.0,10000
GCR_He,min,0,17.78279410038923,0.0,2,13,0.0,0.0,10000
GCR_He,min,0,17.78279410038923,0.0,2,14,0.0,0.0,10000
GCR_He,min,0,17.78279410038923,0.0,2,15,0.0,0.0,10000
GCR_He,min,0,17.78279410038923,0.0,2,16,0.0,0.0,10000
GCR_He,min,0,17.78279410038923,0.0,2,17,0.0,0.0,10000
GCR_He,min,0,17.78279410038923,0.0,2,18,0.0,0.0,10000
GCR_He,min,0,17.78279410038923,0.0,2,19,0.0,0.0,10000
GCR_He,min,0,17.78279410038923,0.0,2,20,0.0,0.0,10000
GCR_He,min,0,17.78279410038923,0.0,2,21,0.0,0.0,10000
GCR_He,min,0,17.78279410038923,0.0,2,22,0.0,0.0,10000
GCR_He,min,0,17.78279410038923,0.0,2,23,0.0,0.0,10000
GCR_He,min,0,17.78279410038923,0.0,2,24,0.0,0.0,10000
GCR_He,min,0,17.78279410038923,0.0,2,25,0.0,0.0,10000
GCR_He,min,0,17.78279410038923,0.0,2,26,0.0,0.0,10000
GCR_He,min,0,17.78279410038923,0.0,2,27,0.0,0.0,10000
GCR_He,min,0,17.78279410038923,0.0,2,28,0.0,0.0,10000
GCR_He,min,0,17.78279410038923,0.0,2,29,0.0,0.0,10000
GCR_He,min,0,17.78279410038923,0.0,2,30,0.0,0.0,10000
GCR_He,min,0,17.78279410038923,0.0,2,31,0.0,0.0,10000
GCR_He,min,0,17.78279410038923,0.0,2,32,0.0,0.0,10000
GCR_He,min,0,17.78279410038923,0.0,2,33,0.0,0.0,10000
GCR_He,min,0,17.78279410038923,0.0,2,34,0.0,0.0,10000
GCR_He,min,0,17.78279410038923,0.0,2,35,0.0,0.0,10000
GCR_He,min,0,17.78279410038923,0.0,2,36,0.0,0.0,10000
GCR_He,min,0,17.78279410038923,0.0,2,37,0.0,0.0,10000
GCR_He,min,0,17.78279410038923,0.0,2,38,0.0,0.0,10000
GCR_He,min,0,17.78279410038923,0.0,2,39,0.0,0.0,10000
GCR_He,min,0,17.78279410038923,0.0,2,40,0.0,0.0,10000
GCR_He,min,0,17.78279410038923,0.0,2,41,0.0,0.0,10000
GCR_He,min,0,17.78279410038923,0.0,2,42,0.0,0.0,10000
GCR_He,min,0,17.78279410038923,0.0,2,43,0.0,0.0,10000
GCR_He,min,0,17.78279410038923,0.0,2,44,0.0,0.0,10000
GCR_He,min,0,17.78279410038923,0.0,2,45,0.0,0.0,10000
GCR_He,min,0,17.78279410038923,0.0,2,46,0.0,0.0,10000
GCR_He,min,0,17.78279410038923,0.0,2,47,0.0,0.0,10000
GCR_He,min,0,17.78279410038923,0.0,2,48,0.0,0.0,10000
GCR_He,min,0,17.78279410038923,0.0,2,49,0.0,0.0,10000
GCR_He,min,0,17.78279410038923,0.0,2,50,0.0,0.0,10000
GCR_He,min,0,17.78279410038923,0.0,2,51,0.0,0.0,10000
GCR_He,min,0,17.78279410038923,0.0,2,52,0.0,0.0,10000
GCR_He,min,0,17.78279410038923,0.0,2,53,0.0,0.0,10000
GCR_He,min,0,17.78279410038923,0.0,2,54,0.0,0.0,10000
GCR_He,min,0,17.78279410038923,0.0,2,55,0.0,0.0,10000
GCR_He,min,0,17.78279410038923,0.0,2,56,0.0,0.0,10000
GCR_He,min,0,17.78279410038923,0.0,2,57,0.0,0.0,10000
GCR_He,min,0,17.78279410038923,0.0,2,58,0.0,0.0,10000
GCR_He,min,0,17.78279410038923,0.0,2,59,0.0,0.0,10000
GCR_He,min,0,17.78279410038923,0.0,2,60,0.0,0.0,10000
GCR_He,min,0,17.78279410038923,0.0,2,61,0.0,0.0,10000
GCR_He,min,0,17.78279410038923,0.0,2,62,0.0,0.0,10000
GCR_He,min,0,17.78279410038923,0.0,2,63,0.0,0.0,10000
GCR_He,min,0,17.78279410038923,0.0,2,64,0.0,0.0,10000
GCR_He,min,0,17.78279410038923,0.0,2,65,0.0,0.0,10000
GCR_He,min,0,17.78279410038923,0.0,2,66,0.0,0.0,10000
GCR_He,min,0,17.78279410038923,0.0,2,67,0.0,0.0,10000
GCR_He,min,0,17.78279410038923,0.0,2,68,0.0,0.0,10000
GCR_He,min,0,17.78279410038923,0.0,2,69,0.0,0.0,10000
GCR_He,min,0,17.78279410038923,0.0,2,70,0.0,0.0,10000
GCR_He,min,0,17.78279410038923,0.0,2,71,0.0,0.0,10000
GCR_He,min,0,17.78279410038923,0.0,2,72,0.0,0.0,10000
GCR_He,min,0,17.78279410038923,0.0,2,73,0.0,0.0,10000
GCR_He,min,0,17.78279410038923,0.0,2,74,0.0,0.0,10000
GCR_He,min,0,17.78279410038923,0.0,2,75,0.0,0.0,10000
GCR_He,min,0,17.78279410038923,0.0,2,76,0.0,0.0,10000
GCR_He,min,0,17.78279410038923,0.0,2,77,0.0,0.0,10000
GCR_He,min,0,17.78279410038923,0.0,2,78,0.0,0.0,10000
GCR_He,min,0,17.78279410038923,0.0,2,79,0.0,0.0,10000
GCR_He,min,0,17.78279410038923,0.0,2,80,0.0,0.0,10000
GCR_He,min,0,17.78279410038923,0.0,2,81,0.0,0.0,10000
GCR_He,min,0,17.78279410038923,0.0,2,82,0.0,0.0,10000
GCR_He,min,0,17.78279410038923,0.0,2,83,0.0,0.0,10000
GCR_He,min,0,17.78279410038923,0.0,2,84,0.0,0.0,10000
GCR_He,min,0,17.78279410038923,0.0,2,85,0.0,0.0,10000
GCR_He,min,0,17.78279410038923,0.0,2,86,0.0,0.0,10000
GCR_He,min,0,17.78279410038923,0.0,2,87,0.0,0.0,10000
GCR_He,min,0,17.78279410038923,0.0,2,88,0.0,0.0,10000
GCR_He,min,0,17.78279410038923,0.0,2,89,0.0,0.0,10000
GCR_He,min,0,17.78279410038923,0.0,2,90,0.0,0.0,10000
GCR_He,min,0,17.78279410038923,0.0,2,91,0.0,0.0,10000
GCR_He,min,0,17.78279410038923,0.0,2,92,0.0,0.0,10000
GCR_He,min,0,17.78279410038923,0.0,2,93,0.0,0.0,10000
GCR_He,min,0,17.78279410038923,0.0,2,94,0.0,0.0,10000
GCR_He,min,0,17.78279410038923,0.0,2,95,0.0,0.0,10000
GCR_He,min,0,17.78279410038923,0.0,2,96,0.0,0.0,10000
GCR_He,min,0,17.78279410038923,0.0,2,97,0.0,0.0,10000
GCR_He,min,0,17.78279410038923,0.0,2,98,0.0,0.0,10000
GCR_He,min,0,17.78279410038923,0.0,2,99,0.0,0.0,10000
GCR_He,min,0,17.78279410038923,0.0,2,100,0.0,0.0,10000
GCR_He,min,0,17.78279410038923,0.0,2,101,0.0,0.0,10000
GCR_He,min,0,17.78279410038923,0.0,2,102,0.0,0.0,10000
GCR_He,min,0,17.78279410038923,0.0,2,103,0.0,0.0,10000
GCR_He,min,0,17.78279410038923,0.0,2,104,0.0,0.0,10000
GCR_He,min,0,17.78279410038923,0.0,2,105,0.0,0.0,10000
GCR_He,min,0,17.78279410038923,0.0,2,106,0.0,0.0,10000
GCR_He,min,0,17.78279410038923,0.0,2,107,0.0,0.0,10000
GCR_He,min,0,17.78279410038923,0.0,2,108,0.0,0.0,10000
GCR_He,min,0,17.78279410038923,0.0,2,109,0.0,0.0,10000
GCR_He,min,0,17.78279410038923,0.0,2,110,0.0,0.0,10000
GCR_He,min,0,17.78279410038923,0.0,2,111,0.0,0.0,10000
GCR_He,min,0,17.78279410038923,0.0,2,112,0.0,0.0,10000
GCR_He,min,0,17.78279410038923,0.0,2,113,0.0,0.0,10000
GCR_He,min,0,17.78279410038923,0.0,2,114,0.0,0.0,10000
GCR_He,min,0,17.78279410038923,0.0,2,115,0.0,0.0,10000
GCR_He,min,0,17.78279410038923,0.0,2,116,0.0,0.0,10000
GCR_He,min,0,17.78279410038923,0.0,2,117,0.0,0.0,10000
GCR_He,min,0,17.78279410038923,0.0,2,118,0.0,0.0,10000
GCR_He,min,0,17.78279410038923,0.0,2,119,0.0,0.0,10000
GCR_He,min,0,17.78279410038923,0.0,2,120,0.0,0.0,10000
GCR_He,min,0,17.78279410038923,0.0,2,121,0.0,0.0,10000
GCR_He,min,0,17.78279410038923,0.0,2,122,0.0,0.0,10000
GCR_He,min,0,17.78279410038923,0.0,2,123,0.0,0.0,10000
GCR_He,min,0,17.78279410038923,0.0,2,124,0.0,0.0,10000
GCR_He,min,0,17.78279410038923,0.0,2,125,0.0,0.0,10000
GCR_He,min,0,17.78279410038923,0.0,2,126,0.0,0.0,10000
GCR_He,min,0,17.78279410038923,0.0,2,127,0.0,0.0,10000
GCR_He,min,0,17.78279410038923,0.0,2,128,0.0,0.0,10000
GCR_He,min,0,17.78279410038923,0.0,2,129,0.0,0.0,10000
GCR_He,min,0,17.78279410038923,0.0,2,130,0.0,0.0,10000
GCR_He,min,0,17.78279410038923,0.0,2,131,0.0,0.0,10000
GCR_He,min,0,17.78279410038923,0.0,2,132,0.0,0.0,10000
GCR_He,min,0,17.78279410038923,0.0,2,133,0.0,0.0,10000
GCR_He,min,0,17.78279410038923,0.0,2,134,0.0,0.0,10000
GCR_He,min,0,17.78279410038923,0.0,2,135,0.0,0.0,10000
GCR_He,min,0,17.78279410038923,0.0,2,136,0.0,0.0,10000
GCR_He,min,0,17.78279410038923,0.0,2,137,0.0,0.0,10000
GCR_He,min,0,17.78279410038923,0.0,2,138,0.0,0.0,10000
GCR_He,min,0,17.78279410038923,0.0,2,139,0.0,0.0,10000
GCR_He,min,0,17.78279410038923,0.0,2,140,0.0,0.0,10000
GCR_He,min,0,17.78279410038923,0.0,2,141,0.0,0.0,10000
GCR_He,min,1,56.23413251903491,0.0,1,0,3.66949e-09,0.0,10000
GCR_He,min,1,56.23413251903491,0.0,1,1,0.0,0.0,10000
GCR_He,min,1,56.23413251903491,0.0,1,2,0.0,0.0,10000
GCR_He,min,1,56.23413251903491,0.0,1,3,0.0,0.0,10000
GCR_He,min,1,56.23413251903491,0.0,1,4,0.0,0.0,10000
GCR_He,min,1,56.23413251903491,0.0,1,5,0.0,0.0,10000
GCR_He,min,1,56.23413251903491,0.0,1,6,0.0,0.0,10000
GCR_He,min,1,56.23413251903491,0.0,1,7,0.0,0.0,10000
GCR_He,min,1,56.23413251903491,0.0,1,8,0.0,0.0,10000
GCR_He,min,1,56.23413251903491,0.0,1,9,0.0,0.0,10000
GCR_He,min,1,56.23413251903491,0.0,1,10,0.0,0.0,10000
GCR_He,min,1,56.23413251903491,0.0,1,11,0.0,0.0,10000
GCR_He,min,1,56.23413251903491,0.0,1,12,0.0,0.0,10000
GCR_He,min,1,56.23413251903491,0.0,1,13,0.0,0.0,10000
GCR_He,min,1,56.23413251903491,0.0,1,14,0.0,0.0,10000
GCR_He,min,1,56.23413251903491,0.0,1,15,0.0,0.0,10000
GCR_He,min,1,56.23413251903491,0.0,1,16,0.0,0.0,10000
GCR_He,min,1,56.23413251903491,0.0,1,17,0.0,0.0,10000
GCR_He,min,1,56.23413251903491,0.0,1,18,0.0,0.0,10000
GCR_He,min,1,56.23413251903491,0.0,1,19,0.0,0.0,10000
GCR_He,min,1,56.23413251903491,0.0,1,20,0.0,0.0,10000
GCR_He,min,1,56.23413251903491,0.0,1,21,0.0,0.0,10000
GCR_He,min,1,56.23413251903491,0.0,1,22,0.0,0.0,10000
GCR_He,min,1,56.23413251903491,0.0,1,23,0.0,0.0,10000
GCR_He,min,1,56.23413251903491,0.0,1,24,3.35877e-15,7.02966e-14,10000
GCR_He,min,1,56.23413251903491,0.0,1,25,9.58588e-19,1.80661e-17,10000
GCR_He,min,1,56.23413251903491,0.0,1,26,0.0,0.0,10000
GCR_He,min,1,56.23413251903491,0.0,1,27,0.0,0.0,10000
GCR_He,min,1,56.23413251903491,0.0,1,28,0.0,0.0,10000
GCR_He,min,1,56.23413251903491,0.0,1,29,1.81451e-13,3.8439e-13,10000
GCR_He,min,1,56.23413251903491,0.0,1,30,0.0,0.0,10000
GCR_He,min,1,56.23413251903491,0.0,1,31,0.0,0.0,10000
GCR_He,min,1,56.23413251903491,0.0,1,32,0.0,0.0,10000
GCR_He,min,1,56.23413251903491,0.0,1,33,0.0,0.0,10000
GCR_He,min,1,56.23413251903491,0.0,1,34,0.0,0.0,10000
GCR_He,min,1,56.23413251903491,0.0,1,35,0.0,0.0,10000
GCR_He,min,1,56.23413251903491,0.0,1,36,0.0,0.0,10000
GCR_He,min,1,56.23413251903491,0.0,1,37,0.0,0.0,10000
GCR_He,min,1,56.23413251903491,0.0,1,38,0.0,0.0,10000
GCR_He,min,1,56.23413251903491,0.0,1,39,0.0,0.0,10000
GCR_He,min,1,56.23413251903491,0.0,1,40,0.0,0.0,10000
GCR_He,min,1,56.23413251903491,0.0,1,41,0.0,0.0,10000
GCR_He,min,1,56.23413251903491,0.0,1,42,0.0,0.0,10000
GCR_He,min,1,56.23413251903491,0.0,1,43,0.0,0.0,10000
GCR_He,min,1,56.23413251903491,0.0,1,44,0.0,0.0,10000
GCR_He,min,1,56.23413251903491,0.0,1,45,0.0,0.0,10000
GCR_He,min,1,56.23413251903491,0.0,1,46,0.0,0.0,10000
GCR_He,min,1,56.23413251903491,0.0,1,47,4.16061e-14,4.04257e-13,10000
GCR_He,min,1,56.23413251903491,0.0,1,48,0.0,0.0,10000
GCR_He,min,1,56.23413251903491,0.0,1,49,0.0,0.0,10000
GCR_He,min,1,56.23413251903491,0.0,1,50,0.0,0.0,10000
GCR_He,min,1,56.23413251903491,0.0,1,51,0.0,0.0,10000
GCR_He,min,1,56.23413251903491,0.0,1,52,0.0,0.0,10000
GCR_He,min,1,56.23413251903491,0.0,1,53,0.0,0.0,10000
GCR_He,min,1,56.23413251903491,0.0,1,54,0.0,0.0,10000
GCR_He,min,1,56.23413251903491,0.0,1,55,0.0,0.0,10000
GCR_He,min,1,56.23413251903491,0.0,1,56,0.0,0.0,10000
GCR_He,min,1,56.23413251903491,0.0,1,57,0.0,0.0,10000
GCR_He,min,1,56.23413251903491,0.0,1,58,0.0,0.0,10000
GCR_He,min,1,56.23413251903491,0.0,1,59,0.0,0.0,10000
GCR_He,min,1,56.23413251903491,0.0,1,60,0.0,0.0,10000
GCR_He,min,1,56.23413251903491,0.0,1,61,0.0,0.0,10000
GCR_He,min,1,56.23413251903491,0.0,1,62,0.0,0.0,10000
GCR_He,min,1,56.23413251903491,0.0,1,63,0.0,0.0,10000
GCR_He,min,1,56.23413251903491,0.0,1,64,0.0,0.0,10000
GCR_He,min,1,56.23413251903491,0.0,1,65,0.0,0.0,10000
GCR_He,min,1,56.23413251903491,0.0,1,66,0.0,0.0,10000
GCR_He,min,1,56.23413251903491,0.0,1,67,0.0,0.0,10000
GCR_He,min,1,56.23413251903491,0.0,1,68,0.0,0.0,10000
GCR_He,min,1,56.23413251903491,0.0,1,69,0.0,0.0,10000
GCR_He,min,1,56.23413251903491,0.0,1,70,0.0,0.0,10000
GCR_He,min,1,56.23413251903491,0.0,1,71,0.0,0.0,10000
GCR_He,min,1,56.23413251903491,0.0,1,72,0.0,0.0,10000
GCR_He,min,1,56.23413251903491,0.0,1,73,0.0,0.0,10000
GCR_He,min,1,56.23413251903491,0.0,1,74,1.03519e-13,1.59261e-13,10000
GCR_He,min,1,56.23413251903491,0.0,1,75,0.0,0.0,10000
GCR_He,min,1,56.23413251903491,0.0,1,76,0.0,0.0,10000
GCR_He,min,1,56.23413251903491,0.0,1,77,0.0,0.0,10000
GCR_He,min,1,56.23413251903491,0.0,1,78,0.0,0.0,10000
GCR_He,min,1,56.23413251903491,0.0,1,79,0.0,0.0,10000
GCR_He,min,1,56.23413251903491,0.0,1,80,0.0,0.0,10000
GCR_He,min,1,56.23413251903491,0.0,1,81,0.0,0.0,10000
GCR_He,min,1,56.23413251903491,0.0,1,82,0.0,0.0,10000
GCR_He,min,1,56.23413251903491,0.0,1,83,0.0,0.0,10000
GCR_He,min,1,56.23413251903491,0.0,1,84,0.0,0.0,10000
GCR_He,min,1,56.23413251903491,0.0,1,85,0.0,0.0,10000
GCR_He,min,1,56.23413251903491,0.0,1,86,0.0,0.0,10000
GCR_He,min,1,56.23413251903491,0.0,1,87,0.0,0.0,10000
GCR_He,min,1,56.23413251903491,0.0,1,88,0.0,0.0,10000
GCR_He,min,1,56.23413251903491,0.0,1,89,0.0,0.0,10000
GCR_He,min,1,56.23413251903491,0.0,1,90,0.0,0.0,10000
GCR_He,min,1,56.23413251903491,0.0,1,91,0.0,0.0,10000
GCR_He,min,1,56.23413251903491,0.0,1,92,0.0,0.0,10000
GCR_He,min,1,56.23413251903491,0.0,1,93,0.0,0.0,10000
GCR_He,min,1,56.23413251903491,0.0,1,94,0.0,0.0,10000
GCR_He,min,1,56.23413251903491,0.0,1,95,0.0,0.0,10000
GCR_He,min,1,56.23413251903491,0.0,1,96,0.0,0.0,10000
GCR_He,min,1,56.23413251903491,0.0,1,97,0.0,0.0,10000
GCR_He,min,1,56.23413251903491,0.0,1,98,0.0,0.0,10000
GCR_He,min,1,56.23413251903491,0.0,1,99,0.0,0.0,10000
GCR_He,min,1,56.23413251903491,0.0,1,100,0.0,0.0,10000
GCR_He,min,1,56.23413251903491,0.0,1,101,0.0,0.0,10000
GCR_He,min,1,56.23413251903491,0.0,1,102,0.0,0.0,10000
GCR_He,min,1,56.23413251903491,0.0,1,103,0.0,0.0,10000
GCR_He,min,1,56.23413251903491,0.0,1,104,0.0,0.0,10000
GCR_He,min,1,56.23413251903491,0.0,1,105,0.0,0.0,10000
GCR_He,min,1,56.23413251903491,0.0,1,106,0.0,0.0,10000
GCR_He,min,1,56.23413251903491,0.0,1,107,4.57729e-13,3.05014e-14,10000
GCR_He,min,1,56.23413251903491,0.0,1,108,0.0,0.0,10000
GCR_He,min,1,56.23413251903491,0.0,1,109,5.70396e-13,5.68975e-14,10000
GCR_He,min,1,56.23413251903491,0.0,1,110,0.0,0.0,10000
GCR_He,min,1,56.23413251903491,0.0,1,111,0.0,0.0,10000
GCR_He,min,1,56.23413251903491,0.0,1,112,0.0,0.0,10000
GCR_He,min,1,56.23413251903491,0.0,1,113,0.0,0.0,10000
GCR_He,min,1,56.23413251903491,0.0,1,114,0.0,0.0,10000
GCR_He,min,1,56.23413251903491,0.0,1,115,0.0,0.0,10000
GCR_He,min,1,56.23413251903491,0.0,1,116,8.24977e-14,7.86809e-14,10000
GCR_He,min,1,56.23413251903491,0.0,1,117,7.35919e-14,5.94921e-15,10000
GCR_He,min,1,56.23413251903491,0.0,1,118,0.0,0.0,10000
GCR_He,min,1,56.23413251903491,0.0,1,119,8.57317e-14,1.58866e-14,10000
GCR_He,min,1,56.23413251903491,0.0,1,120,0.0,0.0,10000
GCR_He,min,1,56.23413251903491,0.0,1,121,0.0,0.0,10000
GCR_He,min,1,56.23413251903491,0.0,1,122,0.0,0.0,10000
GCR_He,min,1,56.23413251903491,0.0,1,123,0.0,0.0,10000
GCR_He,min,1,56.23413251903491,0.0,1,124,0.0,0.0,10000
GCR_He,min,1,56.23413251903491,0.0,1,125,0.0,0.0,10000
GCR_He,min,1,56.23413251903491,0.0,1,126,6.659e-14,1.81841e-12,10000
GCR_He,min,1,56.23413251903491,0.0,1,127,0.0,0.0,10000
GCR_He,min,1,56.23413251903491,0.0,1,128,0.0,0.0,10000
GCR_He,min,1,56.23413251903491,0.0,1,129,0.0,0.0,10000
GCR_He,min,1,56.23413251903491,0.0,1,130,0.0,0.0,10000
GCR_He,min,1,56.23413251903491,0.0,1,131,0.0,0.0,10000
GCR_He,min,1,56.23413251903491,0.0,1,132,0.0,0.0,10000
GCR_He,min,1,56.23413251903491,0.0,1,133,0.0,0.0,10000
GCR_He,min,1,56.23413251903491,0.0,1,134,0.0,0.0,10000
GCR_He,min,1,56.23413251903491,0.0,1,135,0.0,0.0,10000
GCR_He,min,1,56.23413251903491,0.0,1,136,0.0,0.0,10000
GCR_He,min,1,56.23413251903491,0.0,1,137,0.0,0.0,10000
GCR_He,min,1,56.23413251903491,0.0,1,138,0.0,0.0,10000
GCR_He,min,1,56.23413251903491,0.0,1,139,0.0,0.0,10000
GCR_He,min,1,56.23413251903491,0.0,1,140,0.0,0.0,10000
GCR_He,min,1,56.23413251903491,0.0,1,141,0.0,0.0,10000
GCR_He,min,1,56.23413251903491,0.0,2,0,0.0,0.0,10000
GCR_He,min,1,56.23413251903491,0.0,2,1,0.0,0.0,10000
GCR_He,min,1,56.23413251903491,0.0,2,2,0.0,0.0,10000
GCR_He,min,1,56.23413251903491,0.0,2,3,0.0,0.0,10000
GCR_He,min,1,56.23413251903491,0.0,2,4,0.0,0.0,10000
GCR_He,min,1,56.23413251903491,0.0,2,5,0.0,0.0,10000
GCR_He,min,1,56.23413251903491,0.0,2,6,0.0,0.0,10000
GCR_He,min,1,56.23413251903491,0.0,2,7,0.0,0.0,10000
GCR_He,min,1,56.23413251903491,0.0,2,8,0.0,0.0,10000
GCR_He,min,1,56.23413251903491,0.0,2,9,0.0,0.0,10000
GCR_He,min,1,56.23413251903491,0.0,2,10,0.0,0.0,10000
GCR_He,min,1,56.23413251903491,0.0,2,11,0.0,0.0,10000
GCR_He,min,1,56.23413251903491,0.0,2,12,0.0,0.0,10000
GCR_He,min,1,56.23413251903491,0.0,2,13,0.0,0.0,10000
GCR_He,min,1,56.23413251903491,0.0,2,14,0.0,0.0,10000
GCR_He,min,1,56.23413251903491,0.0,2,15,0.0,0.0,10000
GCR_He,min,1,56.23413251903491,0.0,2,16,0.0,0.0,10000
GCR_He,min,1,56.23413251903491,0.0,2,17,0.0,0.0,10000
GCR_He,min,1,56.23413251903491,0.0,2,18,0.0,0.0,10000
GCR_He,min,1,56.23413251903491,0.0,2,19,0.0,0.0,10000
GCR_He,min,1,56.23413251903491,0.0,2,20,0.0,0.0,10000
GCR_He,min,1,56.23413251903491,0.0,2,21,0.0,0.0,10000
GCR_He,min,1,56.23413251903491,0.0,2,22,0.0,0.0,10000
GCR_He,min,1,56.23413251903491,0.0,2,23,0.0,0.0,10000
GCR_He,min,1,56.23413251903491,0.0,2,24,0.0,0.0,10000
GCR_He,min,1,56.23413251903491,0.0,2,25,0.0,0.0,10000
GCR_He,min,1,56.23413251903491,0.0,2,26,0.0,0.0,10000
GCR_He,min,1,56.23413251903491,0.0,2,27,0.0,0.0,10000
GCR_He,min,1,56.23413251903491,0.0,2,28,0.0,0.0,10000
GCR_He,min,1,56.23413251903491,0.0,2,29,0.0,0.0,10000
GCR_He,min,1,56.23413251903491,0.0,2,30,0.0,0.0,10000
GCR_He,min,1,56.23413251903491,0.0,2,31,0.0,0.0,10000
GCR_He,min,1,56.23413251903491,0.0,2,32,2.51283e-13,5.7296e-13,10000
GCR_He,min,1,56.23413251903491,0.0,2,33,0.0,0.0,10000
GCR_He,min,1,56.23413251903491,0.0,2,34,0.0,0.0,10000
GCR_He,min,1,56.23413251903491,0.0,2,35,2.57578e-13,3.53147e-13,10000
GCR_He,min,1,56.23413251903491,0.0,2,36,0.0,0.0,10000
GCR_He,min,1,56.23413251903491,0.0,2,37,0.0,0.0,10000
GCR_He,min,1,56.23413251903491,0.0,2,38,0.0,0.0,10000
GCR_He,min,1,56.23413251903491,0.0,2,39,0.0,0.0,10000
GCR_He,min,1,56.23413251903491,0.0,2,40,0.0,0.0,10000
GCR_He,min,1,56.23413251903491,0.0,2,41,0.0,0.0,10000
GCR_He,min,1,56.23413251903491,0.0,2,42,0.0,0.0,10000
GCR_He,min,1,56.23413251903491,0.0,2,43,6.55819e-07,1.79598e-06,10000
GCR_He,min,1,56.23413251903491,0.0,2,44,0.0,0.0,10000
GCR_He,min,1,56.23413251903491,0.0,2,45,0.0,0.0,10000
GCR_He,min,1,56.23413251903491,0.0,2,46,0.0,0.0,10000
GCR_He,min,1,56.23413251903491,0.0,2,47,0.0,0.0,10000
GCR_He,min,1,56.23413251903491,0.0,2,48,0.0,0.0,10000
GCR_He,min,1,56.23413251903491,0.0,2,49,0.0,0.0,10000
GCR_He,min,1,56.23413251903491,0.0,2,50,0.0,0.0,10000
GCR_He,min,1,56.23413251903491,0.0,2,51,0.0,0.0,10000
GCR_He,min,1,56.23413251903491,0.0,2,52,0.0,0.0,10000
GCR_He,min,1,56.23413251903491,0.0,2,53,0.0,0.0,10000
GCR_He,min,1,56.23413251903491,0.0,2,54,0.0,0.0,10000
GCR_He,min,1,56.23413251903491,0.0,2,55,0.0,0.0,10000
GCR_He,min,1,56.23413251903491,0.0,2,56,0.0,0.0,10000
GCR_He,min,1,56.23413251903491,0.0,2,57,0.0,0.0,10000
GCR_He,min,1,56.23413251903491,0.0,2,58,0.0,0.0,10000
GCR_He,min,1,56.23413251903491,0.0,2,59,0.0,0.0,10000
GCR_He,min,1,56.23413251903491,0.0,2,60,0.0,0.0,10000
GCR_He,min,1,56.23413251903491,0.0,2,61,0.0,0.0,10000
GCR_He,min,1,56.23413251903491,0.0,2,62,0.0,0.0,10000
GCR_He,min,1,56.23413251903491,0.0,2,63,0.0,0.0,10000
GCR_He,min,1,56.23413251903491,0.0,2,64,0.0,0.0,10000
GCR_He,min,1,56.23413251903491,0.0,2,65,0.0,0.0,10000
GCR_He,min,1,56.23413251903491,0.0,2,66,0.0,0.0,10000
GCR_He,min,1,56.23413251903491,0.0,2,67,0.0,0.0,10000
GCR_He,min,1,56.23413251903491,0.0,2,68,0.0,0.0,10000
GCR_He,min,1,56.23413251903491,0.0,2,69,0.0,0.0,10000
GCR_He,min,1,56.23413251903491,0.0,2,70,0.0,0.0,10000
GCR_He,min,1,56.23413251903491,0.0,2,71,0.0,0.0,10000
GCR_He,min,1,56.23413251903491,0.0,2,72,0.0,0.0,10000
GCR_He,min,1,56.23413251903491,0.0,2,73,0.0,0.0,10000
GCR_He,min,1,56.23413251903491,0.0,2,74,0.0,0.0,10000
GCR_He,min,1,56.23413251903491,0.0,2,75,0.0,0.0,10000
GCR_He,min,1,56.23413251903491,0.0,2,76,0.0,0.0,10000
GCR_He,min,1,56.23413251903491,0.0,2,77,0.0,0.0,10000
GCR_He,min,1,56.23413251903491,0.0,2,78,0.0,0.0,10000
GCR_He,min,1,56.23413251903491,0.0,2,79,0.0,0.0,10000
GCR_He,min,1,56.23413251903491,0.0,2,80,0.0,0.0,10000
GCR_He,min,1,56.23413251903491,0.0,2,81,0.0,0.0,10000
GCR_He,min,1,56.23413251903491,0.0,2,82,0.0,0.0,10000
GCR_He,min,1,56.23413251903491,0.0,2,83,0.0,0.0,10000
GCR_He,min,1,56.23413251903491,0.0,2,84,0.0,0.0,10000
GCR_He,min,1,56.23413251903491,0.0,2,85,0.0,0.0,10000
GCR_He,min,1,56.23413251903491,0.0,2,86,0.0,0.0,10000
GCR_He,min,1,56.23413251903491,0.0,2,87,0.0,0.0,10000
GCR_He,min,1,56.23413251903491,0.0,2,88,0.0,0.0,10000
GCR_He,min,1,56.23413251903491,0.0,2,89,0.0,0.0,10000
GCR_He,min,1,56.23413251903491,0.0,2,90,0.0,0.0,10000
GCR_He,min,1,56.23413251903491,0.0,2,91,0.0,0.0,10000
GCR_He,min,1,56.23413251903491,0.0,2,92,0.0,0.0,10000
GCR_He,min,1,56.23413251903491,0.0,2,93,0.0,0.0,10000
GCR_He,min,1,56.23413251903491,0.0,2,94,0.0,0.0,10000
GCR_He,min,1,56.23413251903491,0.0,2,95,0.0,0.0,10000
GCR_He,min,1,56.23413251903491,0.0,2,96,0.0,0.0,10000
GCR_He,min,1,56.23413251903491,0.0,2,97,4.89507e-14,1.02463e-13,10000
GCR_He,min,1,56.23413251903491,0.0,2,98,0.0,0.0,10000
GCR_He,min,1,56.23413251903491,0.0,2,99,0.0,0.0,10000
GCR_He,min,1,56.23413251903491,0.0,2,100,0.0,0.0,10000
GCR_He,min,1,56.23413251903491,0.0,2,101,0.0,0.0,10000
GCR_He,min,1,56.23413251903491,0.0,2,102,0.0,0.0,10000
GCR_He,min,1,56.23413251903491,0.0,2,103,0.0,0.0,10000
GCR_He,min,1,56.23413251903491,0.0,2,104,0.0,0.0,10000
GCR_He,min,1,56.23413251903491,0.0,2,105,0.0,0.0,10000
GCR_He,min,1,56.23413251903491,0.0,2,106,0.0,0.0,10000
GCR_He,min,1,56.23413251903491,0.0,2,107,1.29045e-12,8.59907e-14,10000
GCR_He,min,1,56.23413251903491,0.0,2,108,0.0,0.0,10000
GCR_He,min,1,56.23413251903491,0.0,2,109,1.02023e-13,1.01769e-14,10000
GCR_He,min,1,56.23413251903491,0.0,2,110,0.0,0.0,10000
GCR_He,min,1,56.23413251903491,0.0,2,111,0.0,0.0,10000
GCR_He,min,1,56.23413251903491,0.0,2,112,0.0,0.0,10000
GCR_He,min,1,56.23413251903491,0.0,2,113,0.0,0.0,10000
GCR_He,min,1,56.23413251903491,0.0,2,114,0.0,0.0,10000
GCR_He,min,1,56.23413251903491,0.0,2,115,0.0,0.0,10000
GCR_He,min,1,56.23413251903491,0.0,2,116,0.0,0.0,10000
GCR_He,min,1,56.23413251903491,0.0,2,117,0.0,0.0,10000
GCR_He,min,1,56.23413251903491,0.0,2,118,8.32014e-14,5.06254e-14,10000
GCR_He,min,1,56.23413251903491,0.0,2,119,1.51731e-13,2.81167e-14,10000
GCR_He,min,1,56.23413251903491,0.0,2,120,0.0,0.0,10000
GCR_He,min,1,56.23413251903491,0.0,2,121,0.0,0.0,10000
GCR_He,min,1,56.23413251903491,0.0,2,122,0.0,0.0,10000
GCR_He,min,1,56.23413251903491,0.0,2,123,1.11252e-12,7.59289e-13,10000
GCR_He,min,1,56.23413251903491,0.0,2,124,0.0,0.0,10000
GCR_He,min,1,56.23413251903491,0.0,2,125,0.0,0.0,10000
GCR_He,min,1,56.23413251903491,0.0,2,126,0.0,0.0,10000
GCR_He,min,1,56.23413251903491,0.0,2,127,0.0,0.0,10000
GCR_He,min,1,56.23413251903491,0.0,2,128,0.0,0.0,10000
GCR_He,min,1,56.23413251903491,0.0,2,129,0.0,0.0,10000
GCR_He,min,1,56.23413251903491,0.0,2,130,0.0,0.0,10000
GCR_He,min,1,56.23413251903491,0.0,2,131,0.0,0.0,10000
GCR_He,min,1,56.23413251903491,0.0,2,132,0.0,0.0,10000
GCR_He,min,1,56.23413251903491,0.0,2,133,0.0,0.0,10000
GCR_He,min,1,56.23413251903491,0.0,2,134,0.0,0.0,10000
GCR_He,min,1,56.23413251903491,0.0,2,135,0.0,0.0,10000
GCR_He,min,1,56.23413251903491,0.0,2,136,0.0,0.0,10000
GCR_He,min,1,56.23413251903491,0.0,2,137,0.0,0.0,10000
GCR_He,min,1,56.23413251903491,0.0,2,138,0.0,0.0,10000
GCR_He,min,1,56.23413251903491,0.0,2,139,0.0,0.0,10000
GCR_He,min,1,56.23413251903491,0.0,2,140,0.0,0.0,10000
GCR_He,min,1,56.23413251903491,0.0,2,141,0.0,0.0,10000
GCR_H,min,5,5623.413251903491,0.0,0,0,1.40204e-10,0.0,10000
GCR_H,min,5,5623.413251903491,0.0,0,1,2.10059e-12,3.00084e-10,10000
GCR_H,min,5,5623.413251903491,0.0,0,2,1.11157e-14,1.58795e-12,10000
GCR_H,min,5,5623.413251903491,0.0,0,3,5.98408e-13,5.42528e-11,10000
GCR_H,min,5,5623.413251903491,0.0,0,4,3.86978e-12,1.36212e-10,10000
GCR_H,min,5,5623.413251903491,0.0,0,5,1.34624e-11,4.38087e-10,10000
GCR_H,min,5,5623.413251903491,0.0,0,6,2.82529e-13,5.53978e-11,10000
GCR_H,min,5,5623.413251903491,0.0,0,7,1.51438e-12,1.51286e-10,10000
GCR_H,min,5,5623.413251903491,0.0,0,8,9.59748e-12,1.44737e-10,10000
GCR_H,min,5,5623.413251903491,0.0,0,9,1.29979e-13,1.52917e-10,10000
GCR_H,min,5,5623.413251903491,0.0,0,10,4.80472e-11,1.76689e-10,10000
GCR_H,min,5,5623.413251903491,0.0,0,11,3.77212e-12,2.39957e-10,10000
GCR_H,min,5,5623.413251903491,0.0,0,12,2.1462e-11,2.58453e-10,10000
GCR_H,min,5,5623.413251903491,0.0,0,13,8.50611e-12,6.28871e-11,10000
GCR_H,min,5,5623.413251903491,0.0,0,14,3.11003e-11,1.68237e-10,10000
GCR_H,min,5,5623.413251903491,0.0,0,15,1.51543e-12,4.52636e-11,10000
GCR_H,min,5,5623.413251903491,0.0,0,16,6.50011e-11,5.07702e-10,10000
GCR_H,min,5,5623.413251903491,0.0,0,17,1.06993e-11,1.79128e-10,10000
GCR_H,min,5,5623.413251903491,0.0,0,18,2.7939e-11,7.52464e-10,10000
GCR_H,min,5,5623.413251903491,0.0,0,19,6.07191e-11,2.24221e-10,10000
GCR_H,min,5,5623.413251903491,0.0,0,20,4.80989e-11,2.64411e-10,10000
GCR_H,min,5,5623.413251903491,0.0,0,21,2.76989e-12,1.22183e-10,10000
GCR_H,min,5,5623.413251903491,0.0,0,22,6.75102e-11,3.75599e-10,10000
GCR_H,min,5,5623.413251903491,0.0,0,23,5.15809e-11,3.69518e-10,10000
GCR_H,min,5,5623.413251903491,0.0,0,24,1.7454e-12,3.653e-11,10000
GCR_H,min,5,5623.413251903491,0.0,0,25,5.54058e-12,1.04421e-10,10000
GCR_H,min,5,5623.413251903491,0.0,0,26,1.45668e-10,2.58805e-10,10000
GCR_H,min,5,5623.413251903491,0.0,0,27,8.93713e-11,1.98136e-10,10000
GCR_H,min,5,5623.413251903491,0.0,0,28,1.1674e-10,4.46116e-10,10000
GCR_H,min,5,5623.413251903491,0.0,0,29,3.27909e-10,6.94648e-10,10000
GCR_H,min,5,5623.413251903491,0.0,0,30,1.05983e-12,4.11105e-11,10000
GCR_H,min,5,5623.413251903491,0.0,0,31,5.94271e-11,2.02071e-10,10000
GCR_H,min,5,5623.413251903491,0.0,0,32,1.39693e-10,3.18519e-10,10000
GCR_H,min,5,5623.413251903491,0.0,0,33,9.52041e-12,1.17696e-10,10000
GCR_H,min,5,5623.413251903491,0.0,0,34,1.107e-10,2.08337e-10,10000
GCR_H,min,5,5623.413251903491,0.0,0,35,9.35919e-11,1.28317e-10,10000
GCR_H,min,5,5623.413251903491,0.0,0,36,2.01216e-11,2.55773e-10,10000
GCR_H,min,5,5623.413251903491,0.0,0,37,1.9396e-11,8.34023e-11,10000
GCR_H,min,5,5623.413251903491,0.0,0,38,5.06481e-11,9.97443e-11,10000
GCR_H,min,5,5623.413251903491,0.0,0,39,1.40962e-11,1.85184e-10,10000
GCR_H,min,5,5623.413251903491,0.0,0,40,2.40553e-11,3.25511e-10,10000
GCR_H,min,5,5623.413251903491,0.0,0,41,1.60985e-10,4.03856e-10,10000
GCR_H,min,5,5623.413251903491,0.0,0,42,3.10176e-10,4.55351e-10,10000
GCR_H,min,5,5623.413251903491,0.0,0,43,3.22079e-11,8.82021e-11,10000
GCR_H,min,5,5623.413251903491,0.0,0,44,8.11373e-11,1.56015e-10,10000
GCR_H,min,5,5623.413251903491,0.0,0,45,2.7044e-11,1.22299e-10,10000
GCR_H,min,5,5623.413251903491,0.0,0,46,1.60872e-11,8.36959e-11,10000
GCR_H,min,5,5623.413251903491,0.0,0,47,4.70992e-11,4.5763e-10,10000
GCR_H,min,5,5623.413251903491,0.0,0,48,1.88568e-11,2.56381e-10,10000
GCR_H,min,5,5623.413251903491,0.0,0,49,3.83205e-11,1.33716e-10,10000
GCR_H,min,5,5623.413251903491,0.0,0,50,4.62722e-11,1.37986e-10,10000
GCR_H,min,5,5623.413251903491,0.0,0,51,4.66523e-11,2.50563e-10,10000
GCR_H,min,5,5623.413251903491,0.0,0,52,1.17489e-10,3.88947e-10,10000
GCR_H,min,5,5623.413251903491,0.0,0,53,4.98626e-11,4.56492e-10,10000
GCR_H,min,5,5623.413251903491,0.0,0,54,6.49949e-11,3.74589e-10,10000
GCR_H,min,5,5623.413251903491,0.0,0,55,3.03347e-13,3.06721e-11,10000
GCR_H,min,5,5623.413251903491,0.0,0,56,1.44983e-11,2.57472e-10,10000
GCR_H,min,5,5623.413251903491,0.0,0,57,4.53867e-12,2.84378e-10,10000
GCR_H,min,5,5623.413251903491,0.0,0,58,2.67983e-11,3.02225e-10,10000
GCR_H,min,5,5623.413251903491,0.0,0,59,1.83548e-12,3.10571e-10,10000
GCR_H,min,5,5623.413251903491,0.0,0,60,3.22461e-12,9.28478e-11,10000
GCR_H,min,5,5623.413251903491,0.0,0,61,3.23846e-10,2.23342e-10,10000
GCR_H,min,5,5623.413251903491,0.0,0,62,3.9711e-13,5.2948e-11,10000
GCR_H,min,5,5623.413251903491,0.0,0,63,1.60091e-13,3.20823e-11,10000
GCR_H,min,5,5623.413251903491,0.0,0,64,4.14142e-12,5.52189e-10,10000
GCR_H,min,5,5623.413251903491,0.0,0,65,4.12607e-14,8.26867e-12,10000
GCR_H,min,5,5623.413251903491,0.0,0,66,0.0,0.0,10000
GCR_H,min,5,5623.413251903491,0.0,0,67,3.02242e-13,4.14598e-11,10000
GCR_H,min,5,5623.413251903491,0.0,0,68,0.0,0.0,10000
GCR_H,min,5,5623.413251903491,0.0,0,69,1.00205e-12,1.36705e-10,10000
GCR_H,min,5,5623.413251903491,0.0,0,70,2.45273e-12,1.76202e-10,10000
GCR_H,min,5,5623.413251903491,0.0,0,71,9.3818e-12,1.7348e-10,10000
GCR_H,min,5,5623.413251903491,0.0,0,72,3.77218e-11,2.51496e-10,10000
GCR_H,min,5,5623.413251903491,0.0,0,73,4.44111e-11,1.77637e-10,10000
GCR_H,min,5,5623.413251903491,0.0,0,74,2.48853e-10,3.82851e-10,10000
GCR_H,min,5,5623.413251903491,0.0,0,75,8.96105e-11,2.56015e-10,10000
GCR_H,min,5,5623.413251903491,0.0,0,76,2.06791e-11,2.29794e-10,10000
GCR_H,min,5,5623.413251903491,0.0,0,77,1.35573e-11,2.46406e-10,10000
GCR_H,min,5,5623.413251903491,0.0,0,78,9.94585e-12,1.65764e-10,10000
GCR_H,min,5,5623.413251903491,0.0,0,79,2.17547e-11,2.28996e-10,10000
GCR_H,min,5,5623.413251903491,0.0,0,80,1.13561e-11,1.89268e-10,10000
GCR_H,min,5,5623.413251903491,0.0,0,81,7.14736e-12,1.78639e-10,10000
GCR_H,min,5,5623.413251903491,0.0,0,82,2.31464e-11,2.57211e-10,10000
GCR_H,min,5,5623.413251903491,0.0,0,83,1.77004e-11,5.05725e-10,10000
GCR_H,min,5,5623.413251903491,0.0,0,84,1.12151e-11,2.80309e-10,10000
GCR_H,min,5,5623.413251903491,0.0,0,85,1.29586e-11,1.7285e-10,10000
GCR_H,min,5,5623.413251903491,0.0,0,86,3.17639e-12,1.0595e-10,10000
GCR_H,min,5,5623.413251903491,0.0,0,87,3.33163e-11,1.00965e-10,10000
GCR_H,min,5,5623.413251903491,0.0,0,88,9.74734e-11,1.91121e-10,10000
GCR_H,min,5,5623.413251903491,0.0,0,89,1.90656e-11,1.77984e-10,10000
GCR_H,min,5,5623.413251903491,0.0,0,90,4.9011e-12,1.28133e-10,10000
GCR_H,min,5,5623.413251903491,0.0,0,91,1.56907e-13,2.05644e-11,10000
GCR_H,min,5,5623.413251903491,0.0,0,92,1.38391e-11,1.25901e-10,10000
GCR_H,min,5,5623.413251903491,0.0,0,93,1.61575e-12,4.11655e-11,10000
GCR_H,min,5,5623.413251903491,0.0,0,94,6.30698e-15,8.01395e-13,10000
GCR_H,min,5,5623.413251903491,0.0,0,95,3.80226e-10,2.11235e-10,10000
GCR_H,min,5,5623.413251903491,0.0,0,96,7.90938e-12,1.00106e-10,10000
GCR_H,min,5,5623.413251903491,0.0,0,97,4.72732e-11,9.89517e-11,10000
GCR_H,min,5,5623.413251903491,0.0,0,98,2.33308e-12,3.26122e-11,10000
GCR_H,min,5,5623.413251903491,0.0,0,99,5.82405e-11,1.00401e-10,10000
GCR_H,min,5,5623.413251903491,0.0,0,100,6.98618e-13,3.09123e-10,10000
GCR_H,min,5,5623.413251903491,0.0,0,101,7.08917e-13,1.10768e-10,10000
GCR_H,min,5,5623.413251903491,0.0,0,102,1.44291e-12,2.41289e-10,10000
GCR_H,min,5,5623.413251903491,0.0,0,103,1.73678e-11,1.66359e-10,10000
GCR_H,min,5,5623.413251903491,0.0,0,104,2.01368e-12,2.57175e-10,10000
GCR_H,min,5,5623.413251903491,0.0,0,105,1.93403e-12,1.74237e-10,10000
GCR_H,min,5,5623.413251903491,0.0,0,106,3.23379e-10,2.65541e-10,10000
GCR_H,min,5,5623.413251903491,0.0,0,107,5.03837e-09,3.35738e-10,10000
GCR_H,min,5,5623.413251903491,0.0,0,108,8.09534e-10,2.94319e-10,10000
GCR_H,min,5,5623.413251903491,0.0,0,109,3.43913e-09,3.43057e-10,10000
GCR_H,min,5,5623.413251903491,0.0,0,110,1.27654e-11,3.19056e-10,10000
GCR_H,min,5,5623.413251903491,0.0,0,111,0.0,0.0,10000
GCR_H,min,5,5623.413251903491,0.0,0,112,0.0,0.0,10000
GCR_H,min,5,5623.413251903491,0.0,0,113,3.5254e-11,2.51814e-10,10000
GCR_H,min,5,5623.413251903491,0.0,0,114,0.0,0.0,10000
GCR_H,min,5,5623.413251903491,0.0,0,115,1.52475e-11,8.96385e-10,10000
GCR_H,min,5,5623.413251903491,0.0,0,116,2.57737e-10,2.45813e-10,10000
GCR_H,min,5,5623.413251903491,0.0,0,117,4.22211e-09,3.41318e-10,10000
GCR_H,min,5,5623.413251903491,0.0,0,118,4.67414e-10,2.84407e-10,10000
GCR_H,min,5,5623.413251903491,0.0,0,119,1.9246e-09,3.56641e-10,10000
GCR_H,min,5,5623.413251903491,0.0,0,120,1.10671e-11,2.60465e-10,10000
GCR_H,min,5,5623.413251903491,0.0,0,121,7.05416e-12,1.66019e-10,10000
GCR_H,min,5,5623.413251903491,0.0,0,122,4.73073e-11,1.62378e-10,10000
GCR_H,min,5,5623.413251903491,0.0,0,123,4.70091e-10,3.20836e-10,10000
GCR_H,min,5,5623.413251903491,0.0,0,124,1.70674e-10,2.67082e-10,10000
GCR_H,min,5,5623.413251903491,0.0,0,125,4.02442e-10,3.02036e-10,10000
GCR_H,min,5,5623.413251903491,0.0,0,126,9.47882e-12,2.58843e-10,10000
GCR_H,min,5,5623.413251903491,0.0,0,127,1.63122e-11,1.08755e-10,10000
GCR_H,min,5,5623.413251903491,0.0,0,128,5.9814e-12,1.19532e-10,10000
GCR_H,min,5,5623.413251903491,0.0,0,129,6.65907e-12,3.80954e-10,10000
GCR_H,min,5,5623.413251903491,0.0,0,130,4.57274e-12,2.61001e-10,10000
GCR_H,min,5,5623.413251903491,0.0,0,131,3.93391e-12,1.57419e-10,10000
GCR_H,min,5,5623.413251903491,0.0,0,132,4.53105e-12,2.26666e-10,10000
GCR_H,min,5,5623.413251903491,0.0,0,133,6.94088e-12,1.64165e-10,10000
GCR_H,min,5,5623.413251903491,0.0,0,134,4.26108e-13,1.41564e-10,10000
GCR_H,min,5,5623.413251903491,0.0,0,135,4.0816e-12,4.79624e-10,10000
GCR_H,min,5,5623.413251903491,0.0,0,136,1.44457e-12,1.92866e-10,10000
GCR_H,min,5,5623.413251903491,0.0,0,137,3.01587e-11,6.03053e-10,10000
GCR_H,min,5,5623.413251903491,0.0,0,138,1.05022e-10,5.25111e-10,10000
GCR_H,min,5,5623.413251903491,0.0,0,139,0.0,0.0,10000
GCR_H,min,5,5623.413251903491,0.0,0,140,2.30374e-14,1.15187e-10,10000
GCR_H,min,5,5623.413251903491,0.0,0,141,2.40801e-11,1.5606e-10,10000
GCR_He,min,2,177.82794100389228,0.0,1,0,1.8263e-10,0.0,10000
GCR_He,min,2,177.82794100389228,0.0,1,1,0.0,0.0,10000
GCR_He,min,2,177.82794100389228,0.0,1,2,0.0,0.0,10000
GCR_He,min,2,177.82794100389228,0.0,1,3,0.0,0.0,10000
GCR_He,min,2,177.82794100389228,0.0,1,4,1.67764e-13,5.90511e-12,10000
GCR_He,min,2,177.82794100389228,0.0,1,5,1.91205e-12,6.22211e-11,10000
GCR_He,min,2,177.82794100389228,0.0,1,6,0.0,0.0,10000
GCR_He,min,2,177.82794100389228,0.0,1,7,4.85883e-13,4.85398e-11,10000
GCR_He,min,2,177.82794100389228,0.0,1,8,4.68635e-12,7.06733e-11,10000
GCR_He,min,2,177.82794100389228,0.0,1,9,0.0,0.0,10000
GCR_He,min,2,177.82794100389228,0.0,1,10,6.01277e-12,2.21114e-11,10000
GCR_He,min,2,177.82794100389228,0.0,1,11,0.0,0.0,10000
GCR_He,min,2,177.82794100389228,0.0,1,12,1.02057e-11,1.22901e-10,10000
GCR_He,min,2,177.82794100389228,0.0,1,13,2.368e-11,1.7507e-10,10000
GCR_He,min,2,177.82794100389228,0.0,1,14,7.27724e-12,3.93662e-11,10000
GCR_He,min,2,177.82794100389228,0.0,1,15,0.0,0.0,10000
GCR_He,min,2,177.82794100389228,0.0,1,16,1.33955e-11,1.04628e-10,10000
GCR_He,min,2,177.82794100389228,0.0,1,17,0.0,0.0,10000
GCR_He,min,2,177.82794100389228,0.0,1,18,1.87491e-11,5.04958e-10,10000
GCR_He,min,2,177.82794100389228,0.0,1,19,1.99685e-11,7.37391e-11,10000
GCR_He,min,2,177.82794100389228,0.0,1,20,3.7914e-11,2.08422e-10,10000
GCR_He,min,2,177.82794100389228,0.0,1,21,2.12168e-12,9.35897e-11,10000
GCR_He,min,2,177.82794100389228,0.0,1,22,0.0,0.0,10000
GCR_He,min,2,177.82794100389228,0.0,1,23,0.0,0.0,10000
GCR_He,min,2,177.82794100389228,0.0,1,24,1.90247e-20,3.98173e-19,10000
GCR_He,min,2,177.82794100389228,0.0,1,25,2.62212e-20,4.9418e-19,10000
GCR_He,min,2,177.82794100389228,0.0,1,26,9.96807e-12,1.771e-11,10000
GCR_He,min,2,177.82794100389228,0.0,1,27,8.04901e-12,1.78447e-11,10000
GCR_He,min,2,177.82794100389228,0.0,1,28,1.04656e-11,3.99938e-11,10000
GCR_He,min,2,177.82794100389228,0.0,1,29,2.66652e-14,5.64881e-14,10000
GCR_He,min,2,177.82794100389228,0.0,1,30,0.0,0.0,10000
GCR_He,min,2,177.82794100389228,0.0,1,31,3.65242e-11,1.24194e-10,10000
GCR_He,min,2,177.82794100389228,0.0,1,32,4.01514e-11,9.15507e-11,10000
GCR_He,min,2,177.82794100389228,0.0,1,33,2.99712e-11,3.70518e-10,10000
GCR_He,min,2,177.82794100389228,0.0,1,34,2.65743e-11,5.00127e-11,10000
GCR_He,min,2,177.82794100389228,0.0,1,35,1.21946e-10,1.67192e-10,10000
GCR_He,min,2,177.82794100389228,0.0,1,36,0.0,0.0,10000
GCR_He,min,2,177.82794100389228,0.0,1,37,8.51032e-12,3.65941e-11,10000
GCR_He,min,2,177.82794100389228,0.0,1,38,1.63014e-11,3.21032e-11,10000
GCR_He,min,2,177.82794100389228,0.0,1,39,0.0,0.0,10000
GCR_He,min,2,177.82794100389228,0.0,1,40,0.0,0.0,10000
GCR_He,min,2,177.82794100389228,0.0,1,41,7.36071e-12,1.84655e-11,10000
GCR_He,min,2,177.82794100389228,0.0,1,42,9.89605e-12,1.45278e-11,10000
GCR_He,min,2,177.82794100389228,0.0,1,43,2.91866e-11,7.99283e-11,10000
GCR_He,min,2,177.82794100389228,0.0,1,44,5.74459e-11,1.1046e-10,10000
GCR_He,min,2,177.82794100389228,0.0,1,45,1.28614e-12,5.81622e-12,10000
GCR_He,min,2,177.82794100389228,0.0,1,46,9.03011e-13,4.69804e-12,10000
GCR_He,min,2,177.82794100389228,0.0,1,47,1.27501e-11,1.23884e-10,10000
GCR_He,min,2,177.82794100389228,0.0,1,48,1.51475e-11,2.05948e-10,10000
GCR_He,min,2,177.82794100389228,0.0,1,49,4.43887e-11,1.54891e-10,10000
GCR_He,min,2,177.82794100389228,0.0,1,50,2.31883e-11,6.91486e-11,10000
GCR_He,min,2,177.82794100389228,0.0,1,51,4.61592e-11,2.47914e-10,10000
GCR_He,min,2,177.82794100389228,0.0,1,52,3.38927e-11,1.12201e-10,10000
GCR_He,min,2,177.82794100389228,0.0,1,53,7.60164e-12,6.9593e-11,10000
GCR_He,min,2,177.82794100389228,0.0,1,54,1.00449e-11,5.78922e-11,10000
GCR_He,min,2,177.82794100389228,0.0,1,55,0.0,0.0,10000
GCR_He,min,2,177.82794100389228,0.0,1,56,0.0,0.0,10000
GCR_He,min,2,177.82794100389228,0.0,1,57,0.0,0.0,10000
GCR_He,min,2,177.82794100389228,0.0,1,58,4.42985e-13,4.99589e-12,10000
GCR_He,min,2,177.82794100389228,0.0,1,59,0.0,0.0,10000
GCR_He,min,2,177.82794100389228,0.0,1,60,8.12378e-12,2.33912e-10,10000
GCR_He,min,2,177.82794100389228,0.0,1,61,5.86579e-11,4.04537e-11,10000
GCR_He,min,2,177.82794100389228,0.0,1,62,0.0,0.0,10000
GCR_He,min,2,177.82794100389228,0.0,1,63,0.0,0.0,10000
GCR_He,min,2,177.82794100389228,0.0,1,64,0.0,0.0,10000
GCR_He,min,2,177.82794100389228,0.0,1,65,0.0,0.0,10000
GCR_He,min,2,177.82794100389228,0.0,1,66,0.0,0.0,10000
GCR_He,min,2,177.82794100389228,0.0,1,67,0.0,0.0,10000
GCR_He,min,2,177.82794100389228,0.0,1,68,0.0,0.0,10000
GCR_He,min,2,177.82794100389228,0.0,1,69,0.0,0.0,10000
GCR_He,min,2,177.82794100389228,0.0,1,70,0.0,0.0,10000
GCR_He,min,2,177.82794100389228,0.0,1,71,0.0,0.0,10000
GCR_He,min,2,177.82794100389228,0.0,1,72,2.70018e-11,1.80024e-10,10000
GCR_He,min,2,177.82794100389228,0.0,1,73,6.17896e-11,2.47148e-10,10000
GCR_He,min,2,177.82794100389228,0.0,1,74,5.319e-11,8.18307e-11,10000
GCR_He,min,2,177.82794100389228,0.0,1,75,6.25285e-12,1.78643e-11,10000
GCR_He,min,2,177.82794100389228,0.0,1,76,0.0,0.0,10000
GCR_He,min,2,177.82794100389228,0.0,1,77,0.0,0.0,10000
GCR_He,min,2,177.82794100389228,0.0,1,78,0.0,0.0,10000
GCR_He,min,2,177.82794100389228,0.0,1,79,0.0,0.0,10000
GCR_He,min,2,177.82794100389228,0.0,1,80,0.0,0.0,10000
GCR_He,min,2,177.82794100389228,0.0,1,81,0.0,0.0,10000
GCR_He,min,2,177.82794100389228,0.0,1,82,3.19716e-11,3.5528e-10,10000
GCR_He,min,2,177.82794100389228,0.0,1,83,1.14193e-11,3.26265e-10,10000
GCR_He,min,2,177.82794100389228,0.0,1,84,2.52018e-14,6.29887e-13,10000
GCR_He,min,2,177.82794100389228,0.0,1,85,1.75286e-15,2.33808e-14,10000
GCR_He,min,2,177.82794100389228,0.0,1,86,1.78878e-13,5.96656e-12,10000
GCR_He,min,2,177.82794100389228,0.0,1,87,3.03297e-12,9.19139e-12,10000
GCR_He,min,2,177.82794100389228,0.0,1,88,7.9656e-13,1.56185e-12,10000
GCR_He,min,2,177.82794100389228,0.0,1,89,9.91305e-12,9.25416e-11,10000
GCR_He,min,2,177.82794100389228,0.0,1,90,0.0,0.0,10000
GCR_He,min,2,177.82794100389228,0.0,1,91,0.0,0.0,10000
GCR_He,min,2,177.82794100389228,0.0,1,92,0.0,0.0,10000
GCR_He,min,2,177.82794100389228,0.0,1,93,0.0,0.0,10000
GCR_He,min,2,177.82794100389228,0.0,1,94,0.0,0.0,10000
GCR_He,min,2,177.82794100389228,0.0,1,95,1.13805e-10,6.32246e-11,10000
GCR_He,min,2,177.82794100389228,0.0,1,96,3.36568e-13,4.25982e-12,10000
GCR_He,min,2,177.82794100389228,0.0,1,97,3.88258e-11,8.12697e-11,10000
GCR_He,min,2,177.82794100389228,0.0,1,98,1.59786e-12,2.23351e-11,10000
GCR_He,min,2,177.82794100389228,0.0,1,99,3.5595e-11,6.13622e-11,10000
GCR_He,min,2,177.82794100389228,0.0,1,100,0.0,0.0,10000
GCR_He,min,2,177.82794100389228,0.0,1,101,8.323e-13,1.30047e-10,10000
GCR_He,min,2,177.82794100389228,0.0,1,102,0.0,0.0,10000
GCR_He,min,2,177.82794100389228,0.0,1,103,7.54124e-12,7.22341e-11,10000
GCR_He,min,2,177.82794100389228,0.0,1,104,1.59256e-12,2.03392e-10,10000
GCR_He,min,2,177.82794100389228,0.0,1,105,2.25393e-13,2.03057e-11,10000
GCR_He,min,2,177.82794100389228,0.0,1,106,5.78119e-11,4.7472e-11,10000
GCR_He,min,2,177.82794100389228,0.0,1,107,9.74554e-10,6.49407e-11,10000
GCR_He,min,2,177.82794100389228,0.0,1,108,1.63779e-10,5.95446e-11,10000
GCR_He,min,2,177.82794100389228,0.0,1,109,1.05524e-09,1.05261e-10,10000
GCR_He,min,2,177.82794100389228,0.0,1,110,1.24026e-12,3.09989e-11,10000
GCR_He,min,2,177.82794100389228,0.0,1,111,0.0,0.0,10000
GCR_He,min,2,177.82794100389228,0.0,1,112,0.0,0.0,10000
GCR_He,min,2,177.82794100389228,0.0,1,113,0.0,0.0,10000
GCR_He,min,2,177.82794100389228,0.0,1,114,0.0,0.0,10000
GCR_He,min,2,177.82794100389228,0.0,1,115,0.0,0.0,10000
GCR_He,min,2,177.82794100389228,0.0,1,116,1.852e-11,1.76632e-11,10000
GCR_He,min,2,177.82794100389228,0.0,1,117,9.58817e-10,7.75112e-11,10000
GCR_He,min,2,177.82794100389228,0.0,1,118,9.56347e-11,5.81907e-11,10000
GCR_He,min,2,177.82794100389228,0.0,1,119,4.29373e-10,7.95656e-11,10000
GCR_He,min,2,177.82794100389228,0.0,1,120,0.0,0.0,10000
GCR_He,min,2,177.82794100389228,0.0,1,121,0.0,0.0,10000
GCR_He,min,2,177.82794100389228,0.0,1,122,7.66535e-12,2.63107e-11,10000
GCR_He,min,2,177.82794100389228,0.0,1,123,8.55793e-11,5.84076e-11,10000
GCR_He,min,2,177.82794100389228,0.0,1,124,3.71995e-11,5.82125e-11,10000
GCR_He,min,2,177.82794100389228,0.0,1,125,1.08159e-10,8.11743e-11,10000
GCR_He,min,2,177.82794100389228,0.0,1,126,9.29318e-12,2.53773e-10,10000
GCR_He,min,2,177.82794100389228,0.0,1,127,0.0,0.0,10000
GCR_He,min,2,177.82794100389228,0.0,1,128,0.0,0.0,10000
GCR_He,min,2,177.82794100389228,0.0,1,129,0.0,0.0,10000
GCR_He,min,2,177.82794100389228,0.0,1,130,0.0,0.0,10000
GCR_He,min,2,177.82794100389228,0.0,1,131,1.16102e-12,4.64594e-11,10000
GCR_He,min,2,177.82794100389228,0.0,1,132,0.0,0.0,10000
GCR_He,min,2,177.82794100389228,0.0,1,133,4.22718e-12,9.99806e-11,10000
GCR_He,min,2,177.82794100389228,0.0,1,134,0.0,0.0,10000
GCR_He,min,2,177.82794100389228,0.0,1,135,0.0,0.0,10000
GCR_He,min,2,177.82794100389228,0.0,1,136,0.0,0.0,10000
GCR_He,min,2,177.82794100389228,0.0,1,137,4.81601e-13,9.63009e-12,10000
GCR_He,min,2,177.82794100389228,0.0,1,138,0.0,0.0,10000
GCR_He,min,2,177.82794100389228,0.0,1,139,0.0,0.0,10000
GCR_He,min,2,177.82794100389228,0.0,1,140,5.28201e-16,2.64101e-12,10000
GCR_He,min,2,177.82794100389228,0.0,1,141,0.0,0.0,10000
GCR_He,min,2,177.82794100389228,0.0,2,0,4.19343e-09,0.0,10000
GCR_He,min,2,177.82794100389228,0.0,2,1,9.92266e-12,1.41752e-09,10000
GCR_He,min,2,177.82794100389228,0.0,2,2,2.19074e-12,3.12962e-10,10000
GCR_He,min,2,177.82794100389228,0.0,2,3,0.0,0.0,10000
GCR_He,min,2,177.82794100389228,0.0,2,4,2.59128e-12,9.12101e-11,10000
GCR_He,min,2,177.82794100389228,0.0,2,5,0.0,0.0,10000
GCR_He,min,2,177.82794100389228,0.0,2,6,0.0,0.0,10000
GCR_He,min,2,177.82794100389228,0.0,2,7,0.0,0.0,10000
GCR_He,min,2,177.82794100389228,0.0,2,8,4.61234e-12,6.95572e-11,10000
GCR_He,min,2,177.82794100389228,0.0,2,9,0.0,0.0,10000
GCR_He,min,2,177.82794100389228,0.0,2,10,3.06013e-11,1.12534e-10,10000
GCR_He,min,2,177.82794100389228,0.0,2,11,0.0,0.0,10000
GCR_He,min,2,177.82794100389228,0.0,2,12,1.0844e-11,1.30588e-10,10000
GCR_He,min,2,177.82794100389228,0.0,2,13,8.45412e-12,6.25027e-11,10000
GCR_He,min,2,177.82794100389228,0.0,2,14,1.78176e-12,9.63841e-12,10000
GCR_He,min,2,177.82794100389228,0.0,2,15,0.0,0.0,10000
GCR_He,min,2,177.82794100389228,0.0,2,16,2.75677e-12,2.15323e-11,10000
GCR_He,min,2,177.82794100389228,0.0,2,17,4.78647e-12,8.01351e-11,10000
GCR_He,min,2,177.82794100389228,0.0,2,18,0.0,0.0,10000
GCR_He,min,2,177.82794100389228,0.0,2,19,4.26168e-11,1.57374e-10,10000
GCR_He,min,2,177.82794100389228,0.0,2,20,8.78478e-12,4.82919e-11,10000
GCR_He,min,2,177.82794100389228,0.0,2,21,5.12904e-13,2.26248e-11,10000
GCR_He,min,2,177.82794100389228,0.0,2,22,0.0,0.0,10000
GCR_He,min,2,177.82794100389228,0.0,2,23,0.0,0.0,10000
GCR_He,min,2,177.82794100389228,0.0,2,24,6.80773e-13,1.42481e-11,10000
GCR_He,min,2,177.82794100389228,0.0,2,25,1.3942e-13,2.62759e-12,10000
GCR_He,min,2,177.82794100389228,0.0,2,26,6.44546e-11,1.14515e-10,10000
GCR_He,min,2,177.82794100389228,0.0,2,27,1.0048e-10,2.22763e-10,10000
GCR_He,min,2,177.82794100389228,0.0,2,28,2.17076e-11,8.29546e-11,10000
GCR_He,min,2,177.82794100389228,0.0,2,29,2.16185e-13,4.57971e-13,10000
GCR_He,min,2,177.82794100389228,0.0,2,30,5.17598e-12,2.00775e-10,10000
GCR_He,min,2,177.82794100389228,0.0,2,31,5.77514e-12,1.96373e-11,10000
GCR_He,min,2,177.82794100389228,0.0,2,32,1.06307e-11,2.42395e-11,10000
GCR_He,min,2,177.82794100389228,0.0,2,33,0.0,0.0,10000
GCR_He,min,2,177.82794100389228,0.0,2,34,2.9124e-11,5.48113e-11,10000
GCR_He,min,2,177.82794100389228,0.0,2,35,4.46543e-11,6.12223e-11,10000
GCR_He,min,2,177.82794100389228,0.0,2,36,5.19231e-14,6.60011e-13,10000
GCR_He,min,2,177.82794100389228,0.0,2,37,1.8408e-11,7.91539e-11,10000
GCR_He,min,2,177.82794100389228,0.0,2,38,2.84568e-11,5.60416e-11,10000
GCR_He,min,2,177.82794100389228,0.0,2,39,4.33149e-12,5.69034e-11,10000
GCR_He,min,2,177.82794100389228,0.0,2,40,8.06644e-12,1.09153e-10,10000
GCR_He,min,2,177.82794100389228,0.0,2,41,3.35181e-11,8.40854e-11,10000
GCR_He,min,2,177.82794100389228,0.0,2,42,6.39133e-11,9.38273e-11,10000
GCR_He,min,2,177.82794100389228,0.0,2,43,2.78923e-11,7.63838e-11,10000
GCR_He,min,2,177.82794100389228,0.0,2,44,3.57457e-11,6.87338e-11,10000
GCR_He,min,2,177.82794100389228,0.0,2,45,2.05616e-11,9.29843e-11,10000
GCR_He,min,2,177.82794100389228,0.0,2,46,8.87318e-12,4.6164e-11,10000
GCR_He,min,2,177.82794100389228,0.0,2,47,0.0,0.0,10000
GCR_He,min,2,177.82794100389228,0.0,2,48,0.0,0.0,10000
GCR_He,min,2,177.82794100389228,0.0,2,49,2.05176e-11,7.15948e-11,10000
GCR_He,min,2,177.82794100389228,0.0,2,50,5.02884e-11,1.49962e-10,10000
GCR_He,min,2,177.82794100389228,0.0,2,51,1.33298e-12,7.15927e-12,10000
GCR_He,min,2,177.82794100389228,0.0,2,52,4.92084e-13,1.62904e-12,10000
GCR_He,min,2,177.82794100389228,0.0,2,53,0.0,0.0,10000
GCR_He,min,2,177.82794100389228,0.0,2,54,0.0,0.0,10000
GCR_He,min,2,177.82794100389228,0.0,2,55,0.0,0.0,10000
GCR_He,min,2,177.82794100389228,0.0,2,56,5.613e-12,9.96804e-11,10000
GCR_He,min,2,177.82794100389228,0.0,2,57,2.13599e-14,1.33834e-12,10000
GCR_He,min,2,177.82794100389228,0.0,2,58,3.20154e-13,3.61063e-12,10000
GCR_He,min,2,177.82794100389228,0.0,2,59,1.27874e-12,2.1637e-10,10000
GCR_He,min,2,177.82794100389228,0.0,2,60,6.80345e-21,1.95895e-19,10000
GCR_He,min,2,177.82794100389228,0.0,2,61,1.36423e-10,9.40847e-11,10000
GCR_He,min,2,177.82794100389228,0.0,2,62,4.97065e-15,6.62753e-13,10000
GCR_He,min,2,177.82794100389228,0.0,2,63,4.17958e-15,8.37591e-13,10000
GCR_He,min,2,177.82794100389228,0.0,2,64,0.0,0.0,10000
GCR_He,min,2,177.82794100389228,0.0,2,65,0.0,0.0,10000
GCR_He,min,2,177.82794100389228,0.0,2,66,0.0,0.0,10000
GCR_He,min,2,177.82794100389228,0.0,2,67,0.0,0.0,10000
GCR_He,min,2,177.82794100389228,0.0,2,68,0.0,0.0,10000
GCR_He,min,2,177.82794100389228,0.0,2,69,0.0,0.0,10000
GCR_He,min,2,177.82794100389228,0.0,2,70,2.29421e-20,1.64814e-18,10000
GCR_He,min,2,177.82794100389228,0.0,2,71,6.31569e-20,1.16784e-18,10000
GCR_He,min,2,177.82794100389228,0.0,2,72,9.90396e-12,6.60308e-11,10000
GCR_He,min,2,177.82794100389228,0.0,2,73,3.20772e-11,1.28304e-10,10000
GCR_He,min,2,177.82794100389228,0.0,2,74,1.95397e-11,3.0061e-11,10000
GCR_He,min,2,177.82794100389228,0.0,2,75,1.48386e-12,4.23936e-12,10000
GCR_He,min,2,177.82794100389228,0.0,2,76,2.78799e-11,3.09811e-10,10000
GCR_He,min,2,177.82794100389228,0.0,2,77,4.2118e-20,7.65504e-19,10000
GCR_He,min,2,177.82794100389228,0.0,2,78,1.96369e-12,3.27281e-11,10000
GCR_He,min,2,177.82794100389228,0.0,2,79,1.58748e-11,1.67103e-10,10000
GCR_He,min,2,177.82794100389228,0.0,2,80,0.0,0.0,10000
GCR_He,min,2,177.82794100389228,0.0,2,81,0.0,0.0,10000
GCR_He,min,2,177.82794100389228,0.0,2,82,0.0,0.0,10000
GCR_He,min,2,177.82794100389228,0.0,2,83,0.0,0.0,10000
GCR_He,min,2,177.82794100389228,0.0,2,84,6.45169e-13,1.61252e-11,10000
GCR_He,min,2,177.82794100389228,0.0,2,85,3.07024e-12,4.09529e-11,10000
GCR_He,min,2,177.82794100389228,0.0,2,86,0.0,0.0,10000
GCR_He,min,2,177.82794100389228,0.0,2,87,3.80832e-11,1.15411e-10,10000
GCR_He,min,2,177.82794100389228,0.0,2,88,8.67505e-11,1.70096e-10,10000
GCR_He,min,2,177.82794100389228,0.0,2,89,4.48227e-14,4.18434e-13,10000
GCR_He,min,2,177.82794100389228,0.0,2,90,0.0,0.0,10000
GCR_He,min,2,177.82794100389228,0.0,2,91,0.0,0.0,10000
GCR_He,min,2,177.82794100389228,0.0,2,92,2.58788e-11,2.35433e-10,10000
GCR_He,min,2,177.82794100389228,0.0,2,93,8.35931e-12,2.12976e-10,10000
GCR_He,min,2,177.82794100389228,0.0,2,94,3.79548e-12,4.82272e-10,10000
GCR_He,min,2,177.82794100389228,0.0,2,95,9.92361e-11,5.51309e-11,10000
GCR_He,min,2,177.82794100389228,0.0,2,96,1.02329e-12,1.29514e-11,10000
GCR_He,min,2,177.82794100389228,0.0,2,97,2.60792e-11,5.45887e-11,10000
GCR_He,min,2,177.82794100389228,0.0,2,98,2.01431e-19,2.81565e-18,10000
GCR_He,min,2,177.82794100389228,0.0,2,99,1.80831e-11,3.11735e-11,10000
GCR_He,min,2,177.82794100389228,0.0,2,100,0.0,0.0,10000
GCR_He,min,2,177.82794100389228,0.0,2,101,0.0,0.0,10000
GCR_He,min,2,177.82794100389228,0.0,2,102,0.0,0.0,10000
GCR_He,min,2,177.82794100389228,0.0,2,103,1.97085e-12,1.88779e-11,10000
GCR_He,min,2,177.82794100389228,0.0,2,104,0.0,0.0,10000
GCR_He,min,2,177.82794100389228,0.0,2,105,8.48013e-13,7.63976e-11,10000
GCR_He,min,2,177.82794100389228,0.0,2,106,4.7034e-11,3.86218e-11,10000
GCR_He,min,2,177.82794100389228,0.0,2,107,9.21067e-10,6.13765e-11,10000
GCR_He,min,2,177.82794100389228,0.0,2,108,1.48058e-10,5.38288e-11,10000
GCR_He,min,2,177.82794100389228,0.0,2,109,6.87499e-10,6.85787e-11,10000
GCR_He,min,2,177.82794100389228,0.0,2,110,3.84454e-12,9.60895e-11,10000
GCR_He,min,2,177.82794100389228,0.0,2,111,0.0,0.0,10000
GCR_He,min,2,177.82794100389228,0.0,2,112,0.0,0.0,10000
GCR_He,min,2,177.82794100389228,0.0,2,113,6.08593e-14,4.34709e-13,10000
GCR_He,min,2,177.82794100389228,0.0,2,114,0.0,0.0,10000
GCR_He,min,2,177.82794100389228,0.0,2,115,5.33208e-15,3.13468e-13,10000
GCR_He,min,2,177.82794100389228,0.0,2,116,7.41392e-11,7.07091e-11,10000
GCR_He,min,2,177.82794100389228,0.0,2,117,8.02383e-10,6.4865e-11,10000
GCR_He,min,2,177.82794100389228,0.0,2,118,8.35761e-11,5.08535e-11,10000
GCR_He,min,2,177.82794100389228,0.0,2,119,3.50113e-10,6.48782e-11,10000
GCR_He,min,2,177.82794100389228,0.0,2,120,6.10293e-12,1.43632e-10,10000
GCR_He,min,2,177.82794100389228,0.0,2,121,4.58976e-12,1.0802e-10,10000
GCR_He,min,2,177.82794100389228,0.0,2,122,2.10063e-11,7.21023e-11,10000
GCR_He,min,2,177.82794100389228,0.0,2,123,6.15145e-11,4.19834e-11,10000
GCR_He,min,2,177.82794100389228,0.0,2,124,3.99898e-11,6.25789e-11,10000
GCR_He,min,2,177.82794100389228,0.0,2,125,9.37307e-11,7.03457e-11,10000
GCR_He,min,2,177.82794100389228,0.0,2,126,2.94717e-13,8.04799e-12,10000
GCR_He,min,2,177.82794100389228,0.0,2,127,3.25453e-11,2.16983e-10,10000
GCR_He,min,2,177.82794100389228,0.0,2,128,1.19041e-11,2.37892e-10,10000
GCR_He,min,2,177.82794100389228,0.0,2,129,0.0,0.0,10000
GCR_He,min,2,177.82794100389228,0.0,2,130,0.0,0.0,10000
GCR_He,min,2,177.82794100389228,0.0,2,131,0.0,0.0,10000
GCR_He,min,2,177.82794100389228,0.0,2,132,0.0,0.0,10000
GCR_He,min,2,177.82794100389228,0.0,2,133,0.0,0.0,10000
GCR_He,min,2,177.82794100389228,0.0,2,134,0.0,0.0,10000
GCR_He,min,2,177.82794100389228,0.0,2,135,0.0,0.0,10000
GCR_He,min,2,177.82794100389228,0.0,2,136,1.64921e-20,2.20188e-18,10000
GCR_He,min,2,177.82794100389228,0.0,2,137,4.08964e-20,8.17764e-19,10000
GCR_He,min,2,177.82794100389228,0.0,2,138,1.78447e-19,8.92236e-19,10000
GCR_He,min,2,177.82794100389228,0.0,2,139,0.0,0.0,10000
GCR_He,min,2,177.82794100389228,0.0,2,140,3.89102e-15,1.94551e-11,10000
GCR_He,min,2,177.82794100389228,0.0,2,141,8.06668e-12,5.22792e-11,10000
GCR_He,min,3,562.341325190349,0.0,1,0,2.04376e-09,0.0,10000
GCR_He,min,3,562.341325190349,0.0,1,1,0.0,0.0,10000
GCR_He,min,3,562.341325190349,0.0,1,2,9.52791e-13,1.36113e-10,10000
GCR_He,min,3,562.341325190349,0.0,1,3,0.0,0.0,10000
GCR_He,min,3,562.341325190349,0.0,1,4,1.59605e-12,5.6179e-11,10000
GCR_He,min,3,562.341325190349,0.0,1,5,1.18173e-12,3.84554e-11,10000
GCR_He,min,3,562.341325190349,0.0,1,6,0.0,0.0,10000
GCR_He,min,3,562.341325190349,0.0,1,7,6.15517e-13,6.14902e-11,10000
GCR_He,min,3,562.341325190349,0.0,1,8,4.43139e-12,6.68284e-11,10000
GCR_He,min,3,562.341325190349,0.0,1,9,0.0,0.0,10000
GCR_He,min,3,562.341325190349,0.0,1,10,2.17169e-11,7.98621e-11,10000
GCR_He,min,3,562.341325190349,0.0,1,11,9.55337e-13,6.07721e-11,10000
GCR_He,min,3,562.341325190349,0.0,1,12,3.72619e-12,4.48722e-11,10000
GCR_He,min,3,562.341325190349,0.0,1,13,5.3263e-12,3.93782e-11,10000
GCR_He,min,3,562.341325190349,0.0,1,14,3.14845e-11,1.70315e-10,10000
GCR_He,min,3,562.341325190349,0.0,1,15,0.0,0.0,10000
GCR_He,min,3,562.341325190349,0.0,1,16,1.49172e-11,1.16513e-10,10000
GCR_He,min,3,562.341325190349,0.0,1,17,9.81519e-14,1.64326e-12,10000
GCR_He,min,3,562.341325190349,0.0,1,18,7.31233e-12,1.96939e-10,10000
GCR_He,min,3,562.341325190349,0.0,1,19,4.10144e-11,1.51456e-10,10000
GCR_He,min,3,562.341325190349,0.0,1,20,2.40376e-11,1.3214e-10,10000
GCR_He,min,3,562.341325190349,0.0,1,21,5.41652e-12,2.38929e-10,10000
GCR_He,min,3,562.341325190349,0.0,1,22,1.46819e-11,8.16842e-11,10000
GCR_He,min,3,562.341325190349,0.0,1,23,1.56818e-11,1.12342e-10,10000
GCR_He,min,3,562.341325190349,0.0,1,24,2.37433e-12,4.9693e-11,10000
GCR_He,min,3,562.341325190349,0.0,1,25,2.19421e-12,4.13534e-11,10000
GCR_He,min,3,562.341325190349,0.0,1,26,3.62685e-11,6.44372e-11,10000
GCR_He,min,3,562.341325190349,0.0,1,27,2.73933e-11,6.07311e-11,10000
GCR_He,min,3,562.341325190349,0.0,1,28,2.82145e-11,1.07821e-10,10000
GCR_He,min,3,562.341325190349,0.0,1,29,6.42487e-11,1.36106e-10,10000
GCR_He,min,3,562.341325190349,0.0,1,30,1.76824e-13,6.85896e-12,10000
GCR_He,min,3,562.341325190349,0.0,1,31,1.76573e-11,6.00403e-11,10000
GCR_He,min,3,562.341325190349,0.0,1,32,1.07025e-11,2.44033e-11,10000
GCR_He,min,3,562.341325190349,0.0,1,33,5.81773e-12,7.19214e-11,10000
GCR_He,min,3,562.341325190349,0.0,1,34,2.92457e-11,5.50404e-11,10000
GCR_He,min,3,562.341325190349,0.0,1,35,3.79923e-11,5.20885e-11,10000
GCR_He,min,3,562.341325190349,0.0,1,36,3.13063e-12,3.97945e-11,10000
GCR_He,min,3,562.341325190349,0.0,1,37,1.4025e-11,6.03071e-11,10000
GCR_He,min,3,562.341325190349,0.0,1,38,3.4122e-11,6.71985e-11,10000
GCR_He,min,3,562.341325190349,0.0,1,39,9.80535e-12,1.28814e-10,10000
GCR_He,min,3,562.341325190349,0.0,1,40,1.0506e-11,1.42165e-10,10000
GCR_He,min,3,562.341325190349,0.0,1,41,6.18468e-11,1.55152e-10,10000
GCR_He,min,3,562.341325190349,0.0,1,42,9.6287e-11,1.41353e-10,10000
GCR_He,min,3,562.341325190349,0.0,1,43,2.3232e-11,6.36214e-11,10000
GCR_He,min,3,562.341325190349,0.0,1,44,4.82741e-11,9.28241e-11,10000
GCR_He,min,3,562.341325190349,0.0,1,45,7.08694e-12,3.20487e-11,10000
GCR_He,min,3,562.341325190349,0.0,1,46,2.41392e-12,1.25588e-11,10000
GCR_He,min,3,562.341325190349,0.0,1,47,4.19189e-12,4.07296e-11,10000
GCR_He,min,3,562.341325190349,0.0,1,48,4.34428e-12,5.90657e-11,10000
GCR_He,min,3,562.341325190349,0.0,1,49,2.37528e-11,8.28837e-11,10000
GCR_He,min,3,562.341325190349,0.0,1,50,3.02012e-11,9.00613e-11,10000
GCR_He,min,3,562.341325190349,0.0,1,51,1.50631e-11,8.09017e-11,10000
GCR_He,min,3,562.341325190349,0.0,1,52,3.96523e-11,1.31268e-10,10000
GCR_He,min,3,562.341325190349,0.0,1,53,2.39045e-11,2.18845e-10,10000
GCR_He,min,3,562.341325190349,0.0,1,54,4.16454e-11,2.40018e-10,10000
GCR_He,min,3,562.341325190349,0.0,1,55,5.35104e-15,5.41055e-13,10000
GCR_He,min,3,562.341325190349,0.0,1,56,6.31773e-13,1.12196e-11,10000
GCR_He,min,3,562.341325190349,0.0,1,57,0.0,0.0,10000
GCR_He,min,3,562.341325190349,0.0,1,58,1.34536e-11,1.51726e-10,10000
GCR_He,min,3,562.341325190349,0.0,1,59,0.0,0.0,10000
GCR_He,min,3,562.341325190349,0.0,1,60,2.05494e-12,5.91689e-11,10000
GCR_He,min,3,562.341325190349,0.0,1,61,1.50962e-10,1.04112e-10,10000
GCR_He,min,3,562.341325190349,0.0,1,62,0.0,0.0,10000
GCR_He,min,3,562.341325190349,0.0,1,63,0.0,0.0,10000
GCR_He,min,3,562.341325190349,0.0,1,64,0.0,0.0,10000
GCR_He,min,3,562.341325190349,0.0,1,65,0.0,0.0,10000
GCR_He,min,3,562.341325190349,0.0,1,66,0.0,0.0,10000
GCR_He,min,3,562.341325190349,0.0,1,67,0.0,0.0,10000
GCR_He,min,3,562.341325190349,0.0,1,68,0.0,0.0,10000
GCR_He,min,3,562.341325190349,0.0,1,69,0.0,0.0,10000
GCR_He,min,3,562.341325190349,0.0,1,70,2.59402e-15,1.86352e-13,10000
GCR_He,min,3,562.341325190349,0.0,1,71,4.24875e-15,7.85641e-14,10000
GCR_He,min,3,562.341325190349,0.0,1,72,6.72159e-12,4.48136e-11,10000
GCR_He,min,3,562.341325190349,0.0,1,73,5.29378e-12,2.11743e-11,10000
GCR_He,min,3,562.341325190349,0.0,1,74,1.05493e-10,1.62296e-10,10000
GCR_He,min,3,562.341325190349,0.0,1,75,3.45715e-11,9.877e-11,10000
GCR_He,min,3,562.341325190349,0.0,1,76,1.48351e-11,1.64853e-10,10000
GCR_He,min,3,562.341325190349,0.0,1,77,1.07415e-11,1.95228e-10,10000
GCR_He,min,3,562.341325190349,0.0,1,78,6.32381e-12,1.05397e-10,10000
GCR_He,min,3,562.341325190349,0.0,1,79,1.35097e-11,1.42207e-10,10000
GCR_He,min,3,562.341325190349,0.0,1,80,1.06152e-11,1.76921e-10,10000
GCR_He,min,3,562.341325190349,0.0,1,81,9.5601e-12,2.38943e-10,10000
GCR_He,min,3,562.341325190349,0.0,1,82,2.98285e-12,3.31465e-11,10000
GCR_He,min,3,562.341325190349,0.0,1,83,5.21575e-13,1.49021e-11,10000
GCR_He,min,3,562.341325190349,0.0,1,84,6.60681e-12,1.65129e-10,10000
GCR_He,min,3,562.341325190349,0.0,1,85,1.48301e-11,1.97813e-10,10000
GCR_He,min,3,562.341325190349,0.0,1,86,9.25018e-13,3.08545e-11,10000
GCR_He,min,3,562.341325190349,0.0,1,87,4.06056e-11,1.23055e-10,10000
GCR_He,min,3,562.341325190349,0.0,1,88,6.22943e-11,1.22143e-10,10000
GCR_He,min,3,562.341325190349,0.0,1,89,9.19503e-12,8.58386e-11,10000
GCR_He,min,3,562.341325190349,0.0,1,90,4.74783e-12,1.24126e-10,10000
GCR_He,min,3,562.341325190349,0.0,1,91,4.04309e-13,5.29894e-11,10000
GCR_He,min,3,562.341325190349,0.0,1,92,1.04581e-11,9.51425e-11,10000
GCR_He,min,3,562.341325190349,0.0,1,93,2.05543e-12,5.23677e-11,10000
GCR_He,min,3,562.341325190349,0.0,1,94,0.0,0.0,10000
GCR_He,min,3,562.341325190349,0.0,1,95,1.43884e-10,7.9935e-11,10000
GCR_He,min,3,562.341325190349,0.0,1,96,2.10035e-11,2.65834e-10,10000
GCR_He,min,3,562.341325190349,0.0,1,97,6.54057e-11,1.36906e-10,10000
GCR_He,min,3,562.341325190349,0.0,1,98,1.00257e-11,1.40141e-10,10000
GCR_He,min,3,562.341325190349,0.0,1,99,4.49459e-11,7.74822e-11,10000
GCR_He,min,3,562.341325190349,0.0,1,100,0.0,0.0,10000
GCR_He,min,3,562.341325190349,0.0,1,101,4.53634e-13,7.08804e-11,10000
GCR_He,min,3,562.341325190349,0.0,1,102,0.0,0.0,10000
GCR_He,min,3,562.341325190349,0.0,1,103,1.47381e-11,1.41169e-10,10000
GCR_He,min,3,562.341325190349,0.0,1,104,1.69304e-13,2.16225e-11,10000
GCR_He,min,3,562.341325190349,0.0,1,105,2.12773e-13,1.91687e-11,10000
GCR_He,min,3,562.341325190349,0.0,1,106,8.53997e-11,7.01257e-11,10000
GCR_He,min,3,562.341325190349,0.0,1,107,1.83681e-09,1.22399e-10,10000
GCR_He,min,3,562.341325190349,0.0,1,108,3.48573e-10,1.26729e-10,10000
GCR_He,min,3,562.341325190349,0.0,1,109,9.6345e-10,9.6105e-11,10000
GCR_He,min,3,562.341325190349,0.0,1,110,6.21344e-12,1.55297e-10,10000
GCR_He,min,3,562.341325190349,0.0,1,111,0.0,0.0,10000
GCR_He,min,3,562.341325190349,0.0,1,112,0.0,0.0,10000
GCR_He,min,3,562.341325190349,0.0,1,113,7.75533e-12,5.53952e-11,10000
GCR_He,min,3,562.341325190349,0.0,1,114,0.0,0.0,10000
GCR_He,min,3,562.341325190349,0.0,1,115,3.61871e-12,2.1274e-10,10000
GCR_He,min,3,562.341325190349,0.0,1,116,7.50101e-11,7.15397e-11,10000
GCR_He,min,3,562.341325190349,0.0,1,117,1.678e-09,1.3565e-10,10000
GCR_He,min,3,562.341325190349,0.0,1,118,1.94216e-10,1.18174e-10,10000
GCR_He,min,3,562.341325190349,0.0,1,119,6.3681e-10,1.18005e-10,10000
GCR_He,min,3,562.341325190349,0.0,1,120,4.96127e-12,1.16763e-10,10000
GCR_He,min,3,562.341325190349,0.0,1,121,5.64974e-13,1.32966e-11,10000
GCR_He,min,3,562.341325190349,0.0,1,122,1.69808e-11,5.82851e-11,10000
GCR_He,min,3,562.341325190349,0.0,1,123,1.82931e-10,1.2485e-10,10000
GCR_He,min,3,562.341325190349,0.0,1,124,6.69387e-11,1.04751e-10,10000
GCR_He,min,3,562.341325190349,0.0,1,125,1.62517e-10,1.21971e-10,10000
GCR_He,min,3,562.341325190349,0.0,1,126,3.46424e-12,9.45997e-11,10000
GCR_He,min,3,562.341325190349,0.0,1,127,2.33442e-11,1.55638e-10,10000
GCR_He,min,3,562.341325190349,0.0,1,128,2.62133e-12,5.23848e-11,10000
GCR_He,min,3,562.341325190349,0.0,1,129,5.46643e-13,3.12725e-11,10000
GCR_He,min,3,562.341325190349,0.0,1,130,9.98073e-13,5.69676e-11,10000
GCR_He,min,3,562.341325190349,0.0,1,131,0.0,0.0,10000
GCR_He,min,3,562.341325190349,0.0,1,132,0.0,0.0,10000
GCR_He,min,3,562.341325190349,0.0,1,133,8.10688e-12,1.91743e-10,10000
GCR_He,min,3,562.341325190349,0.0,1,134,0.0,0.0,10000
GCR_He,min,3,562.341325190349,0.0,1,135,3.08479e-12,3.6249e-10,10000
GCR_He,min,3,562.341325190349,0.0,1,136,1.31504e-12,1.75573e-10,10000
GCR_He,min,3,562.341325190349,0.0,1,137,1.12304e-11,2.24564e-10,10000
GCR_He,min,3,562.341325190349,0.0,1,138,3.4433e-11,1.72165e-10,10000
GCR_He,min,3,562.341325190349,0.0,1,139,0.0,0.0,10000
GCR_He,min,3,562.341325190349,0.0,1,140,3.15289e-15,1.57645e-11,10000
GCR_He,min,3,562.341325190349,0.0,1,141,9.08173e-12,5.88576e-11,10000
GCR_He,min,3,562.341325190349,0.0,2,0,2.38962e-09,0.0,10000
GCR_He,min,3,562.341325190349,0.0,2,1,8.63309e-21,1.2333e-18,10000
GCR_He,min,3,562.341325190349,0.0,2,2,8.1638e-13,1.16626e-10,10000
GCR_He,min,3,562.341325190349,0.0,2,3,1.0244e-12,9.28738e-11,10000
GCR_He,min,3,562.341325190349,0.0,2,4,3.96093e-13,1.3942e-11,10000
GCR_He,min,3,562.341325190349,0.0,2,5,1.55359e-12,5.05561e-11,10000
GCR_He,min,3,562.341325190349,0.0,2,6,0.0,0.0,10000
GCR_He,min,3,562.341325190349,0.0,2,7,1.95433e-12,1.95238e-10,10000
GCR_He,min,3,562.341325190349,0.0,2,8,3.50819e-12,5.29058e-11,10000
GCR_He,min,3,562.341325190349,0.0,2,9,0.0,0.0,10000
GCR_He,min,3,562.341325190349,0.0,2,10,6.88444e-11,2.5317e-10,10000
GCR_He,min,3,562.341325190349,0.0,2,11,4.9062e-13,3.12099e-11,10000
GCR_He,min,3,562.341325190349,0.0,2,12,9.02054e-12,1.08629e-10,10000
GCR_He,min,3,562.341325190349,0.0,2,13,3.16305e-12,2.33849e-11,10000
GCR_He,min,3,562.341325190349,0.0,2,14,1.73694e-11,9.39596e-11,10000
GCR_He,min,3,562.341325190349,0.0,2,15,0.0,0.0,10000
GCR_He,min,3,562.341325190349,0.0,2,16,1.22063e-13,9.53393e-13,10000
GCR_He,min,3,562.341325190349,0.0,2,17,5.15465e-13,8.62991e-12,10000
GCR_He,min,3,562.341325190349,0.0,2,18,0.0,0.0,10000
GCR_He,min,3,562.341325190349,0.0,2,19,2.69052e-11,9.93544e-11,10000
GCR_He,min,3,562.341325190349,0.0,2,20,2.43358e-11,1.33779e-10,10000
GCR_He,min,3,562.341325190349,0.0,2,21,3.10396e-12,1.36919e-10,10000
GCR_He,min,3,562.341325190349,0.0,2,22,2.34749e-11,1.30605e-10,10000
GCR_He,min,3,562.341325190349,0.0,2,23,2.46206e-11,1.76378e-10,10000
GCR_He,min,3,562.341325190349,0.0,2,24,5.1997e-12,1.08826e-10,10000
GCR_He,min,3,562.341325190349,0.0,2,25,9.02301e-12,1.70053e-10,10000
GCR_He,min,3,562.341325190349,0.0,2,26,3.9211e-11,6.96651e-11,10000
GCR_He,min,3,562.341325190349,0.0,2,27,3.65983e-11,8.11385e-11,10000
GCR_He,min,3,562.341325190349,0.0,2,28,5.31143e-11,2.02974e-10,10000
GCR_He,min,3,562.341325190349,0.0,2,29,1.41485e-10,2.99725e-10,10000
GCR_He,min,3,562.341325190349,0.0,2,30,4.27722e-12,1.65912e-10,10000
GCR_He,min,3,562.341325190349,0.0,2,31,3.45619e-11,1.17521e-10,10000
GCR_He,min,3,562.341325190349,0.0,2,32,4.21538e-11,9.61166e-11,10000
GCR_He,min,3,562.341325190349,0.0,2,33,2.14324e-11,2.64958e-10,10000
GCR_He,min,3,562.341325190349,0.0,2,34,6.00977e-11,1.13104e-10,10000
GCR_He,min,3,562.341325190349,0.0,2,35,6.03324e-11,8.27174e-11,10000
GCR_He,min,3,562.341325190349,0.0,2,36,7.79459e-12,9.90795e-11,10000
GCR_He,min,3,562.341325190349,0.0,2,37,1.38413e-11,5.95172e-11,10000
GCR_He,min,3,562.341325190349,0.0,2,38,4.14343e-11,8.15988e-11,10000
GCR_He,min,3,562.341325190349,0.0,2,39,7.83475e-12,1.02926e-10,10000
GCR_He,min,3,562.341325190349,0.0,2,40,1.20565e-12,1.63146e-11,10000
GCR_He,min,3,562.341325190349,0.0,2,41,1.00585e-10,2.52333e-10,10000
GCR_He,min,3,562.341325190349,0.0,2,42,1.61295e-10,2.36787e-10,10000
GCR_He,min,3,562.341325190349,0.0,2,43,3.00533e-11,8.23019e-11,10000
GCR_He,min,3,562.341325190349,0.0,2,44,4.46059e-11,8.57706e-11,10000
GCR_He,min,3,562.341325190349,0.0,2,45,4.95168e-12,2.23926e-11,10000
GCR_He,min,3,562.341325190349,0.0,2,46,6.87164e-12,3.57507e-11,10000
GCR_He,min,3,562.341325190349,0.0,2,47,5.96758e-12,5.79827e-11,10000
GCR_He,min,3,562.341325190349,0.0,2,48,8.99085e-12,1.22241e-10,10000
GCR_He,min,3,562.341325190349,0.0,2,49,2.28753e-11,7.98216e-11,10000
GCR_He,min,3,562.341325190349,0.0,2,50,3.02595e-11,9.02354e-11,10000
GCR_He,min,3,562.341325190349,0.0,2,51,1.37921e-11,7.40755e-11,10000
GCR_He,min,3,562.341325190349,0.0,2,52,1.42927e-11,4.73158e-11,10000
GCR_He,min,3,562.341325190349,0.0,2,53,1.78304e-11,1.63237e-10,10000
GCR_He,min,3,562.341325190349,0.0,2,54,3.03808e-11,1.75095e-10,10000
GCR_He,min,3,562.341325190349,0.0,2,55,1.56619e-15,1.58361e-13,10000
GCR_He,min,3,562.341325190349,0.0,2,56,1.72355e-13,3.06082e-12,10000
GCR_He,min,3,562.341325190349,0.0,2,57,0.0,0.0,10000
GCR_He,min,3,562.341325190349,0.0,2,58,9.81934e-12,1.1074e-10,10000
GCR_He,min,3,562.341325190349,0.0,2,59,1.45973e-12,2.46993e-10,10000
GCR_He,min,3,562.341325190349,0.0,2,60,5.22877e-13,1.50555e-11,10000
GCR_He,min,3,562.341325190349,0.0,2,61,1.20243e-10,8.29261e-11,10000
GCR_He,min,3,562.341325190349,0.0,2,62,0.0,0.0,10000
GCR_He,min,3,562.341325190349,0.0,2,63,0.0,0.0,10000
GCR_He,min,3,562.341325190349,0.0,2,64,4.23438e-12,5.64584e-10,10000
GCR_He,min,3,562.341325190349,0.0,2,65,0.0,0.0,10000
GCR_He,min,3,562.341325190349,0.0,2,66,0.0,0.0,10000
GCR_He,min,3,562.341325190349,0.0,2,67,4.40977e-13,6.04907e-11,10000
GCR_He,min,3,562.341325190349,0.0,2,68,0.0,0.0,10000
GCR_He,min,3,562.341325190349,0.0,2,69,0.0,0.0,10000
GCR_He,min,3,562.341325190349,0.0,2,70,9.13709e-13,6.564e-11,10000
GCR_He,min,3,562.341325190349,0.0,2,71,3.82311e-12,7.06936e-11,10000
GCR_He,min,3,562.341325190349,0.0,2,72,5.70568e-13,3.80404e-12,10000
GCR_He,min,3,562.341325190349,0.0,2,73,8.61302e-15,3.44507e-14,10000
GCR_He,min,3,562.341325190349,0.0,2,74,8.33698e-11,1.28261e-10,10000
GCR_He,min,3,562.341325190349,0.0,2,75,3.28576e-11,9.38736e-11,10000
GCR_He,min,3,562.341325190349,0.0,2,76,2.59426e-11,2.88283e-10,10000
GCR_He,min,3,562.341325190349,0.0,2,77,6.88179e-12,1.25078e-10,10000
GCR_He,min,3,562.341325190349,0.0,2,78,9.05317e-12,1.50886e-10,10000
GCR_He,min,3,562.341325190349,0.0,2,79,6.6978e-12,7.05031e-11,10000
GCR_He,min,3,562.341325190349,0.0,2,80,1.00123e-11,1.66871e-10,10000
GCR_He,min,3,562.341325190349,0.0,2,81,2.8853e-12,7.21144e-11,10000
GCR_He,min,3,562.341325190349,0.0,2,82,1.18162e-11,1.31305e-10,10000
GCR_He,min,3,562.341325190349,0.0,2,83,6.53026e-12,1.86579e-10,10000
GCR_He,min,3,562.341325190349,0.0,2,84,1.63469e-12,4.0857e-11,10000
GCR_He,min,3,562.341325190349,0.0,2,85,3.93813e-12,5.25294e-11,10000
GCR_He,min,3,562.341325190349,0.0,2,86,1.07952e-11,3.60079e-10,10000
GCR_He,min,3,562.341325190349,0.0,2,87,2.22699e-11,6.74887e-11,10000
GCR_He,min,3,562.341325190349,0.0,2,88,4.89852e-11,9.60476e-11,10000
GCR_He,min,3,562.341325190349,0.0,2,89,1.03378e-11,9.65072e-11,10000
GCR_He,min,3,562.341325190349,0.0,2,90,3.59844e-12,9.40767e-11,10000
GCR_He,min,3,562.341325190349,0.0,2,91,2.6299e-13,3.44679e-11,10000
GCR_He,min,3,562.341325190349,0.0,2,92,7.23911e-12,6.5858e-11,10000
GCR_He,min,3,562.341325190349,0.0,2,93,2.87647e-12,7.32858e-11,10000
GCR_He,min,3,562.341325190349,0.0,2,94,0.0,0.0,10000
GCR_He,min,3,562.341325190349,0.0,2,95,1.46642e-10,8.14672e-11,10000
GCR_He,min,3,562.341325190349,0.0,2,96,5.0949e-12,6.44843e-11,10000
GCR_He,min,3,562.341325190349,0.0,2,97,3.3524e-11,7.01721e-11,10000
GCR_He,min,3,562.341325190349,0.0,2,98,1.10957e-13,1.55098e-12,10000
GCR_He,min,3,562.341325190349,0.0,2,99,2.73573e-11,4.71613e-11,10000
GCR_He,min,3,562.341325190349,0.0,2,100,0.0,0.0,10000
GCR_He,min,3,562.341325190349,0.0,2,101,8.03866e-13,1.25604e-10,10000
GCR_He,min,3,562.341325190349,0.0,2,102,2.96367e-13,4.95596e-11,10000
GCR_He,min,3,562.341325190349,0.0,2,103,1.14849e-11,1.10008e-10,10000
GCR_He,min,3,562.341325190349,0.0,2,104,8.84064e-13,1.12907e-10,10000
GCR_He,min,3,562.341325190349,0.0,2,105,1.54451e-12,1.39145e-10,10000
GCR_He,min,3,562.341325190349,0.0,2,106,6.08861e-11,4.99964e-11,10000
GCR_He,min,3,562.341325190349,0.0,2,107,2.20864e-09,1.47176e-10,10000
GCR_He,min,3,562.341325190349,0.0,2,108,2.71936e-10,9.88669e-11,10000
GCR_He,min,3,562.341325190349,0.0,2,109,1.21436e-09,1.21133e-10,10000
GCR_He,min,3,562.341325190349,0.0,2,110,1.10202e-11,2.75436e-10,10000
GCR_He,min,3,562.341325190349,0.0,2,111,0.0,0.0,10000
GCR_He,min,3,562.341325190349,0.0,2,112,0.0,0.0,10000
GCR_He,min,3,562.341325190349,0.0,2,113,9.27924e-13,6.62803e-12,10000
GCR_He,min,3,562.341325190349,0.0,2,114,0.0,0.0,10000
GCR_He,min,3,562.341325190349,0.0,2,115,6.10492e-12,3.58902e-10,10000
GCR_He,min,3,562.341325190349,0.0,2,116,7.45236e-11,7.10757e-11,10000
GCR_He,min,3,562.341325190349,0.0,2,117,1.78316e-09,1.44152e-10,10000
GCR_He,min,3,562.341325190349,0.0,2,118,1.36709e-10,8.31831e-11,10000
GCR_He,min,3,562.341325190349,0.0,2,119,7.93483e-10,1.47037e-10,10000
GCR_He,min,3,562.341325190349,0.0,2,120,3.97519e-12,9.3556e-11,10000
GCR_He,min,3,562.341325190349,0.0,2,121,1.71522e-12,4.03677e-11,10000
GCR_He,min,3,562.341325190349,0.0,2,122,1.82345e-11,6.25883e-11,10000
GCR_He,min,3,562.341325190349,0.0,2,123,2.12296e-10,1.44892e-10,10000
GCR_He,min,3,562.341325190349,0.0,2,124,5.6631e-11,8.86202e-11,10000
GCR_He,min,3,562.341325190349,0.0,2,125,1.31911e-10,9.9e-11,10000
GCR_He,min,3,562.341325190349,0.0,2,126,2.93408e-12,8.01225e-11,10000
GCR_He,min,3,562.341325190349,0.0,2,127,1.35671e-12,9.04534e-12,10000
GCR_He,min,3,562.341325190349,0.0,2,128,0.0,0.0,10000
GCR_He,min,3,562.341325190349,0.0,2,129,8.84324e-12,5.05906e-10,10000
GCR_He,min,3,562.341325190349,0.0,2,130,1.06493e-11,6.07834e-10,10000
GCR_He,min,3,562.341325190349,0.0,2,131,1.22106e-15,4.88621e-14,10000
GCR_He,min,3,562.341325190349,0.0,2,132,1.86084e-12,9.30885e-11,10000
GCR_He,min,3,562.341325190349,0.0,2,133,0.0,0.0,10000
GCR_He,min,3,562.341325190349,0.0,2,134,1.08903e-12,3.61806e-10,10000
GCR_He,min,3,562.341325190349,0.0,2,135,4.81514e-13,5.65821e-11,10000
GCR_He,min,3,562.341325190349,0.0,2,136,2.93875e-12,3.92357e-10,10000
GCR_He,min,3,562.341325190349,0.0,2,137,1.03971e-11,2.07901e-10,10000
GCR_He,min,3,562.341325190349,0.0,2,138,3.84083e-11,1.92042e-10,10000
GCR_He,min,3,562.341325190349,0.0,2,139,0.0,0.0,10000
GCR_He,min,3,562.341325190349,0.0,2,140,7.93141e-15,3.9657e-11,10000
GCR_He,min,3,562.341325190349,0.0,2,141,6.65606e-12,4.31371e-11,10000
GCR_He,min,4,1778.2794100389228,0.0,1,0,1.98567e-10,0.0,10000
GCR_He,min,4,1778.2794100389228,0.0,1,1,0.0,0.0,10000
GCR_He,min,4,1778.2794100389228,0.0,1,2,3.1377e-12,4.48243e-10,10000
GCR_He,min,4,1778.2794100389228,0.0,1,3,1.72885e-12,1.56741e-10,10000
GCR_He,min,4,1778.2794100389228,0.0,1,4,1.05574e-11,3.71609e-10,10000
GCR_He,min,4,1778.2794100389228,0.0,1,5,2.02246e-11,6.5814e-10,10000
GCR_He,min,4,1778.2794100389228,0.0,1,6,8.27563e-12,1.62267e-09,10000
GCR_He,min,4,1778.2794100389228,0.0,1,7,1.22687e-12,1.22564e-10,10000
GCR_He,min,4,1778.2794100389228,0.0,1,8,1.65632e-11,2.49784e-10,10000
GCR_He,min,4,1778.2794100389228,0.0,1,9,2.26046e-14,2.65936e-11,10000
GCR_He,min,4,1778.2794100389228,0.0,1,10,9.56769e-11,3.51844e-10,10000
GCR_He,min,4,1778.2794100389228,0.0,1,11,2.4668e-12,1.56921e-10,10000
GCR_He,min,4,1778.2794100389228,0.0,1,12,4.02166e-11,4.84304e-10,10000
GCR_He,min,4,1778.2794100389228,0.0,1,13,1.37749e-11,1.0184e-10,10000
GCR_He,min,4,1778.2794100389228,0.0,1,14,1.3923e-11,7.53167e-11,10000
GCR_He,min,4,1778.2794100389228,0.0,1,15,7.4278e-12,2.21858e-10,10000
GCR_He,min,4,1778.2794100389228,0.0,1,16,1.79247e-11,1.40004e-10,10000
GCR_He,min,4,1778.2794100389228,0.0,1,17,7.78978e-12,1.30416e-10,10000
GCR_He,min,4,1778.2794100389228,0.0,1,18,2.88716e-12,7.77583e-11,10000
GCR_He,min,4,1778.2794100389228,0.0,1,19,8.53885e-11,3.15319e-10,10000
GCR_He,min,4,1778.2794100389228,0.0,1,20,6.03781e-11,3.31912e-10,10000
GCR_He,min,4,1778.2794100389228,0.0,1,21,3.62847e-12,1.60056e-10,10000
GCR_He,min,4,1778.2794100389228,0.0,1,22,7.96518e-11,4.4315e-10,10000
GCR_He,min,4,1778.2794100389228,0.0,1,23,6.30241e-11,4.51494e-10,10000
GCR_He,min,4,1778.2794100389228,0.0,1,24,5.50519e-12,1.1522e-10,10000
GCR_He,min,4,1778.2794100389228,0.0,1,25,8.34415e-12,1.57259e-10,10000
GCR_He,min,4,1778.2794100389228,0.0,1,26,2.26777e-10,4.02908e-10,10000
GCR_He,min,4,1778.2794100389228,0.0,1,27,1.52604e-10,3.38324e-10,10000
GCR_He,min,4,1778.2794100389228,0.0,1,28,1.19479e-10,4.56585e-10,10000
GCR_He,min,4,1778.2794100389228,0.0,1,29,3.06197e-10,6.48653e-10,10000
GCR_He,min,4,1778.2794100389228,0.0,1,30,9.44613e-12,3.66413e-10,10000
GCR_He,min,4,1778.2794100389228,0.0,1,31,6.79016e-11,2.30887e-10,10000
GCR_He,min,4,1778.2794100389228,0.0,1,32,7.00533e-11,1.59731e-10,10000
GCR_He,min,4,1778.2794100389228,0.0,1,33,3.8683e-11,4.78218e-10,10000
GCR_He,min,4,1778.2794100389228,0.0,1,34,1.51731e-10,2.85557e-10,10000
GCR_He,min,4,1778.2794100389228,0.0,1,35,2.57663e-10,3.53262e-10,10000
GCR_He,min,4,1778.2794100389228,0.0,1,36,8.14937e-12,1.03589e-10,10000
GCR_He,min,4,1778.2794100389228,0.0,1,37,9.80933e-11,4.21798e-10,10000
GCR_He,min,4,1778.2794100389228,0.0,1,38,2.95642e-10,5.82224e-10,10000
GCR_He,min,4,1778.2794100389228,0.0,1,39,3.14006e-11,4.12514e-10,10000
GCR_He,min,4,1778.2794100389228,0.0,1,40,3.60818e-11,4.88251e-10,10000
GCR_He,min,4,1778.2794100389228,0.0,1,41,2.63148e-10,6.60146e-10,10000
GCR_He,min,4,1778.2794100389228,0.0,1,42,4.84748e-10,7.1163e-10,10000
GCR_He,min,4,1778.2794100389228,0.0,1,43,6.27482e-11,1.71838e-10,10000
GCR_He,min,4,1778.2794100389228,0.0,1,44,1.35805e-10,2.61133e-10,10000
GCR_He,min,4,1778.2794100389228,0.0,1,45,2.28358e-11,1.03269e-10,10000
GCR_He,min,4,1778.2794100389228,0.0,1,46,1.20468e-11,6.26754e-11,10000
GCR_He,min,4,1778.2794100389228,0.0,1,47,1.65208e-11,1.60521e-10,10000
GCR_He,min,4,1778.2794100389228,0.0,1,48,1.59622e-11,2.17026e-10,10000
GCR_He,min,4,1778.2794100389228,0.0,1,49,5.67558e-11,1.98045e-10,10000
GCR_He,min,4,1778.2794100389228,0.0,1,50,6.90141e-11,2.05803e-10,10000
GCR_He,min,4,1778.2794100389228,0.0,1,51,5.74451e-11,3.08529e-10,10000
GCR_He,min,4,1778.2794100389228,0.0,1,52,1.12062e-10,3.70981e-10,10000
GCR_He,min,4,1778.2794100389228,0.0,1,53,6.06182e-11,5.5496e-10,10000
GCR_He,min,4,1778.2794100389228,0.0,1,54,9.53164e-11,5.49342e-10,10000
GCR_He,min,4,1778.2794100389228,0.0,1,55,0.0,0.0,10000
GCR_He,min,4,1778.2794100389228,0.0,1,56,1.67116e-11,2.96778e-10,10000
GCR_He,min,4,1778.2794100389228,0.0,1,57,1.0649e-12,6.67234e-11,10000
GCR_He,min,4,1778.2794100389228,0.0,1,58,5.21108e-11,5.87694e-10,10000
GCR_He,min,4,1778.2794100389228,0.0,1,59,4.51693e-12,7.64286e-10,10000
GCR_He,min,4,1778.2794100389228,0.0,1,60,1.03258e-11,2.97316e-10,10000
GCR_He,min,4,1778.2794100389228,0.0,1,61,7.85336e-10,5.41611e-10,10000
GCR_He,min,4,1778.2794100389228,0.0,1,62,1.38194e-12,1.84259e-10,10000
GCR_He,min,4,1778.2794100389228,0.0,1,63,3.02712e-12,6.06637e-10,10000
GCR_He,min,4,1778.2794100389228,0.0,1,64,1.38286e-13,1.84382e-11,10000
GCR_He,min,4,1778.2794100389228,0.0,1,65,0.0,0.0,10000
GCR_He,min,4,1778.2794100389228,0.0,1,66,0.0,0.0,10000
GCR_He,min,4,1778.2794100389228,0.0,1,67,1.30797e-11,1.7942e-09,10000
GCR_He,min,4,1778.2794100389228,0.0,1,68,9.87904e-13,5.19949e-09,10000
GCR_He,min,4,1778.2794100389228,0.0,1,69,5.35315e-12,7.30307e-10,10000
GCR_He,min,4,1778.2794100389228,0.0,1,70,5.2509e-12,3.7722e-10,10000
GCR_He,min,4,1778.2794100389228,0.0,1,71,2.07526e-11,3.83738e-10,10000
GCR_He,min,4,1778.2794100389228,0.0,1,72,5.55273e-11,3.70207e-10,10000
GCR_He,min,4,1778.2794100389228,0.0,1,73,9.46009e-11,3.78389e-10,10000
GCR_He,min,4,1778.2794100389228,0.0,1,74,2.92702e-10,4.50311e-10,10000
GCR_He,min,4,1778.2794100389228,0.0,1,75,1.03042e-10,2.9439e-10,10000
GCR_He,min,4,1778.2794100389228,0.0,1,76,4.35573e-11,4.84024e-10,10000
GCR_He,min,4,1778.2794100389228,0.0,1,77,1.7299e-11,3.14414e-10,10000
GCR_He,min,4,1778.2794100389228,0.0,1,78,2.56521e-11,4.27535e-10,10000
GCR_He,min,4,1778.2794100389228,0.0,1,79,6.44168e-11,6.78072e-10,10000
GCR_He,min,4,1778.2794100389228,0.0,1,80,2.13877e-11,3.56462e-10,10000
GCR_He,min,4,1778.2794100389228,0.0,1,81,7.61063e-12,1.90218e-10,10000
GCR_He,min,4,1778.2794100389228,0.0,1,82,1.87721e-11,2.08602e-10,10000
GCR_He,min,4,1778.2794100389228,0.0,1,83,6.75164e-12,1.92904e-10,10000
GCR_He,min,4,1778.2794100389228,0.0,1,84,4.51442e-11,1.12832e-09,10000
GCR_He,min,4,1778.2794100389228,0.0,1,85,5.43254e-11,7.24629e-10,10000
GCR_He,min,4,1778.2794100389228,0.0,1,86,3.54836e-11,1.18358e-09,10000
GCR_He,min,4,1778.2794100389228,0.0,1,87,8.59734e-11,2.60541e-10,10000
GCR_He,min,4,1778.2794100389228,0.0,1,88,9.6281e-11,1.88783e-10,10000
GCR_He,min,4,1778.2794100389228,0.0,1,89,3.03382e-11,2.83217e-10,10000
GCR_He,min,4,1778.2794100389228,0.0,1,90,9.58185e-12,2.50506e-10,10000
GCR_He,min,4,1778.2794100389228,0.0,1,91,1.29578e-13,1.69827e-11,10000
GCR_He,min,4,1778.2794100389228,0.0,1,92,3.88362e-11,3.53314e-10,10000
GCR_He,min,4,1778.2794100389228,0.0,1,93,7.84313e-12,1.99825e-10,10000
GCR_He,min,4,1778.2794100389228,0.0,1,94,2.44703e-12,3.10932e-10,10000
GCR_He,min,4,1778.2794100389228,0.0,1,95,5.26134e-10,2.92295e-10,10000
GCR_He,min,4,1778.2794100389228,0.0,1,96,9.70507e-12,1.22833e-10,10000
GCR_He,min,4,1778.2794100389228,0.0,1,97,1.22389e-10,2.56183e-10,10000
GCR_He,min,4,1778.2794100389228,0.0,1,98,1.27693e-11,1.78492e-10,10000
GCR_He,min,4,1778.2794100389228,0.0,1,99,1.12055e-10,1.93171e-10,10000
GCR_He,min,4,1778.2794100389228,0.0,1,100,0.0,0.0,10000
GCR_He,min,4,1778.2794100389228,0.0,1,101,0.0,0.0,10000
GCR_He,min,4,1778.2794100389228,0.0,1,102,2.02159e-12,3.38059e-10,10000
GCR_He,min,4,1778.2794100389228,0.0,1,103,3.88366e-11,3.71998e-10,10000
GCR_He,min,4,1778.2794100389228,0.0,1,104,1.65269e-12,2.11071e-10,10000
GCR_He,min,4,1778.2794100389228,0.0,1,105,4.75633e-12,4.28498e-10,10000
GCR_He,min,4,1778.2794100389228,0.0,1,106,3.74132e-10,3.07217e-10,10000
GCR_He,min,4,1778.2794100389228,0.0,1,107,6.25544e-09,4.1684e-10,10000
GCR_He,min,4,1778.2794100389228,0.0,1,108,7.17261e-10,2.60772e-10,10000
GCR_He,min,4,1778.2794100389228,0.0,1,109,3.38041e-09,3.37199e-10,10000
GCR_He,min,4,1778.2794100389228,0.0,1,110,2.75416e-12,6.88368e-11,10000
GCR_He,min,4,1778.2794100389228,0.0,1,111,0.0,0.0,10000
GCR_He,min,4,1778.2794100389228,0.0,1,112,0.0,0.0,10000
GCR_He,min,4,1778.2794100389228,0.0,1,113,5.29969e-11,3.78549e-10,10000
GCR_He,min,4,1778.2794100389228,0.0,1,114,1.1619e-12,1.93651e-09,10000
GCR_He,min,4,1778.2794100389228,0.0,1,115,1.9977e-11,1.17443e-09,10000
GCR_He,min,4,1778.2794100389228,0.0,1,116,4.30427e-10,4.10513e-10,10000
GCR_He,min,4,1778.2794100389228,0.0,1,117,4.86556e-09,3.93334e-10,10000
GCR_He,min,4,1778.2794100389228,0.0,1,118,5.2561e-10,3.19817e-10,10000
GCR_He,min,4,1778.2794100389228,0.0,1,119,2.08946e-09,3.8719e-10,10000
GCR_He,min,4,1778.2794100389228,0.0,1,120,1.15541e-11,2.71926e-10,10000
GCR_He,min,4,1778.2794100389228,0.0,1,121,9.28773e-12,2.18586e-10,10000
GCR_He,min,4,1778.2794100389228,0.0,1,122,9.61389e-11,3.29989e-10,10000
GCR_He,min,4,1778.2794100389228,0.0,1,123,5.03115e-10,3.43374e-10,10000
GCR_He,min,4,1778.2794100389228,0.0,1,124,1.95356e-10,3.05707e-10,10000
GCR_He,min,4,1778.2794100389228,0.0,1,125,4.46128e-10,3.34823e-10,10000
GCR_He,min,4,1778.2794100389228,0.0,1,126,7.49313e-12,2.04618e-10,10000
GCR_He,min,4,1778.2794100389228,0.0,1,127,5.15876e-11,3.43941e-10,10000
GCR_He,min,4,1778.2794100389228,0.0,1,128,6.95919e-11,1.39073e-09,10000
GCR_He,min,4,1778.2794100389228,0.0,1,129,2.17856e-11,1.24631e-09,10000
GCR_He,min,4,1778.2794100389228,0.0,1,130,3.69471e-12,2.10885e-10,10000
GCR_He,min,4,1778.2794100389228,0.0,1,131,0.0,0.0,10000
GCR_He,min,4,1778.2794100389228,0.0,1,132,5.00108e-13,2.50179e-11,10000
GCR_He,min,4,1778.2794100389228,0.0,1,133,3.32995e-11,7.87594e-10,10000
GCR_He,min,4,1778.2794100389228,0.0,1,134,0.0,0.0,10000
GCR_He,min,4,1778.2794100389228,0.0,1,135,2.22325e-12,2.61251e-10,10000
GCR_He,min,4,1778.2794100389228,0.0,1,136,6.26676e-12,8.36684e-10,10000
GCR_He,min,4,1778.2794100389228,0.0,1,137,4.74444e-11,9.48699e-10,10000
GCR_He,min,4,1778.2794100389228,0.0,1,138,1.93235e-10,9.66177e-10,10000
GCR_He,min,4,1778.2794100389228,0.0,1,139,0.0,0.0,10000
GCR_He,min,4,1778.2794100389228,0.0,1,140,4.21423e-13,2.10712e-09,10000
GCR_He,min,4,1778.2794100389228,0.0,1,141,6.03687e-11,3.91242e-10,10000
GCR_He,min,4,1778.2794100389228,0.0,2,0,1.25269e-09,0.0,10000
GCR_He,min,4,1778.2794100389228,0.0,2,1,4.53072e-13,6.47246e-11,10000
GCR_He,min,4,1778.2794100389228,0.0,2,2,1.2493e-12,1.78471e-10,10000
GCR_He,min,4,1778.2794100389228,0.0,2,3,9.47836e-12,8.59325e-10,10000
GCR_He,min,4,1778.2794100389228,0.0,2,4,1.86565e-11,6.56689e-10,10000
GCR_He,min,4,1778.2794100389228,0.0,2,5,1.99298e-11,6.48544e-10,10000
GCR_He,min,4,1778.2794100389228,0.0,2,6,5.36084e-12,1.05115e-09,10000
GCR_He,min,4,1778.2794100389228,0.0,2,7,1.36566e-12,1.3643e-10,10000
GCR_He,min,4,1778.2794100389228,0.0,2,8,1.11334e-11,1.67899e-10,10000
GCR_He,min,4,1778.2794100389228,0.0,2,9,0.0,0.0,10000
GCR_He,min,4,1778.2794100389228,0.0,2,10,7.19699e-11,2.64663e-10,10000
GCR_He,min,4,1778.2794100389228,0.0,2,11,2.99024e-12,1.90219e-10,10000
GCR_He,min,4,1778.2794100389228,0.0,2,12,2.32837e-11,2.80391e-10,10000
GCR_He,min,4,1778.2794100389228,0.0,2,13,1.24785e-11,9.22559e-11,10000
GCR_He,min,4,1778.2794100389228,0.0,2,14,2.84303e-11,1.53793e-10,10000
GCR_He,min,4,1778.2794100389228,0.0,2,15,5.22708e-12,1.56125e-10,10000
GCR_He,min,4,1778.2794100389228,0.0,2,16,6.72448e-11,5.25227e-10,10000
GCR_He,min,4,1778.2794100389228,0.0,2,17,2.35303e-11,3.93945e-10,10000
GCR_He,min,4,1778.2794100389228,0.0,2,18,2.94187e-11,7.92317e-10,10000
GCR_He,min,4,1778.2794100389228,0.0,2,19,6.7848e-11,2.50547e-10,10000
GCR_He,min,4,1778.2794100389228,0.0,2,20,4.2118e-11,2.31532e-10,10000
GCR_He,min,4,1778.2794100389228,0.0,2,21,6.47088e-12,2.85438e-10,10000
GCR_He,min,4,1778.2794100389228,0.0,2,22,9.94975e-11,5.53564e-10,10000
GCR_He,min,4,1778.2794100389228,0.0,2,23,7.39616e-11,5.29849e-10,10000
GCR_He,min,4,1778.2794100389228,0.0,2,24,2.70523e-12,5.66185e-11,10000
GCR_He,min,4,1778.2794100389228,0.0,2,25,2.79141e-12,5.26086e-11,10000
GCR_He,min,4,1778.2794100389228,0.0,2,26,2.33736e-10,4.15272e-10,10000
GCR_He,min,4,1778.2794100389228,0.0,2,27,1.91399e-10,4.24331e-10,10000
GCR_He,min,4,1778.2794100389228,0.0,2,28,1.33269e-10,5.09284e-10,10000
GCR_He,min,4,1778.2794100389228,0.0,2,29,3.2253e-10,6.83253e-10,10000
GCR_He,min,4,1778.2794100389228,0.0,2,30,9.73253e-12,3.77522e-10,10000
GCR_He,min,4,1778.2794100389228,0.0,2,31,9.45351e-11,3.21449e-10,10000
GCR_He,min,4,1778.2794100389228,0.0,2,32,1.19898e-10,2.73383e-10,10000
GCR_He,min,4,1778.2794100389228,0.0,2,33,2.06562e-11,2.55361e-10,10000
GCR_He,min,4,1778.2794100389228,0.0,2,34,1.48161e-10,2.78839e-10,10000
GCR_He,min,4,1778.2794100389228,0.0,2,35,2.9791e-10,4.08443e-10,10000
GCR_He,min,4,1778.2794100389228,0.0,2,36,2.68094e-12,3.40783e-11,10000
GCR_He,min,4,1778.2794100389228,0.0,2,37,7.70192e-11,3.3118e-10,10000
GCR_He,min,4,1778.2794100389228,0.0,2,38,2.19421e-10,4.32118e-10,10000
GCR_He,min,4,1778.2794100389228,0.0,2,39,2.30711e-11,3.03089e-10,10000
GCR_He,min,4,1778.2794100389228,0.0,2,40,2.35169e-11,3.18226e-10,10000
GCR_He,min,4,1778.2794100389228,0.0,2,41,1.9909e-10,4.99447e-10,10000
GCR_He,min,4,1778.2794100389228,0.0,2,42,3.11551e-10,4.5737e-10,10000
GCR_He,min,4,1778.2794100389228,0.0,2,43,7.02371e-11,1.92346e-10,10000
GCR_He,min,4,1778.2794100389228,0.0,2,44,9.93e-11,1.90939e-10,10000
GCR_He,min,4,1778.2794100389228,0.0,2,45,1.01641e-11,4.59645e-11,10000
GCR_He,min,4,1778.2794100389228,0.0,2,46,1.78118e-11,9.26685e-11,10000
GCR_He,min,4,1778.2794100389228,0.0,2,47,2.17907e-11,2.11724e-10,10000
GCR_He,min,4,1778.2794100389228,0.0,2,48,2.04788e-11,2.78434e-10,10000
GCR_He,min,4,1778.2794100389228,0.0,2,49,4.78784e-11,1.67068e-10,10000
GCR_He,min,4,1778.2794100389228,0.0,2,50,4.17592e-11,1.24528e-10,10000
GCR_He,min,4,1778.2794100389228,0.0,2,51,6.12086e-11,3.28743e-10,10000
GCR_He,min,4,1778.2794100389228,0.0,2,52,8.57004e-11,2.8371e-10,10000
GCR_He,min,4,1778.2794100389228,0.0,2,53,5.48053e-11,5.01742e-10,10000
GCR_He,min,4,1778.2794100389228,0.0,2,54,9.47547e-11,5.46105e-10,10000
GCR_He,min,4,1778.2794100389228,0.0,2,55,4.13845e-13,4.18448e-11,10000
GCR_He,min,4,1778.2794100389228,0.0,2,56,1.59907e-11,2.83976e-10,10000
GCR_He,min,4,1778.2794100389228,0.0,2,57,1.92044e-12,1.20328e-10,10000
GCR_He,min,4,1778.2794100389228,0.0,2,58,3.39104e-11,3.82434e-10,10000
GCR_He,min,4,1778.2794100389228,0.0,2,59,2.3189e-12,3.92368e-10,10000
GCR_He,min,4,1778.2794100389228,0.0,2,60,1.94178e-11,5.59108e-10,10000
GCR_He,min,4,1778.2794100389228,0.0,2,61,8.49678e-10,5.85985e-10,10000
GCR_He,min,4,1778.2794100389228,0.0,2,62,1.88721e-12,2.51629e-10,10000
GCR_He,min,4,1778.2794100389228,0.0,2,63,2.0918e-12,4.19199e-10,10000
GCR_He,min,4,1778.2794100389228,0.0,2,64,3.58275e-14,4.777e-12,10000
GCR_He,min,4,1778.2794100389228,0.0,2,65,0.0,0.0,10000
GCR_He,min,4,1778.2794100389228,0.0,2,66,0.0,0.0,10000
GCR_He,min,4,1778.2794100389228,0.0,2,67,7.32325e-12,1.00456e-09,10000
GCR_He,min,4,1778.2794100389228,0.0,2,68,1.83098e-13,9.63673e-10,10000
GCR_He,min,4,1778.2794100389228,0.0,2,69,3.36151e-12,4.58596e-10,10000
GCR_He,min,4,1778.2794100389228,0.0,2,70,1.13725e-12,8.16987e-11,10000
GCR_He,min,4,1778.2794100389228,0.0,2,71,6.97948e-12,1.29058e-10,10000
GCR_He,min,4,1778.2794100389228,0.0,2,72,3.43662e-11,2.29123e-10,10000
GCR_He,min,4,1778.2794100389228,0.0,2,73,4.62987e-11,1.85187e-10,10000
GCR_He,min,4,1778.2794100389228,0.0,2,74,2.44522e-10,3.76188e-10,10000
GCR_He,min,4,1778.2794100389228,0.0,2,75,7.51406e-11,2.14675e-10,10000
GCR_He,min,4,1778.2794100389228,0.0,2,76,5.15422e-11,5.72755e-10,10000
GCR_He,min,4,1778.2794100389228,0.0,2,77,3.65069e-11,6.63521e-10,10000
GCR_He,min,4,1778.2794100389228,0.0,2,78,9.14407e-12,1.52401e-10,10000
GCR_He,min,4,1778.2794100389228,0.0,2,79,1.36634e-11,1.43825e-10,10000
GCR_He,min,4,1778.2794100389228,0.0,2,80,6.85476e-12,1.14246e-10,10000
GCR_He,min,4,1778.2794100389228,0.0,2,81,8.10096e-12,2.02473e-10,10000
GCR_He,min,4,1778.2794100389228,0.0,2,82,2.13494e-11,2.37242e-10,10000
GCR_He,min,4,1778.2794100389228,0.0,2,83,6.73918e-12,1.92548e-10,10000
GCR_He,min,4,1778.2794100389228,0.0,2,84,1.89906e-11,4.74647e-10,10000
GCR_He,min,4,1778.2794100389228,0.0,2,85,3.26926e-11,4.36075e-10,10000
GCR_He,min,4,1778.2794100389228,0.0,2,86,1.99504e-11,6.65457e-10,10000
GCR_He,min,4,1778.2794100389228,0.0,2,87,1.04189e-10,3.15744e-10,10000
GCR_He,min,4,1778.2794100389228,0.0,2,88,1.89192e-10,3.70958e-10,10000
GCR_He,min,4,1778.2794100389228,0.0,2,89,2.79567e-11,2.60985e-10,10000
GCR_He,min,4,1778.2794100389228,0.0,2,90,1.83832e-11,4.80608e-10,10000
GCR_He,min,4,1778.2794100389228,0.0,2,91,1.67156e-12,2.19077e-10,10000
GCR_He,min,4,1778.2794100389228,0.0,2,92,1.61648e-11,1.4706e-10,10000
GCR_He,min,4,1778.2794100389228,0.0,2,93,8.58251e-12,2.18663e-10,10000
GCR_He,min,4,1778.2794100389228,0.0,2,94,5.48821e-12,6.97358e-10,10000
GCR_He,min,4,1778.2794100389228,0.0,2,95,3.80851e-10,2.11583e-10,10000
GCR_He,min,4,1778.2794100389228,0.0,2,96,1.97629e-11,2.50132e-10,10000
GCR_He,min,4,1778.2794100389228,0.0,2,97,9.26843e-11,1.94006e-10,10000
GCR_He,min,4,1778.2794100389228,0.0,2,98,9.89034e-12,1.38249e-10,10000
GCR_He,min,4,1778.2794100389228,0.0,2,99,1.20427e-10,2.07603e-10,10000
GCR_He,min,4,1778.2794100389228,0.0,2,100,9.04924e-14,4.00409e-11,10000
GCR_He,min,4,1778.2794100389228,0.0,2,101,4.15299e-13,6.48904e-11,10000
GCR_He,min,4,1778.2794100389228,0.0,2,102,4.86241e-13,8.13112e-11,10000
GCR_He,min,4,1778.2794100389228,0.0,2,103,2.97299e-11,2.84769e-10,10000
GCR_He,min,4,1778.2794100389228,0.0,2,104,1.2873e-12,1.64406e-10,10000
GCR_He,min,4,1778.2794100389228,0.0,2,105,4.372e-12,3.93874e-10,10000
GCR_He,min,4,1778.2794100389228,0.0,2,106,4.34827e-10,3.57056e-10,10000
GCR_He,min,4,1778.2794100389228,0.0,2,107,5.87184e-09,3.91278e-10,10000
GCR_He,min,4,1778.2794100389228,0.0,2,108,8.27036e-10,3.00682e-10,10000
GCR_He,min,4,1778.2794100389228,0.0,2,109,3.3348e-09,3.3265e-10,10000
GCR_He,min,4,1778.2794100389228,0.0,2,110,1.21462e-11,3.0358e-10,10000
GCR_He,min,4,1778.2794100389228,0.0,2,111,0.0,0.0,10000
GCR_He,min,4,1778.2794100389228,0.0,2,112,0.0,0.0,10000
GCR_He,min,4,1778.2794100389228,0.0,2,113,2.82824e-11,2.02017e-10,10000
GCR_He,min,4,1778.2794100389228,0.0,2,114,1.53366e-12,2.55609e-09,10000
GCR_He,min,4,1778.2794100389228,0.0,2,115,1.76112e-12,1.03535e-10,10000
GCR_He,min,4,1778.2794100389228,0.0,2,116,4.60525e-10,4.39218e-10,10000
GCR_He,min,4,1778.2794100389228,0.0,2,117,4.57038e-09,3.69471e-10,10000
GCR_He,min,4,1778.2794100389228,0.0,2,118,5.80812e-10,3.53406e-10,10000
GCR_He,min,4,1778.2794100389228,0.0,2,119,2.17806e-09,4.03608e-10,10000
GCR_He,min,4,1778.2794100389228,0.0,2,120,1.14796e-11,2.70172e-10,10000
GCR_He,min,4,1778.2794100389228,0.0,2,121,6.5324e-12,1.5374e-10,10000
GCR_He,min,4,1778.2794100389228,0.0,2,122,1.13893e-10,3.90927e-10,10000
GCR_He,min,4,1778.2794100389228,0.0,2,123,4.78994e-10,3.26911e-10,10000
GCR_He,min,4,1778.2794100389228,0.0,2,124,2.31385e-10,3.62088e-10,10000
GCR_He,min,4,1778.2794100389228,0.0,2,125,4.36183e-10,3.27359e-10,10000
GCR_He,min,4,1778.2794100389228,0.0,2,126,7.5126e-12,2.0515e-10,10000
GCR_He,min,4,1778.2794100389228,0.0,2,127,5.07623e-11,3.38438e-10,10000
GCR_He,min,4,1778.2794100389228,0.0,2,128,2.86917e-11,5.73375e-10,10000
GCR_He,min,4,1778.2794100389228,0.0,2,129,8.77417e-12,5.01955e-10,10000
GCR_He,min,4,1778.2794100389228,0.0,2,130,1.06256e-11,6.06483e-10,10000
GCR_He,min,4,1778.2794100389228,0.0,2,131,7.72313e-12,3.09049e-10,10000
GCR_He,min,4,1778.2794100389228,0.0,2,132,1.53169e-12,7.66226e-11,10000
GCR_He,min,4,1778.2794100389228,0.0,2,133,1.41215e-11,3.33999e-10,10000
GCR_He,min,4,1778.2794100389228,0.0,2,134,0.0,0.0,10000
GCR_He,min,4,1778.2794100389228,0.0,2,135,4.46145e-12,5.2426e-10,10000
GCR_He,min,4,1778.2794100389228,0.0,2,136,1.9287e-12,2.57503e-10,10000
GCR_He,min,4,1778.2794100389228,0.0,2,137,1.80359e-11,3.60646e-10,10000
GCR_He,min,4,1778.2794100389228,0.0,2,138,8.52207e-11,4.26103e-10,10000
GCR_He,min,4,1778.2794100389228,0.0,2,139,0.0,0.0,10000
GCR_He,min,4,1778.2794100389228,0.0,2,140,5.80733e-14,2.90367e-10,10000
GCR_He,min,4,1778.2794100389228,0.0,2,141,3.48799e-11,2.26052e-10,10000
GCR_H,min,6,17782.79410038923,0.0,0,0,1.37033e-09,0.0,10000
GCR_H,min,6,17782.79410038923,0.0,0,1,1.43142e-11,2.04489e-09,10000
GCR_H,min,6,17782.79410038923,0.0,0,2,2.20694e-11,3.15277e-09,10000
GCR_H,min,6,17782.79410038923,0.0,0,3,5.06043e-12,4.58788e-10,10000
GCR_H,min,6,17782.79410038923,0.0,0,4,3.37657e-11,1.18851e-09,10000
GCR_H,min,6,17782.79410038923,0.0,0,5,1.93594e-11,6.29983e-10,10000
GCR_H,min,6,17782.79410038923,0.0,0,6,2.76777e-12,5.427e-10,10000
GCR_H,min,6,17782.79410038923,0.0,0,7,1.04854e-11,1.04749e-09,10000
GCR_H,min,6,17782.79410038923,0.0,0,8,8.92819e-11,1.34643e-09,10000
GCR_H,min,6,17782.79410038923,0.0,0,9,3.85887e-13,4.53985e-10,10000
GCR_H,min,6,17782.79410038923,0.0,0,10,9.93781e-10,3.65455e-09,10000
GCR_H,min,6,17782.79410038923,0.0,0,11,1.70348e-11,1.08364e-09,10000
GCR_H,min,6,17782.79410038923,0.0,0,12,1.31953e-10,1.58903e-09,10000
GCR_H,min,6,17782.79410038923,0.0,0,13,9.35083e-11,6.91322e-10,10000
GCR_H,min,6,17782.79410038923,0.0,0,14,9.51094e-11,5.14494e-10,10000
GCR_H,min,6,17782.79410038923,0.0,0,15,4.44317e-11,1.32711e-09,10000
GCR_H,min,6,17782.79410038923,0.0,0,16,1.08357e-10,8.46345e-10,10000
GCR_H,min,6,17782.79410038923,0.0,0,17,7.85847e-11,1.31567e-09,10000
GCR_H,min,6,17782.79410038923,0.0,0,18,2.6579e-11,7.15836e-10,10000
GCR_H,min,6,17782.79410038923,0.0,0,19,4.35487e-10,1.60815e-09,10000
GCR_H,min,6,17782.79410038923,0.0,0,20,2.57212e-10,1.41395e-09,10000
GCR_H,min,6,17782.79410038923,0.0,0,21,5.07049e-11,2.23665e-09,10000
GCR_H,min,6,17782.79410038923,0.0,0,22,2.30736e-10,1.28372e-09,10000
GCR_H,min,6,17782.79410038923,0.0,0,23,1.9805e-10,1.4188e-09,10000
GCR_H,min,6,17782.79410038923,0.0,0,24,4.25573e-11,8.90693e-10,10000
GCR_H,min,6,17782.79410038923,0.0,0,25,3.79668e-11,7.15544e-10,10000
GCR_H,min,6,17782.79410038923,0.0,0,26,2.63139e-10,4.67511e-10,10000
GCR_H,min,6,17782.79410038923,0.0,0,27,2.6491e-10,5.87305e-10,10000
GCR_H,min,6,17782.79410038923,0.0,0,28,7.35528e-10,2.81079e-09,10000
GCR_H,min,6,17782.79410038923,0.0,0,29,1.7265e-09,3.65746e-09,10000
GCR_H,min,6,17782.79410038923,0.0,0,30,5.90907e-11,2.29212e-09,10000
GCR_H,min,6,17782.79410038923,0.0,0,31,1.0395e-09,3.53465e-09,10000
GCR_H,min,6,17782.79410038923,0.0,0,32,6.82341e-10,1.55583e-09,10000
GCR_H,min,6,17782.79410038923,0.0,0,33,3.55254e-10,4.39182e-09,10000
GCR_H,min,6,17782.79410038923,0.0,0,34,3.96908e-10,7.4698e-10,10000
GCR_H,min,6,17782.79410038923,0.0,0,35,6.77863e-10,9.29369e-10,10000
GCR_H,min,6,17782.79410038923,0.0,0,36,3.96185e-11,5.03603e-10,10000
GCR_H,min,6,17782.79410038923,0.0,0,37,1.13066e-10,4.86178e-10,10000
GCR_H,min,6,17782.79410038923,0.0,0,38,1.25629e-10,2.47409e-10,10000
GCR_H,min,6,17782.79410038923,0.0,0,39,6.30589e-11,8.28414e-10,10000
GCR_H,min,6,17782.79410038923,0.0,0,40,4.68088e-11,6.33407e-10,10000
GCR_H,min,6,17782.79410038923,0.0,0,41,1.67877e-09,4.21144e-09,10000
GCR_H,min,6,17782.79410038923,0.0,0,42,2.85881e-09,4.19685e-09,10000
GCR_H,min,6,17782.79410038923,0.0,0,43,4.56199e-10,1.24931e-09,10000
GCR_H,min,6,17782.79410038923,0.0,0,44,9.29712e-10,1.7877e-09,10000
GCR_H,min,6,17782.79410038923,0.0,0,45,2.17416e-10,9.83206e-10,10000
GCR_H,min,6,17782.79410038923,0.0,0,46,1.93912e-10,1.00885e-09,10000
GCR_H,min,6,17782.79410038923,0.0,0,47,1.78117e-10,1.73064e-09,10000
GCR_H,min,6,17782.79410038923,0.0,0,48,1.14776e-10,1.56052e-09,10000
GCR_H,min,6,17782.79410038923,0.0,0,49,4.77976e-10,1.66786e-09,10000
GCR_H,min,6,17782.79410038923,0.0,0,50,6.5387e-10,1.94987e-09,10000
GCR_H,min,6,17782.79410038923,0.0,0,51,8.04618e-10,4.32149e-09,10000
GCR_H,min,6,17782.79410038923,0.0,0,52,1.4741e-09,4.87999e-09,10000
GCR_H,min,6,17782.79410038923,0.0,0,53,3.35927e-10,3.07541e-09,10000
GCR_H,min,6,17782.79410038923,0.0,0,54,4.95621e-10,2.85644e-09,10000
GCR_H,min,6,17782.79410038923,0.0,0,55,1.21046e-11,1.22393e-09,10000
GCR_H,min,6,17782.79410038923,0.0,0,56,1.04933e-10,1.86349e-09,10000
GCR_H,min,6,17782.79410038923,0.0,0,57,1.84025e-11,1.15304e-09,10000
GCR_H,min,6,17782.79410038923,0.0,0,58,3.38632e-10,3.81902e-09,10000
GCR_H,min,6,17782.79410038923,0.0,0,59,6.7735e-12,1.14611e-09,10000
GCR_H,min,6,17782.79410038923,0.0,0,60,3.23426e-11,9.31257e-10,10000
GCR_H,min,6,17782.79410038923,0.0,0,61,8.50744e-10,5.8672e-10,10000
GCR_H,min,6,17782.79410038923,0.0,0,62,1.39394e-11,1.85859e-09,10000
GCR_H,min,6,17782.79410038923,0.0,0,63,6.11603e-12,1.22566e-09,10000
GCR_H,min,6,17782.79410038923,0.0,0,64,4.63902e-12,6.18536e-10,10000
GCR_H,min,6,17782.79410038923,0.0,0,65,1.15909e-11,2.32283e-09,10000
GCR_H,min,6,17782.79410038923,0.0,0,66,2.16114e-12,1.13744e-08,10000
GCR_H,min,6,17782.79410038923,0.0,0,67,3.3211e-12,4.55569e-10,10000
GCR_H,min,6,17782.79410038923,0.0,0,68,1.70331e-13,8.96477e-10,10000
GCR_H,min,6,17782.79410038923,0.0,0,69,1.64493e-12,2.2441e-10,10000
GCR_H,min,6,17782.79410038923,0.0,0,70,2.95361e-11,2.12184e-09,10000
GCR_H,min,6,17782.79410038923,0.0,0,71,1.19876e-10,2.21665e-09,10000
GCR_H,min,6,17782.79410038923,0.0,0,72,4.3301e-10,2.88693e-09,10000
GCR_H,min,6,17782.79410038923,0.0,0,73,7.7383e-10,3.09519e-09,10000
GCR_H,min,6,17782.79410038923,0.0,0,74,3.26692e-09,5.02603e-09,10000
GCR_H,min,6,17782.79410038923,0.0,0,75,1.84895e-09,5.2824e-09,10000
GCR_H,min,6,17782.79410038923,0.0,0,76,5.84722e-10,6.49763e-09,10000
GCR_H,min,6,17782.79410038923,0.0,0,77,4.36427e-10,7.93215e-09,10000
GCR_H,min,6,17782.79410038923,0.0,0,78,1.8567e-10,3.0945e-09,10000
GCR_H,min,6,17782.79410038923,0.0,0,79,3.17753e-10,3.34477e-09,10000
GCR_H,min,6,17782.79410038923,0.0,0,80,1.43568e-10,2.3928e-09,10000
GCR_H,min,6,17782.79410038923,0.0,0,81,1.07233e-10,2.68016e-09,10000
GCR_H,min,6,17782.79410038923,0.0,0,82,3.31868e-10,3.68784e-09,10000
GCR_H,min,6,17782.79410038923,0.0,0,83,1.20718e-10,3.44909e-09,10000
GCR_H,min,6,17782.79410038923,0.0,0,84,1.46276e-10,3.65598e-09,10000
GCR_H,min,6,17782.79410038923,0.0,0,85,2.82533e-10,3.76861e-09,10000
GCR_H,min,6,17782.79410038923,0.0,0,86,1.48228e-10,4.94424e-09,10000
GCR_H,min,6,17782.79410038923,0.0,0,87,6.25502e-10,1.89558e-09,10000
GCR_H,min,6,17782.79410038923,0.0,0,88,8.21472e-10,1.6107e-09,10000
GCR_H,min,6,17782.79410038923,0.0,0,89,3.9525e-10,3.68978e-09,10000
GCR_H,min,6,17782.79410038923,0.0,0,90,1.84067e-10,4.8122e-09,10000
GCR_H,min,6,17782.79410038923,0.0,0,91,5.82916e-11,7.6398e-09,10000
GCR_H,min,6,17782.79410038923,0.0,0,92,4.5139e-10,4.10653e-09,10000
GCR_H,min,6,17782.79410038923,0.0,0,93,1.41412e-10,3.60285e-09,10000
GCR_H,min,6,17782.79410038923,0.0,0,94,2.454e-11,3.11817e-09,10000
GCR_H,min,6,17782.79410038923,0.0,0,95,4.40964e-09,2.44978e-09,10000
GCR_H,min,6,17782.79410038923,0.0,0,96,1.05878e-10,1.34006e-09,10000
GCR_H,min,6,17782.79410038923,0.0,0,97,6.58491e-10,1.37835e-09,10000
GCR_H,min,6,17782.79410038923,0.0,0,98,9.23787e-11,1.29129e-09,10000
GCR_H,min,6,17782.79410038923,0.0,0,99,9.0654e-10,1.56278e-09,10000
GCR_H,min,6,17782.79410038923,0.0,0,100,7.78913e-13,3.44652e-10,10000
GCR_H,min,6,17782.79410038923,0.0,0,101,9.04991e-12,1.41405e-09,10000
GCR_H,min,6,17782.79410038923,0.0,0,102,4.56759e-12,7.63812e-10,10000
GCR_H,min,6,17782.79410038923,0.0,0,103,3.27241e-10,3.13449e-09,10000
GCR_H,min,6,17782.79410038923,0.0,0,104,1.60862e-11,2.05443e-09,10000
GCR_H,min,6,17782.79410038923,0.0,0,105,4.90685e-11,4.42059e-09,10000
GCR_H,min,6,17782.79410038923,0.0,0,106,1.04786e-09,8.60443e-10,10000
GCR_H,min,6,17782.79410038923,0.0,0,107,4.472e-08,2.97998e-09,10000
GCR_H,min,6,17782.79410038923,0.0,0,108,4.3806e-09,1.59264e-09,10000
GCR_H,min,6,17782.79410038923,0.0,0,109,2.23146e-08,2.2259e-09,10000
GCR_H,min,6,17782.79410038923,0.0,0,110,4.27978e-11,1.06968e-09,10000
GCR_H,min,6,17782.79410038923,0.0,0,111,0.0,0.0,10000
GCR_H,min,6,17782.79410038923,0.0,0,112,0.0,0.0,10000
GCR_H,min,6,17782.79410038923,0.0,0,113,5.10631e-10,3.64736e-09,10000
GCR_H,min,6,17782.79410038923,0.0,0,114,2.57162e-14,4.28603e-11,10000
GCR_H,min,6,17782.79410038923,0.0,0,115,1.3903e-10,8.17345e-09,10000
GCR_H,min,6,17782.79410038923,0.0,0,116,7.01926e-10,6.69451e-10,10000
GCR_H,min,6,17782.79410038923,0.0,0,117,4.20469e-08,3.39909e-09,10000
GCR_H,min,6,17782.79410038923,0.0,0,118,2.51373e-09,1.52953e-09,10000
GCR_H,min,6,17782.79410038923,0.0,0,119,1.24145e-08,2.30048e-09,10000
GCR_H,min,6,17782.79410038923,0.0,0,120,1.64506e-11,3.87165e-10,10000
GCR_H,min,6,17782.79410038923,0.0,0,121,3.10011e-11,7.29609e-10,10000
GCR_H,min,6,17782.79410038923,0.0,0,122,1.52992e-10,5.25133e-10,10000
GCR_H,min,6,17782.79410038923,0.0,0,123,3.82122e-09,2.60797e-09,10000
GCR_H,min,6,17782.79410038923,0.0,0,124,9.40278e-10,1.47141e-09,10000
GCR_H,min,6,17782.79410038923,0.0,0,125,2.06843e-09,1.55237e-09,10000
GCR_H,min,6,17782.79410038923,0.0,0,126,3.88695e-11,1.06143e-09,10000
GCR_H,min,6,17782.79410038923,0.0,0,127,3.02916e-10,2.01957e-09,10000
GCR_H,min,6,17782.79410038923,0.0,0,128,3.47371e-11,6.94186e-10,10000
GCR_H,min,6,17782.79410038923,0.0,0,129,3.48019e-11,1.99096e-09,10000
GCR_H,min,6,17782.79410038923,0.0,0,130,9.70115e-11,5.53718e-09,10000
GCR_H,min,6,17782.79410038923,0.0,0,131,3.87869e-11,1.5521e-09,10000
GCR_H,min,6,17782.79410038923,0.0,0,132,1.46661e-11,7.33673e-10,10000
GCR_H,min,6,17782.79410038923,0.0,0,133,2.18859e-11,5.17643e-10,10000
GCR_H,min,6,17782.79410038923,0.0,0,134,6.32495e-13,2.10131e-10,10000
GCR_H,min,6,17782.79410038923,0.0,0,135,2.06313e-11,2.42436e-09,10000
GCR_H,min,6,17782.79410038923,0.0,0,136,2.8851e-11,3.85194e-09,10000
GCR_H,min,6,17782.79410038923,0.0,0,137,2.60691e-10,5.21278e-09,10000
GCR_H,min,6,17782.79410038923,0.0,0,138,1.04222e-09,5.21111e-09,10000
GCR_H,min,6,17782.79410038923,0.0,0,139,0.0,0.0,10000
GCR_H,min,6,17782.79410038923,0.0,0,140,1.04618e-13,5.2309e-10,10000
GCR_H,min,6,17782.79410038923,0.0,0,141,4.72233e-11,3.06049e-10,10000
GCR_He,min,5,5623.413251903491,0.0,1,0,2.08648e-09,0.0,10000
GCR_He,min,5,5623.413251903491,0.0,1,1,2.07506e-11,2.96438e-09,10000
GCR_He,min,5,5623.413251903491,0.0,1,2,2.85774e-11,4.08249e-09,10000
GCR_He,min,5,5623.413251903491,0.0,1,3,4.26913e-12,3.87048e-10,10000
GCR_He,min,5,5623.413251903491,0.0,1,4,1.58999e-11,5.5966e-10,10000
GCR_He,min,5,5623.413251903491,0.0,1,5,2.87595e-11,9.35877e-10,10000
GCR_He,min,5,5623.413251903491,0.0,1,6,5.15347e-12,1.01048e-09,10000
GCR_He,min,5,5623.413251903491,0.0,1,7,8.57236e-12,8.5638e-10,10000
GCR_He,min,5,5623.413251903491,0.0,1,8,1.36389e-10,2.05683e-09,10000
GCR_He,min,5,5623.413251903491,0.0,1,9,1.44771e-13,1.70319e-10,10000
GCR_He,min,5,5623.413251903491,0.0,1,10,5.24705e-10,1.92956e-09,10000
GCR_He,min,5,5623.413251903491,0.0,1,11,3.11995e-11,1.9847e-09,10000
GCR_He,min,5,5623.413251903491,0.0,1,12,1.5731e-10,1.89439e-09,10000
GCR_He,min,5,5623.413251903491,0.0,1,13,2.09412e-10,1.54822e-09,10000
GCR_He,min,5,5623.413251903491,0.0,1,14,1.81835e-10,9.83638e-10,10000
GCR_He,min,5,5623.413251903491,0.0,1,15,4.91019e-11,1.4666e-09,10000
GCR_He,min,5,5623.413251903491,0.0,1,16,2.29102e-10,1.78944e-09,10000
GCR_He,min,5,5623.413251903491,0.0,1,17,1.02407e-10,1.71449e-09,10000
GCR_He,min,5,5623.413251903491,0.0,1,18,9.057e-11,2.43927e-09,10000
GCR_He,min,5,5623.413251903491,0.0,1,19,2.98285e-10,1.1015e-09,10000
GCR_He,min,5,5623.413251903491,0.0,1,20,1.20851e-10,6.64344e-10,10000
GCR_He,min,5,5623.413251903491,0.0,1,21,3.64885e-11,1.60955e-09,10000
GCR_He,min,5,5623.413251903491,0.0,1,22,3.02079e-10,1.68064e-09,10000
GCR_He,min,5,5623.413251903491,0.0,1,23,3.04441e-10,2.18097e-09,10000
GCR_He,min,5,5623.413251903491,0.0,1,24,4.81403e-11,1.00754e-09,10000
GCR_He,min,5,5623.413251903491,0.0,1,25,6.29521e-11,1.18643e-09,10000
GCR_He,min,5,5623.413251903491,0.0,1,26,2.45392e-10,4.35982e-10,10000
GCR_He,min,5,5623.413251903491,0.0,1,27,2.70942e-10,6.00678e-10,10000
GCR_He,min,5,5623.413251903491,0.0,1,28,6.89137e-10,2.63351e-09,10000
GCR_He,min,5,5623.413251903491,0.0,1,29,1.43767e-09,3.04559e-09,10000
GCR_He,min,5,5623.413251903491,0.0,1,30,6.30275e-11,2.44482e-09,10000
GCR_He,min,5,5623.413251903491,0.0,1,31,5.17259e-10,1.75884e-09,10000
GCR_He,min,5,5623.413251903491,0.0,1,32,1.13726e-09,2.59311e-09,10000
GCR_He,min,5,5623.413251903491,0.0,1,33,8.04484e-11,9.9454e-10,10000
GCR_He,min,5,5623.413251903491,0.0,1,34,7.52627e-10,1.41644e-09,10000
GCR_He,min,5,5623.413251903491,0.0,1,35,1.47857e-09,2.02716e-09,10000
GCR_He,min,5,5623.413251903491,0.0,1,36,9.57268e-11,1.21681e-09,10000
GCR_He,min,5,5623.413251903491,0.0,1,37,8.67697e-11,3.73107e-10,10000
GCR_He,min,5,5623.413251903491,0.0,1,38,2.38095e-10,4.68893e-10,10000
GCR_He,min,5,5623.413251903491,0.0,1,39,3.82223e-11,5.02132e-10,10000
GCR_He,min,5,5623.413251903491,0.0,1,40,3.26237e-11,4.41457e-10,10000
GCR_He,min,5,5623.413251903491,0.0,1,41,1.05018e-09,2.63453e-09,10000
GCR_He,min,5,5623.413251903491,0.0,1,42,2.02612e-09,2.97443e-09,10000
GCR_He,min,5,5623.413251903491,0.0,1,43,6.91617e-10,1.89401e-09,10000
GCR_He,min,5,5623.413251903491,0.0,1,44,1.45021e-09,2.78855e-09,10000
GCR_He,min,5,5623.413251903491,0.0,1,45,2.20309e-10,9.96285e-10,10000
GCR_He,min,5,5623.413251903491,0.0,1,46,2.42234e-10,1.26025e-09,10000
GCR_He,min,5,5623.413251903491,0.0,1,47,1.14721e-10,1.11466e-09,10000
GCR_He,min,5,5623.413251903491,0.0,1,48,8.34474e-11,1.13457e-09,10000
GCR_He,min,5,5623.413251903491,0.0,1,49,5.21684e-10,1.82038e-09,10000
GCR_He,min,5,5623.413251903491,0.0,1,50,6.72755e-10,2.00619e-09,10000
GCR_He,min,5,5623.413251903491,0.0,1,51,2.98025e-10,1.60065e-09,10000
GCR_He,min,5,5623.413251903491,0.0,1,52,4.24018e-10,1.40371e-09,10000
GCR_He,min,5,5623.413251903491,0.0,1,53,1.99195e-10,1.82363e-09,10000
GCR_He,min,5,5623.413251903491,0.0,1,54,3.5059e-10,2.02058e-09,10000
GCR_He,min,5,5623.413251903491,0.0,1,55,9.85894e-12,9.9686e-10,10000
GCR_He,min,5,5623.413251903491,0.0,1,56,9.88209e-11,1.75494e-09,10000
GCR_He,min,5,5623.413251903491,0.0,1,57,6.74121e-12,4.22382e-10,10000
GCR_He,min,5,5623.413251903491,0.0,1,58,1.70604e-10,1.92403e-09,10000
GCR_He,min,5,5623.413251903491,0.0,1,59,2.55317e-11,4.32009e-09,10000
GCR_He,min,5,5623.413251903491,0.0,1,60,6.71262e-11,1.9328e-09,10000
GCR_He,min,5,5623.413251903491,0.0,1,61,9.42122e-10,6.4974e-10,10000
GCR_He,min,5,5623.413251903491,0.0,1,62,1.13159e-11,1.50879e-09,10000
GCR_He,min,5,5623.413251903491,0.0,1,63,8.7004e-12,1.74357e-09,10000
GCR_He,min,5,5623.413251903491,0.0,1,64,1.07421e-11,1.43229e-09,10000
GCR_He,min,5,5623.413251903491,0.0,1,65,6.92949e-12,1.38868e-09,10000
GCR_He,min,5,5623.413251903491,0.0,1,66,0.0,0.0,10000
GCR_He,min,5,5623.413251903491,0.0,1,67,1.53841e-12,2.11031e-10,10000
GCR_He,min,5,5623.413251903491,0.0,1,68,0.0,0.0,10000
GCR_He,min,5,5623.413251903491,0.0,1,69,1.20737e-12,1.64717e-10,10000
GCR_He,min,5,5623.413251903491,0.0,1,70,3.50281e-11,2.51638e-09,10000
GCR_He,min,5,5623.413251903491,0.0,1,71,1.95139e-10,3.60833e-09,10000
GCR_He,min,5,5623.413251903491,0.0,1,72,4.73441e-10,3.15648e-09,10000
GCR_He,min,5,5623.413251903491,0.0,1,73,7.61696e-10,3.04666e-09,10000
GCR_He,min,5,5623.413251903491,0.0,1,74,1.4279e-09,2.19677e-09,10000
GCR_He,min,5,5623.413251903491,0.0,1,75,8.12427e-10,2.32109e-09,10000
GCR_He,min,5,5623.413251903491,0.0,1,76,1.26181e-10,1.40217e-09,10000
GCR_He,min,5,5623.413251903491,0.0,1,77,6.55745e-11,1.19183e-09,10000
GCR_He,min,5,5623.413251903491,0.0,1,78,2.73556e-10,4.55926e-09,10000
GCR_He,min,5,5623.413251903491,0.0,1,79,4.64673e-10,4.8913e-09,10000
GCR_He,min,5,5623.413251903491,0.0,1,80,3.99273e-10,6.65455e-09,10000
GCR_He,min,5,5623.413251903491,0.0,1,81,3.01383e-10,7.53268e-09,10000
GCR_He,min,5,5623.413251903491,0.0,1,82,3.16312e-10,3.51497e-09,10000
GCR_He,min,5,5623.413251903491,0.0,1,83,1.15644e-10,3.30413e-09,10000
GCR_He,min,5,5623.413251903491,0.0,1,84,9.49415e-11,2.37294e-09,10000
GCR_He,min,5,5623.413251903491,0.0,1,85,1.89488e-10,2.52752e-09,10000
GCR_He,min,5,5623.413251903491,0.0,1,86,8.08551e-11,2.69697e-09,10000
GCR_He,min,5,5623.413251903491,0.0,1,87,7.91655e-10,2.3991e-09,10000
GCR_He,min,5,5623.413251903491,0.0,1,88,1.23855e-09,2.42848e-09,10000
GCR_He,min,5,5623.413251903491,0.0,1,89,3.24433e-10,3.02868e-09,10000
GCR_He,min,5,5623.413251903491,0.0,1,90,1.20856e-10,3.15965e-09,10000
GCR_He,min,5,5623.413251903491,0.0,1,91,1.88077e-11,2.46496e-09,10000
GCR_He,min,5,5623.413251903491,0.0,1,92,2.10548e-10,1.91547e-09,10000
GCR_He,min,5,5623.413251903491,0.0,1,93,5.82993e-11,1.48533e-09,10000
GCR_He,min,5,5623.413251903491,0.0,1,94,1.1208e-11,1.42415e-09,10000
GCR_He,min,5,5623.413251903491,0.0,1,95,5.62136e-09,3.12296e-09,10000
GCR_He,min,5,5623.413251903491,0.0,1,96,1.51298e-10,1.91492e-09,10000
GCR_He,min,5,5623.413251903491,0.0,1,97,9.90049e-10,2.07236e-09,10000
GCR_He,min,5,5623.413251903491,0.0,1,98,1.21012e-10,1.69154e-09,10000
GCR_He,min,5,5623.413251903491,0.0,1,99,1.0079e-09,1.73752e-09,10000
GCR_He,min,5,5623.413251903491,0.0,1,100,1.68035e-12,7.43518e-10,10000
GCR_He,min,5,5623.413251903491,0.0,1,101,3.60668e-12,5.63544e-10,10000
GCR_He,min,5,5623.413251903491,0.0,1,102,4.40161e-12,7.36056e-10,10000
GCR_He,min,5,5623.413251903491,0.0,1,103,2.66599e-10,2.55363e-09,10000
GCR_He,min,5,5623.413251903491,0.0,1,104,1.04546e-11,1.3352e-09,10000
GCR_He,min,5,5623.413251903491,0.0,1,105,2.18797e-11,1.97114e-09,10000
GCR_He,min,5,5623.413251903491,0.0,1,106,9.04347e-10,7.42601e-10,10000
GCR_He,min,5,5623.413251903491,0.0,1,107,3.55699e-08,2.37025e-09,10000
GCR_He,min,5,5623.413251903491,0.0,1,108,4.57575e-09,1.66359e-09,10000
GCR_He,min,5,5623.413251903491,0.0,1,109,1.73856e-08,1.73423e-09,10000
GCR_He,min,5,5623.413251903491,0.0,1,110,1.00555e-10,2.51326e-09,10000
GCR_He,min,5,5623.413251903491,0.0,1,111,0.0,0.0,10000
GCR_He,min,5,5623.413251903491,0.0,1,112,0.0,0.0,10000
GCR_He,min,5,5623.413251903491,0.0,1,113,4.21037e-10,3.0074e-09,10000
GCR_He,min,5,5623.413251903491,0.0,1,114,1.58253e-13,2.63755e-10,10000
GCR_He,min,5,5623.413251903491,0.0,1,115,6.29828e-11,3.70269e-09,10000
GCR_He,min,5,5623.413251903491,0.0,1,116,6.85419e-10,6.53708e-10,10000
GCR_He,min,5,5623.413251903491,0.0,1,117,3.14805e-08,2.5449e-09,10000
GCR_He,min,5,5623.413251903491,0.0,1,118,3.10579e-09,1.88978e-09,10000
GCR_He,min,5,5623.413251903491,0.0,1,119,1.06001e-08,1.96427e-09,10000
GCR_He,min,5,5623.413251903491,0.0,1,120,2.12092e-11,4.99157e-10,10000
GCR_He,min,5,5623.413251903491,0.0,1,121,3.41565e-11,8.0387e-10,10000
GCR_He,min,5,5623.413251903491,0.0,1,122,1.66177e-10,5.7039e-10,10000
GCR_He,min,5,5623.413251903491,0.0,1,123,3.46658e-09,2.36593e-09,10000
GCR_He,min,5,5623.413251903491,0.0,1,124,1.08353e-09,1.69559e-09,10000
GCR_He,min,5,5623.413251903491,0.0,1,125,2.0568e-09,1.54364e-09,10000
GCR_He,min,5,5623.413251903491,0.0,1,126,5.36585e-11,1.46528e-09,10000
GCR_He,min,5,5623.413251903491,0.0,1,127,5.99001e-10,3.99361e-09,10000
GCR_He,min,5,5623.413251903491,0.0,1,128,1.70305e-11,3.40338e-10,10000
GCR_He,min,5,5623.413251903491,0.0,1,129,4.88731e-11,2.79594e-09,10000
GCR_He,min,5,5623.413251903491,0.0,1,130,3.68626e-11,2.10403e-09,10000
GCR_He,min,5,5623.413251903491,0.0,1,131,2.34183e-11,9.37109e-10,10000
GCR_He,min,5,5623.413251903491,0.0,1,132,2.03028e-11,1.01565e-09,10000
GCR_He,min,5,5623.413251903491,0.0,1,133,1.93371e-11,4.57358e-10,10000
GCR_He,min,5,5623.413251903491,0.0,1,134,2.64923e-12,8.80144e-10,10000
GCR_He,min,5,5623.413251903491,0.0,1,135,2.73161e-11,3.20988e-09,10000
GCR_He,min,5,5623.413251903491,0.0,1,136,2.01864e-11,2.69511e-09,10000
GCR_He,min,5,5623.413251903491,0.0,1,137,1.77274e-10,3.54478e-09,10000
GCR_He,min,5,5623.413251903491,0.0,1,138,6.49592e-10,3.24796e-09,10000
GCR_He,min,5,5623.413251903491,0.0,1,139,0.0,0.0,10000
GCR_He,min,5,5623.413251903491,0.0,1,140,1.14342e-13,5.71712e-10,10000
GCR_He,min,5,5623.413251903491,0.0,1,141,7.03929e-11,4.56208e-10,10000
GCR_He,min,5,5623.413251903491,0.0,2,0,3.12263e-10,0.0,10000
GCR_He,min,5,5623.413251903491,0.0,2,1,2.03351e-11,2.90502e-09,10000
GCR_He,min,5,5623.413251903491,0.0,2,2,2.49777e-11,3.56824e-09,10000
GCR_He,min,5,5623.413251903491,0.0,2,3,8.58548e-12,7.78375e-10,10000
GCR_He,min,5,5623.413251903491,0.0,2,4,2.34927e-11,8.26916e-10,10000
GCR_He,min,5,5623.413251903491,0.0,2,5,2.29956e-11,7.48311e-10,10000
GCR_He,min,5,5623.413251903491,0.0,2,6,1.87233e-12,3.67124e-10,10000
GCR_He,min,5,5623.413251903491,0.0,2,7,7.74483e-12,7.73709e-10,10000
GCR_He,min,5,5623.413251903491,0.0,2,8,1.23804e-10,1.86704e-09,10000
GCR_He,min,5,5623.413251903491,0.0,2,9,4.65609e-13,5.47775e-10,10000
GCR_He,min,5,5623.413251903491,0.0,2,10,6.01197e-10,2.21085e-09,10000
GCR_He,min,5,5623.413251903491,0.0,2,11,2.58374e-11,1.6436e-09,10000
GCR_He,min,5,5623.413251903491,0.0,2,12,1.65758e-10,1.99612e-09,10000
GCR_He,min,5,5623.413251903491,0.0,2,13,1.48071e-10,1.09471e-09,10000
GCR_He,min,5,5623.413251903491,0.0,2,14,1.64263e-10,8.88578e-10,10000
GCR_He,min,5,5623.413251903491,0.0,2,15,4.89015e-11,1.46062e-09,10000
GCR_He,min,5,5623.413251903491,0.0,2,16,2.72022e-10,2.12467e-09,10000
GCR_He,min,5,5623.413251903491,0.0,2,17,1.50937e-10,2.52699e-09,10000
GCR_He,min,5,5623.413251903491,0.0,2,18,7.80335e-11,2.10163e-09,10000
GCR_He,min,5,5623.413251903491,0.0,2,19,3.41697e-10,1.26181e-09,10000
GCR_He,min,5,5623.413251903491,0.0,2,20,2.1772e-10,1.19686e-09,10000
GCR_He,min,5,5623.413251903491,0.0,2,21,2.60081e-11,1.14725e-09,10000
GCR_He,min,5,5623.413251903491,0.0,2,22,2.79932e-10,1.55743e-09,10000
GCR_He,min,5,5623.413251903491,0.0,2,23,2.47961e-10,1.77635e-09,10000
GCR_He,min,5,5623.413251903491,0.0,2,24,4.19829e-11,8.78671e-10,10000
GCR_He,min,5,5623.413251903491,0.0,2,25,5.39319e-11,1.01643e-09,10000
GCR_He,min,5,5623.413251903491,0.0,2,26,2.4621e-10,4.37435e-10,10000
GCR_He,min,5,5623.413251903491,0.0,2,27,1.87717e-10,4.16169e-10,10000
GCR_He,min,5,5623.413251903491,0.0,2,28,6.43031e-10,2.45732e-09,10000
GCR_He,min,5,5623.413251903491,0.0,2,29,1.52024e-09,3.22052e-09,10000
GCR_He,min,5,5623.413251903491,0.0,2,30,5.0935e-11,1.97575e-09,10000
GCR_He,min,5,5623.413251903491,0.0,2,31,5.28386e-10,1.79668e-09,10000
GCR_He,min,5,5623.413251903491,0.0,2,32,1.07414e-09,2.44919e-09,10000
GCR_He,min,5,5623.413251903491,0.0,2,33,9.97619e-11,1.2333e-09,10000
GCR_He,min,5,5623.413251903491,0.0,2,34,6.42192e-10,1.2086e-09,10000
GCR_He,min,5,5623.413251903491,0.0,2,35,1.10788e-09,1.51894e-09,10000
GCR_He,min,5,5623.413251903491,0.0,2,36,6.51982e-11,8.28756e-10,10000
GCR_He,min,5,5623.413251903491,0.0,2,37,8.01201e-11,3.44514e-10,10000
GCR_He,min,5,5623.413251903491,0.0,2,38,2.19704e-10,4.32675e-10,10000
GCR_He,min,5,5623.413251903491,0.0,2,39,5.64855e-11,7.42059e-10,10000
GCR_He,min,5,5623.413251903491,0.0,2,40,5.72435e-11,7.74607e-10,10000
GCR_He,min,5,5623.413251903491,0.0,2,41,1.06817e-09,2.67968e-09,10000
GCR_He,min,5,5623.413251903491,0.0,2,42,1.9691e-09,2.89073e-09,10000
GCR_He,min,5,5623.413251903491,0.0,2,43,5.93964e-10,1.62659e-09,10000
GCR_He,min,5,5623.413251903491,0.0,2,44,1.24841e-09,2.40052e-09,10000
GCR_He,min,5,5623.413251903491,0.0,2,45,2.05265e-10,9.28255e-10,10000
GCR_He,min,5,5623.413251903491,0.0,2,46,1.73068e-10,9.00412e-10,10000
GCR_He,min,5,5623.413251903491,0.0,2,47,8.09464e-11,7.86498e-10,10000
GCR_He,min,5,5623.413251903491,0.0,2,48,5.63384e-11,7.65988e-10,10000
GCR_He,min,5,5623.413251903491,0.0,2,49,4.72584e-10,1.64905e-09,10000
GCR_He,min,5,5623.413251903491,0.0,2,50,6.67921e-10,1.99177e-09,10000
GCR_He,min,5,5623.413251903491,0.0,2,51,2.97507e-10,1.59787e-09,10000
GCR_He,min,5,5623.413251903491,0.0,2,52,4.97598e-10,1.64729e-09,10000
GCR_He,min,5,5623.413251903491,0.0,2,53,2.58549e-10,2.36702e-09,10000
GCR_He,min,5,5623.413251903491,0.0,2,54,4.48208e-10,2.58318e-09,10000
GCR_He,min,5,5623.413251903491,0.0,2,55,9.65948e-12,9.76692e-10,10000
GCR_He,min,5,5623.413251903491,0.0,2,56,1.00122e-10,1.77805e-09,10000
GCR_He,min,5,5623.413251903491,0.0,2,57,1.16089e-11,7.27378e-10,10000
GCR_He,min,5,5623.413251903491,0.0,2,58,1.65643e-10,1.86808e-09,10000
GCR_He,min,5,5623.413251903491,0.0,2,59,9.61114e-12,1.62625e-09,10000
GCR_He,min,5,5623.413251903491,0.0,2,60,5.00835e-11,1.44208e-09,10000
GCR_He,min,5,5623.413251903491,0.0,2,61,7.13097e-10,4.91791e-10,10000
GCR_He,min,5,5623.413251903491,0.0,2,62,1.75398e-11,2.33863e-09,10000
GCR_He,min,5,5623.413251903491,0.0,2,63,7.64012e-12,1.53109e-09,10000
GCR_He,min,5,5623.413251903491,0.0,2,64,1.06848e-11,1.42464e-09,10000
GCR_He,min,5,5623.413251903491,0.0,2,65,6.01576e-12,1.20556e-09,10000
GCR_He,min,5,5623.413251903491,0.0,2,66,8.29781e-14,4.36727e-10,10000
GCR_He,min,5,5623.413251903491,0.0,2,67,4.25686e-12,5.83932e-10,10000
GCR_He,min,5,5623.413251903491,0.0,2,68,0.0,0.0,10000
GCR_He,min,5,5623.413251903491,0.0,2,69,7.2607e-12,9.90546e-10,10000
GCR_He,min,5,5623.413251903491,0.0,2,70,6.9878e-11,5.01997e-09,10000
GCR_He,min,5,5623.413251903491,0.0,2,71,2.45942e-10,4.54775e-09,10000
GCR_He,min,5,5623.413251903491,0.0,2,72,3.81029e-10,2.54036e-09,10000
GCR_He,min,5,5623.413251903491,0.0,2,73,6.06761e-10,2.42695e-09,10000
GCR_He,min,5,5623.413251903491,0.0,2,74,1.42188e-09,2.18751e-09,10000
GCR_He,min,5,5623.413251903491,0.0,2,75,7.37228e-10,2.10625e-09,10000
GCR_He,min,5,5623.413251903491,0.0,2,76,1.79836e-10,1.99839e-09,10000
GCR_He,min,5,5623.413251903491,0.0,2,77,1.21197e-10,2.20278e-09,10000
GCR_He,min,5,5623.413251903491,0.0,2,78,2.56384e-10,4.27307e-09,10000
GCR_He,min,5,5623.413251903491,0.0,2,79,5.12875e-10,5.39869e-09,10000
GCR_He,min,5,5623.413251903491,0.0,2,80,2.56107e-10,4.26845e-09,10000
GCR_He,min,5,5623.413251903491,0.0,2,81,1.67845e-10,4.19508e-09,10000
GCR_He,min,5,5623.413251903491,0.0,2,82,2.76199e-10,3.06922e-09,10000
GCR_He,min,5,5623.413251903491,0.0,2,83,1.19932e-10,3.42663e-09,10000
GCR_He,min,5,5623.413251903491,0.0,2,84,8.14406e-11,2.03551e-09,10000
GCR_He,min,5,5623.413251903491,0.0,2,85,1.47876e-10,1.97247e-09,10000
GCR_He,min,5,5623.413251903491,0.0,2,86,1.0448e-10,3.48498e-09,10000
GCR_He,min,5,5623.413251903491,0.0,2,87,8.27966e-10,2.50914e-09,10000
GCR_He,min,5,5623.413251903491,0.0,2,88,1.17424e-09,2.30239e-09,10000
GCR_He,min,5,5623.413251903491,0.0,2,89,2.20188e-10,2.05553e-09,10000
GCR_He,min,5,5623.413251903491,0.0,2,90,7.7009e-11,2.01331e-09,10000
GCR_He,min,5,5623.413251903491,0.0,2,91,7.74746e-12,1.01539e-09,10000
GCR_He,min,5,5623.413251903491,0.0,2,92,2.23538e-10,2.03365e-09,10000
GCR_He,min,5,5623.413251903491,0.0,2,93,8.52077e-11,2.1709e-09,10000
GCR_He,min,5,5623.413251903491,0.0,2,94,1.55734e-11,1.97884e-09,10000
GCR_He,min,5,5623.413251903491,0.0,2,95,5.40276e-09,3.00151e-09,10000
GCR_He,min,5,5623.413251903491,0.0,2,96,1.20163e-10,1.52086e-09,10000
GCR_He,min,5,5623.413251903491,0.0,2,97,8.98358e-10,1.88043e-09,10000
GCR_He,min,5,5623.413251903491,0.0,2,98,1.3109e-10,1.8324e-09,10000
GCR_He,min,5,5623.413251903491,0.0,2,99,1.02402e-09,1.76531e-09,10000
GCR_He,min,5,5623.413251903491,0.0,2,100,1.81054e-12,8.01125e-10,10000
GCR_He,min,5,5623.413251903491,0.0,2,101,8.07658e-12,1.26197e-09,10000
GCR_He,min,5,5623.413251903491,0.0,2,102,5.64947e-12,9.44727e-10,10000
GCR_He,min,5,5623.413251903491,0.0,2,103,2.43067e-10,2.32822e-09,10000
GCR_He,min,5,5623.413251903491,0.0,2,104,1.3177e-11,1.68289e-09,10000
GCR_He,min,5,5623.413251903491,0.0,2,105,2.31122e-11,2.08218e-09,10000
GCR_He,min,5,5623.413251903491,0.0,2,106,8.3661e-10,6.86979e-10,10000
GCR_He,min,5,5623.413251903491,0.0,2,107,3.62204e-08,2.41359e-09,10000
GCR_He,min,5,5623.413251903491,0.0,2,108,4.62085e-09,1.67999e-09,10000
GCR_He,min,5,5623.413251903491,0.0,2,109,1.84094e-08,1.83635e-09,10000
GCR_He,min,5,5623.413251903491,0.0,2,110,5.04166e-11,1.2601e-09,10000
GCR_He,min,5,5623.413251903491,0.0,2,111,0.0,0.0,10000
GCR_He,min,5,5623.413251903491,0.0,2,112,0.0,0.0,10000
GCR_He,min,5,5623.413251903491,0.0,2,113,5.17901e-10,3.6993e-09,10000
GCR_He,min,5,5623.413251903491,0.0,2,114,2.85905e-14,4.76508e-11,10000
GCR_He,min,5,5623.413251903491,0.0,2,115,7.46614e-11,4.38927e-09,10000
GCR_He,min,5,5623.413251903491,0.0,2,116,6.59165e-10,6.28669e-10,10000
GCR_He,min,5,5623.413251903491,0.0,2,117,3.09852e-08,2.50486e-09,10000
GCR_He,min,5,5623.413251903491,0.0,2,118,3.03192e-09,1.84483e-09,10000
GCR_He,min,5,5623.413251903491,0.0,2,119,1.06306e-08,1.96992e-09,10000
GCR_He,min,5,5623.413251903491,0.0,2,120,7.07798e-11,1.6658e-09,10000
GCR_He,min,5,5623.413251903491,0.0,2,121,2.43634e-11,5.73391e-10,10000
GCR_He,min,5,5623.413251903491,0.0,2,122,1.58497e-10,5.44028e-10,10000
GCR_He,min,5,5623.413251903491,0.0,2,123,3.44774e-09,2.35307e-09,10000
GCR_He,min,5,5623.413251903491,0.0,2,124,1.09524e-09,1.71391e-09,10000
GCR_He,min,5,5623.413251903491,0.0,2,125,2.24958e-09,1.68833e-09,10000
GCR_He,min,5,5623.413251903491,0.0,2,126,8.38435e-11,2.28956e-09,10000
GCR_He,min,5,5623.413251903491,0.0,2,127,5.83945e-10,3.89323e-09,10000
GCR_He,min,5,5623.413251903491,0.0,2,128,2.82869e-11,5.65285e-10,10000
GCR_He,min,5,5623.413251903491,0.0,2,129,4.84816e-11,2.77355e-09,10000
GCR_He,min,5,5623.413251903491,0.0,2,130,3.20057e-11,1.82681e-09,10000
GCR_He,min,5,5623.413251903491,0.0,2,131,3.83084e-11,1.53295e-09,10000
GCR_He,min,5,5623.413251903491,0.0,2,132,1.17838e-11,5.89484e-10,10000
GCR_He,min,5,5623.413251903491,0.0,2,133,3.21207e-11,7.59713e-10,10000
GCR_He,min,5,5623.413251903491,0.0,2,134,5.38934e-14,1.79048e-11,10000
GCR_He,min,5,5623.413251903491,0.0,2,135,1.76829e-11,2.0779e-09,10000
GCR_He,min,5,5623.413251903491,0.0,2,136,1.20161e-11,1.60428e-09,10000
GCR_He,min,5,5623.413251903491,0.0,2,137,2.5234e-10,5.04579e-09,10000
GCR_He,min,5,5623.413251903491,0.0,2,138,8.35749e-10,4.17875e-09,10000
GCR_He,min,5,5623.413251903491,0.0,2,139,0.0,0.0,10000
GCR_He,min,5,5623.413251903491,0.0,2,140,9.38084e-14,4.69042e-10,10000
GCR_He,min,5,5623.413251903491,0.0,2,141,5.43015e-11,3.51922e-10,10000
SEP_p,max,0,0.019046714781460566,0.0,1,0,0.0,0.0,10000
SEP_p,max,0,0.019046714781460566,0.0,1,1,0.0,0.0,10000
SEP_p,max,0,0.019046714781460566,0.0,1,2,0.0,0.0,10000
SEP_p,max,0,0.019046714781460566,0.0,1,3,0.0,0.0,10000
SEP_p,max,0,0.019046714781460566,0.0,1,4,0.0,0.0,10000
SEP_p,max,0,0.019046714781460566,0.0,1,5,0.0,0.0,10000
SEP_p,max,0,0.019046714781460566,0.0,1,6,0.0,0.0,10000
SEP_p,max,0,0.019046714781460566,0.0,1,7,0.0,0.0,10000
SEP_p,max,0,0.019046714781460566,0.0,1,8,0.0,0.0,10000
SEP_p,max,0,0.019046714781460566,0.0,1,9,0.0,0.0,10000
SEP_p,max,0,0.019046714781460566,0.0,1,10,0.0,0.0,10000
SEP_p,max,0,0.019046714781460566,0.0,1,11,0.0,0.0,10000
SEP_p,max,0,0.019046714781460566,0.0,1,12,0.0,0.0,10000
SEP_p,max,0,0.019046714781460566,0.0,1,13,0.0,0.0,10000
SEP_p,max,0,0.019046714781460566,0.0,1,14,0.0,0.0,10000
SEP_p,max,0,0.019046714781460566,0.0,1,15,0.0,0.0,10000
SEP_p,max,0,0.019046714781460566,0.0,1,16,0.0,0.0,10000
SEP_p,max,0,0.019046714781460566,0.0,1,17,0.0,0.0,10000
SEP_p,max,0,0.019046714781460566,0.0,1,18,0.0,0.0,10000
SEP_p,max,0,0.019046714781460566,0.0,1,19,0.0,0.0,10000
SEP_p,max,0,0.019046714781460566,0.0,1,20,0.0,0.0,10000
SEP_p,max,0,0.019046714781460566,0.0,1,21,0.0,0.0,10000
SEP_p,max,0,0.019046714781460566,0.0,1,22,0.0,0.0,10000
SEP_p,max,0,0.019046714781460566,0.0,1,23,0.0,0.0,10000
SEP_p,max,0,0.019046714781460566,0.0,1,24,0.0,0.0,10000
SEP_p,max,0,0.019046714781460566,0.0,1,25,0.0,0.0,10000
SEP_p,max,0,0.019046714781460566,0.0,1,26,0.0,0.0,10000
SEP_p,max,0,0.019046714781460566,0.0,1,27,0.0,0.0,10000
SEP_p,max,0,0.019046714781460566,0.0,1,28,0.0,0.0,10000
SEP_p,max,0,0.019046714781460566,0.0,1,29,0.0,0.0,10000
SEP_p,max,0,0.019046714781460566,0.0,1,30,0.0,0.0,10000
SEP_p,max,0,0.019046714781460566,0.0,1,31,0.0,0.0,10000
SEP_p,max,0,0.019046714781460566,0.0,1,32,0.0,0.0,10000
SEP_p,max,0,0.019046714781460566,0.0,1,33,0.0,0.0,10000
SEP_p,max,0,0.019046714781460566,0.0,1,34,0.0,0.0,10000
SEP_p,max,0,0.019046714781460566,0.0,1,35,0.0,0.0,10000
SEP_p,max,0,0.019046714781460566,0.0,1,36,0.0,0.0,10000
SEP_p,max,0,0.019046714781460566,0.0,1,37,0.0,0.0,10000
SEP_p,max,0,0.019046714781460566,0.0,1,38,0.0,0.0,10000
SEP_p,max,0,0.019046714781460566,0.0,1,39,0.0,0.0,10000
SEP_p,max,0,0.019046714781460566,0.0,1,40,0.0,0.0,10000
SEP_p,max,0,0.019046714781460566,0.0,1,41,0.0,0.0,10000
SEP_p,max,0,0.019046714781460566,0.0,1,42,0.0,0.0,10000
SEP_p,max,0,0.019046714781460566,0.0,1,43,0.0,0.0,10000
SEP_p,max,0,0.019046714781460566,0.0,1,44,0.0,0.0,10000
SEP_p,max,0,0.019046714781460566,0.0,1,45,0.0,0.0,10000
SEP_p,max,0,0.019046714781460566,0.0,1,46,0.0,0.0,10000
SEP_p,max,0,0.019046714781460566,0.0,1,47,0.0,0.0,10000
SEP_p,max,0,0.019046714781460566,0.0,1,48,0.0,0.0,10000
SEP_p,max,0,0.019046714781460566,0.0,1,49,0.0,0.0,10000
SEP_p,max,0,0.019046714781460566,0.0,1,50,0.0,0.0,10000
SEP_p,max,0,0.019046714781460566,0.0,1,51,0.0,0.0,10000
SEP_p,max,0,0.019046714781460566,0.0,1,52,0.0,0.0,10000
SEP_p,max,0,0.019046714781460566,0.0,1,53,0.0,0.0,10000
SEP_p,max,0,0.019046714781460566,0.0,1,54,0.0,0.0,10000
SEP_p,max,0,0.019046714781460566,0.0,1,55,0.0,0.0,10000
SEP_p,max,0,0.019046714781460566,0.0,1,56,0.0,0.0,10000
SEP_p,max,0,0.019046714781460566,0.0,1,57,0.0,0.0,10000
SEP_p,max,0,0.019046714781460566,0.0,1,58,0.0,0.0,10000
SEP_p,max,0,0.019046714781460566,0.0,1,59,0.0,0.0,10000
SEP_p,max,0,0.019046714781460566,0.0,1,60,0.0,0.0,10000
SEP_p,max,0,0.019046714781460566,0.0,1,61,0.0,0.0,10000
SEP_p,max,0,0.019046714781460566,0.0,1,62,0.0,0.0,10000
SEP_p,max,0,0.019046714781460566,0.0,1,63,0.0,0.0,10000
SEP_p,max,0,0.019046714781460566,0.0,1,64,0.0,0.0,10000
SEP_p,max,0,0.019046714781460566,0.0,1,65,0.0,0.0,10000
SEP_p,max,0,0.019046714781460566,0.0,1,66,0.0,0.0,10000
SEP_p,max,0,0.019046714781460566,0.0,1,67,0.0,0.0,10000
SEP_p,max,0,0.019046714781460566,0.0,1,68,0.0,0.0,10000
SEP_p,max,0,0.019046714781460566,0.0,1,69,0.0,0.0,10000
SEP_p,max,0,0.019046714781460566,0.0,1,70,0.0,0.0,10000
SEP_p,max,0,0.019046714781460566,0.0,1,71,0.0,0.0,10000
SEP_p,max,0,0.019046714781460566,0.0,1,72,0.0,0.0,10000
SEP_p,max,0,0.019046714781460566,0.0,1,73,0.0,0.0,10000
SEP_p,max,0,0.019046714781460566,0.0,1,74,0.0,0.0,10000
SEP_p,max,0,0.019046714781460566,0.0,1,75,0.0,0.0,10000
SEP_p,max,0,0.019046714781460566,0.0,1,76,0.0,0.0,10000
SEP_p,max,0,0.019046714781460566,0.0,1,77,0.0,0.0,10000
SEP_p,max,0,0.019046714781460566,0.0,1,78,0.0,0.0,10000
SEP_p,max,0,0.019046714781460566,0.0,1,79,0.0,0.0,10000
SEP_p,max,0,0.019046714781460566,0.0,1,80,0.0,0.0,10000
SEP_p,max,0,0.019046714781460566,0.0,1,81,0.0,0.0,10000
SEP_p,max,0,0.019046714781460566,0.0,1,82,0.0,0.0,10000
SEP_p,max,0,0.019046714781460566,0.0,1,83,0.0,0.0,10000
SEP_p,max,0,0.019046714781460566,0.0,1,84,0.0,0.0,10000
SEP_p,max,0,0.019046714781460566,0.0,1,85,0.0,0.0,10000
SEP_p,max,0,0.019046714781460566,0.0,1,86,0.0,0.0,10000
SEP_p,max,0,0.019046714781460566,0.0,1,87,0.0,0.0,10000
SEP_p,max,0,0.019046714781460566,0.0,1,88,0.0,0.0,10000
SEP_p,max,0,0.019046714781460566,0.0,1,89,0.0,0.0,10000
SEP_p,max,0,0.019046714781460566,0.0,1,90,0.0,0.0,10000
SEP_p,max,0,0.019046714781460566,0.0,1,91,0.0,0.0,10000
SEP_p,max,0,0.019046714781460566,0.0,1,92,0.0,0.0,10000
SEP_p,max,0,0.019046714781460566,0.0,1,93,0.0,0.0,10000
SEP_p,max,0,0.019046714781460566,0.0,1,94,0.0,0.0,10000
SEP_p,max,0,0.019046714781460566,0.0,1,95,0.0,0.0,10000
SEP_p,max,0,0.019046714781460566,0.0,1,96,0.0,0.0,10000
SEP_p,max,0,0.019046714781460566,0.0,1,97,0.0,0.0,10000
SEP_p,max,0,0.019046714781460566,0.0,1,98,0.0,0.0,10000
SEP_p,max,0,0.019046714781460566,0.0,1,99,0.0,0.0,10000
SEP_p,max,0,0.019046714781460566,0.0,1,100,0.0,0.0,10000
SEP_p,max,0,0.019046714781460566,0.0,1,101,0.0,0.0,10000
SEP_p,max,0,0.019046714781460566,0.0,1,102,0.0,0.0,10000
SEP_p,max,0,0.019046714781460566,0.0,1,103,0.0,0.0,10000
SEP_p,max,0,0.019046714781460566,0.0,1,104,0.0,0.0,10000
SEP_p,max,0,0.019046714781460566,0.0,1,105,0.0,0.0,10000
SEP_p,max,0,0.019046714781460566,0.0,1,106,0.0,0.0,10000
SEP_p,max,0,0.019046714781460566,0.0,1,107,0.0,0.0,10000
SEP_p,max,0,0.019046714781460566,0.0,1,108,0.0,0.0,10000
SEP_p,max,0,0.019046714781460566,0.0,1,109,0.0,0.0,10000
SEP_p,max,0,0.019046714781460566,0.0,1,110,0.0,0.0,10000
SEP_p,max,0,0.019046714781460566,0.0,1,111,0.0,0.0,10000
SEP_p,max,0,0.019046714781460566,0.0,1,112,0.0,0.0,10000
SEP_p,max,0,0.019046714781460566,0.0,1,113,0.0,0.0,10000
SEP_p,max,0,0.019046714781460566,0.0,1,114,0.0,0.0,10000
SEP_p,max,0,0.019046714781460566,0.0,1,115,0.0,0.0,10000
SEP_p,max,0,0.019046714781460566,0.0,1,116,0.0,0.0,10000
SEP_p,max,0,0.019046714781460566,0.0,1,117,0.0,0.0,10000
SEP_p,max,0,0.019046714781460566,0.0,1,118,0.0,0.0,10000
SEP_p,max,0,0.019046714781460566,0.0,1,119,0.0,0.0,10000
SEP_p,max,0,0.019046714781460566,0.0,1,120,0.0,0.0,10000
SEP_p,max,0,0.019046714781460566,0.0,1,121,0.0,0.0,10000
SEP_p,max,0,0.019046714781460566,0.0,1,122,0.0,0.0,10000
SEP_p,max,0,0.019046714781460566,0.0,1,123,0.0,0.0,10000
SEP_p,max,0,0.019046714781460566,0.0,1,124,0.0,0.0,10000
SEP_p,max,0,0.019046714781460566,0.0,1,125,0.0,0.0,10000
SEP_p,max,0,0.019046714781460566,0.0,1,126,0.0,0.0,10000
SEP_p,max,0,0.019046714781460566,0.0,1,127,0.0,0.0,10000
SEP_p,max,0,0.019046714781460566,0.0,1,128,0.0,0.0,10000
SEP_p,max,0,0.019046714781460566,0.0,1,129,0.0,0.0,10000
SEP_p,max,0,0.019046714781460566,0.0,1,130,0.0,0.0,10000
SEP_p,max,0,0.019046714781460566,0.0,1,131,0.0,0.0,10000
SEP_p,max,0,0.019046714781460566,0.0,1,132,0.0,0.0,10000
SEP_p,max,0,0.019046714781460566,0.0,1,133,0.0,0.0,10000
SEP_p,max,0,0.019046714781460566,0.0,1,134,0.0,0.0,10000
SEP_p,max,0,0.019046714781460566,0.0,1,135,0.0,0.0,10000
SEP_p,max,0,0.019046714781460566,0.0,1,136,0.0,0.0,10000
SEP_p,max,0,0.019046714781460566,0.0,1,137,0.0,0.0,10000
SEP_p,max,0,0.019046714781460566,0.0,1,138,0.0,0.0,10000
SEP_p,max,0,0.019046714781460566,0.0,1,139,0.0,0.0,10000
SEP_p,max,0,0.019046714781460566,0.0,1,140,0.0,0.0,10000
SEP_p,max,0,0.019046714781460566,0.0,1,141,0.0,0.0,10000
SEP_p,max,0,0.019046714781460566,0.0,2,0,0.0,0.0,10000
SEP_p,max,0,0.019046714781460566,0.0,2,1,0.0,0.0,10000
SEP_p,max,0,0.019046714781460566,0.0,2,2,0.0,0.0,10000
SEP_p,max,0,0.019046714781460566,0.0,2,3,0.0,0.0,10000
SEP_p,max,0,0.019046714781460566,0.0,2,4,0.0,0.0,10000
SEP_p,max,0,0.019046714781460566,0.0,2,5,0.0,0.0,10000
SEP_p,max,0,0.019046714781460566,0.0,2,6,0.0,0.0,10000
SEP_p,max,0,0.019046714781460566,0.0,2,7,0.0,0.0,10000
SEP_p,max,0,0.019046714781460566,0.0,2,8,0.0,0.0,10000
SEP_p,max,0,0.019046714781460566,0.0,2,9,0.0,0.0,10000
SEP_p,max,0,0.019046714781460566,0.0,2,10,0.0,0.0,10000
SEP_p,max,0,0.019046714781460566,0.0,2,11,0.0,0.0,10000
SEP_p,max,0,0.019046714781460566,0.0,2,12,0.0,0.0,10000
SEP_p,max,0,0.019046714781460566,0.0,2,13,0.0,0.0,10000
SEP_p,max,0,0.019046714781460566,0.0,2,14,0.0,0.0,10000
SEP_p,max,0,0.019046714781460566,0.0,2,15,0.0,0.0,10000
SEP_p,max,0,0.019046714781460566,0.0,2,16,0.0,0.0,10000
SEP_p,max,0,0.019046714781460566,0.0,2,17,0.0,0.0,10000
SEP_p,max,0,0.019046714781460566,0.0,2,18,0.0,0.0,10000
SEP_p,max,0,0.019046714781460566,0.0,2,19,0.0,0.0,10000
SEP_p,max,0,0.019046714781460566,0.0,2,20,0.0,0.0,10000
SEP_p,max,0,0.019046714781460566,0.0,2,21,0.0,0.0,10000
SEP_p,max,0,0.019046714781460566,0.0,2,22,0.0,0.0,10000
SEP_p,max,0,0.019046714781460566,0.0,2,23,0.0,0.0,10000
SEP_p,max,0,0.019046714781460566,0.0,2,24,0.0,0.0,10000
SEP_p,max,0,0.019046714781460566,0.0,2,25,0.0,0.0,10000
SEP_p,max,0,0.019046714781460566,0.0,2,26,0.0,0.0,10000
SEP_p,max,0,0.019046714781460566,0.0,2,27,0.0,0.0,10000
SEP_p,max,0,0.019046714781460566,0.0,2,28,0.0,0.0,10000
SEP_p,max,0,0.019046714781460566,0.0,2,29,0.0,0.0,10000
SEP_p,max,0,0.019046714781460566,0.0,2,30,0.0,0.0,10000
SEP_p,max,0,0.019046714781460566,0.0,2,31,0.0,0.0,10000
SEP_p,max,0,0.019046714781460566,0.0,2,32,0.0,0.0,10000
SEP_p,max,0,0.019046714781460566,0.0,2,33,0.0,0.0,10000
SEP_p,max,0,0.019046714781460566,0.0,2,34,0.0,0.0,10000
SEP_p,max,0,0.019046714781460566,0.0,2,35,0.0,0.0,10000
SEP_p,max,0,0.019046714781460566,0.0,2,36,0.0,0.0,10000
SEP_p,max,0,0.019046714781460566,0.0,2,37,0.0,0.0,10000
SEP_p,max,0,0.019046714781460566,0.0,2,38,0.0,0.0,10000
SEP_p,max,0,0.019046714781460566,0.0,2,39,0.0,0.0,10000
SEP_p,max,0,0.019046714781460566,0.0,2,40,0.0,0.0,10000
SEP_p,max,0,0.019046714781460566,0.0,2,41,0.0,0.0,10000
SEP_p,max,0,0.019046714781460566,0.0,2,42,0.0,0.0,10000
SEP_p,max,0,0.019046714781460566,0.0,2,43,0.0,0.0,10000
SEP_p,max,0,0.019046714781460566,0.0,2,44,0.0,0.0,10000
SEP_p,max,0,0.019046714781460566,0.0,2,45,0.0,0.0,10000
SEP_p,max,0,0.019046714781460566,0.0,2,46,0.0,0.0,10000
SEP_p,max,0,0.019046714781460566,0.0,2,47,0.0,0.0,10000
SEP_p,max,0,0.019046714781460566,0.0,2,48,0.0,0.0,10000
SEP_p,max,0,0.019046714781460566,0.0,2,49,0.0,0.0,10000
SEP_p,max,0,0.019046714781460566,0.0,2,50,0.0,0.0,10000
SEP_p,max,0,0.019046714781460566,0.0,2,51,0.0,0.0,10000
SEP_p,max,0,0.019046714781460566,0.0,2,52,0.0,0.0,10000
SEP_p,max,0,0.019046714781460566,0.0,2,53,0.0,0.0,10000
SEP_p,max,0,0.019046714781460566,0.0,2,54,0.0,0.0,10000
SEP_p,max,0,0.019046714781460566,0.0,2,55,0.0,0.0,10000
SEP_p,max,0,0.019046714781460566,0.0,2,56,0.0,0.0,10000
SEP_p,max,0,0.019046714781460566,0.0,2,57,0.0,0.0,10000
SEP_p,max,0,0.019046714781460566,0.0,2,58,0.0,0.0,10000
SEP_p,max,0,0.019046714781460566,0.0,2,59,0.0,0.0,10000
SEP_p,max,0,0.019046714781460566,0.0,2,60,0.0,0.0,10000
SEP_p,max,0,0.019046714781460566,0.0,2,61,0.0,0.0,10000
SEP_p,max,0,0.019046714781460566,0.0,2,62,0.0,0.0,10000
SEP_p,max,0,0.019046714781460566,0.0,2,63,0.0,0.0,10000
SEP_p,max,0,0.019046714781460566,0.0,2,64,0.0,0.0,10000
SEP_p,max,0,0.019046714781460566,0.0,2,65,0.0,0.0,10000
SEP_p,max,0,0.019046714781460566,0.0,2,66,0.0,0.0,10000
SEP_p,max,0,0.019046714781460566,0.0,2,67,0.0,0.0,10000
SEP_p,max,0,0.019046714781460566,0.0,2,68,0.0,0.0,10000
SEP_p,max,0,0.019046714781460566,0.0,2,69,0.0,0.0,10000
SEP_p,max,0,0.019046714781460566,0.0,2,70,0.0,0.0,10000
SEP_p,max,0,0.019046714781460566,0.0,2,71,0.0,0.0,10000
SEP_p,max,0,0.019046714781460566,0.0,2,72,0.0,0.0,10000
SEP_p,max,0,0.019046714781460566,0.0,2,73,0.0,0.0,10000
SEP_p,max,0,0.019046714781460566,0.0,2,74,0.0,0.0,10000
SEP_p,max,0,0.019046714781460566,0.0,2,75,0.0,0.0,10000
SEP_p,max,0,0.019046714781460566,0.0,2,76,0.0,0.0,10000
SEP_p,max,0,0.019046714781460566,0.0,2,77,0.0,0.0,10000
SEP_p,max,0,0.019046714781460566,0.0,2,78,0.0,0.0,10000
SEP_p,max,0,0.019046714781460566,0.0,2,79,0.0,0.0,10000
SEP_p,max,0,0.019046714781460566,0.0,2,80,0.0,0.0,10000
SEP_p,max,0,0.019046714781460566,0.0,2,81,0.0,0.0,10000
SEP_p,max,0,0.019046714781460566,0.0,2,82,0.0,0.0,10000
SEP_p,max,0,0.019046714781460566,0.0,2,83,0.0,0.0,10000
SEP_p,max,0,0.019046714781460566,0.0,2,84,0.0,0.0,10000
SEP_p,max,0,0.019046714781460566,0.0,2,85,0.0,0.0,10000
SEP_p,max,0,0.019046714781460566,0.0,2,86,0.0,0.0,10000
SEP_p,max,0,0.019046714781460566,0.0,2,87,0.0,0.0,10000
SEP_p,max,0,0.019046714781460566,0.0,2,88,0.0,0.0,10000
SEP_p,max,0,0.019046714781460566,0.0,2,89,0.0,0.0,10000
SEP_p,max,0,0.019046714781460566,0.0,2,90,0.0,0.0,10000
SEP_p,max,0,0.019046714781460566,0.0,2,91,0.0,0.0,10000
SEP_p,max,0,0.019046714781460566,0.0,2,92,0.0,0.0,10000
SEP_p,max,0,0.019046714781460566,0.0,2,93,0.0,0.0,10000
SEP_p,max,0,0.019046714781460566,0.0,2,94,0.0,0.0,10000
SEP_p,max,0,0.019046714781460566,0.0,2,95,0.0,0.0,10000
SEP_p,max,0,0.019046714781460566,0.0,2,96,0.0,0.0,10000
SEP_p,max,0,0.019046714781460566,0.0,2,97,0.0,0.0,10000
SEP_p,max,0,0.019046714781460566,0.0,2,98,0.0,0.0,10000
SEP_p,max,0,0.019046714781460566,0.0,2,99,0.0,0.0,10000
SEP_p,max,0,0.019046714781460566,0.0,2,100,0.0,0.0,10000
SEP_p,max,0,0.019046714781460566,0.0,2,101,0.0,0.0,10000
SEP_p,max,0,0.019046714781460566,0.0,2,102,0.0,0.0,10000
SEP_p,max,0,0.019046714781460566,0.0,2,103,0.0,0.0,10000
SEP_p,max,0,0.019046714781460566,0.0,2,104,0.0,0.0,10000
SEP_p,max,0,0.019046714781460566,0.0,2,105,0.0,0.0,10000
SEP_p,max,0,0.019046714781460566,0.0,2,106,0.0,0.0,10000
SEP_p,max,0,0.019046714781460566,0.0,2,107,0.0,0.0,10000
SEP_p,max,0,0.019046714781460566,0.0,2,108,0.0,0.0,10000
SEP_p,max,0,0.019046714781460566,0.0,2,109,0.0,0.0,10000
SEP_p,max,0,0.019046714781460566,0.0,2,110,0.0,0.0,10000
SEP_p,max,0,0.019046714781460566,0.0,2,111,0.0,0.0,10000
SEP_p,max,0,0.019046714781460566,0.0,2,112,0.0,0.0,10000
SEP_p,max,0,0.019046714781460566,0.0,2,113,0.0,0.0,10000
SEP_p,max,0,0.019046714781460566,0.0,2,114,0.0,0.0,10000
SEP_p,max,0,0.019046714781460566,0.0,2,115,0.0,0.0,10000
SEP_p,max,0,0.019046714781460566,0.0,2,116,0.0,0.0,10000
SEP_p,max,0,0.019046714781460566,0.0,2,117,0.0,0.0,10000
SEP_p,max,0,0.019046714781460566,0.0,2,118,0.0,0.0,10000
SEP_p,max,0,0.019046714781460566,0.0,2,119,0.0,0.0,10000
SEP_p,max,0,0.019046714781460566,0.0,2,120,0.0,0.0,10000
SEP_p,max,0,0.019046714781460566,0.0,2,121,0.0,0.0,10000
SEP_p,max,0,0.019046714781460566,0.0,2,122,0.0,0.0,10000
SEP_p,max,0,0.019046714781460566,0.0,2,123,0.0,0.0,10000
SEP_p,max,0,0.019046714781460566,0.0,2,124,0.0,0.0,10000
SEP_p,max,0,0.019046714781460566,0.0,2,125,0.0,0.0,10000
SEP_p,max,0,0.019046714781460566,0.0,2,126,0.0,0.0,10000
SEP_p,max,0,0.019046714781460566,0.0,2,127,0.0,0.0,10000
SEP_p,max,0,0.019046714781460566,0.0,2,128,0.0,0.0,10000
SEP_p,max,0,0.019046714781460566,0.0,2,129,0.0,0.0,10000
SEP_p,max,0,0.019046714781460566,0.0,2,130,0.0,0.0,10000
SEP_p,max,0,0.019046714781460566,0.0,2,131,0.0,0.0,10000
SEP_p,max,0,0.019046714781460566,0.0,2,132,0.0,0.0,10000
SEP_p,max,0,0.019046714781460566,0.0,2,133,0.0,0.0,10000
SEP_p,max,0,0.019046714781460566,0.0,2,134,0.0,0.0,10000
SEP_p,max,0,0.019046714781460566,0.0,2,135,0.0,0.0,10000
SEP_p,max,0,0.019046714781460566,0.0,2,136,0.0,0.0,10000
SEP_p,max,0,0.019046714781460566,0.0,2,137,0.0,0.0,10000
SEP_p,max,0,0.019046714781460566,0.0,2,138,0.0,0.0,10000
SEP_p,max,0,0.019046714781460566,0.0,2,139,0.0,0.0,10000
SEP_p,max,0,0.019046714781460566,0.0,2,140,0.0,0.0,10000
SEP_p,max,0,0.019046714781460566,0.0,2,141,0.0,0.0,10000
GCR_H,min,7,56234.13251903491,0.0,0,0,2.64374e-09,0.0,10000
GCR_H,min,7,56234.13251903491,0.0,0,1,2.92e-11,4.17143e-09,10000
GCR_H,min,7,56234.13251903491,0.0,0,2,4.25496e-11,6.07851e-09,10000
GCR_H,min,7,56234.13251903491,0.0,0,3,1.20358e-11,1.09118e-09,10000
GCR_H,min,7,56234.13251903491,0.0,0,4,3.82724e-11,1.34715e-09,10000
GCR_H,min,7,56234.13251903491,0.0,0,5,3.58377e-11,1.16621e-09,10000
GCR_H,min,7,56234.13251903491,0.0,0,6,6.05908e-12,1.18805e-09,10000
GCR_H,min,7,56234.13251903491,0.0,0,7,2.80764e-11,2.80483e-09,10000
GCR_H,min,7,56234.13251903491,0.0,0,8,1.91629e-10,2.8899e-09,10000
GCR_H,min,7,56234.13251903491,0.0,0,9,1.65303e-12,1.94475e-09,10000
GCR_H,min,7,56234.13251903491,0.0,0,10,2.45693e-09,9.03514e-09,10000
GCR_H,min,7,56234.13251903491,0.0,0,11,8.57256e-11,5.45328e-09,10000
GCR_H,min,7,56234.13251903491,0.0,0,12,3.7205e-10,4.48037e-09,10000
GCR_H,min,7,56234.13251903491,0.0,0,13,3.69151e-10,2.7292e-09,10000
GCR_H,min,7,56234.13251903491,0.0,0,14,4.4884e-10,2.428e-09,10000
GCR_H,min,7,56234.13251903491,0.0,0,15,1.32255e-10,3.95025e-09,10000
GCR_H,min,7,56234.13251903491,0.0,0,16,4.36172e-10,3.40679e-09,10000
GCR_H,min,7,56234.13251903491,0.0,0,17,2.49066e-10,4.16986e-09,10000
GCR_H,min,7,56234.13251903491,0.0,0,18,1.45042e-10,3.90632e-09,10000
GCR_H,min,7,56234.13251903491,0.0,0,19,1.37112e-09,5.06323e-09,10000
GCR_H,min,7,56234.13251903491,0.0,0,20,9.94069e-10,5.46462e-09,10000
GCR_H,min,7,56234.13251903491,0.0,0,21,1.4334e-10,6.32289e-09,10000
GCR_H,min,7,56234.13251903491,0.0,0,22,1.05833e-09,5.8881e-09,10000
GCR_H,min,7,56234.13251903491,0.0,0,23,9.18607e-10,6.58075e-09,10000
GCR_H,min,7,56234.13251903491,0.0,0,24,8.86014e-11,1.85436e-09,10000
GCR_H,min,7,56234.13251903491,0.0,0,25,1.12861e-10,2.12705e-09,10000
GCR_H,min,7,56234.13251903491,0.0,0,26,6.47014e-10,1.14953e-09,10000
GCR_H,min,7,56234.13251903491,0.0,0,27,5.44318e-10,1.20675e-09,10000
GCR_H,min,7,56234.13251903491,0.0,0,28,4.18615e-09,1.59972e-08,10000
GCR_H,min,7,56234.13251903491,0.0,0,29,9.70599e-09,2.05614e-08,10000
GCR_H,min,7,56234.13251903491,0.0,0,30,2.72005e-10,1.0551e-08,10000
GCR_H,min,7,56234.13251903491,0.0,0,31,1.66109e-09,5.64823e-09,10000
GCR_H,min,7,56234.13251903491,0.0,0,32,1.88163e-09,4.29038e-09,10000
GCR_H,min,7,56234.13251903491,0.0,0,33,5.5727e-10,6.88923e-09,10000
GCR_H,min,7,56234.13251903491,0.0,0,34,1.14551e-09,2.15585e-09,10000
GCR_H,min,7,56234.13251903491,0.0,0,35,1.86289e-09,2.55407e-09,10000
GCR_H,min,7,56234.13251903491,0.0,0,36,1.48404e-10,1.88641e-09,10000
GCR_H,min,7,56234.13251903491,0.0,0,37,1.70833e-10,7.34575e-10,10000
GCR_H,min,7,56234.13251903491,0.0,0,38,3.85226e-10,7.58648e-10,10000
GCR_H,min,7,56234.13251903491,0.0,0,39,9.48591e-11,1.24618e-09,10000
GCR_H,min,7,56234.13251903491,0.0,0,40,1.16028e-10,1.57007e-09,10000
GCR_H,min,7,56234.13251903491,0.0,0,41,1.19866e-08,3.00704e-08,10000
GCR_H,min,7,56234.13251903491,0.0,0,42,2.17705e-08,3.196e-08,10000
GCR_H,min,7,56234.13251903491,0.0,0,43,1.11425e-09,3.05141e-09,10000
GCR_H,min,7,56234.13251903491,0.0,0,44,1.95925e-09,3.76735e-09,10000
GCR_H,min,7,56234.13251903491,0.0,0,45,4.55901e-10,2.06169e-09,10000
GCR_H,min,7,56234.13251903491,0.0,0,46,4.57108e-10,2.37817e-09,10000
GCR_H,min,7,56234.13251903491,0.0,0,47,1.86231e-10,1.80948e-09,10000
GCR_H,min,7,56234.13251903491,0.0,0,48,1.49428e-10,2.03165e-09,10000
GCR_H,min,7,56234.13251903491,0.0,0,49,9.99634e-10,3.48815e-09,10000
GCR_H,min,7,56234.13251903491,0.0,0,50,1.39637e-09,4.16404e-09,10000
GCR_H,min,7,56234.13251903491,0.0,0,51,1.87278e-09,1.00584e-08,10000
GCR_H,min,7,56234.13251903491,0.0,0,52,3.5298e-09,1.16854e-08,10000
GCR_H,min,7,56234.13251903491,0.0,0,53,2.01016e-09,1.8403e-08,10000
GCR_H,min,7,56234.13251903491,0.0,0,54,3.82999e-09,2.20736e-08,10000
GCR_H,min,7,56234.13251903491,0.0,0,55,2.1425e-11,2.16633e-09,10000
GCR_H,min,7,56234.13251903491,0.0,0,56,1.32949e-10,2.36102e-09,10000
GCR_H,min,7,56234.13251903491,0.0,0,57,6.73567e-11,4.22035e-09,10000
GCR_H,min,7,56234.13251903491,0.0,0,58,1.53909e-09,1.73575e-08,10000
GCR_H,min,7,56234.13251903491,0.0,0,59,4.08723e-11,6.91579e-09,10000
GCR_H,min,7,56234.13251903491,0.0,0,60,9.20084e-11,2.64925e-09,10000
GCR_H,min,7,56234.13251903491,0.0,0,61,1.86436e-09,1.28577e-09,10000
GCR_H,min,7,56234.13251903491,0.0,0,62,2.15521e-11,2.87362e-09,10000
GCR_H,min,7,56234.13251903491,0.0,0,63,1.47063e-11,2.94715e-09,10000
GCR_H,min,7,56234.13251903491,0.0,0,64,2.25084e-11,3.00112e-09,10000
GCR_H,min,7,56234.13251903491,0.0,0,65,1.40123e-11,2.80808e-09,10000
GCR_H,min,7,56234.13251903491,0.0,0,66,5.53627e-14,2.91382e-10,10000
GCR_H,min,7,56234.13251903491,0.0,0,67,8.98303e-12,1.23224e-09,10000
GCR_H,min,7,56234.13251903491,0.0,0,68,3.05779e-13,1.60936e-09,10000
GCR_H,min,7,56234.13251903491,0.0,0,69,6.01627e-12,8.20774e-10,10000
GCR_H,min,7,56234.13251903491,0.0,0,70,5.44879e-11,3.91436e-09,10000
GCR_H,min,7,56234.13251903491,0.0,0,71,2.63304e-10,4.86879e-09,10000
GCR_H,min,7,56234.13251903491,0.0,0,72,5.80871e-10,3.87273e-09,10000
GCR_H,min,7,56234.13251903491,0.0,0,73,9.83632e-10,3.93437e-09,10000
GCR_H,min,7,56234.13251903491,0.0,0,74,9.66139e-09,1.48637e-08,10000
GCR_H,min,7,56234.13251903491,0.0,0,75,3.14949e-09,8.99802e-09,10000
GCR_H,min,7,56234.13251903491,0.0,0,76,9.37548e-10,1.04184e-08,10000
GCR_H,min,7,56234.13251903491,0.0,0,77,5.66054e-10,1.02881e-08,10000
GCR_H,min,7,56234.13251903491,0.0,0,78,3.81711e-10,6.36184e-09,10000
GCR_H,min,7,56234.13251903491,0.0,0,79,6.30152e-10,6.63317e-09,10000
GCR_H,min,7,56234.13251903491,0.0,0,80,3.0228e-10,5.038e-09,10000
GCR_H,min,7,56234.13251903491,0.0,0,81,2.08166e-10,5.20285e-09,10000
GCR_H,min,7,56234.13251903491,0.0,0,82,5.48261e-10,6.09247e-09,10000
GCR_H,min,7,56234.13251903491,0.0,0,83,1.58616e-10,4.53188e-09,10000
GCR_H,min,7,56234.13251903491,0.0,0,84,1.31851e-09,3.29545e-08,10000
GCR_H,min,7,56234.13251903491,0.0,0,85,2.32321e-09,3.09885e-08,10000
GCR_H,min,7,56234.13251903491,0.0,0,86,2.48942e-09,8.30359e-08,10000
GCR_H,min,7,56234.13251903491,0.0,0,87,1.04137e-09,3.15586e-09,10000
GCR_H,min,7,56234.13251903491,0.0,0,88,1.53924e-09,3.01807e-09,10000
GCR_H,min,7,56234.13251903491,0.0,0,89,6.50033e-10,6.06827e-09,10000
GCR_H,min,7,56234.13251903491,0.0,0,90,2.31244e-10,6.04559e-09,10000
GCR_H,min,7,56234.13251903491,0.0,0,91,4.81325e-11,6.30833e-09,10000
GCR_H,min,7,56234.13251903491,0.0,0,92,8.09701e-10,7.36628e-09,10000
GCR_H,min,7,56234.13251903491,0.0,0,93,3.04776e-10,7.765e-09,10000
GCR_H,min,7,56234.13251903491,0.0,0,94,4.65095e-11,5.90972e-09,10000
GCR_H,min,7,56234.13251903491,0.0,0,95,8.33774e-09,4.63205e-09,10000
GCR_H,min,7,56234.13251903491,0.0,0,96,2.15176e-10,2.7234e-09,10000
GCR_H,min,7,56234.13251903491,0.0,0,97,1.28427e-09,2.68823e-09,10000
GCR_H,min,7,56234.13251903491,0.0,0,98,2.61649e-10,3.65738e-09,10000
GCR_H,min,7,56234.13251903491,0.0,0,99,1.95691e-09,3.37351e-09,10000
GCR_H,min,7,56234.13251903491,0.0,0,100,4.03307e-12,1.78455e-09,10000
GCR_H,min,7,56234.13251903491,0.0,0,101,1.5696e-11,2.45251e-09,10000
GCR_H,min,7,56234.13251903491,0.0,0,102,6.4864e-12,1.08468e-09,10000
GCR_H,min,7,56234.13251903491,0.0,0,103,1.56126e-09,1.49546e-08,10000
GCR_H,min,7,56234.13251903491,0.0,0,104,2.49432e-11,3.1856e-09,10000
GCR_H,min,7,56234.13251903491,0.0,0,105,1.65125e-10,1.48761e-08,10000
GCR_H,min,7,56234.13251903491,0.0,0,106,1.95855e-09,1.60825e-09,10000
GCR_H,min,7,56234.13251903491,0.0,0,107,2.1489e-07,1.43195e-08,10000
GCR_H,min,7,56234.13251903491,0.0,0,108,1.29362e-08,4.70317e-09,10000
GCR_H,min,7,56234.13251903491,0.0,0,109,7.19515e-08,7.17723e-09,10000
GCR_H,min,7,56234.13251903491,0.0,0,110,1.06384e-10,2.65894e-09,10000
GCR_H,min,7,56234.13251903491,0.0,0,111,0.0,0.0,10000
GCR_H,min,7,56234.13251903491,0.0,0,112,0.0,0.0,10000
GCR_H,min,7,56234.13251903491,0.0,0,113,7.31752e-10,5.2268e-09,10000
GCR_H,min,7,56234.13251903491,0.0,0,114,5.05328e-13,8.42213e-10,10000
GCR_H,min,7,56234.13251903491,0.0,0,115,1.32624e-09,7.79681e-08,10000
GCR_H,min,7,56234.13251903491,0.0,0,116,1.35006e-09,1.28759e-09,10000
GCR_H,min,7,56234.13251903491,0.0,0,117,1.79764e-07,1.45322e-08,10000
GCR_H,min,7,56234.13251903491,0.0,0,118,7.65584e-09,4.65834e-09,10000
GCR_H,min,7,56234.13251903491,0.0,0,119,4.20592e-08,7.79384e-09,10000
GCR_H,min,7,56234.13251903491,0.0,0,120,4.80713e-11,1.13136e-09,10000
GCR_H,min,7,56234.13251903491,0.0,0,121,1.2123e-10,2.85314e-09,10000
GCR_H,min,7,56234.13251903491,0.0,0,122,3.82825e-10,1.31402e-09,10000
GCR_H,min,7,56234.13251903491,0.0,0,123,1.30386e-08,8.89881e-09,10000
GCR_H,min,7,56234.13251903491,0.0,0,124,2.97435e-09,4.65447e-09,10000
GCR_H,min,7,56234.13251903491,0.0,0,125,6.37883e-09,4.78736e-09,10000
GCR_H,min,7,56234.13251903491,0.0,0,126,1.15466e-10,3.15309e-09,10000
GCR_H,min,7,56234.13251903491,0.0,0,127,5.60447e-10,3.73656e-09,10000
GCR_H,min,7,56234.13251903491,0.0,0,128,6.43583e-11,1.28614e-09,10000
GCR_H,min,7,56234.13251903491,0.0,0,129,6.17231e-10,3.53107e-08,10000
GCR_H,min,7,56234.13251903491,0.0,0,130,5.87259e-10,3.35194e-08,10000
GCR_H,min,7,56234.13251903491,0.0,0,131,5.27039e-11,2.109e-09,10000
GCR_H,min,7,56234.13251903491,0.0,0,132,3.92328e-11,1.96262e-09,10000
GCR_H,min,7,56234.13251903491,0.0,0,133,4.18405e-11,9.89604e-10,10000
GCR_H,min,7,56234.13251903491,0.0,0,134,2.90722e-12,9.65855e-10,10000
GCR_H,min,7,56234.13251903491,0.0,0,135,1.24934e-10,1.46808e-08,10000
GCR_H,min,7,56234.13251903491,0.0,0,136,1.33565e-10,1.78324e-08,10000
GCR_H,min,7,56234.13251903491,0.0,0,137,3.37209e-09,6.74282e-08,10000
GCR_H,min,7,56234.13251903491,0.0,0,138,1.22531e-08,6.12656e-08,10000
GCR_H,min,7,56234.13251903491,0.0,0,139,0.0,0.0,10000
GCR_H,min,7,56234.13251903491,0.0,0,140,2.08638e-13,1.04319e-09,10000
GCR_H,min,7,56234.13251903491,0.0,0,141,1.36208e-10,8.82751e-10,10000
SEP_p,max,0,0.019046714781460566,0.0,3,0,0.0,0.0,10000
SEP_p,max,0,0.019046714781460566,0.0,3,1,0.0,0.0,10000
SEP_p,max,0,0.019046714781460566,0.0,3,2,0.0,0.0,10000
SEP_p,max,0,0.019046714781460566,0.0,3,3,0.0,0.0,10000
SEP_p,max,0,0.019046714781460566,0.0,3,4,0.0,0.0,10000
SEP_p,max,0,0.019046714781460566,0.0,3,5,0.0,0.0,10000
SEP_p,max,0,0.019046714781460566,0.0,3,6,0.0,0.0,10000
SEP_p,max,0,0.019046714781460566,0.0,3,7,0.0,0.0,10000
SEP_p,max,0,0.019046714781460566,0.0,3,8,0.0,0.0,10000
SEP_p,max,0,0.019046714781460566,0.0,3,9,0.0,0.0,10000
SEP_p,max,0,0.019046714781460566,0.0,3,10,0.0,0.0,10000
SEP_p,max,0,0.019046714781460566,0.0,3,11,0.0,0.0,10000
SEP_p,max,0,0.019046714781460566,0.0,3,12,0.0,0.0,10000
SEP_p,max,0,0.019046714781460566,0.0,3,13,0.0,0.0,10000
SEP_p,max,0,0.019046714781460566,0.0,3,14,0.0,0.0,10000
SEP_p,max,0,0.019046714781460566,0.0,3,15,0.0,0.0,10000
SEP_p,max,0,0.019046714781460566,0.0,3,16,0.0,0.0,10000
SEP_p,max,0,0.019046714781460566,0.0,3,17,0.0,0.0,10000
SEP_p,max,0,0.019046714781460566,0.0,3,18,0.0,0.0,10000
SEP_p,max,0,0.019046714781460566,0.0,3,19,0.0,0.0,10000
SEP_p,max,0,0.019046714781460566,0.0,3,20,0.0,0.0,10000
SEP_p,max,0,0.019046714781460566,0.0,3,21,0.0,0.0,10000
SEP_p,max,0,0.019046714781460566,0.0,3,22,0.0,0.0,10000
SEP_p,max,0,0.019046714781460566,0.0,3,23,0.0,0.0,10000
SEP_p,max,0,0.019046714781460566,0.0,3,24,0.0,0.0,10000
SEP_p,max,0,0.019046714781460566,0.0,3,25,0.0,0.0,10000
SEP_p,max,0,0.019046714781460566,0.0,3,26,0.0,0.0,10000
SEP_p,max,0,0.019046714781460566,0.0,3,27,0.0,0.0,10000
SEP_p,max,0,0.019046714781460566,0.0,3,28,0.0,0.0,10000
SEP_p,max,0,0.019046714781460566,0.0,3,29,0.0,0.0,10000
SEP_p,max,0,0.019046714781460566,0.0,3,30,0.0,0.0,10000
SEP_p,max,0,0.019046714781460566,0.0,3,31,0.0,0.0,10000
SEP_p,max,0,0.019046714781460566,0.0,3,32,0.0,0.0,10000
SEP_p,max,0,0.019046714781460566,0.0,3,33,0.0,0.0,10000
SEP_p,max,0,0.019046714781460566,0.0,3,34,0.0,0.0,10000
SEP_p,max,0,0.019046714781460566,0.0,3,35,0.0,0.0,10000
SEP_p,max,0,0.019046714781460566,0.0,3,36,0.0,0.0,10000
SEP_p,max,0,0.019046714781460566,0.0,3,37,0.0,0.0,10000
SEP_p,max,0,0.019046714781460566,0.0,3,38,0.0,0.0,10000
SEP_p,max,0,0.019046714781460566,0.0,3,39,0.0,0.0,10000
SEP_p,max,0,0.019046714781460566,0.0,3,40,0.0,0.0,10000
SEP_p,max,0,0.019046714781460566,0.0,3,41,0.0,0.0,10000
SEP_p,max,0,0.019046714781460566,0.0,3,42,0.0,0.0,10000
SEP_p,max,0,0.019046714781460566,0.0,3,43,0.0,0.0,10000
SEP_p,max,0,0.019046714781460566,0.0,3,44,0.0,0.0,10000
SEP_p,max,0,0.019046714781460566,0.0,3,45,0.0,0.0,10000
SEP_p,max,0,0.019046714781460566,0.0,3,46,0.0,0.0,10000
SEP_p,max,0,0.019046714781460566,0.0,3,47,0.0,0.0,10000
SEP_p,max,0,0.019046714781460566,0.0,3,48,0.0,0.0,10000
SEP_p,max,0,0.019046714781460566,0.0,3,49,0.0,0.0,10000
SEP_p,max,0,0.019046714781460566,0.0,3,50,0.0,0.0,10000
SEP_p,max,0,0.019046714781460566,0.0,3,51,0.0,0.0,10000
SEP_p,max,0,0.019046714781460566,0.0,3,52,0.0,0.0,10000
SEP_p,max,0,0.019046714781460566,0.0,3,53,0.0,0.0,10000
SEP_p,max,0,0.019046714781460566,0.0,3,54,0.0,0.0,10000
SEP_p,max,0,0.019046714781460566,0.0,3,55,0.0,0.0,10000
SEP_p,max,0,0.019046714781460566,0.0,3,56,0.0,0.0,10000
SEP_p,max,0,0.019046714781460566,0.0,3,57,0.0,0.0,10000
SEP_p,max,0,0.019046714781460566,0.0,3,58,0.0,0.0,10000
SEP_p,max,0,0.019046714781460566,0.0,3,59,0.0,0.0,10000
SEP_p,max,0,0.019046714781460566,0.0,3,60,0.0,0.0,10000
SEP_p,max,0,0.019046714781460566,0.0,3,61,0.0,0.0,10000
SEP_p,max,0,0.019046714781460566,0.0,3,62,0.0,0.0,10000
SEP_p,max,0,0.019046714781460566,0.0,3,63,0.0,0.0,10000
SEP_p,max,0,0.019046714781460566,0.0,3,64,0.0,0.0,10000
SEP_p,max,0,0.019046714781460566,0.0,3,65,0.0,0.0,10000
SEP_p,max,0,0.019046714781460566,0.0,3,66,0.0,0.0,10000
SEP_p,max,0,0.019046714781460566,0.0,3,67,0.0,0.0,10000
SEP_p,max,0,0.019046714781460566,0.0,3,68,0.0,0.0,10000
SEP_p,max,0,0.019046714781460566,0.0,3,69,0.0,0.0,10000
SEP_p,max,0,0.019046714781460566,0.0,3,70,0.0,0.0,10000
SEP_p,max,0,0.019046714781460566,0.0,3,71,0.0,0.0,10000
SEP_p,max,0,0.019046714781460566,0.0,3,72,0.0,0.0,10000
SEP_p,max,0,0.019046714781460566,0.0,3,73,0.0,0.0,10000
SEP_p,max,0,0.019046714781460566,0.0,3,74,0.0,0.0,10000
SEP_p,max,0,0.019046714781460566,0.0,3,75,0.0,0.0,10000
SEP_p,max,0,0.019046714781460566,0.0,3,76,0.0,0.0,10000
SEP_p,max,0,0.019046714781460566,0.0,3,77,0.0,0.0,10000
SEP_p,max,0,0.019046714781460566,0.0,3,78,0.0,0.0,10000
SEP_p,max,0,0.019046714781460566,0.0,3,79,0.0,0.0,10000
SEP_p,max,0,0.019046714781460566,0.0,3,80,0.0,0.0,10000
SEP_p,max,0,0.019046714781460566,0.0,3,81,0.0,0.0,10000
SEP_p,max,0,0.019046714781460566,0.0,3,82,0.0,0.0,10000
SEP_p,max,0,0.019046714781460566,0.0,3,83,0.0,0.0,10000
SEP_p,max,0,0.019046714781460566,0.0,3,84,0.0,0.0,10000
SEP_p,max,0,0.019046714781460566,0.0,3,85,0.0,0.0,10000
SEP_p,max,0,0.019046714781460566,0.0,3,86,0.0,0.0,10000
SEP_p,max,0,0.019046714781460566,0.0,3,87,0.0,0.0,10000
SEP_p,max,0,0.019046714781460566,0.0,3,88,0.0,0.0,10000
SEP_p,max,0,0.019046714781460566,0.0,3,89,0.0,0.0,10000
SEP_p,max,0,0.019046714781460566,0.0,3,90,0.0,0.0,10000
SEP_p,max,0,0.019046714781460566,0.0,3,91,0.0,0.0,10000
SEP_p,max,0,0.019046714781460566,0.0,3,92,0.0,0.0,10000
SEP_p,max,0,0.019046714781460566,0.0,3,93,0.0,0.0,10000
SEP_p,max,0,0.019046714781460566,0.0,3,94,0.0,0.0,10000
SEP_p,max,0,0.019046714781460566,0.0,3,95,0.0,0.0,10000
SEP_p,max,0,0.019046714781460566,0.0,3,96,0.0,0.0,10000
SEP_p,max,0,0.019046714781460566,0.0,3,97,0.0,0.0,10000
SEP_p,max,0,0.019046714781460566,0.0,3,98,0.0,0.0,10000
SEP_p,max,0,0.019046714781460566,0.0,3,99,0.0,0.0,10000
SEP_p,max,0,0.019046714781460566,0.0,3,100,0.0,0.0,10000
SEP_p,max,0,0.019046714781460566,0.0,3,101,0.0,0.0,10000
SEP_p,max,0,0.019046714781460566,0.0,3,102,0.0,0.0,10000
SEP_p,max,0,0.019046714781460566,0.0,3,103,0.0,0.0,10000
SEP_p,max,0,0.019046714781460566,0.0,3,104,0.0,0.0,10000
SEP_p,max,0,0.019046714781460566,0.0,3,105,0.0,0.0,10000
SEP_p,max,0,0.019046714781460566,0.0,3,106,0.0,0.0,10000
SEP_p,max,0,0.019046714781460566,0.0,3,107,0.0,0.0,10000
SEP_p,max,0,0.019046714781460566,0.0,3,108,0.0,0.0,10000
SEP_p,max,0,0.019046714781460566,0.0,3,109,0.0,0.0,10000
SEP_p,max,0,0.019046714781460566,0.0,3,110,0.0,0.0,10000
SEP_p,max,0,0.019046714781460566,0.0,3,111,0.0,0.0,10000
SEP_p,max,0,0.019046714781460566,0.0,3,112,0.0,0.0,10000
SEP_p,max,0,0.019046714781460566,0.0,3,113,0.0,0.0,10000
SEP_p,max,0,0.019046714781460566,0.0,3,114,0.0,0.0,10000
SEP_p,max,0,0.019046714781460566,0.0,3,115,0.0,0.0,10000
SEP_p,max,0,0.019046714781460566,0.0,3,116,0.0,0.0,10000
SEP_p,max,0,0.019046714781460566,0.0,3,117,0.0,0.0,10000
SEP_p,max,0,0.019046714781460566,0.0,3,118,0.0,0.0,10000
SEP_p,max,0,0.019046714781460566,0.0,3,119,0.0,0.0,10000
SEP_p,max,0,0.019046714781460566,0.0,3,120,0.0,0.0,10000
SEP_p,max,0,0.019046714781460566,0.0,3,121,0.0,0.0,10000
SEP_p,max,0,0.019046714781460566,0.0,3,122,0.0,0.0,10000
SEP_p,max,0,0.019046714781460566,0.0,3,123,0.0,0.0,10000
SEP_p,max,0,0.019046714781460566,0.0,3,124,0.0,0.0,10000
SEP_p,max,0,0.019046714781460566,0.0,3,125,0.0,0.0,10000
SEP_p,max,0,0.019046714781460566,0.0,3,126,0.0,0.0,10000
SEP_p,max,0,0.019046714781460566,0.0,3,127,0.0,0.0,10000
SEP_p,max,0,0.019046714781460566,0.0,3,128,0.0,0.0,10000
SEP_p,max,0,0.019046714781460566,0.0,3,129,0.0,0.0,10000
SEP_p,max,0,0.019046714781460566,0.0,3,130,0.0,0.0,10000
SEP_p,max,0,0.019046714781460566,0.0,3,131,0.0,0.0,10000
SEP_p,max,0,0.019046714781460566,0.0,3,132,0.0,0.0,10000
SEP_p,max,0,0.019046714781460566,0.0,3,133,0.0,0.0,10000
SEP_p,max,0,0.019046714781460566,0.0,3,134,0.0,0.0,10000
SEP_p,max,0,0.019046714781460566,0.0,3,135,0.0,0.0,10000
SEP_p,max,0,0.019046714781460566,0.0,3,136,0.0,0.0,10000
SEP_p,max,0,0.019046714781460566,0.0,3,137,0.0,0.0,10000
SEP_p,max,0,0.019046714781460566,0.0,3,138,0.0,0.0,10000
SEP_p,max,0,0.019046714781460566,0.0,3,139,0.0,0.0,10000
SEP_p,max,0,0.019046714781460566,0.0,3,140,0.0,0.0,10000
SEP_p,max,0,0.019046714781460566,0.0,3,141,0.0,0.0,10000
SEP_p,max,1,0.0690971659970209,0.0,1,0,0.0,0.0,10000
SEP_p,max,1,0.0690971659970209,0.0,1,1,0.0,0.0,10000
SEP_p,max,1,0.0690971659970209,0.0,1,2,0.0,0.0,10000
SEP_p,max,1,0.0690971659970209,0.0,1,3,0.0,0.0,10000
SEP_p,max,1,0.0690971659970209,0.0,1,4,0.0,0.0,10000
SEP_p,max,1,0.0690971659970209,0.0,1,5,0.0,0.0,10000
SEP_p,max,1,0.0690971659970209,0.0,1,6,0.0,0.0,10000
SEP_p,max,1,0.0690971659970209,0.0,1,7,0.0,0.0,10000
SEP_p,max,1,0.0690971659970209,0.0,1,8,0.0,0.0,10000
SEP_p,max,1,0.0690971659970209,0.0,1,9,0.0,0.0,10000
SEP_p,max,1,0.0690971659970209,0.0,1,10,0.0,0.0,10000
SEP_p,max,1,0.0690971659970209,0.0,1,11,0.0,0.0,10000
SEP_p,max,1,0.0690971659970209,0.0,1,12,0.0,0.0,10000
SEP_p,max,1,0.0690971659970209,0.0,1,13,0.0,0.0,10000
SEP_p,max,1,0.0690971659970209,0.0,1,14,0.0,0.0,10000
SEP_p,max,1,0.0690971659970209,0.0,1,15,0.0,0.0,10000
SEP_p,max,1,0.0690971659970209,0.0,1,16,0.0,0.0,10000
SEP_p,max,1,0.0690971659970209,0.0,1,17,0.0,0.0,10000
SEP_p,max,1,0.0690971659970209,0.0,1,18,0.0,0.0,10000
SEP_p,max,1,0.0690971659970209,0.0,1,19,0.0,0.0,10000
SEP_p,max,1,0.0690971659970209,0.0,1,20,0.0,0.0,10000
SEP_p,max,1,0.0690971659970209,0.0,1,21,0.0,0.0,10000
SEP_p,max,1,0.0690971659970209,0.0,1,22,0.0,0.0,10000
SEP_p,max,1,0.0690971659970209,0.0,1,23,0.0,0.0,10000
SEP_p,max,1,0.0690971659970209,0.0,1,24,0.0,0.0,10000
SEP_p,max,1,0.0690971659970209,0.0,1,25,0.0,0.0,10000
SEP_p,max,1,0.0690971659970209,0.0,1,26,0.0,0.0,10000
SEP_p,max,1,0.0690971659970209,0.0,1,27,0.0,0.0,10000
SEP_p,max,1,0.0690971659970209,0.0,1,28,0.0,0.0,10000
SEP_p,max,1,0.0690971659970209,0.0,1,29,0.0,0.0,10000
SEP_p,max,1,0.0690971659970209,0.0,1,30,0.0,0.0,10000
SEP_p,max,1,0.0690971659970209,0.0,1,31,0.0,0.0,10000
SEP_p,max,1,0.0690971659970209,0.0,1,32,0.0,0.0,10000
SEP_p,max,1,0.0690971659970209,0.0,1,33,0.0,0.0,10000
SEP_p,max,1,0.0690971659970209,0.0,1,34,0.0,0.0,10000
SEP_p,max,1,0.0690971659970209,0.0,1,35,0.0,0.0,10000
SEP_p,max,1,0.0690971659970209,0.0,1,36,0.0,0.0,10000
SEP_p,max,1,0.0690971659970209,0.0,1,37,0.0,0.0,10000
SEP_p,max,1,0.0690971659970209,0.0,1,38,0.0,0.0,10000
SEP_p,max,1,0.0690971659970209,0.0,1,39,0.0,0.0,10000
SEP_p,max,1,0.0690971659970209,0.0,1,40,0.0,0.0,10000
SEP_p,max,1,0.0690971659970209,0.0,1,41,0.0,0.0,10000
SEP_p,max,1,0.0690971659970209,0.0,1,42,0.0,0.0,10000
SEP_p,max,1,0.0690971659970209,0.0,1,43,0.0,0.0,10000
SEP_p,max,1,0.0690971659970209,0.0,1,44,0.0,0.0,10000
SEP_p,max,1,0.0690971659970209,0.0,1,45,0.0,0.0,10000
SEP_p,max,1,0.0690971659970209,0.0,1,46,0.0,0.0,10000
SEP_p,max,1,0.0690971659970209,0.0,1,47,0.0,0.0,10000
SEP_p,max,1,0.0690971659970209,0.0,1,48,0.0,0.0,10000
SEP_p,max,1,0.0690971659970209,0.0,1,49,0.0,0.0,10000
SEP_p,max,1,0.0690971659970209,0.0,1,50,0.0,0.0,10000
SEP_p,max,1,0.0690971659970209,0.0,1,51,0.0,0.0,10000
SEP_p,max,1,0.0690971659970209,0.0,1,52,0.0,0.0,10000
SEP_p,max,1,0.0690971659970209,0.0,1,53,0.0,0.0,10000
SEP_p,max,1,0.0690971659970209,0.0,1,54,0.0,0.0,10000
SEP_p,max,1,0.0690971659970209,0.0,1,55,0.0,0.0,10000
SEP_p,max,1,0.0690971659970209,0.0,1,56,0.0,0.0,10000
SEP_p,max,1,0.0690971659970209,0.0,1,57,0.0,0.0,10000
SEP_p,max,1,0.0690971659970209,0.0,1,58,0.0,0.0,10000
SEP_p,max,1,0.0690971659970209,0.0,1,59,0.0,0.0,10000
SEP_p,max,1,0.0690971659970209,0.0,1,60,0.0,0.0,10000
SEP_p,max,1,0.0690971659970209,0.0,1,61,0.0,0.0,10000
SEP_p,max,1,0.0690971659970209,0.0,1,62,0.0,0.0,10000
SEP_p,max,1,0.0690971659970209,0.0,1,63,0.0,0.0,10000
SEP_p,max,1,0.0690971659970209,0.0,1,64,0.0,0.0,10000
SEP_p,max,1,0.0690971659970209,0.0,1,65,0.0,0.0,10000
SEP_p,max,1,0.0690971659970209,0.0,1,66,0.0,0.0,10000
SEP_p,max,1,0.0690971659970209,0.0,1,67,0.0,0.0,10000
SEP_p,max,1,0.0690971659970209,0.0,1,68,0.0,0.0,10000
SEP_p,max,1,0.0690971659970209,0.0,1,69,0.0,0.0,10000
SEP_p,max,1,0.0690971659970209,0.0,1,70,0.0,0.0,10000
SEP_p,max,1,0.0690971659970209,0.0,1,71,0.0,0.0,10000
SEP_p,max,1,0.0690971659970209,0.0,1,72,0.0,0.0,10000
SEP_p,max,1,0.0690971659970209,0.0,1,73,0.0,0.0,10000
SEP_p,max,1,0.0690971659970209,0.0,1,74,0.0,0.0,10000
SEP_p,max,1,0.0690971659970209,0.0,1,75,0.0,0.0,10000
SEP_p,max,1,0.0690971659970209,0.0,1,76,0.0,0.0,10000
SEP_p,max,1,0.0690971659970209,0.0,1,77,0.0,0.0,10000
SEP_p,max,1,0.0690971659970209,0.0,1,78,0.0,0.0,10000
SEP_p,max,1,0.0690971659970209,0.0,1,79,0.0,0.0,10000
SEP_p,max,1,0.0690971659970209,0.0,1,80,0.0,0.0,10000
SEP_p,max,1,0.0690971659970209,0.0,1,81,0.0,0.0,10000
SEP_p,max,1,0.0690971659970209,0.0,1,82,0.0,0.0,10000
SEP_p,max,1,0.0690971659970209,0.0,1,83,0.0,0.0,10000
SEP_p,max,1,0.0690971659970209,0.0,1,84,0.0,0.0,10000
SEP_p,max,1,0.0690971659970209,0.0,1,85,0.0,0.0,10000
SEP_p,max,1,0.0690971659970209,0.0,1,86,0.0,0.0,10000
SEP_p,max,1,0.0690971659970209,0.0,1,87,0.0,0.0,10000
SEP_p,max,1,0.0690971659970209,0.0,1,88,0.0,0.0,10000
SEP_p,max,1,0.0690971659970209,0.0,1,89,0.0,0.0,10000
SEP_p,max,1,0.0690971659970209,0.0,1,90,0.0,0.0,10000
SEP_p,max,1,0.0690971659970209,0.0,1,91,0.0,0.0,10000
SEP_p,max,1,0.0690971659970209,0.0,1,92,0.0,0.0,10000
SEP_p,max,1,0.0690971659970209,0.0,1,93,0.0,0.0,10000
SEP_p,max,1,0.0690971659970209,0.0,1,94,0.0,0.0,10000
SEP_p,max,1,0.0690971659970209,0.0,1,95,0.0,0.0,10000
SEP_p,max,1,0.0690971659970209,0.0,1,96,0.0,0.0,10000
SEP_p,max,1,0.0690971659970209,0.0,1,97,0.0,0.0,10000
SEP_p,max,1,0.0690971659970209,0.0,1,98,0.0,0.0,10000
SEP_p,max,1,0.0690971659970209,0.0,1,99,0.0,0.0,10000
SEP_p,max,1,0.0690971659970209,0.0,1,100,0.0,0.0,10000
SEP_p,max,1,0.0690971659970209,0.0,1,101,0.0,0.0,10000
SEP_p,max,1,0.0690971659970209,0.0,1,102,0.0,0.0,10000
SEP_p,max,1,0.0690971659970209,0.0,1,103,0.0,0.0,10000
SEP_p,max,1,0.0690971659970209,0.0,1,104,0.0,0.0,10000
SEP_p,max,1,0.0690971659970209,0.0,1,105,0.0,0.0,10000
SEP_p,max,1,0.0690971659970209,0.0,1,106,0.0,0.0,10000
SEP_p,max,1,0.0690971659970209,0.0,1,107,0.0,0.0,10000
SEP_p,max,1,0.0690971659970209,0.0,1,108,0.0,0.0,10000
SEP_p,max,1,0.0690971659970209,0.0,1,109,0.0,0.0,10000
SEP_p,max,1,0.0690971659970209,0.0,1,110,0.0,0.0,10000
SEP_p,max,1,0.0690971659970209,0.0,1,111,0.0,0.0,10000
SEP_p,max,1,0.0690971659970209,0.0,1,112,0.0,0.0,10000
SEP_p,max,1,0.0690971659970209,0.0,1,113,0.0,0.0,10000
SEP_p,max,1,0.0690971659970209,0.0,1,114,0.0,0.0,10000
SEP_p,max,1,0.0690971659970209,0.0,1,115,0.0,0.0,10000
SEP_p,max,1,0.0690971659970209,0.0,1,116,0.0,0.0,10000
SEP_p,max,1,0.0690971659970209,0.0,1,117,0.0,0.0,10000
SEP_p,max,1,0.0690971659970209,0.0,1,118,0.0,0.0,10000
SEP_p,max,1,0.0690971659970209,0.0,1,119,0.0,0.0,10000
SEP_p,max,1,0.0690971659970209,0.0,1,120,0.0,0.0,10000
SEP_p,max,1,0.0690971659970209,0.0,1,121,0.0,0.0,10000
SEP_p,max,1,0.0690971659970209,0.0,1,122,0.0,0.0,10000
SEP_p,max,1,0.0690971659970209,0.0,1,123,0.0,0.0,10000
SEP_p,max,1,0.0690971659970209,0.0,1,124,0.0,0.0,10000
SEP_p,max,1,0.0690971659970209,0.0,1,125,0.0,0.0,10000
SEP_p,max,1,0.0690971659970209,0.0,1,126,0.0,0.0,10000
SEP_p,max,1,0.0690971659970209,0.0,1,127,0.0,0.0,10000
SEP_p,max,1,0.0690971659970209,0.0,1,128,0.0,0.0,10000
SEP_p,max,1,0.0690971659970209,0.0,1,129,0.0,0.0,10000
SEP_p,max,1,0.0690971659970209,0.0,1,130,0.0,0.0,10000
SEP_p,max,1,0.0690971659970209,0.0,1,131,0.0,0.0,10000
SEP_p,max,1,0.0690971659970209,0.0,1,132,0.0,0.0,10000
SEP_p,max,1,0.0690971659970209,0.0,1,133,0.0,0.0,10000
SEP_p,max,1,0.0690971659970209,0.0,1,134,0.0,0.0,10000
SEP_p,max,1,0.0690971659970209,0.0,1,135,0.0,0.0,10000
SEP_p,max,1,0.0690971659970209,0.0,1,136,0.0,0.0,10000
SEP_p,max,1,0.0690971659970209,0.0,1,137,0.0,0.0,10000
SEP_p,max,1,0.0690971659970209,0.0,1,138,0.0,0.0,10000
SEP_p,max,1,0.0690971659970209,0.0,1,139,0.0,0.0,10000
SEP_p,max,1,0.0690971659970209,0.0,1,140,0.0,0.0,10000
SEP_p,max,1,0.0690971659970209,0.0,1,141,0.0,0.0,10000
SEP_p,max,1,0.0690971659970209,0.0,2,0,0.0,0.0,10000
SEP_p,max,1,0.0690971659970209,0.0,2,1,0.0,0.0,10000
SEP_p,max,1,0.0690971659970209,0.0,2,2,0.0,0.0,10000
SEP_p,max,1,0.0690971659970209,0.0,2,3,0.0,0.0,10000
SEP_p,max,1,0.0690971659970209,0.0,2,4,0.0,0.0,10000
SEP_p,max,1,0.0690971659970209,0.0,2,5,0.0,0.0,10000
SEP_p,max,1,0.0690971659970209,0.0,2,6,0.0,0.0,10000
SEP_p,max,1,0.0690971659970209,0.0,2,7,0.0,0.0,10000
SEP_p,max,1,0.0690971659970209,0.0,2,8,0.0,0.0,10000
SEP_p,max,1,0.0690971659970209,0.0,2,9,0.0,0.0,10000
SEP_p,max,1,0.0690971659970209,0.0,2,10,0.0,0.0,10000
SEP_p,max,1,0.0690971659970209,0.0,2,11,0.0,0.0,10000
SEP_p,max,1,0.0690971659970209,0.0,2,12,0.0,0.0,10000
SEP_p,max,1,0.0690971659970209,0.0,2,13,0.0,0.0,10000
SEP_p,max,1,0.0690971659970209,0.0,2,14,0.0,0.0,10000
SEP_p,max,1,0.0690971659970209,0.0,2,15,0.0,0.0,10000
SEP_p,max,1,0.0690971659970209,0.0,2,16,0.0,0.0,10000
SEP_p,max,1,0.0690971659970209,0.0,2,17,0.0,0.0,10000
SEP_p,max,1,0.0690971659970209,0.0,2,18,0.0,0.0,10000
SEP_p,max,1,0.0690971659970209,0.0,2,19,0.0,0.0,10000
SEP_p,max,1,0.0690971659970209,0.0,2,20,0.0,0.0,10000
SEP_p,max,1,0.0690971659970209,0.0,2,21,0.0,0.0,10000
SEP_p,max,1,0.0690971659970209,0.0,2,22,0.0,0.0,10000
SEP_p,max,1,0.0690971659970209,0.0,2,23,0.0,0.0,10000
SEP_p,max,1,0.0690971659970209,0.0,2,24,0.0,0.0,10000
SEP_p,max,1,0.0690971659970209,0.0,2,25,0.0,0.0,10000
SEP_p,max,1,0.0690971659970209,0.0,2,26,0.0,0.0,10000
SEP_p,max,1,0.0690971659970209,0.0,2,27,0.0,0.0,10000
SEP_p,max,1,0.0690971659970209,0.0,2,28,0.0,0.0,10000
SEP_p,max,1,0.0690971659970209,0.0,2,29,0.0,0.0,10000
SEP_p,max,1,0.0690971659970209,0.0,2,30,0.0,0.0,10000
SEP_p,max,1,0.0690971659970209,0.0,2,31,0.0,0.0,10000
SEP_p,max,1,0.0690971659970209,0.0,2,32,0.0,0.0,10000
SEP_p,max,1,0.0690971659970209,0.0,2,33,0.0,0.0,10000
SEP_p,max,1,0.0690971659970209,0.0,2,34,0.0,0.0,10000
SEP_p,max,1,0.0690971659970209,0.0,2,35,0.0,0.0,10000
SEP_p,max,1,0.0690971659970209,0.0,2,36,0.0,0.0,10000
SEP_p,max,1,0.0690971659970209,0.0,2,37,0.0,0.0,10000
SEP_p,max,1,0.0690971659970209,0.0,2,38,0.0,0.0,10000
SEP_p,max,1,0.0690971659970209,0.0,2,39,0.0,0.0,10000
SEP_p,max,1,0.0690971659970209,0.0,2,40,0.0,0.0,10000
SEP_p,max,1,0.0690971659970209,0.0,2,41,0.0,0.0,10000
SEP_p,max,1,0.0690971659970209,0.0,2,42,0.0,0.0,10000
SEP_p,max,1,0.0690971659970209,0.0,2,43,0.0,0.0,10000
SEP_p,max,1,0.0690971659970209,0.0,2,44,0.0,0.0,10000
SEP_p,max,1,0.0690971659970209,0.0,2,45,0.0,0.0,10000
SEP_p,max,1,0.0690971659970209,0.0,2,46,0.0,0.0,10000
SEP_p,max,1,0.0690971659970209,0.0,2,47,0.0,0.0,10000
SEP_p,max,1,0.0690971659970209,0.0,2,48,0.0,0.0,10000
SEP_p,max,1,0.0690971659970209,0.0,2,49,0.0,0.0,10000
SEP_p,max,1,0.0690971659970209,0.0,2,50,0.0,0.0,10000
SEP_p,max,1,0.0690971659970209,0.0,2,51,0.0,0.0,10000
SEP_p,max,1,0.0690971659970209,0.0,2,52,0.0,0.0,10000
SEP_p,max,1,0.0690971659970209,0.0,2,53,0.0,0.0,10000
SEP_p,max,1,0.0690971659970209,0.0,2,54,0.0,0.0,10000
SEP_p,max,1,0.0690971659970209,0.0,2,55,0.0,0.0,10000
SEP_p,max,1,0.0690971659970209,0.0,2,56,0.0,0.0,10000
SEP_p,max,1,0.0690971659970209,0.0,2,57,0.0,0.0,10000
SEP_p,max,1,0.0690971659970209,0.0,2,58,0.0,0.0,10000
SEP_p,max,1,0.0690971659970209,0.0,2,59,0.0,0.0,10000
SEP_p,max,1,0.0690971659970209,0.0,2,60,0.0,0.0,10000
SEP_p,max,1,0.0690971659970209,0.0,2,61,0.0,0.0,10000
SEP_p,max,1,0.0690971659970209,0.0,2,62,0.0,0.0,10000
SEP_p,max,1,0.0690971659970209,0.0,2,63,0.0,0.0,10000
SEP_p,max,1,0.0690971659970209,0.0,2,64,0.0,0.0,10000
SEP_p,max,1,0.0690971659970209,0.0,2,65,0.0,0.0,10000
SEP_p,max,1,0.0690971659970209,0.0,2,66,0.0,0.0,10000
SEP_p,max,1,0.0690971659970209,0.0,2,67,0.0,0.0,10000
SEP_p,max,1,0.0690971659970209,0.0,2,68,0.0,0.0,10000
SEP_p,max,1,0.0690971659970209,0.0,2,69,0.0,0.0,10000
SEP_p,max,1,0.0690971659970209,0.0,2,70,0.0,0.0,10000
SEP_p,max,1,0.0690971659970209,0.0,2,71,0.0,0.0,10000
SEP_p,max,1,0.0690971659970209,0.0,2,72,0.0,0.0,10000
SEP_p,max,1,0.0690971659970209,0.0,2,73,0.0,0.0,10000
SEP_p,max,1,0.0690971659970209,0.0,2,74,0.0,0.0,10000
SEP_p,max,1,0.0690971659970209,0.0,2,75,0.0,0.0,10000
SEP_p,max,1,0.0690971659970209,0.0,2,76,0.0,0.0,10000
SEP_p,max,1,0.0690971659970209,0.0,2,77,0.0,0.0,10000
SEP_p,max,1,0.0690971659970209,0.0,2,78,0.0,0.0,10000
SEP_p,max,1,0.0690971659970209,0.0,2,79,0.0,0.0,10000
SEP_p,max,1,0.0690971659970209,0.0,2,80,0.0,0.0,10000
SEP_p,max,1,0.0690971659970209,0.0,2,81,0.0,0.0,10000
SEP_p,max,1,0.0690971659970209,0.0,2,82,0.0,0.0,10000
SEP_p,max,1,0.0690971659970209,0.0,2,83,0.0,0.0,10000
SEP_p,max,1,0.0690971659970209,0.0,2,84,0.0,0.0,10000
SEP_p,max,1,0.0690971659970209,0.0,2,85,0.0,0.0,10000
SEP_p,max,1,0.0690971659970209,0.0,2,86,0.0,0.0,10000
SEP_p,max,1,0.0690971659970209,0.0,2,87,0.0,0.0,10000
SEP_p,max,1,0.0690971659970209,0.0,2,88,0.0,0.0,10000
SEP_p,max,1,0.0690971659970209,0.0,2,89,0.0,0.0,10000
SEP_p,max,1,0.0690971659970209,0.0,2,90,0.0,0.0,10000
SEP_p,max,1,0.0690971659970209,0.0,2,91,0.0,0.0,10000
SEP_p,max,1,0.0690971659970209,0.0,2,92,0.0,0.0,10000
SEP_p,max,1,0.0690971659970209,0.0,2,93,0.0,0.0,10000
SEP_p,max,1,0.0690971659970209,0.0,2,94,0.0,0.0,10000
SEP_p,max,1,0.0690971659970209,0.0,2,95,0.0,0.0,10000
SEP_p,max,1,0.0690971659970209,0.0,2,96,0.0,0.0,10000
SEP_p,max,1,0.0690971659970209,0.0,2,97,0.0,0.0,10000
SEP_p,max,1,0.0690971659970209,0.0,2,98,0.0,0.0,10000
SEP_p,max,1,0.0690971659970209,0.0,2,99,0.0,0.0,10000
SEP_p,max,1,0.0690971659970209,0.0,2,100,0.0,0.0,10000
SEP_p,max,1,0.0690971659970209,0.0,2,101,0.0,0.0,10000
SEP_p,max,1,0.0690971659970209,0.0,2,102,0.0,0.0,10000
SEP_p,max,1,0.0690971659970209,0.0,2,103,0.0,0.0,10000
SEP_p,max,1,0.0690971659970209,0.0,2,104,0.0,0.0,10000
SEP_p,max,1,0.0690971659970209,0.0,2,105,0.0,0.0,10000
SEP_p,max,1,0.0690971659970209,0.0,2,106,0.0,0.0,10000
SEP_p,max,1,0.0690971659970209,0.0,2,107,0.0,0.0,10000
SEP_p,max,1,0.0690971659970209,0.0,2,108,0.0,0.0,10000
SEP_p,max,1,0.0690971659970209,0.0,2,109,0.0,0.0,10000
SEP_p,max,1,0.0690971659970209,0.0,2,110,0.0,0.0,10000
SEP_p,max,1,0.0690971659970209,0.0,2,111,0.0,0.0,10000
SEP_p,max,1,0.0690971659970209,0.0,2,112,0.0,0.0,10000
SEP_p,max,1,0.0690971659970209,0.0,2,113,0.0,0.0,10000
SEP_p,max,1,0.0690971659970209,0.0,2,114,0.0,0.0,10000
SEP_p,max,1,0.0690971659970209,0.0,2,115,0.0,0.0,10000
SEP_p,max,1,0.0690971659970209,0.0,2,116,0.0,0.0,10000
SEP_p,max,1,0.0690971659970209,0.0,2,117,0.0,0.0,10000
SEP_p,max,1,0.0690971659970209,0.0,2,118,0.0,0.0,10000
SEP_p,max,1,0.0690971659970209,0.0,2,119,0.0,0.0,10000
SEP_p,max,1,0.0690971659970209,0.0,2,120,0.0,0.0,10000
SEP_p,max,1,0.0690971659970209,0.0,2,121,0.0,0.0,10000
SEP_p,max,1,0.0690971659970209,0.0,2,122,0.0,0.0,10000
SEP_p,max,1,0.0690971659970209,0.0,2,123,0.0,0.0,10000
SEP_p,max,1,0.0690971659970209,0.0,2,124,0.0,0.0,10000
SEP_p,max,1,0.0690971659970209,0.0,2,125,0.0,0.0,10000
SEP_p,max,1,0.0690971659970209,0.0,2,126,0.0,0.0,10000
SEP_p,max,1,0.0690971659970209,0.0,2,127,0.0,0.0,10000
SEP_p,max,1,0.0690971659970209,0.0,2,128,0.0,0.0,10000
SEP_p,max,1,0.0690971659970209,0.0,2,129,0.0,0.0,10000
SEP_p,max,1,0.0690971659970209,0.0,2,130,0.0,0.0,10000
SEP_p,max,1,0.0690971659970209,0.0,2,131,0.0,0.0,10000
SEP_p,max,1,0.0690971659970209,0.0,2,132,0.0,0.0,10000
SEP_p,max,1,0.0690971659970209,0.0,2,133,0.0,0.0,10000
SEP_p,max,1,0.0690971659970209,0.0,2,134,0.0,0.0,10000
SEP_p,max,1,0.0690971659970209,0.0,2,135,0.0,0.0,10000
SEP_p,max,1,0.0690971659970209,0.0,2,136,0.0,0.0,10000
SEP_p,max,1,0.0690971659970209,0.0,2,137,0.0,0.0,10000
SEP_p,max,1,0.0690971659970209,0.0,2,138,0.0,0.0,10000
SEP_p,max,1,0.0690971659970209,0.0,2,139,0.0,0.0,10000
SEP_p,max,1,0.0690971659970209,0.0,2,140,0.0,0.0,10000
SEP_p,max,1,0.0690971659970209,0.0,2,141,0.0,0.0,10000
SEP_p,max,2,0.25066886355998363,0.0,1,0,0.0,0.0,10000
SEP_p,max,2,0.25066886355998363,0.0,1,1,0.0,0.0,10000
SEP_p,max,2,0.25066886355998363,0.0,1,2,0.0,0.0,10000
SEP_p,max,2,0.25066886355998363,0.0,1,3,0.0,0.0,10000
SEP_p,max,2,0.25066886355998363,0.0,1,4,0.0,0.0,10000
SEP_p,max,2,0.25066886355998363,0.0,1,5,0.0,0.0,10000
SEP_p,max,2,0.25066886355998363,0.0,1,6,0.0,0.0,10000
SEP_p,max,2,0.25066886355998363,0.0,1,7,0.0,0.0,10000
SEP_p,max,2,0.25066886355998363,0.0,1,8,0.0,0.0,10000
SEP_p,max,2,0.25066886355998363,0.0,1,9,0.0,0.0,10000
SEP_p,max,2,0.25066886355998363,0.0,1,10,0.0,0.0,10000
SEP_p,max,2,0.25066886355998363,0.0,1,11,0.0,0.0,10000
SEP_p,max,2,0.25066886355998363,0.0,1,12,0.0,0.0,10000
SEP_p,max,2,0.25066886355998363,0.0,1,13,0.0,0.0,10000
SEP_p,max,2,0.25066886355998363,0.0,1,14,0.0,0.0,10000
SEP_p,max,2,0.25066886355998363,0.0,1,15,0.0,0.0,10000
SEP_p,max,2,0.25066886355998363,0.0,1,16,0.0,0.0,10000
SEP_p,max,2,0.25066886355998363,0.0,1,17,0.0,0.0,10000
SEP_p,max,2,0.25066886355998363,0.0,1,18,0.0,0.0,10000
SEP_p,max,2,0.25066886355998363,0.0,1,19,0.0,0.0,10000
SEP_p,max,2,0.25066886355998363,0.0,1,20,0.0,0.0,10000
SEP_p,max,2,0.25066886355998363,0.0,1,21,0.0,0.0,10000
SEP_p,max,2,0.25066886355998363,0.0,1,22,0.0,0.0,10000
SEP_p,max,2,0.25066886355998363,0.0,1,23,0.0,0.0,10000
SEP_p,max,2,0.25066886355998363,0.0,1,24,0.0,0.0,10000
SEP_p,max,2,0.25066886355998363,0.0,1,25,0.0,0.0,10000
SEP_p,max,2,0.25066886355998363,0.0,1,26,0.0,0.0,10000
SEP_p,max,2,0.25066886355998363,0.0,1,27,0.0,0.0,10000
SEP_p,max,2,0.25066886355998363,0.0,1,28,0.0,0.0,10000
SEP_p,max,2,0.25066886355998363,0.0,1,29,0.0,0.0,10000
SEP_p,max,2,0.25066886355998363,0.0,1,30,0.0,0.0,10000
SEP_p,max,2,0.25066886355998363,0.0,1,31,0.0,0.0,10000
SEP_p,max,2,0.25066886355998363,0.0,1,32,0.0,0.0,10000
SEP_p,max,2,0.25066886355998363,0.0,1,33,0.0,0.0,10000
SEP_p,max,2,0.25066886355998363,0.0,1,34,0.0,0.0,10000
SEP_p,max,2,0.25066886355998363,0.0,1,35,0.0,0.0,10000
SEP_p,max,2,0.25066886355998363,0.0,1,36,0.0,0.0,10000
SEP_p,max,2,0.25066886355998363,0.0,1,37,0.0,0.0,10000
SEP_p,max,2,0.25066886355998363,0.0,1,38,0.0,0.0,10000
SEP_p,max,2,0.25066886355998363,0.0,1,39,0.0,0.0,10000
SEP_p,max,2,0.25066886355998363,0.0,1,40,0.0,0.0,10000
SEP_p,max,2,0.25066886355998363,0.0,1,41,0.0,0.0,10000
SEP_p,max,2,0.25066886355998363,0.0,1,42,0.0,0.0,10000
SEP_p,max,2,0.25066886355998363,0.0,1,43,0.0,0.0,10000
SEP_p,max,2,0.25066886355998363,0.0,1,44,0.0,0.0,10000
SEP_p,max,2,0.25066886355998363,0.0,1,45,0.0,0.0,10000
SEP_p,max,2,0.25066886355998363,0.0,1,46,0.0,0.0,10000
SEP_p,max,2,0.25066886355998363,0.0,1,47,0.0,0.0,10000
SEP_p,max,2,0.25066886355998363,0.0,1,48,0.0,0.0,10000
SEP_p,max,2,0.25066886355998363,0.0,1,49,0.0,0.0,10000
SEP_p,max,2,0.25066886355998363,0.0,1,50,0.0,0.0,10000
SEP_p,max,2,0.25066886355998363,0.0,1,51,0.0,0.0,10000
SEP_p,max,2,0.25066886355998363,0.0,1,52,0.0,0.0,10000
SEP_p,max,2,0.25066886355998363,0.0,1,53,0.0,0.0,10000
SEP_p,max,2,0.25066886355998363,0.0,1,54,0.0,0.0,10000
SEP_p,max,2,0.25066886355998363,0.0,1,55,0.0,0.0,10000
SEP_p,max,2,0.25066886355998363,0.0,1,56,0.0,0.0,10000
SEP_p,max,2,0.25066886355998363,0.0,1,57,0.0,0.0,10000
SEP_p,max,2,0.25066886355998363,0.0,1,58,0.0,0.0,10000
SEP_p,max,2,0.25066886355998363,0.0,1,59,0.0,0.0,10000
SEP_p,max,2,0.25066886355998363,0.0,1,60,0.0,0.0,10000
SEP_p,max,2,0.25066886355998363,0.0,1,61,0.0,0.0,10000
SEP_p,max,2,0.25066886355998363,0.0,1,62,0.0,0.0,10000
SEP_p,max,2,0.25066886355998363,0.0,1,63,0.0,0.0,10000
SEP_p,max,2,0.25066886355998363,0.0,1,64,0.0,0.0,10000
SEP_p,max,2,0.25066886355998363,0.0,1,65,0.0,0.0,10000
SEP_p,max,2,0.25066886355998363,0.0,1,66,0.0,0.0,10000
SEP_p,max,2,0.25066886355998363,0.0,1,67,0.0,0.0,10000
SEP_p,max,2,0.25066886355998363,0.0,1,68,0.0,0.0,10000
SEP_p,max,2,0.25066886355998363,0.0,1,69,0.0,0.0,10000
SEP_p,max,2,0.25066886355998363,0.0,1,70,0.0,0.0,10000
SEP_p,max,2,0.25066886355998363,0.0,1,71,0.0,0.0,10000
SEP_p,max,2,0.25066886355998363,0.0,1,72,0.0,0.0,10000
SEP_p,max,2,0.25066886355998363,0.0,1,73,0.0,0.0,10000
SEP_p,max,2,0.25066886355998363,0.0,1,74,0.0,0.0,10000
SEP_p,max,2,0.25066886355998363,0.0,1,75,0.0,0.0,10000
SEP_p,max,2,0.25066886355998363,0.0,1,76,0.0,0.0,10000
SEP_p,max,2,0.25066886355998363,0.0,1,77,0.0,0.0,10000
SEP_p,max,2,0.25066886355998363,0.0,1,78,0.0,0.0,10000
SEP_p,max,2,0.25066886355998363,0.0,1,79,0.0,0.0,10000
SEP_p,max,2,0.25066886355998363,0.0,1,80,0.0,0.0,10000
SEP_p,max,2,0.25066886355998363,0.0,1,81,0.0,0.0,10000
SEP_p,max,2,0.25066886355998363,0.0,1,82,0.0,0.0,10000
SEP_p,max,2,0.25066886355998363,0.0,1,83,0.0,0.0,10000
SEP_p,max,2,0.25066886355998363,0.0,1,84,0.0,0.0,10000
SEP_p,max,2,0.25066886355998363,0.0,1,85,0.0,0.0,10000
SEP_p,max,2,0.25066886355998363,0.0,1,86,0.0,0.0,10000
SEP_p,max,2,0.25066886355998363,0.0,1,87,0.0,0.0,10000
SEP_p,max,2,0.25066886355998363,0.0,1,88,0.0,0.0,10000
SEP_p,max,2,0.25066886355998363,0.0,1,89,0.0,0.0,10000
SEP_p,max,2,0.25066886355998363,0.0,1,90,0.0,0.0,10000
SEP_p,max,2,0.25066886355998363,0.0,1,91,0.0,0.0,10000
SEP_p,max,2,0.25066886355998363,0.0,1,92,0.0,0.0,10000
SEP_p,max,2,0.25066886355998363,0.0,1,93,0.0,0.0,10000
SEP_p,max,2,0.25066886355998363,0.0,1,94,0.0,0.0,10000
SEP_p,max,2,0.25066886355998363,0.0,1,95,0.0,0.0,10000
SEP_p,max,2,0.25066886355998363,0.0,1,96,0.0,0.0,10000
SEP_p,max,2,0.25066886355998363,0.0,1,97,0.0,0.0,10000
SEP_p,max,2,0.25066886355998363,0.0,1,98,0.0,0.0,10000
SEP_p,max,2,0.25066886355998363,0.0,1,99,0.0,0.0,10000
SEP_p,max,2,0.25066886355998363,0.0,1,100,0.0,0.0,10000
SEP_p,max,2,0.25066886355998363,0.0,1,101,0.0,0.0,10000
SEP_p,max,2,0.25066886355998363,0.0,1,102,0.0,0.0,10000
SEP_p,max,2,0.25066886355998363,0.0,1,103,0.0,0.0,10000
SEP_p,max,2,0.25066886355998363,0.0,1,104,0.0,0.0,10000
SEP_p,max,2,0.25066886355998363,0.0,1,105,0.0,0.0,10000
SEP_p,max,2,0.25066886355998363,0.0,1,106,0.0,0.0,10000
SEP_p,max,2,0.25066886355998363,0.0,1,107,0.0,0.0,10000
SEP_p,max,2,0.25066886355998363,0.0,1,108,0.0,0.0,10000
SEP_p,max,2,0.25066886355998363,0.0,1,109,0.0,0.0,10000
SEP_p,max,2,0.25066886355998363,0.0,1,110,0.0,0.0,10000
SEP_p,max,2,0.25066886355998363,0.0,1,111,0.0,0.0,10000
SEP_p,max,2,0.25066886355998363,0.0,1,112,0.0,0.0,10000
SEP_p,max,2,0.25066886355998363,0.0,1,113,0.0,0.0,10000
SEP_p,max,2,0.25066886355998363,0.0,1,114,0.0,0.0,10000
SEP_p,max,2,0.25066886355998363,0.0,1,115,0.0,0.0,10000
SEP_p,max,2,0.25066886355998363,0.0,1,116,0.0,0.0,10000
SEP_p,max,2,0.25066886355998363,0.0,1,117,0.0,0.0,10000
SEP_p,max,2,0.25066886355998363,0.0,1,118,0.0,0.0,10000
SEP_p,max,2,0.25066886355998363,0.0,1,119,0.0,0.0,10000
SEP_p,max,2,0.25066886355998363,0.0,1,120,0.0,0.0,10000
SEP_p,max,2,0.25066886355998363,0.0,1,121,0.0,0.0,10000
SEP_p,max,2,0.25066886355998363,0.0,1,122,0.0,0.0,10000
SEP_p,max,2,0.25066886355998363,0.0,1,123,0.0,0.0,10000
SEP_p,max,2,0.25066886355998363,0.0,1,124,0.0,0.0,10000
SEP_p,max,2,0.25066886355998363,0.0,1,125,0.0,0.0,10000
SEP_p,max,2,0.25066886355998363,0.0,1,126,0.0,0.0,10000
SEP_p,max,2,0.25066886355998363,0.0,1,127,0.0,0.0,10000
SEP_p,max,2,0.25066886355998363,0.0,1,128,0.0,0.0,10000
SEP_p,max,2,0.25066886355998363,0.0,1,129,0.0,0.0,10000
SEP_p,max,2,0.25066886355998363,0.0,1,130,0.0,0.0,10000
SEP_p,max,2,0.25066886355998363,0.0,1,131,0.0,0.0,10000
SEP_p,max,2,0.25066886355998363,0.0,1,132,0.0,0.0,10000
SEP_p,max,2,0.25066886355998363,0.0,1,133,0.0,0.0,10000
SEP_p,max,2,0.25066886355998363,0.0,1,134,0.0,0.0,10000
SEP_p,max,2,0.25066886355998363,0.0,1,135,0.0,0.0,10000
SEP_p,max,2,0.25066886355998363,0.0,1,136,0.0,0.0,10000
SEP_p,max,2,0.25066886355998363,0.0,1,137,0.0,0.0,10000
SEP_p,max,2,0.25066886355998363,0.0,1,138,0.0,0.0,10000
SEP_p,max,2,0.25066886355998363,0.0,1,139,0.0,0.0,10000
SEP_p,max,2,0.25066886355998363,0.0,1,140,0.0,0.0,10000
SEP_p,max,2,0.25066886355998363,0.0,1,141,0.0,0.0,10000
SEP_p,max,2,0.25066886355998363,0.0,2,0,0.0,0.0,10000
SEP_p,max,2,0.25066886355998363,0.0,2,1,0.0,0.0,10000
SEP_p,max,2,0.25066886355998363,0.0,2,2,0.0,0.0,10000
SEP_p,max,2,0.25066886355998363,0.0,2,3,0.0,0.0,10000
SEP_p,max,2,0.25066886355998363,0.0,2,4,0.0,0.0,10000
SEP_p,max,2,0.25066886355998363,0.0,2,5,0.0,0.0,10000
SEP_p,max,2,0.25066886355998363,0.0,2,6,0.0,0.0,10000
SEP_p,max,2,0.25066886355998363,0.0,2,7,0.0,0.0,10000
SEP_p,max,2,0.25066886355998363,0.0,2,8,0.0,0.0,10000
SEP_p,max,2,0.25066886355998363,0.0,2,9,0.0,0.0,10000
SEP_p,max,2,0.25066886355998363,0.0,2,10,0.0,0.0,10000
SEP_p,max,2,0.25066886355998363,0.0,2,11,0.0,0.0,10000
SEP_p,max,2,0.25066886355998363,0.0,2,12,0.0,0.0,10000
SEP_p,max,2,0.25066886355998363,0.0,2,13,0.0,0.0,10000
SEP_p,max,2,0.25066886355998363,0.0,2,14,0.0,0.0,10000
SEP_p,max,2,0.25066886355998363,0.0,2,15,0.0,0.0,10000
SEP_p,max,2,0.25066886355998363,0.0,2,16,0.0,0.0,10000
SEP_p,max,2,0.25066886355998363,0.0,2,17,0.0,0.0,10000
SEP_p,max,2,0.25066886355998363,0.0,2,18,0.0,0.0,10000
SEP_p,max,2,0.25066886355998363,0.0,2,19,0.0,0.0,10000
SEP_p,max,2,0.25066886355998363,0.0,2,20,0.0,0.0,10000
SEP_p,max,2,0.25066886355998363,0.0,2,21,0.0,0.0,10000
SEP_p,max,2,0.25066886355998363,0.0,2,22,0.0,0.0,10000
SEP_p,max,2,0.25066886355998363,0.0,2,23,0.0,0.0,10000
SEP_p,max,2,0.25066886355998363,0.0,2,24,0.0,0.0,10000
SEP_p,max,2,0.25066886355998363,0.0,2,25,0.0,0.0,10000
SEP_p,max,2,0.25066886355998363,0.0,2,26,0.0,0.0,10000
SEP_p,max,2,0.25066886355998363,0.0,2,27,0.0,0.0,10000
SEP_p,max,2,0.25066886355998363,0.0,2,28,0.0,0.0,10000
SEP_p,max,2,0.25066886355998363,0.0,2,29,0.0,0.0,10000
SEP_p,max,2,0.25066886355998363,0.0,2,30,0.0,0.0,10000
SEP_p,max,2,0.25066886355998363,0.0,2,31,0.0,0.0,10000
SEP_p,max,2,0.25066886355998363,0.0,2,32,0.0,0.0,10000
SEP_p,max,2,0.25066886355998363,0.0,2,33,0.0,0.0,10000
SEP_p,max,2,0.25066886355998363,0.0,2,34,0.0,0.0,10000
SEP_p,max,2,0.25066886355998363,0.0,2,35,0.0,0.0,10000
SEP_p,max,2,0.25066886355998363,0.0,2,36,0.0,0.0,10000
SEP_p,max,2,0.25066886355998363,0.0,2,37,0.0,0.0,10000
SEP_p,max,2,0.25066886355998363,0.0,2,38,0.0,0.0,10000
SEP_p,max,2,0.25066886355998363,0.0,2,39,0.0,0.0,10000
SEP_p,max,2,0.25066886355998363,0.0,2,40,0.0,0.0,10000
SEP_p,max,2,0.25066886355998363,0.0,2,41,0.0,0.0,10000
SEP_p,max,2,0.25066886355998363,0.0,2,42,0.0,0.0,10000
SEP_p,max,2,0.25066886355998363,0.0,2,43,0.0,0.0,10000
SEP_p,max,2,0.25066886355998363,0.0,2,44,0.0,0.0,10000
SEP_p,max,2,0.25066886355998363,0.0,2,45,0.0,0.0,10000
SEP_p,max,2,0.25066886355998363,0.0,2,46,0.0,0.0,10000
SEP_p,max,2,0.25066886355998363,0.0,2,47,0.0,0.0,10000
SEP_p,max,2,0.25066886355998363,0.0,2,48,0.0,0.0,10000
SEP_p,max,2,0.25066886355998363,0.0,2,49,0.0,0.0,10000
SEP_p,max,2,0.25066886355998363,0.0,2,50,0.0,0.0,10000
SEP_p,max,2,0.25066886355998363,0.0,2,51,0.0,0.0,10000
SEP_p,max,2,0.25066886355998363,0.0,2,52,0.0,0.0,10000
SEP_p,max,2,0.25066886355998363,0.0,2,53,0.0,0.0,10000
SEP_p,max,2,0.25066886355998363,0.0,2,54,0.0,0.0,10000
SEP_p,max,2,0.25066886355998363,0.0,2,55,0.0,0.0,10000
SEP_p,max,2,0.25066886355998363,0.0,2,56,0.0,0.0,10000
SEP_p,max,2,0.25066886355998363,0.0,2,57,0.0,0.0,10000
SEP_p,max,2,0.25066886355998363,0.0,2,58,0.0,0.0,10000
SEP_p,max,2,0.25066886355998363,0.0,2,59,0.0,0.0,10000
SEP_p,max,2,0.25066886355998363,0.0,2,60,0.0,0.0,10000
SEP_p,max,2,0.25066886355998363,0.0,2,61,0.0,0.0,10000
SEP_p,max,2,0.25066886355998363,0.0,2,62,0.0,0.0,10000
SEP_p,max,2,0.25066886355998363,0.0,2,63,0.0,0.0,10000
SEP_p,max,2,0.25066886355998363,0.0,2,64,0.0,0.0,10000
SEP_p,max,2,0.25066886355998363,0.0,2,65,0.0,0.0,10000
SEP_p,max,2,0.25066886355998363,0.0,2,66,0.0,0.0,10000
SEP_p,max,2,0.25066886355998363,0.0,2,67,0.0,0.0,10000
SEP_p,max,2,0.25066886355998363,0.0,2,68,0.0,0.0,10000
SEP_p,max,2,0.25066886355998363,0.0,2,69,0.0,0.0,10000
SEP_p,max,2,0.25066886355998363,0.0,2,70,0.0,0.0,10000
SEP_p,max,2,0.25066886355998363,0.0,2,71,0.0,0.0,10000
SEP_p,max,2,0.25066886355998363,0.0,2,72,0.0,0.0,10000
SEP_p,max,2,0.25066886355998363,0.0,2,73,0.0,0.0,10000
SEP_p,max,2,0.25066886355998363,0.0,2,74,0.0,0.0,10000
SEP_p,max,2,0.25066886355998363,0.0,2,75,0.0,0.0,10000
SEP_p,max,2,0.25066886355998363,0.0,2,76,0.0,0.0,10000
SEP_p,max,2,0.25066886355998363,0.0,2,77,0.0,0.0,10000
SEP_p,max,2,0.25066886355998363,0.0,2,78,0.0,0.0,10000
SEP_p,max,2,0.25066886355998363,0.0,2,79,0.0,0.0,10000
SEP_p,max,2,0.25066886355998363,0.0,2,80,0.0,0.0,10000
SEP_p,max,2,0.25066886355998363,0.0,2,81,0.0,0.0,10000
SEP_p,max,2,0.25066886355998363,0.0,2,82,0.0,0.0,10000
SEP_p,max,2,0.25066886355998363,0.0,2,83,0.0,0.0,10000
SEP_p,max,2,0.25066886355998363,0.0,2,84,0.0,0.0,10000
SEP_p,max,2,0.25066886355998363,0.0,2,85,0.0,0.0,10000
SEP_p,max,2,0.25066886355998363,0.0,2,86,0.0,0.0,10000
SEP_p,max,2,0.25066886355998363,0.0,2,87,0.0,0.0,10000
SEP_p,max,2,0.25066886355998363,0.0,2,88,0.0,0.0,10000
SEP_p,max,2,0.25066886355998363,0.0,2,89,0.0,0.0,10000
SEP_p,max,2,0.25066886355998363,0.0,2,90,0.0,0.0,10000
SEP_p,max,2,0.25066886355998363,0.0,2,91,0.0,0.0,10000
SEP_p,max,2,0.25066886355998363,0.0,2,92,0.0,0.0,10000
SEP_p,max,2,0.25066886355998363,0.0,2,93,0.0,0.0,10000
SEP_p,max,2,0.25066886355998363,0.0,2,94,0.0,0.0,10000
SEP_p,max,2,0.25066886355998363,0.0,2,95,0.0,0.0,10000
SEP_p,max,2,0.25066886355998363,0.0,2,96,0.0,0.0,10000
SEP_p,max,2,0.25066886355998363,0.0,2,97,0.0,0.0,10000
SEP_p,max,2,0.25066886355998363,0.0,2,98,0.0,0.0,10000
SEP_p,max,2,0.25066886355998363,0.0,2,99,0.0,0.0,10000
SEP_p,max,2,0.25066886355998363,0.0,2,100,0.0,0.0,10000
SEP_p,max,2,0.25066886355998363,0.0,2,101,0.0,0.0,10000
SEP_p,max,2,0.25066886355998363,0.0,2,102,0.0,0.0,10000
SEP_p,max,2,0.25066886355998363,0.0,2,103,0.0,0.0,10000
SEP_p,max,2,0.25066886355998363,0.0,2,104,0.0,0.0,10000
SEP_p,max,2,0.25066886355998363,0.0,2,105,0.0,0.0,10000
SEP_p,max,2,0.25066886355998363,0.0,2,106,0.0,0.0,10000
SEP_p,max,2,0.25066886355998363,0.0,2,107,0.0,0.0,10000
SEP_p,max,2,0.25066886355998363,0.0,2,108,0.0,0.0,10000
SEP_p,max,2,0.25066886355998363,0.0,2,109,0.0,0.0,10000
SEP_p,max,2,0.25066886355998363,0.0,2,110,0.0,0.0,10000
SEP_p,max,2,0.25066886355998363,0.0,2,111,0.0,0.0,10000
SEP_p,max,2,0.25066886355998363,0.0,2,112,0.0,0.0,10000
SEP_p,max,2,0.25066886355998363,0.0,2,113,0.0,0.0,10000
SEP_p,max,2,0.25066886355998363,0.0,2,114,0.0,0.0,10000
SEP_p,max,2,0.25066886355998363,0.0,2,115,0.0,0.0,10000
SEP_p,max,2,0.25066886355998363,0.0,2,116,0.0,0.0,10000
SEP_p,max,2,0.25066886355998363,0.0,2,117,0.0,0.0,10000
SEP_p,max,2,0.25066886355998363,0.0,2,118,0.0,0.0,10000
SEP_p,max,2,0.25066886355998363,0.0,2,119,0.0,0.0,10000
SEP_p,max,2,0.25066886355998363,0.0,2,120,0.0,0.0,10000
SEP_p,max,2,0.25066886355998363,0.0,2,121,0.0,0.0,10000
SEP_p,max,2,0.25066886355998363,0.0,2,122,0.0,0.0,10000
SEP_p,max,2,0.25066886355998363,0.0,2,123,0.0,0.0,10000
SEP_p,max,2,0.25066886355998363,0.0,2,124,0.0,0.0,10000
SEP_p,max,2,0.25066886355998363,0.0,2,125,0.0,0.0,10000
SEP_p,max,2,0.25066886355998363,0.0,2,126,0.0,0.0,10000
SEP_p,max,2,0.25066886355998363,0.0,2,127,0.0,0.0,10000
SEP_p,max,2,0.25066886355998363,0.0,2,128,0.0,0.0,10000
SEP_p,max,2,0.25066886355998363,0.0,2,129,0.0,0.0,10000
SEP_p,max,2,0.25066886355998363,0.0,2,130,0.0,0.0,10000
SEP_p,max,2,0.25066886355998363,0.0,2,131,0.0,0.0,10000
SEP_p,max,2,0.25066886355998363,0.0,2,132,0.0,0.0,10000
SEP_p,max,2,0.25066886355998363,0.0,2,133,0.0,0.0,10000
SEP_p,max,2,0.25066886355998363,0.0,2,134,0.0,0.0,10000
SEP_p,max,2,0.25066886355998363,0.0,2,135,0.0,0.0,10000
SEP_p,max,2,0.25066886355998363,0.0,2,136,0.0,0.0,10000
SEP_p,max,2,0.25066886355998363,0.0,2,137,0.0,0.0,10000
SEP_p,max,2,0.25066886355998363,0.0,2,138,0.0,0.0,10000
SEP_p,max,2,0.25066886355998363,0.0,2,139,0.0,0.0,10000
SEP_p,max,2,0.25066886355998363,0.0,2,140,0.0,0.0,10000
SEP_p,max,2,0.25066886355998363,0.0,2,141,0.0,0.0,10000
GCR_He,min,0,17.78279410038923,0.0,0,0,0.0,0.0,10000
GCR_He,min,0,17.78279410038923,0.0,0,1,0.0,0.0,10000
GCR_He,min,0,17.78279410038923,0.0,0,2,0.0,0.0,10000
GCR_He,min,0,17.78279410038923,0.0,0,3,0.0,0.0,10000
GCR_He,min,0,17.78279410038923,0.0,0,4,0.0,0.0,10000
GCR_He,min,0,17.78279410038923,0.0,0,5,0.0,0.0,10000
GCR_He,min,0,17.78279410038923,0.0,0,6,0.0,0.0,10000
GCR_He,min,0,17.78279410038923,0.0,0,7,0.0,0.0,10000
GCR_He,min,0,17.78279410038923,0.0,0,8,0.0,0.0,10000
GCR_He,min,0,17.78279410038923,0.0,0,9,0.0,0.0,10000
GCR_He,min,0,17.78279410038923,0.0,0,10,0.0,0.0,10000
GCR_He,min,0,17.78279410038923,0.0,0,11,0.0,0.0,10000
GCR_He,min,0,17.78279410038923,0.0,0,12,0.0,0.0,10000
GCR_He,min,0,17.78279410038923,0.0,0,13,0.0,0.0,10000
GCR_He,min,0,17.78279410038923,0.0,0,14,0.0,0.0,10000
GCR_He,min,0,17.78279410038923,0.0,0,15,0.0,0.0,10000
GCR_He,min,0,17.78279410038923,0.0,0,16,0.0,0.0,10000
GCR_He,min,0,17.78279410038923,0.0,0,17,0.0,0.0,10000
GCR_He,min,0,17.78279410038923,0.0,0,18,0.0,0.0,10000
GCR_He,min,0,17.78279410038923,0.0,0,19,0.0,0.0,10000
GCR_He,min,0,17.78279410038923,0.0,0,20,0.0,0.0,10000
GCR_He,min,0,17.78279410038923,0.0,0,21,0.0,0.0,10000
GCR_He,min,0,17.78279410038923,0.0,0,22,0.0,0.0,10000
GCR_He,min,0,17.78279410038923,0.0,0,23,0.0,0.0,10000
GCR_He,min,0,17.78279410038923,0.0,0,24,0.0,0.0,10000
GCR_He,min,0,17.78279410038923,0.0,0,25,0.0,0.0,10000
GCR_He,min,0,17.78279410038923,0.0,0,26,0.0,0.0,10000
GCR_He,min,0,17.78279410038923,0.0,0,27,0.0,0.0,10000
GCR_He,min,0,17.78279410038923,0.0,0,28,0.0,0.0,10000
GCR_He,min,0,17.78279410038923,0.0,0,29,0.0,0.0,10000
GCR_He,min,0,17.78279410038923,0.0,0,30,0.0,0.0,10000
GCR_He,min,0,17.78279410038923,0.0,0,31,0.0,0.0,10000
GCR_He,min,0,17.78279410038923,0.0,0,32,0.0,0.0,10000
GCR_He,min,0,17.78279410038923,0.0,0,33,0.0,0.0,10000
GCR_He,min,0,17.78279410038923,0.0,0,34,0.0,0.0,10000
GCR_He,min,0,17.78279410038923,0.0,0,35,0.0,0.0,10000
GCR_He,min,0,17.78279410038923,0.0,0,36,0.0,0.0,10000
GCR_He,min,0,17.78279410038923,0.0,0,37,0.0,0.0,10000
GCR_He,min,0,17.78279410038923,0.0,0,38,0.0,0.0,10000
GCR_He,min,0,17.78279410038923,0.0,0,39,0.0,0.0,10000
GCR_He,min,0,17.78279410038923,0.0,0,40,0.0,0.0,10000
GCR_He,min,0,17.78279410038923,0.0,0,41,0.0,0.0,10000
GCR_He,min,0,17.78279410038923,0.0,0,42,0.0,0.0,10000
GCR_He,min,0,17.78279410038923,0.0,0,43,0.0,0.0,10000
GCR_He,min,0,17.78279410038923,0.0,0,44,0.0,0.0,10000
GCR_He,min,0,17.78279410038923,0.0,0,45,0.0,0.0,10000
GCR_He,min,0,17.78279410038923,0.0,0,46,0.0,0.0,10000
GCR_He,min,0,17.78279410038923,0.0,0,47,0.0,0.0,10000
GCR_He,min,0,17.78279410038923,0.0,0,48,0.0,0.0,10000
GCR_He,min,0,17.78279410038923,0.0,0,49,0.0,0.0,10000
GCR_He,min,0,17.78279410038923,0.0,0,50,0.0,0.0,10000
GCR_He,min,0,17.78279410038923,0.0,0,51,0.0,0.0,10000
GCR_He,min,0,17.78279410038923,0.0,0,52,0.0,0.0,10000
GCR_He,min,0,17.78279410038923,0.0,0,53,0.0,0.0,10000
GCR_He,min,0,17.78279410038923,0.0,0,54,0.0,0.0,10000
GCR_He,min,0,17.78279410038923,0.0,0,55,0.0,0.0,10000
GCR_He,min,0,17.78279410038923,0.0,0,56,0.0,0.0,10000
GCR_He,min,0,17.78279410038923,0.0,0,57,0.0,0.0,10000
GCR_He,min,0,17.78279410038923,0.0,0,58,0.0,0.0,10000
GCR_He,min,0,17.78279410038923,0.0,0,59,0.0,0.0,10000
GCR_He,min,0,17.78279410038923,0.0,0,60,0.0,0.0,10000
GCR_He,min,0,17.78279410038923,0.0,0,61,0.0,0.0,10000
GCR_He,min,0,17.78279410038923,0.0,0,62,0.0,0.0,10000
GCR_He,min,0,17.78279410038923,0.0,0,63,0.0,0.0,10000
GCR_He,min,0,17.78279410038923,0.0,0,64,0.0,0.0,10000
GCR_He,min,0,17.78279410038923,0.0,0,65,0.0,0.0,10000
GCR_He,min,0,17.78279410038923,0.0,0,66,0.0,0.0,10000
GCR_He,min,0,17.78279410038923,0.0,0,67,0.0,0.0,10000
GCR_He,min,0,17.78279410038923,0.0,0,68,0.0,0.0,10000
GCR_He,min,0,17.78279410038923,0.0,0,69,0.0,0.0,10000
GCR_He,min,0,17.78279410038923,0.0,0,70,0.0,0.0,10000
GCR_He,min,0,17.78279410038923,0.0,0,71,0.0,0.0,10000
GCR_He,min,0,17.78279410038923,0.0,0,72,0.0,0.0,10000
GCR_He,min,0,17.78279410038923,0.0,0,73,0.0,0.0,10000
GCR_He,min,0,17.78279410038923,0.0,0,74,0.0,0.0,10000
GCR_He,min,0,17.78279410038923,0.0,0,75,0.0,0.0,10000
GCR_He,min,0,17.78279410038923,0.0,0,76,0.0,0.0,10000
GCR_He,min,0,17.78279410038923,0.0,0,77,0.0,0.0,10000
GCR_He,min,0,17.78279410038923,0.0,0,78,0.0,0.0,10000
GCR_He,min,0,17.78279410038923,0.0,0,79,0.0,0.0,10000
GCR_He,min,0,17.78279410038923,0.0,0,80,0.0,0.0,10000
GCR_He,min,0,17.78279410038923,0.0,0,81,0.0,0.0,10000
GCR_He,min,0,17.78279410038923,0.0,0,82,0.0,0.0,10000
GCR_He,min,0,17.78279410038923,0.0,0,83,0.0,0.0,10000
GCR_He,min,0,17.78279410038923,0.0,0,84,0.0,0.0,10000
GCR_He,min,0,17.78279410038923,0.0,0,85,0.0,0.0,10000
GCR_He,min,0,17.78279410038923,0.0,0,86,0.0,0.0,10000
GCR_He,min,0,17.78279410038923,0.0,0,87,0.0,0.0,10000
GCR_He,min,0,17.78279410038923,0.0,0,88,0.0,0.0,10000
GCR_He,min,0,17.78279410038923,0.0,0,89,0.0,0.0,10000
GCR_He,min,0,17.78279410038923,0.0,0,90,0.0,0.0,10000
GCR_He,min,0,17.78279410038923,0.0,0,91,0.0,0.0,10000
GCR_He,min,0,17.78279410038923,0.0,0,92,0.0,0.0,10000
GCR_He,min,0,17.78279410038923,0.0,0,93,0.0,0.0,10000
GCR_He,min,0,17.78279410038923,0.0,0,94,0.0,0.0,10000
GCR_He,min,0,17.78279410038923,0.0,0,95,0.0,0.0,10000
GCR_He,min,0,17.78279410038923,0.0,0,96,0.0,0.0,10000
GCR_He,min,0,17.78279410038923,0.0,0,97,0.0,0.0,10000
GCR_He,min,0,17.78279410038923,0.0,0,98,0.0,0.0,10000
GCR_He,min,0,17.78279410038923,0.0,0,99,0.0,0.0,10000
GCR_He,min,0,17.78279410038923,0.0,0,100,0.0,0.0,10000
GCR_He,min,0,17.78279410038923,0.0,0,101,0.0,0.0,10000
GCR_He,min,0,17.78279410038923,0.0,0,102,0.0,0.0,10000
GCR_He,min,0,17.78279410038923,0.0,0,103,0.0,0.0,10000
GCR_He,min,0,17.78279410038923,0.0,0,104,0.0,0.0,10000
GCR_He,min,0,17.78279410038923,0.0,0,105,0.0,0.0,10000
GCR_He,min,0,17.78279410038923,0.0,0,106,0.0,0.0,10000
GCR_He,min,0,17.78279410038923,0.0,0,107,0.0,0.0,10000
GCR_He,min,0,17.78279410038923,0.0,0,108,0.0,0.0,10000
GCR_He,min,0,17.78279410038923,0.0,0,109,0.0,0.0,10000
GCR_He,min,0,17.78279410038923,0.0,0,110,0.0,0.0,10000
GCR_He,min,0,17.78279410038923,0.0,0,111,0.0,0.0,10000
GCR_He,min,0,17.78279410038923,0.0,0,112,0.0,0.0,10000
GCR_He,min,0,17.78279410038923,0.0,0,113,0.0,0.0,10000
GCR_He,min,0,17.78279410038923,0.0,0,114,0.0,0.0,10000
GCR_He,min,0,17.78279410038923,0.0,0,115,0.0,0.0,10000
GCR_He,min,0,17.78279410038923,0.0,0,116,0.0,0.0,10000
GCR_He,min,0,17.78279410038923,0.0,0,117,0.0,0.0,10000
GCR_He,min,0,17.78279410038923,0.0,0,118,0.0,0.0,10000
GCR_He,min,0,17.78279410038923,0.0,0,119,0.0,0.0,10000
GCR_He,min,0,17.78279410038923,0.0,0,120,0.0,0.0,10000
GCR_He,min,0,17.78279410038923,0.0,0,121,0.0,0.0,10000
GCR_He,min,0,17.78279410038923,0.0,0,122,0.0,0.0,10000
GCR_He,min,0,17.78279410038923,0.0,0,123,0.0,0.0,10000
GCR_He,min,0,17.78279410038923,0.0,0,124,0.0,0.0,10000
GCR_He,min,0,17.78279410038923,0.0,0,125,0.0,0.0,10000
GCR_He,min,0,17.78279410038923,0.0,0,126,0.0,0.0,10000
GCR_He,min,0,17.78279410038923,0.0,0,127,0.0,0.0,10000
GCR_He,min,0,17.78279410038923,0.0,0,128,0.0,0.0,10000
GCR_He,min,0,17.78279410038923,0.0,0,129,0.0,0.0,10000
GCR_He,min,0,17.78279410038923,0.0,0,130,0.0,0.0,10000
GCR_He,min,0,17.78279410038923,0.0,0,131,0.0,0.0,10000
GCR_He,min,0,17.78279410038923,0.0,0,132,0.0,0.0,10000
GCR_He,min,0,17.78279410038923,0.0,0,133,0.0,0.0,10000
GCR_He,min,0,17.78279410038923,0.0,0,134,0.0,0.0,10000
GCR_He,min,0,17.78279410038923,0.0,0,135,0.0,0.0,10000
GCR_He,min,0,17.78279410038923,0.0,0,136,0.0,0.0,10000
GCR_He,min,0,17.78279410038923,0.0,0,137,0.0,0.0,10000
GCR_He,min,0,17.78279410038923,0.0,0,138,0.0,0.0,10000
GCR_He,min,0,17.78279410038923,0.0,0,139,0.0,0.0,10000
GCR_He,min,0,17.78279410038923,0.0,0,140,0.0,0.0,10000
GCR_He,min,0,17.78279410038923,0.0,0,141,0.0,0.0,10000
SEP_p,max,3,0.9093698453734381,0.0,1,0,0.0,0.0,10000
SEP_p,max,3,0.9093698453734381,0.0,1,1,0.0,0.0,10000
SEP_p,max,3,0.9093698453734381,0.0,1,2,0.0,0.0,10000
SEP_p,max,3,0.9093698453734381,0.0,1,3,0.0,0.0,10000
SEP_p,max,3,0.9093698453734381,0.0,1,4,0.0,0.0,10000
SEP_p,max,3,0.9093698453734381,0.0,1,5,0.0,0.0,10000
SEP_p,max,3,0.9093698453734381,0.0,1,6,0.0,0.0,10000
SEP_p,max,3,0.9093698453734381,0.0,1,7,0.0,0.0,10000
SEP_p,max,3,0.9093698453734381,0.0,1,8,0.0,0.0,10000
SEP_p,max,3,0.9093698453734381,0.0,1,9,0.0,0.0,10000
SEP_p,max,3,0.9093698453734381,0.0,1,10,0.0,0.0,10000
SEP_p,max,3,0.9093698453734381,0.0,1,11,0.0,0.0,10000
SEP_p,max,3,0.9093698453734381,0.0,1,12,0.0,0.0,10000
SEP_p,max,3,0.9093698453734381,0.0,1,13,0.0,0.0,10000
SEP_p,max,3,0.9093698453734381,0.0,1,14,0.0,0.0,10000
SEP_p,max,3,0.9093698453734381,0.0,1,15,0.0,0.0,10000
SEP_p,max,3,0.9093698453734381,0.0,1,16,0.0,0.0,10000
SEP_p,max,3,0.9093698453734381,0.0,1,17,0.0,0.0,10000
SEP_p,max,3,0.9093698453734381,0.0,1,18,0.0,0.0,10000
SEP_p,max,3,0.9093698453734381,0.0,1,19,0.0,0.0,10000
SEP_p,max,3,0.9093698453734381,0.0,1,20,0.0,0.0,10000
SEP_p,max,3,0.9093698453734381,0.0,1,21,0.0,0.0,10000
SEP_p,max,3,0.9093698453734381,0.0,1,22,0.0,0.0,10000
SEP_p,max,3,0.9093698453734381,0.0,1,23,0.0,0.0,10000
SEP_p,max,3,0.9093698453734381,0.0,1,24,0.0,0.0,10000
SEP_p,max,3,0.9093698453734381,0.0,1,25,0.0,0.0,10000
SEP_p,max,3,0.9093698453734381,0.0,1,26,0.0,0.0,10000
SEP_p,max,3,0.9093698453734381,0.0,1,27,0.0,0.0,10000
SEP_p,max,3,0.9093698453734381,0.0,1,28,0.0,0.0,10000
SEP_p,max,3,0.9093698453734381,0.0,1,29,0.0,0.0,10000
SEP_p,max,3,0.9093698453734381,0.0,1,30,0.0,0.0,10000
SEP_p,max,3,0.9093698453734381,0.0,1,31,0.0,0.0,10000
SEP_p,max,3,0.9093698453734381,0.0,1,32,0.0,0.0,10000
SEP_p,max,3,0.9093698453734381,0.0,1,33,0.0,0.0,10000
SEP_p,max,3,0.9093698453734381,0.0,1,34,0.0,0.0,10000
SEP_p,max,3,0.9093698453734381,0.0,1,35,0.0,0.0,10000
SEP_p,max,3,0.9093698453734381,0.0,1,36,0.0,0.0,10000
SEP_p,max,3,0.9093698453734381,0.0,1,37,0.0,0.0,10000
SEP_p,max,3,0.9093698453734381,0.0,1,38,0.0,0.0,10000
SEP_p,max,3,0.9093698453734381,0.0,1,39,0.0,0.0,10000
SEP_p,max,3,0.9093698453734381,0.0,1,40,0.0,0.0,10000
SEP_p,max,3,0.9093698453734381,0.0,1,41,0.0,0.0,10000
SEP_p,max,3,0.9093698453734381,0.0,1,42,0.0,0.0,10000
SEP_p,max,3,0.9093698453734381,0.0,1,43,0.0,0.0,10000
SEP_p,max,3,0.9093698453734381,0.0,1,44,0.0,0.0,10000
SEP_p,max,3,0.9093698453734381,0.0,1,45,0.0,0.0,10000
SEP_p,max,3,0.9093698453734381,0.0,1,46,0.0,0.0,10000
SEP_p,max,3,0.9093698453734381,0.0,1,47,0.0,0.0,10000
SEP_p,max,3,0.9093698453734381,0.0,1,48,0.0,0.0,10000
SEP_p,max,3,0.9093698453734381,0.0,1,49,0.0,0.0,10000
SEP_p,max,3,0.9093698453734381,0.0,1,50,0.0,0.0,10000
SEP_p,max,3,0.9093698453734381,0.0,1,51,0.0,0.0,10000
SEP_p,max,3,0.9093698453734381,0.0,1,52,0.0,0.0,10000
SEP_p,max,3,0.9093698453734381,0.0,1,53,0.0,0.0,10000
SEP_p,max,3,0.9093698453734381,0.0,1,54,0.0,0.0,10000
SEP_p,max,3,0.9093698453734381,0.0,1,55,0.0,0.0,10000
SEP_p,max,3,0.9093698453734381,0.0,1,56,0.0,0.0,10000
SEP_p,max,3,0.9093698453734381,0.0,1,57,0.0,0.0,10000
SEP_p,max,3,0.9093698453734381,0.0,1,58,0.0,0.0,10000
SEP_p,max,3,0.9093698453734381,0.0,1,59,0.0,0.0,10000
SEP_p,max,3,0.9093698453734381,0.0,1,60,0.0,0.0,10000
SEP_p,max,3,0.9093698453734381,0.0,1,61,0.0,0.0,10000
SEP_p,max,3,0.9093698453734381,0.0,1,62,0.0,0.0,10000
SEP_p,max,3,0.9093698453734381,0.0,1,63,0.0,0.0,10000
SEP_p,max,3,0.9093698453734381,0.0,1,64,0.0,0.0,10000
SEP_p,max,3,0.9093698453734381,0.0,1,65,0.0,0.0,10000
SEP_p,max,3,0.9093698453734381,0.0,1,66,0.0,0.0,10000
SEP_p,max,3,0.9093698453734381,0.0,1,67,0.0,0.0,10000
SEP_p,max,3,0.9093698453734381,0.0,1,68,0.0,0.0,10000
SEP_p,max,3,0.9093698453734381,0.0,1,69,0.0,0.0,10000
SEP_p,max,3,0.9093698453734381,0.0,1,70,0.0,0.0,10000
SEP_p,max,3,0.9093698453734381,0.0,1,71,0.0,0.0,10000
SEP_p,max,3,0.9093698453734381,0.0,1,72,0.0,0.0,10000
SEP_p,max,3,0.9093698453734381,0.0,1,73,0.0,0.0,10000
SEP_p,max,3,0.9093698453734381,0.0,1,74,0.0,0.0,10000
SEP_p,max,3,0.9093698453734381,0.0,1,75,0.0,0.0,10000
SEP_p,max,3,0.9093698453734381,0.0,1,76,0.0,0.0,10000
SEP_p,max,3,0.9093698453734381,0.0,1,77,0.0,0.0,10000
SEP_p,max,3,0.9093698453734381,0.0,1,78,0.0,0.0,10000
SEP_p,max,3,0.9093698453734381,0.0,1,79,0.0,0.0,10000
SEP_p,max,3,0.9093698453734381,0.0,1,80,0.0,0.0,10000
SEP_p,max,3,0.9093698453734381,0.0,1,81,0.0,0.0,10000
SEP_p,max,3,0.9093698453734381,0.0,1,82,0.0,0.0,10000
SEP_p,max,3,0.9093698453734381,0.0,1,83,0.0,0.0,10000
SEP_p,max,3,0.9093698453734381,0.0,1,84,0.0,0.0,10000
SEP_p,max,3,0.9093698453734381,0.0,1,85,0.0,0.0,10000
SEP_p,max,3,0.9093698453734381,0.0,1,86,0.0,0.0,10000
SEP_p,max,3,0.9093698453734381,0.0,1,87,0.0,0.0,10000
SEP_p,max,3,0.9093698453734381,0.0,1,88,0.0,0.0,10000
SEP_p,max,3,0.9093698453734381,0.0,1,89,0.0,0.0,10000
SEP_p,max,3,0.9093698453734381,0.0,1,90,0.0,0.0,10000
SEP_p,max,3,0.9093698453734381,0.0,1,91,0.0,0.0,10000
SEP_p,max,3,0.9093698453734381,0.0,1,92,0.0,0.0,10000
SEP_p,max,3,0.9093698453734381,0.0,1,93,0.0,0.0,10000
SEP_p,max,3,0.9093698453734381,0.0,1,94,0.0,0.0,10000
SEP_p,max,3,0.9093698453734381,0.0,1,95,0.0,0.0,10000
SEP_p,max,3,0.9093698453734381,0.0,1,96,0.0,0.0,10000
SEP_p,max,3,0.9093698453734381,0.0,1,97,0.0,0.0,10000
SEP_p,max,3,0.9093698453734381,0.0,1,98,0.0,0.0,10000
SEP_p,max,3,0.9093698453734381,0.0,1,99,0.0,0.0,10000
SEP_p,max,3,0.9093698453734381,0.0,1,100,0.0,0.0,10000
SEP_p,max,3,0.9093698453734381,0.0,1,101,0.0,0.0,10000
SEP_p,max,3,0.9093698453734381,0.0,1,102,0.0,0.0,10000
SEP_p,max,3,0.9093698453734381,0.0,1,103,0.0,0.0,10000
SEP_p,max,3,0.9093698453734381,0.0,1,104,0.0,0.0,10000
SEP_p,max,3,0.9093698453734381,0.0,1,105,0.0,0.0,10000
SEP_p,max,3,0.9093698453734381,0.0,1,106,0.0,0.0,10000
SEP_p,max,3,0.9093698453734381,0.0,1,107,0.0,0.0,10000
SEP_p,max,3,0.9093698453734381,0.0,1,108,0.0,0.0,10000
SEP_p,max,3,0.9093698453734381,0.0,1,109,0.0,0.0,10000
SEP_p,max,3,0.9093698453734381,0.0,1,110,0.0,0.0,10000
SEP_p,max,3,0.9093698453734381,0.0,1,111,0.0,0.0,10000
SEP_p,max,3,0.9093698453734381,0.0,1,112,0.0,0.0,10000
SEP_p,max,3,0.9093698453734381,0.0,1,113,0.0,0.0,10000
SEP_p,max,3,0.9093698453734381,0.0,1,114,0.0,0.0,10000
SEP_p,max,3,0.9093698453734381,0.0,1,115,0.0,0.0,10000
SEP_p,max,3,0.9093698453734381,0.0,1,116,0.0,0.0,10000
SEP_p,max,3,0.9093698453734381,0.0,1,117,0.0,0.0,10000
SEP_p,max,3,0.9093698453734381,0.0,1,118,0.0,0.0,10000
SEP_p,max,3,0.9093698453734381,0.0,1,119,0.0,0.0,10000
SEP_p,max,3,0.9093698453734381,0.0,1,120,0.0,0.0,10000
SEP_p,max,3,0.9093698453734381,0.0,1,121,0.0,0.0,10000
SEP_p,max,3,0.9093698453734381,0.0,1,122,0.0,0.0,10000
SEP_p,max,3,0.9093698453734381,0.0,1,123,0.0,0.0,10000
SEP_p,max,3,0.9093698453734381,0.0,1,124,0.0,0.0,10000
SEP_p,max,3,0.9093698453734381,0.0,1,125,0.0,0.0,10000
SEP_p,max,3,0.9093698453734381,0.0,1,126,0.0,0.0,10000
SEP_p,max,3,0.9093698453734381,0.0,1,127,0.0,0.0,10000
SEP_p,max,3,0.9093698453734381,0.0,1,128,0.0,0.0,10000
SEP_p,max,3,0.9093698453734381,0.0,1,129,0.0,0.0,10000
SEP_p,max,3,0.9093698453734381,0.0,1,130,0.0,0.0,10000
SEP_p,max,3,0.9093698453734381,0.0,1,131,0.0,0.0,10000
SEP_p,max,3,0.9093698453734381,0.0,1,132,0.0,0.0,10000
SEP_p,max,3,0.9093698453734381,0.0,1,133,0.0,0.0,10000
SEP_p,max,3,0.9093698453734381,0.0,1,134,0.0,0.0,10000
SEP_p,max,3,0.9093698453734381,0.0,1,135,0.0,0.0,10000
SEP_p,max,3,0.9093698453734381,0.0,1,136,0.0,0.0,10000
SEP_p,max,3,0.9093698453734381,0.0,1,137,0.0,0.0,10000
SEP_p,max,3,0.9093698453734381,0.0,1,138,0.0,0.0,10000
SEP_p,max,3,0.9093698453734381,0.0,1,139,0.0,0.0,10000
SEP_p,max,3,0.9093698453734381,0.0,1,140,0.0,0.0,10000
SEP_p,max,3,0.9093698453734381,0.0,1,141,0.0,0.0,10000
SEP_p,max,3,0.9093698453734381,0.0,2,0,0.0,0.0,10000
SEP_p,max,3,0.9093698453734381,0.0,2,1,0.0,0.0,10000
SEP_p,max,3,0.9093698453734381,0.0,2,2,0.0,0.0,10000
SEP_p,max,3,0.9093698453734381,0.0,2,3,0.0,0.0,10000
SEP_p,max,3,0.9093698453734381,0.0,2,4,0.0,0.0,10000
SEP_p,max,3,0.9093698453734381,0.0,2,5,0.0,0.0,10000
SEP_p,max,3,0.9093698453734381,0.0,2,6,0.0,0.0,10000
SEP_p,max,3,0.9093698453734381,0.0,2,7,0.0,0.0,10000
SEP_p,max,3,0.9093698453734381,0.0,2,8,0.0,0.0,10000
SEP_p,max,3,0.9093698453734381,0.0,2,9,0.0,0.0,10000
SEP_p,max,3,0.9093698453734381,0.0,2,10,0.0,0.0,10000
SEP_p,max,3,0.9093698453734381,0.0,2,11,0.0,0.0,10000
SEP_p,max,3,0.9093698453734381,0.0,2,12,0.0,0.0,10000
SEP_p,max,3,0.9093698453734381,0.0,2,13,0.0,0.0,10000
SEP_p,max,3,0.9093698453734381,0.0,2,14,0.0,0.0,10000
SEP_p,max,3,0.9093698453734381,0.0,2,15,0.0,0.0,10000
SEP_p,max,3,0.9093698453734381,0.0,2,16,0.0,0.0,10000
SEP_p,max,3,0.9093698453734381,0.0,2,17,0.0,0.0,10000
SEP_p,max,3,0.9093698453734381,0.0,2,18,0.0,0.0,10000
SEP_p,max,3,0.9093698453734381,0.0,2,19,0.0,0.0,10000
SEP_p,max,3,0.9093698453734381,0.0,2,20,0.0,0.0,10000
SEP_p,max,3,0.9093698453734381,0.0,2,21,0.0,0.0,10000
SEP_p,max,3,0.9093698453734381,0.0,2,22,0.0,0.0,10000
SEP_p,max,3,0.9093698453734381,0.0,2,23,0.0,0.0,10000
SEP_p,max,3,0.9093698453734381,0.0,2,24,0.0,0.0,10000
SEP_p,max,3,0.9093698453734381,0.0,2,25,0.0,0.0,10000
SEP_p,max,3,0.9093698453734381,0.0,2,26,0.0,0.0,10000
SEP_p,max,3,0.9093698453734381,0.0,2,27,0.0,0.0,10000
SEP_p,max,3,0.9093698453734381,0.0,2,28,0.0,0.0,10000
SEP_p,max,3,0.9093698453734381,0.0,2,29,0.0,0.0,10000
SEP_p,max,3,0.9093698453734381,0.0,2,30,0.0,0.0,10000
SEP_p,max,3,0.9093698453734381,0.0,2,31,0.0,0.0,10000
SEP_p,max,3,0.9093698453734381,0.0,2,32,0.0,0.0,10000
SEP_p,max,3,0.9093698453734381,0.0,2,33,0.0,0.0,10000
SEP_p,max,3,0.9093698453734381,0.0,2,34,0.0,0.0,10000
SEP_p,max,3,0.9093698453734381,0.0,2,35,0.0,0.0,10000
SEP_p,max,3,0.9093698453734381,0.0,2,36,0.0,0.0,10000
SEP_p,max,3,0.9093698453734381,0.0,2,37,0.0,0.0,10000
SEP_p,max,3,0.9093698453734381,0.0,2,38,0.0,0.0,10000
SEP_p,max,3,0.9093698453734381,0.0,2,39,0.0,0.0,10000
SEP_p,max,3,0.9093698453734381,0.0,2,40,0.0,0.0,10000
SEP_p,max,3,0.9093698453734381,0.0,2,41,0.0,0.0,10000
SEP_p,max,3,0.9093698453734381,0.0,2,42,0.0,0.0,10000
SEP_p,max,3,0.9093698453734381,0.0,2,43,0.0,0.0,10000
SEP_p,max,3,0.9093698453734381,0.0,2,44,0.0,0.0,10000
SEP_p,max,3,0.9093698453734381,0.0,2,45,0.0,0.0,10000
SEP_p,max,3,0.9093698453734381,0.0,2,46,0.0,0.0,10000
SEP_p,max,3,0.9093698453734381,0.0,2,47,0.0,0.0,10000
SEP_p,max,3,0.9093698453734381,0.0,2,48,0.0,0.0,10000
SEP_p,max,3,0.9093698453734381,0.0,2,49,0.0,0.0,10000
SEP_p,max,3,0.9093698453734381,0.0,2,50,0.0,0.0,10000
SEP_p,max,3,0.9093698453734381,0.0,2,51,0.0,0.0,10000
SEP_p,max,3,0.9093698453734381,0.0,2,52,0.0,0.0,10000
SEP_p,max,3,0.9093698453734381,0.0,2,53,0.0,0.0,10000
SEP_p,max,3,0.9093698453734381,0.0,2,54,0.0,0.0,10000
SEP_p,max,3,0.9093698453734381,0.0,2,55,0.0,0.0,10000
SEP_p,max,3,0.9093698453734381,0.0,2,56,0.0,0.0,10000
SEP_p,max,3,0.9093698453734381,0.0,2,57,0.0,0.0,10000
SEP_p,max,3,0.9093698453734381,0.0,2,58,0.0,0.0,10000
SEP_p,max,3,0.9093698453734381,0.0,2,59,0.0,0.0,10000
SEP_p,max,3,0.9093698453734381,0.0,2,60,0.0,0.0,10000
SEP_p,max,3,0.9093698453734381,0.0,2,61,0.0,0.0,10000
SEP_p,max,3,0.9093698453734381,0.0,2,62,0.0,0.0,10000
SEP_p,max,3,0.9093698453734381,0.0,2,63,0.0,0.0,10000
SEP_p,max,3,0.9093698453734381,0.0,2,64,0.0,0.0,10000
SEP_p,max,3,0.9093698453734381,0.0,2,65,0.0,0.0,10000
SEP_p,max,3,0.9093698453734381,0.0,2,66,0.0,0.0,10000
SEP_p,max,3,0.9093698453734381,0.0,2,67,0.0,0.0,10000
SEP_p,max,3,0.9093698453734381,0.0,2,68,0.0,0.0,10000
SEP_p,max,3,0.9093698453734381,0.0,2,69,0.0,0.0,10000
SEP_p,max,3,0.9093698453734381,0.0,2,70,0.0,0.0,10000
SEP_p,max,3,0.9093698453734381,0.0,2,71,0.0,0.0,10000
SEP_p,max,3,0.9093698453734381,0.0,2,72,0.0,0.0,10000
SEP_p,max,3,0.9093698453734381,0.0,2,73,0.0,0.0,10000
SEP_p,max,3,0.9093698453734381,0.0,2,74,0.0,0.0,10000
SEP_p,max,3,0.9093698453734381,0.0,2,75,0.0,0.0,10000
SEP_p,max,3,0.9093698453734381,0.0,2,76,0.0,0.0,10000
SEP_p,max,3,0.9093698453734381,0.0,2,77,0.0,0.0,10000
SEP_p,max,3,0.9093698453734381,0.0,2,78,0.0,0.0,10000
SEP_p,max,3,0.9093698453734381,0.0,2,79,0.0,0.0,10000
SEP_p,max,3,0.9093698453734381,0.0,2,80,0.0,0.0,10000
SEP_p,max,3,0.9093698453734381,0.0,2,81,0.0,0.0,10000
SEP_p,max,3,0.9093698453734381,0.0,2,82,0.0,0.0,10000
SEP_p,max,3,0.9093698453734381,0.0,2,83,0.0,0.0,10000
SEP_p,max,3,0.9093698453734381,0.0,2,84,0.0,0.0,10000
SEP_p,max,3,0.9093698453734381,0.0,2,85,0.0,0.0,10000
SEP_p,max,3,0.9093698453734381,0.0,2,86,0.0,0.0,10000
SEP_p,max,3,0.9093698453734381,0.0,2,87,0.0,0.0,10000
SEP_p,max,3,0.9093698453734381,0.0,2,88,0.0,0.0,10000
SEP_p,max,3,0.9093698453734381,0.0,2,89,0.0,0.0,10000
SEP_p,max,3,0.9093698453734381,0.0,2,90,0.0,0.0,10000
SEP_p,max,3,0.9093698453734381,0.0,2,91,0.0,0.0,10000
SEP_p,max,3,0.9093698453734381,0.0,2,92,0.0,0.0,10000
SEP_p,max,3,0.9093698453734381,0.0,2,93,0.0,0.0,10000
SEP_p,max,3,0.9093698453734381,0.0,2,94,0.0,0.0,10000
SEP_p,max,3,0.9093698453734381,0.0,2,95,0.0,0.0,10000
SEP_p,max,3,0.9093698453734381,0.0,2,96,0.0,0.0,10000
SEP_p,max,3,0.9093698453734381,0.0,2,97,0.0,0.0,10000
SEP_p,max,3,0.9093698453734381,0.0,2,98,0.0,0.0,10000
SEP_p,max,3,0.9093698453734381,0.0,2,99,0.0,0.0,10000
SEP_p,max,3,0.9093698453734381,0.0,2,100,0.0,0.0,10000
SEP_p,max,3,0.9093698453734381,0.0,2,101,0.0,0.0,10000
SEP_p,max,3,0.9093698453734381,0.0,2,102,0.0,0.0,10000
SEP_p,max,3,0.9093698453734381,0.0,2,103,0.0,0.0,10000
SEP_p,max,3,0.9093698453734381,0.0,2,104,0.0,0.0,10000
SEP_p,max,3,0.9093698453734381,0.0,2,105,0.0,0.0,10000
SEP_p,max,3,0.9093698453734381,0.0,2,106,0.0,0.0,10000
SEP_p,max,3,0.9093698453734381,0.0,2,107,0.0,0.0,10000
SEP_p,max,3,0.9093698453734381,0.0,2,108,0.0,0.0,10000
SEP_p,max,3,0.9093698453734381,0.0,2,109,0.0,0.0,10000
SEP_p,max,3,0.9093698453734381,0.0,2,110,0.0,0.0,10000
SEP_p,max,3,0.9093698453734381,0.0,2,111,0.0,0.0,10000
SEP_p,max,3,0.9093698453734381,0.0,2,112,0.0,0.0,10000
SEP_p,max,3,0.9093698453734381,0.0,2,113,0.0,0.0,10000
SEP_p,max,3,0.9093698453734381,0.0,2,114,0.0,0.0,10000
SEP_p,max,3,0.9093698453734381,0.0,2,115,0.0,0.0,10000
SEP_p,max,3,0.9093698453734381,0.0,2,116,0.0,0.0,10000
SEP_p,max,3,0.9093698453734381,0.0,2,117,0.0,0.0,10000
SEP_p,max,3,0.9093698453734381,0.0,2,118,0.0,0.0,10000
SEP_p,max,3,0.9093698453734381,0.0,2,119,0.0,0.0,10000
SEP_p,max,3,0.9093698453734381,0.0,2,120,0.0,0.0,10000
SEP_p,max,3,0.9093698453734381,0.0,2,121,0.0,0.0,10000
SEP_p,max,3,0.9093698453734381,0.0,2,122,0.0,0.0,10000
SEP_p,max,3,0.9093698453734381,0.0,2,123,0.0,0.0,10000
SEP_p,max,3,0.9093698453734381,0.0,2,124,0.0,0.0,10000
SEP_p,max,3,0.9093698453734381,0.0,2,125,0.0,0.0,10000
SEP_p,max,3,0.9093698453734381,0.0,2,126,0.0,0.0,10000
SEP_p,max,3,0.9093698453734381,0.0,2,127,0.0,0.0,10000
SEP_p,max,3,0.9093698453734381,0.0,2,128,0.0,0.0,10000
SEP_p,max,3,0.9093698453734381,0.0,2,129,0.0,0.0,10000
SEP_p,max,3,0.9093698453734381,0.0,2,130,0.0,0.0,10000
SEP_p,max,3,0.9093698453734381,0.0,2,131,0.0,0.0,10000
SEP_p,max,3,0.9093698453734381,0.0,2,132,0.0,0.0,10000
SEP_p,max,3,0.9093698453734381,0.0,2,133,0.0,0.0,10000
SEP_p,max,3,0.9093698453734381,0.0,2,134,0.0,0.0,10000
SEP_p,max,3,0.9093698453734381,0.0,2,135,0.0,0.0,10000
SEP_p,max,3,0.9093698453734381,0.0,2,136,0.0,0.0,10000
SEP_p,max,3,0.9093698453734381,0.0,2,137,0.0,0.0,10000
SEP_p,max,3,0.9093698453734381,0.0,2,138,0.0,0.0,10000
SEP_p,max,3,0.9093698453734381,0.0,2,139,0.0,0.0,10000
SEP_p,max,3,0.9093698453734381,0.0,2,140,0.0,0.0,10000
SEP_p,max,3,0.9093698453734381,0.0,2,141,0.0,0.0,10000
SEP_p,max,4,3.2989877718762846,0.0,1,0,0.0,0.0,10000
SEP_p,max,4,3.2989877718762846,0.0,1,1,0.0,0.0,10000
SEP_p,max,4,3.2989877718762846,0.0,1,2,0.0,0.0,10000
SEP_p,max,4,3.2989877718762846,0.0,1,3,0.0,0.0,10000
SEP_p,max,4,3.2989877718762846,0.0,1,4,0.0,0.0,10000
SEP_p,max,4,3.2989877718762846,0.0,1,5,0.0,0.0,10000
SEP_p,max,4,3.2989877718762846,0.0,1,6,0.0,0.0,10000
SEP_p,max,4,3.2989877718762846,0.0,1,7,0.0,0.0,10000
SEP_p,max,4,3.2989877718762846,0.0,1,8,0.0,0.0,10000
SEP_p,max,4,3.2989877718762846,0.0,1,9,0.0,0.0,10000
SEP_p,max,4,3.2989877718762846,0.0,1,10,0.0,0.0,10000
SEP_p,max,4,3.2989877718762846,0.0,1,11,0.0,0.0,10000
SEP_p,max,4,3.2989877718762846,0.0,1,12,0.0,0.0,10000
SEP_p,max,4,3.2989877718762846,0.0,1,13,0.0,0.0,10000
SEP_p,max,4,3.2989877718762846,0.0,1,14,0.0,0.0,10000
SEP_p,max,4,3.2989877718762846,0.0,1,15,0.0,0.0,10000
SEP_p,max,4,3.2989877718762846,0.0,1,16,0.0,0.0,10000
SEP_p,max,4,3.2989877718762846,0.0,1,17,0.0,0.0,10000
SEP_p,max,4,3.2989877718762846,0.0,1,18,0.0,0.0,10000
SEP_p,max,4,3.2989877718762846,0.0,1,19,0.0,0.0,10000
SEP_p,max,4,3.2989877718762846,0.0,1,20,0.0,0.0,10000
SEP_p,max,4,3.2989877718762846,0.0,1,21,0.0,0.0,10000
SEP_p,max,4,3.2989877718762846,0.0,1,22,0.0,0.0,10000
SEP_p,max,4,3.2989877718762846,0.0,1,23,0.0,0.0,10000
SEP_p,max,4,3.2989877718762846,0.0,1,24,0.0,0.0,10000
SEP_p,max,4,3.2989877718762846,0.0,1,25,0.0,0.0,10000
SEP_p,max,4,3.2989877718762846,0.0,1,26,0.0,0.0,10000
SEP_p,max,4,3.2989877718762846,0.0,1,27,0.0,0.0,10000
SEP_p,max,4,3.2989877718762846,0.0,1,28,0.0,0.0,10000
SEP_p,max,4,3.2989877718762846,0.0,1,29,0.0,0.0,10000
SEP_p,max,4,3.2989877718762846,0.0,1,30,0.0,0.0,10000
SEP_p,max,4,3.2989877718762846,0.0,1,31,0.0,0.0,10000
SEP_p,max,4,3.2989877718762846,0.0,1,32,0.0,0.0,10000
SEP_p,max,4,3.2989877718762846,0.0,1,33,0.0,0.0,10000
SEP_p,max,4,3.2989877718762846,0.0,1,34,0.0,0.0,10000
SEP_p,max,4,3.2989877718762846,0.0,1,35,0.0,0.0,10000
SEP_p,max,4,3.2989877718762846,0.0,1,36,0.0,0.0,10000
SEP_p,max,4,3.2989877718762846,0.0,1,37,0.0,0.0,10000
SEP_p,max,4,3.2989877718762846,0.0,1,38,0.0,0.0,10000
SEP_p,max,4,3.2989877718762846,0.0,1,39,0.0,0.0,10000
SEP_p,max,4,3.2989877718762846,0.0,1,40,0.0,0.0,10000
SEP_p,max,4,3.2989877718762846,0.0,1,41,0.0,0.0,10000
SEP_p,max,4,3.2989877718762846,0.0,1,42,0.0,0.0,10000
SEP_p,max,4,3.2989877718762846,0.0,1,43,0.0,0.0,10000
SEP_p,max,4,3.2989877718762846,0.0,1,44,0.0,0.0,10000
SEP_p,max,4,3.2989877718762846,0.0,1,45,0.0,0.0,10000
SEP_p,max,4,3.2989877718762846,0.0,1,46,0.0,0.0,10000
SEP_p,max,4,3.2989877718762846,0.0,1,47,0.0,0.0,10000
SEP_p,max,4,3.2989877718762846,0.0,1,48,0.0,0.0,10000
SEP_p,max,4,3.2989877718762846,0.0,1,49,0.0,0.0,10000
SEP_p,max,4,3.2989877718762846,0.0,1,50,0.0,0.0,10000
SEP_p,max,4,3.2989877718762846,0.0,1,51,0.0,0.0,10000
SEP_p,max,4,3.2989877718762846,0.0,1,52,0.0,0.0,10000
SEP_p,max,4,3.2989877718762846,0.0,1,53,0.0,0.0,10000
SEP_p,max,4,3.2989877718762846,0.0,1,54,0.0,0.0,10000
SEP_p,max,4,3.2989877718762846,0.0,1,55,0.0,0.0,10000
SEP_p,max,4,3.2989877718762846,0.0,1,56,0.0,0.0,10000
SEP_p,max,4,3.2989877718762846,0.0,1,57,0.0,0.0,10000
SEP_p,max,4,3.2989877718762846,0.0,1,58,0.0,0.0,10000
SEP_p,max,4,3.2989877718762846,0.0,1,59,0.0,0.0,10000
SEP_p,max,4,3.2989877718762846,0.0,1,60,0.0,0.0,10000
SEP_p,max,4,3.2989877718762846,0.0,1,61,0.0,0.0,10000
SEP_p,max,4,3.2989877718762846,0.0,1,62,0.0,0.0,10000
SEP_p,max,4,3.2989877718762846,0.0,1,63,0.0,0.0,10000
SEP_p,max,4,3.2989877718762846,0.0,1,64,0.0,0.0,10000
SEP_p,max,4,3.2989877718762846,0.0,1,65,0.0,0.0,10000
SEP_p,max,4,3.2989877718762846,0.0,1,66,0.0,0.0,10000
SEP_p,max,4,3.2989877718762846,0.0,1,67,0.0,0.0,10000
SEP_p,max,4,3.2989877718762846,0.0,1,68,0.0,0.0,10000
SEP_p,max,4,3.2989877718762846,0.0,1,69,0.0,0.0,10000
SEP_p,max,4,3.2989877718762846,0.0,1,70,0.0,0.0,10000
SEP_p,max,4,3.2989877718762846,0.0,1,71,0.0,0.0,10000
SEP_p,max,4,3.2989877718762846,0.0,1,72,0.0,0.0,10000
SEP_p,max,4,3.2989877718762846,0.0,1,73,0.0,0.0,10000
SEP_p,max,4,3.2989877718762846,0.0,1,74,0.0,0.0,10000
SEP_p,max,4,3.2989877718762846,0.0,1,75,0.0,0.0,10000
SEP_p,max,4,3.2989877718762846,0.0,1,76,0.0,0.0,10000
SEP_p,max,4,3.2989877718762846,0.0,1,77,0.0,0.0,10000
SEP_p,max,4,3.2989877718762846,0.0,1,78,0.0,0.0,10000
SEP_p,max,4,3.2989877718762846,0.0,1,79,0.0,0.0,10000
SEP_p,max,4,3.2989877718762846,0.0,1,80,0.0,0.0,10000
SEP_p,max,4,3.2989877718762846,0.0,1,81,0.0,0.0,10000
SEP_p,max,4,3.2989877718762846,0.0,1,82,0.0,0.0,10000
SEP_p,max,4,3.2989877718762846,0.0,1,83,0.0,0.0,10000
SEP_p,max,4,3.2989877718762846,0.0,1,84,0.0,0.0,10000
SEP_p,max,4,3.2989877718762846,0.0,1,85,0.0,0.0,10000
SEP_p,max,4,3.2989877718762846,0.0,1,86,0.0,0.0,10000
SEP_p,max,4,3.2989877718762846,0.0,1,87,0.0,0.0,10000
SEP_p,max,4,3.2989877718762846,0.0,1,88,0.0,0.0,10000
SEP_p,max,4,3.2989877718762846,0.0,1,89,0.0,0.0,10000
SEP_p,max,4,3.2989877718762846,0.0,1,90,0.0,0.0,10000
SEP_p,max,4,3.2989877718762846,0.0,1,91,0.0,0.0,10000
SEP_p,max,4,3.2989877718762846,0.0,1,92,0.0,0.0,10000
SEP_p,max,4,3.2989877718762846,0.0,1,93,0.0,0.0,10000
SEP_p,max,4,3.2989877718762846,0.0,1,94,0.0,0.0,10000
SEP_p,max,4,3.2989877718762846,0.0,1,95,0.0,0.0,10000
SEP_p,max,4,3.2989877718762846,0.0,1,96,0.0,0.0,10000
SEP_p,max,4,3.2989877718762846,0.0,1,97,0.0,0.0,10000
SEP_p,max,4,3.2989877718762846,0.0,1,98,0.0,0.0,10000
SEP_p,max,4,3.2989877718762846,0.0,1,99,0.0,0.0,10000
SEP_p,max,4,3.2989877718762846,0.0,1,100,0.0,0.0,10000
SEP_p,max,4,3.2989877718762846,0.0,1,101,0.0,0.0,10000
SEP_p,max,4,3.2989877718762846,0.0,1,102,0.0,0.0,10000
SEP_p,max,4,3.2989877718762846,0.0,1,103,0.0,0.0,10000
SEP_p,max,4,3.2989877718762846,0.0,1,104,0.0,0.0,10000
SEP_p,max,4,3.2989877718762846,0.0,1,105,0.0,0.0,10000
SEP_p,max,4,3.2989877718762846,0.0,1,106,0.0,0.0,10000
SEP_p,max,4,3.2989877718762846,0.0,1,107,0.0,0.0,10000
SEP_p,max,4,3.2989877718762846,0.0,1,108,0.0,0.0,10000
SEP_p,max,4,3.2989877718762846,0.0,1,109,0.0,0.0,10000
SEP_p,max,4,3.2989877718762846,0.0,1,110,0.0,0.0,10000
SEP_p,max,4,3.2989877718762846,0.0,1,111,0.0,0.0,10000
SEP_p,max,4,3.2989877718762846,0.0,1,112,0.0,0.0,10000
SEP_p,max,4,3.2989877718762846,0.0,1,113,0.0,0.0,10000
SEP_p,max,4,3.2989877718762846,0.0,1,114,0.0,0.0,10000
SEP_p,max,4,3.2989877718762846,0.0,1,115,0.0,0.0,10000
SEP_p,max,4,3.2989877718762846,0.0,1,116,0.0,0.0,10000
SEP_p,max,4,3.2989877718762846,0.0,1,117,0.0,0.0,10000
SEP_p,max,4,3.2989877718762846,0.0,1,118,0.0,0.0,10000
SEP_p,max,4,3.2989877718762846,0.0,1,119,0.0,0.0,10000
SEP_p,max,4,3.2989877718762846,0.0,1,120,0.0,0.0,10000
SEP_p,max,4,3.2989877718762846,0.0,1,121,0.0,0.0,10000
SEP_p,max,4,3.2989877718762846,0.0,1,122,0.0,0.0,10000
SEP_p,max,4,3.2989877718762846,0.0,1,123,0.0,0.0,10000
SEP_p,max,4,3.2989877718762846,0.0,1,124,0.0,0.0,10000
SEP_p,max,4,3.2989877718762846,0.0,1,125,0.0,0.0,10000
SEP_p,max,4,3.2989877718762846,0.0,1,126,0.0,0.0,10000
SEP_p,max,4,3.2989877718762846,0.0,1,127,0.0,0.0,10000
SEP_p,max,4,3.2989877718762846,0.0,1,128,0.0,0.0,10000
SEP_p,max,4,3.2989877718762846,0.0,1,129,0.0,0.0,10000
SEP_p,max,4,3.2989877718762846,0.0,1,130,0.0,0.0,10000
SEP_p,max,4,3.2989877718762846,0.0,1,131,0.0,0.0,10000
SEP_p,max,4,3.2989877718762846,0.0,1,132,0.0,0.0,10000
SEP_p,max,4,3.2989877718762846,0.0,1,133,0.0,0.0,10000
SEP_p,max,4,3.2989877718762846,0.0,1,134,0.0,0.0,10000
SEP_p,max,4,3.2989877718762846,0.0,1,135,0.0,0.0,10000
SEP_p,max,4,3.2989877718762846,0.0,1,136,0.0,0.0,10000
SEP_p,max,4,3.2989877718762846,0.0,1,137,0.0,0.0,10000
SEP_p,max,4,3.2989877718762846,0.0,1,138,0.0,0.0,10000
SEP_p,max,4,3.2989877718762846,0.0,1,139,0.0,0.0,10000
SEP_p,max,4,3.2989877718762846,0.0,1,140,0.0,0.0,10000
SEP_p,max,4,3.2989877718762846,0.0,1,141,0.0,0.0,10000
SEP_p,max,4,3.2989877718762846,0.0,2,0,0.0,0.0,10000
SEP_p,max,4,3.2989877718762846,0.0,2,1,0.0,0.0,10000
SEP_p,max,4,3.2989877718762846,0.0,2,2,0.0,0.0,10000
SEP_p,max,4,3.2989877718762846,0.0,2,3,0.0,0.0,10000
SEP_p,max,4,3.2989877718762846,0.0,2,4,0.0,0.0,10000
SEP_p,max,4,3.2989877718762846,0.0,2,5,0.0,0.0,10000
SEP_p,max,4,3.2989877718762846,0.0,2,6,0.0,0.0,10000
SEP_p,max,4,3.2989877718762846,0.0,2,7,0.0,0.0,10000
SEP_p,max,4,3.2989877718762846,0.0,2,8,0.0,0.0,10000
SEP_p,max,4,3.2989877718762846,0.0,2,9,0.0,0.0,10000
SEP_p,max,4,3.2989877718762846,0.0,2,10,0.0,0.0,10000
SEP_p,max,4,3.2989877718762846,0.0,2,11,0.0,0.0,10000
SEP_p,max,4,3.2989877718762846,0.0,2,12,0.0,0.0,10000
SEP_p,max,4,3.2989877718762846,0.0,2,13,0.0,0.0,10000
SEP_p,max,4,3.2989877718762846,0.0,2,14,0.0,0.0,10000
SEP_p,max,4,3.2989877718762846,0.0,2,15,0.0,0.0,10000
SEP_p,max,4,3.2989877718762846,0.0,2,16,0.0,0.0,10000
SEP_p,max,4,3.2989877718762846,0.0,2,17,0.0,0.0,10000
SEP_p,max,4,3.2989877718762846,0.0,2,18,0.0,0.0,10000
SEP_p,max,4,3.2989877718762846,0.0,2,19,0.0,0.0,10000
SEP_p,max,4,3.2989877718762846,0.0,2,20,0.0,0.0,10000
SEP_p,max,4,3.2989877718762846,0.0,2,21,0.0,0.0,10000
SEP_p,max,4,3.2989877718762846,0.0,2,22,0.0,0.0,10000
SEP_p,max,4,3.2989877718762846,0.0,2,23,0.0,0.0,10000
SEP_p,max,4,3.2989877718762846,0.0,2,24,0.0,0.0,10000
SEP_p,max,4,3.2989877718762846,0.0,2,25,0.0,0.0,10000
SEP_p,max,4,3.2989877718762846,0.0,2,26,0.0,0.0,10000
SEP_p,max,4,3.2989877718762846,0.0,2,27,0.0,0.0,10000
SEP_p,max,4,3.2989877718762846,0.0,2,28,0.0,0.0,10000
SEP_p,max,4,3.2989877718762846,0.0,2,29,0.0,0.0,10000
SEP_p,max,4,3.2989877718762846,0.0,2,30,0.0,0.0,10000
SEP_p,max,4,3.2989877718762846,0.0,2,31,0.0,0.0,10000
SEP_p,max,4,3.2989877718762846,0.0,2,32,0.0,0.0,10000
SEP_p,max,4,3.2989877718762846,0.0,2,33,0.0,0.0,10000
SEP_p,max,4,3.2989877718762846,0.0,2,34,0.0,0.0,10000
SEP_p,max,4,3.2989877718762846,0.0,2,35,0.0,0.0,10000
SEP_p,max,4,3.2989877718762846,0.0,2,36,0.0,0.0,10000
SEP_p,max,4,3.2989877718762846,0.0,2,37,0.0,0.0,10000
SEP_p,max,4,3.2989877718762846,0.0,2,38,0.0,0.0,10000
SEP_p,max,4,3.2989877718762846,0.0,2,39,0.0,0.0,10000
SEP_p,max,4,3.2989877718762846,0.0,2,40,0.0,0.0,10000
SEP_p,max,4,3.2989877718762846,0.0,2,41,0.0,0.0,10000
SEP_p,max,4,3.2989877718762846,0.0,2,42,0.0,0.0,10000
SEP_p,max,4,3.2989877718762846,0.0,2,43,0.0,0.0,10000
SEP_p,max,4,3.2989877718762846,0.0,2,44,0.0,0.0,10000
SEP_p,max,4,3.2989877718762846,0.0,2,45,0.0,0.0,10000
SEP_p,max,4,3.2989877718762846,0.0,2,46,0.0,0.0,10000
SEP_p,max,4,3.2989877718762846,0.0,2,47,0.0,0.0,10000
SEP_p,max,4,3.2989877718762846,0.0,2,48,0.0,0.0,10000
SEP_p,max,4,3.2989877718762846,0.0,2,49,0.0,0.0,10000
SEP_p,max,4,3.2989877718762846,0.0,2,50,0.0,0.0,10000
SEP_p,max,4,3.2989877718762846,0.0,2,51,0.0,0.0,10000
SEP_p,max,4,3.2989877718762846,0.0,2,52,0.0,0.0,10000
SEP_p,max,4,3.2989877718762846,0.0,2,53,0.0,0.0,10000
SEP_p,max,4,3.2989877718762846,0.0,2,54,0.0,0.0,10000
SEP_p,max,4,3.2989877718762846,0.0,2,55,0.0,0.0,10000
SEP_p,max,4,3.2989877718762846,0.0,2,56,0.0,0.0,10000
SEP_p,max,4,3.2989877718762846,0.0,2,57,0.0,0.0,10000
SEP_p,max,4,3.2989877718762846,0.0,2,58,0.0,0.0,10000
SEP_p,max,4,3.2989877718762846,0.0,2,59,0.0,0.0,10000
SEP_p,max,4,3.2989877718762846,0.0,2,60,0.0,0.0,10000
SEP_p,max,4,3.2989877718762846,0.0,2,61,0.0,0.0,10000
SEP_p,max,4,3.2989877718762846,0.0,2,62,0.0,0.0,10000
SEP_p,max,4,3.2989877718762846,0.0,2,63,0.0,0.0,10000
SEP_p,max,4,3.2989877718762846,0.0,2,64,0.0,0.0,10000
SEP_p,max,4,3.2989877718762846,0.0,2,65,0.0,0.0,10000
SEP_p,max,4,3.2989877718762846,0.0,2,66,0.0,0.0,10000
SEP_p,max,4,3.2989877718762846,0.0,2,67,0.0,0.0,10000
SEP_p,max,4,3.2989877718762846,0.0,2,68,0.0,0.0,10000
SEP_p,max,4,3.2989877718762846,0.0,2,69,0.0,0.0,10000
SEP_p,max,4,3.2989877718762846,0.0,2,70,0.0,0.0,10000
SEP_p,max,4,3.2989877718762846,0.0,2,71,0.0,0.0,10000
SEP_p,max,4,3.2989877718762846,0.0,2,72,0.0,0.0,10000
SEP_p,max,4,3.2989877718762846,0.0,2,73,0.0,0.0,10000
SEP_p,max,4,3.2989877718762846,0.0,2,74,0.0,0.0,10000
SEP_p,max,4,3.2989877718762846,0.0,2,75,0.0,0.0,10000
SEP_p,max,4,3.2989877718762846,0.0,2,76,0.0,0.0,10000
SEP_p,max,4,3.2989877718762846,0.0,2,77,0.0,0.0,10000
SEP_p,max,4,3.2989877718762846,0.0,2,78,0.0,0.0,10000
SEP_p,max,4,3.2989877718762846,0.0,2,79,0.0,0.0,10000
SEP_p,max,4,3.2989877718762846,0.0,2,80,0.0,0.0,10000
SEP_p,max,4,3.2989877718762846,0.0,2,81,0.0,0.0,10000
SEP_p,max,4,3.2989877718762846,0.0,2,82,0.0,0.0,10000
SEP_p,max,4,3.2989877718762846,0.0,2,83,0.0,0.0,10000
SEP_p,max,4,3.2989877718762846,0.0,2,84,0.0,0.0,10000
SEP_p,max,4,3.2989877718762846,0.0,2,85,0.0,0.0,10000
SEP_p,max,4,3.2989877718762846,0.0,2,86,0.0,0.0,10000
SEP_p,max,4,3.2989877718762846,0.0,2,87,0.0,0.0,10000
SEP_p,max,4,3.2989877718762846,0.0,2,88,0.0,0.0,10000
SEP_p,max,4,3.2989877718762846,0.0,2,89,0.0,0.0,10000
SEP_p,max,4,3.2989877718762846,0.0,2,90,0.0,0.0,10000
SEP_p,max,4,3.2989877718762846,0.0,2,91,0.0,0.0,10000
SEP_p,max,4,3.2989877718762846,0.0,2,92,0.0,0.0,10000
SEP_p,max,4,3.2989877718762846,0.0,2,93,0.0,0.0,10000
SEP_p,max,4,3.2989877718762846,0.0,2,94,0.0,0.0,10000
SEP_p,max,4,3.2989877718762846,0.0,2,95,0.0,0.0,10000
SEP_p,max,4,3.2989877718762846,0.0,2,96,0.0,0.0,10000
SEP_p,max,4,3.2989877718762846,0.0,2,97,0.0,0.0,10000
SEP_p,max,4,3.2989877718762846,0.0,2,98,0.0,0.0,10000
SEP_p,max,4,3.2989877718762846,0.0,2,99,0.0,0.0,10000
SEP_p,max,4,3.2989877718762846,0.0,2,100,0.0,0.0,10000
SEP_p,max,4,3.2989877718762846,0.0,2,101,0.0,0.0,10000
SEP_p,max,4,3.2989877718762846,0.0,2,102,0.0,0.0,10000
SEP_p,max,4,3.2989877718762846,0.0,2,103,0.0,0.0,10000
SEP_p,max,4,3.2989877718762846,0.0,2,104,0.0,0.0,10000
SEP_p,max,4,3.2989877718762846,0.0,2,105,0.0,0.0,10000
SEP_p,max,4,3.2989877718762846,0.0,2,106,0.0,0.0,10000
SEP_p,max,4,3.2989877718762846,0.0,2,107,0.0,0.0,10000
SEP_p,max,4,3.2989877718762846,0.0,2,108,0.0,0.0,10000
SEP_p,max,4,3.2989877718762846,0.0,2,109,0.0,0.0,10000
SEP_p,max,4,3.2989877718762846,0.0,2,110,0.0,0.0,10000
SEP_p,max,4,3.2989877718762846,0.0,2,111,0.0,0.0,10000
SEP_p,max,4,3.2989877718762846,0.0,2,112,0.0,0.0,10000
SEP_p,max,4,3.2989877718762846,0.0,2,113,0.0,0.0,10000
SEP_p,max,4,3.2989877718762846,0.0,2,114,0.0,0.0,10000
SEP_p,max,4,3.2989877718762846,0.0,2,115,0.0,0.0,10000
SEP_p,max,4,3.2989877718762846,0.0,2,116,0.0,0.0,10000
SEP_p,max,4,3.2989877718762846,0.0,2,117,0.0,0.0,10000
SEP_p,max,4,3.2989877718762846,0.0,2,118,0.0,0.0,10000
SEP_p,max,4,3.2989877718762846,0.0,2,119,0.0,0.0,10000
SEP_p,max,4,3.2989877718762846,0.0,2,120,0.0,0.0,10000
SEP_p,max,4,3.2989877718762846,0.0,2,121,0.0,0.0,10000
SEP_p,max,4,3.2989877718762846,0.0,2,122,0.0,0.0,10000
SEP_p,max,4,3.2989877718762846,0.0,2,123,0.0,0.0,10000
SEP_p,max,4,3.2989877718762846,0.0,2,124,0.0,0.0,10000
SEP_p,max,4,3.2989877718762846,0.0,2,125,0.0,0.0,10000
SEP_p,max,4,3.2989877718762846,0.0,2,126,0.0,0.0,10000
SEP_p,max,4,3.2989877718762846,0.0,2,127,0.0,0.0,10000
SEP_p,max,4,3.2989877718762846,0.0,2,128,0.0,0.0,10000
SEP_p,max,4,3.2989877718762846,0.0,2,129,0.0,0.0,10000
SEP_p,max,4,3.2989877718762846,0.0,2,130,0.0,0.0,10000
SEP_p,max,4,3.2989877718762846,0.0,2,131,0.0,0.0,10000
SEP_p,max,4,3.2989877718762846,0.0,2,132,0.0,0.0,10000
SEP_p,max,4,3.2989877718762846,0.0,2,133,0.0,0.0,10000
SEP_p,max,4,3.2989877718762846,0.0,2,134,0.0,0.0,10000
SEP_p,max,4,3.2989877718762846,0.0,2,135,0.0,0.0,10000
SEP_p,max,4,3.2989877718762846,0.0,2,136,0.0,0.0,10000
SEP_p,max,4,3.2989877718762846,0.0,2,137,0.0,0.0,10000
SEP_p,max,4,3.2989877718762846,0.0,2,138,0.0,0.0,10000
SEP_p,max,4,3.2989877718762846,0.0,2,139,0.0,0.0,10000
SEP_p,max,4,3.2989877718762846,0.0,2,140,0.0,0.0,10000
SEP_p,max,4,3.2989877718762846,0.0,2,141,0.0,0.0,10000
SEP_p,max,5,11.967980216586083,0.0,1,0,0.0,0.0,10000
SEP_p,max,5,11.967980216586083,0.0,1,1,0.0,0.0,10000
SEP_p,max,5,11.967980216586083,0.0,1,2,0.0,0.0,10000
SEP_p,max,5,11.967980216586083,0.0,1,3,0.0,0.0,10000
SEP_p,max,5,11.967980216586083,0.0,1,4,0.0,0.0,10000
SEP_p,max,5,11.967980216586083,0.0,1,5,0.0,0.0,10000
SEP_p,max,5,11.967980216586083,0.0,1,6,0.0,0.0,10000
SEP_p,max,5,11.967980216586083,0.0,1,7,0.0,0.0,10000
SEP_p,max,5,11.967980216586083,0.0,1,8,0.0,0.0,10000
SEP_p,max,5,11.967980216586083,0.0,1,9,0.0,0.0,10000
SEP_p,max,5,11.967980216586083,0.0,1,10,0.0,0.0,10000
SEP_p,max,5,11.967980216586083,0.0,1,11,0.0,0.0,10000
SEP_p,max,5,11.967980216586083,0.0,1,12,0.0,0.0,10000
SEP_p,max,5,11.967980216586083,0.0,1,13,0.0,0.0,10000
SEP_p,max,5,11.967980216586083,0.0,1,14,0.0,0.0,10000
SEP_p,max,5,11.967980216586083,0.0,1,15,0.0,0.0,10000
SEP_p,max,5,11.967980216586083,0.0,1,16,0.0,0.0,10000
SEP_p,max,5,11.967980216586083,0.0,1,17,0.0,0.0,10000
SEP_p,max,5,11.967980216586083,0.0,1,18,0.0,0.0,10000
SEP_p,max,5,11.967980216586083,0.0,1,19,0.0,0.0,10000
SEP_p,max,5,11.967980216586083,0.0,1,20,0.0,0.0,10000
SEP_p,max,5,11.967980216586083,0.0,1,21,0.0,0.0,10000
SEP_p,max,5,11.967980216586083,0.0,1,22,0.0,0.0,10000
SEP_p,max,5,11.967980216586083,0.0,1,23,0.0,0.0,10000
SEP_p,max,5,11.967980216586083,0.0,1,24,0.0,0.0,10000
SEP_p,max,5,11.967980216586083,0.0,1,25,0.0,0.0,10000
SEP_p,max,5,11.967980216586083,0.0,1,26,0.0,0.0,10000
SEP_p,max,5,11.967980216586083,0.0,1,27,0.0,0.0,10000
SEP_p,max,5,11.967980216586083,0.0,1,28,0.0,0.0,10000
SEP_p,max,5,11.967980216586083,0.0,1,29,0.0,0.0,10000
SEP_p,max,5,11.967980216586083,0.0,1,30,0.0,0.0,10000
SEP_p,max,5,11.967980216586083,0.0,1,31,0.0,0.0,10000
SEP_p,max,5,11.967980216586083,0.0,1,32,0.0,0.0,10000
SEP_p,max,5,11.967980216586083,0.0,1,33,0.0,0.0,10000
SEP_p,max,5,11.967980216586083,0.0,1,34,0.0,0.0,10000
SEP_p,max,5,11.967980216586083,0.0,1,35,0.0,0.0,10000
SEP_p,max,5,11.967980216586083,0.0,1,36,0.0,0.0,10000
SEP_p,max,5,11.967980216586083,0.0,1,37,0.0,0.0,10000
SEP_p,max,5,11.967980216586083,0.0,1,38,0.0,0.0,10000
SEP_p,max,5,11.967980216586083,0.0,1,39,0.0,0.0,10000
SEP_p,max,5,11.967980216586083,0.0,1,40,0.0,0.0,10000
SEP_p,max,5,11.967980216586083,0.0,1,41,0.0,0.0,10000
SEP_p,max,5,11.967980216586083,0.0,1,42,0.0,0.0,10000
SEP_p,max,5,11.967980216586083,0.0,1,43,0.0,0.0,10000
SEP_p,max,5,11.967980216586083,0.0,1,44,0.0,0.0,10000
SEP_p,max,5,11.967980216586083,0.0,1,45,0.0,0.0,10000
SEP_p,max,5,11.967980216586083,0.0,1,46,0.0,0.0,10000
SEP_p,max,5,11.967980216586083,0.0,1,47,0.0,0.0,10000
SEP_p,max,5,11.967980216586083,0.0,1,48,0.0,0.0,10000
SEP_p,max,5,11.967980216586083,0.0,1,49,0.0,0.0,10000
SEP_p,max,5,11.967980216586083,0.0,1,50,0.0,0.0,10000
SEP_p,max,5,11.967980216586083,0.0,1,51,0.0,0.0,10000
SEP_p,max,5,11.967980216586083,0.0,1,52,0.0,0.0,10000
SEP_p,max,5,11.967980216586083,0.0,1,53,0.0,0.0,10000
SEP_p,max,5,11.967980216586083,0.0,1,54,0.0,0.0,10000
SEP_p,max,5,11.967980216586083,0.0,1,55,0.0,0.0,10000
SEP_p,max,5,11.967980216586083,0.0,1,56,0.0,0.0,10000
SEP_p,max,5,11.967980216586083,0.0,1,57,0.0,0.0,10000
SEP_p,max,5,11.967980216586083,0.0,1,58,0.0,0.0,10000
SEP_p,max,5,11.967980216586083,0.0,1,59,0.0,0.0,10000
SEP_p,max,5,11.967980216586083,0.0,1,60,0.0,0.0,10000
SEP_p,max,5,11.967980216586083,0.0,1,61,0.0,0.0,10000
SEP_p,max,5,11.967980216586083,0.0,1,62,0.0,0.0,10000
SEP_p,max,5,11.967980216586083,0.0,1,63,0.0,0.0,10000
SEP_p,max,5,11.967980216586083,0.0,1,64,0.0,0.0,10000
SEP_p,max,5,11.967980216586083,0.0,1,65,0.0,0.0,10000
SEP_p,max,5,11.967980216586083,0.0,1,66,0.0,0.0,10000
SEP_p,max,5,11.967980216586083,0.0,1,67,0.0,0.0,10000
SEP_p,max,5,11.967980216586083,0.0,1,68,0.0,0.0,10000
SEP_p,max,5,11.967980216586083,0.0,1,69,0.0,0.0,10000
SEP_p,max,5,11.967980216586083,0.0,1,70,0.0,0.0,10000
SEP_p,max,5,11.967980216586083,0.0,1,71,0.0,0.0,10000
SEP_p,max,5,11.967980216586083,0.0,1,72,0.0,0.0,10000
SEP_p,max,5,11.967980216586083,0.0,1,73,0.0,0.0,10000
SEP_p,max,5,11.967980216586083,0.0,1,74,0.0,0.0,10000
SEP_p,max,5,11.967980216586083,0.0,1,75,0.0,0.0,10000
SEP_p,max,5,11.967980216586083,0.0,1,76,0.0,0.0,10000
SEP_p,max,5,11.967980216586083,0.0,1,77,0.0,0.0,10000
SEP_p,max,5,11.967980216586083,0.0,1,78,0.0,0.0,10000
SEP_p,max,5,11.967980216586083,0.0,1,79,0.0,0.0,10000
SEP_p,max,5,11.967980216586083,0.0,1,80,0.0,0.0,10000
SEP_p,max,5,11.967980216586083,0.0,1,81,0.0,0.0,10000
SEP_p,max,5,11.967980216586083,0.0,1,82,0.0,0.0,10000
SEP_p,max,5,11.967980216586083,0.0,1,83,0.0,0.0,10000
SEP_p,max,5,11.967980216586083,0.0,1,84,0.0,0.0,10000
SEP_p,max,5,11.967980216586083,0.0,1,85,0.0,0.0,10000
SEP_p,max,5,11.967980216586083,0.0,1,86,0.0,0.0,10000
SEP_p,max,5,11.967980216586083,0.0,1,87,0.0,0.0,10000
SEP_p,max,5,11.967980216586083,0.0,1,88,0.0,0.0,10000
SEP_p,max,5,11.967980216586083,0.0,1,89,0.0,0.0,10000
SEP_p,max,5,11.967980216586083,0.0,1,90,0.0,0.0,10000
SEP_p,max,5,11.967980216586083,0.0,1,91,0.0,0.0,10000
SEP_p,max,5,11.967980216586083,0.0,1,92,0.0,0.0,10000
SEP_p,max,5,11.967980216586083,0.0,1,93,0.0,0.0,10000
SEP_p,max,5,11.967980216586083,0.0,1,94,0.0,0.0,10000
SEP_p,max,5,11.967980216586083,0.0,1,95,0.0,0.0,10000
SEP_p,max,5,11.967980216586083,0.0,1,96,0.0,0.0,10000
SEP_p,max,5,11.967980216586083,0.0,1,97,0.0,0.0,10000
SEP_p,max,5,11.967980216586083,0.0,1,98,0.0,0.0,10000
SEP_p,max,5,11.967980216586083,0.0,1,99,0.0,0.0,10000
SEP_p,max,5,11.967980216586083,0.0,1,100,0.0,0.0,10000
SEP_p,max,5,11.967980216586083,0.0,1,101,0.0,0.0,10000
SEP_p,max,5,11.967980216586083,0.0,1,102,0.0,0.0,10000
SEP_p,max,5,11.967980216586083,0.0,1,103,0.0,0.0,10000
SEP_p,max,5,11.967980216586083,0.0,1,104,0.0,0.0,10000
SEP_p,max,5,11.967980216586083,0.0,1,105,0.0,0.0,10000
SEP_p,max,5,11.967980216586083,0.0,1,106,0.0,0.0,10000
SEP_p,max,5,11.967980216586083,0.0,1,107,0.0,0.0,10000
SEP_p,max,5,11.967980216586083,0.0,1,108,0.0,0.0,10000
SEP_p,max,5,11.967980216586083,0.0,1,109,0.0,0.0,10000
SEP_p,max,5,11.967980216586083,0.0,1,110,0.0,0.0,10000
SEP_p,max,5,11.967980216586083,0.0,1,111,0.0,0.0,10000
SEP_p,max,5,11.967980216586083,0.0,1,112,0.0,0.0,10000
SEP_p,max,5,11.967980216586083,0.0,1,113,0.0,0.0,10000
SEP_p,max,5,11.967980216586083,0.0,1,114,0.0,0.0,10000
SEP_p,max,5,11.967980216586083,0.0,1,115,0.0,0.0,10000
SEP_p,max,5,11.967980216586083,0.0,1,116,0.0,0.0,10000
SEP_p,max,5,11.967980216586083,0.0,1,117,0.0,0.0,10000
SEP_p,max,5,11.967980216586083,0.0,1,118,0.0,0.0,10000
SEP_p,max,5,11.967980216586083,0.0,1,119,0.0,0.0,10000
SEP_p,max,5,11.967980216586083,0.0,1,120,0.0,0.0,10000
SEP_p,max,5,11.967980216586083,0.0,1,121,0.0,0.0,10000
SEP_p,max,5,11.967980216586083,0.0,1,122,0.0,0.0,10000
SEP_p,max,5,11.967980216586083,0.0,1,123,0.0,0.0,10000
SEP_p,max,5,11.967980216586083,0.0,1,124,0.0,0.0,10000
SEP_p,max,5,11.967980216586083,0.0,1,125,0.0,0.0,10000
SEP_p,max,5,11.967980216586083,0.0,1,126,0.0,0.0,10000
SEP_p,max,5,11.967980216586083,0.0,1,127,0.0,0.0,10000
SEP_p,max,5,11.967980216586083,0.0,1,128,0.0,0.0,10000
SEP_p,max,5,11.967980216586083,0.0,1,129,0.0,0.0,10000
SEP_p,max,5,11.967980216586083,0.0,1,130,0.0,0.0,10000
SEP_p,max,5,11.967980216586083,0.0,1,131,0.0,0.0,10000
SEP_p,max,5,11.967980216586083,0.0,1,132,0.0,0.0,10000
SEP_p,max,5,11.967980216586083,0.0,1,133,0.0,0.0,10000
SEP_p,max,5,11.967980216586083,0.0,1,134,0.0,0.0,10000
SEP_p,max,5,11.967980216586083,0.0,1,135,0.0,0.0,10000
SEP_p,max,5,11.967980216586083,0.0,1,136,0.0,0.0,10000
SEP_p,max,5,11.967980216586083,0.0,1,137,0.0,0.0,10000
SEP_p,max,5,11.967980216586083,0.0,1,138,0.0,0.0,10000
SEP_p,max,5,11.967980216586083,0.0,1,139,0.0,0.0,10000
SEP_p,max,5,11.967980216586083,0.0,1,140,0.0,0.0,10000
SEP_p,max,5,11.967980216586083,0.0,1,141,0.0,0.0,10000
SEP_p,max,5,11.967980216586083,0.0,2,0,0.0,0.0,10000
SEP_p,max,5,11.967980216586083,0.0,2,1,0.0,0.0,10000
SEP_p,max,5,11.967980216586083,0.0,2,2,0.0,0.0,10000
SEP_p,max,5,11.967980216586083,0.0,2,3,0.0,0.0,10000
SEP_p,max,5,11.967980216586083,0.0,2,4,0.0,0.0,10000
SEP_p,max,5,11.967980216586083,0.0,2,5,0.0,0.0,10000
SEP_p,max,5,11.967980216586083,0.0,2,6,0.0,0.0,10000
SEP_p,max,5,11.967980216586083,0.0,2,7,0.0,0.0,10000
SEP_p,max,5,11.967980216586083,0.0,2,8,0.0,0.0,10000
SEP_p,max,5,11.967980216586083,0.0,2,9,0.0,0.0,10000
SEP_p,max,5,11.967980216586083,0.0,2,10,0.0,0.0,10000
SEP_p,max,5,11.967980216586083,0.0,2,11,0.0,0.0,10000
SEP_p,max,5,11.967980216586083,0.0,2,12,0.0,0.0,10000
SEP_p,max,5,11.967980216586083,0.0,2,13,0.0,0.0,10000
SEP_p,max,5,11.967980216586083,0.0,2,14,0.0,0.0,10000
SEP_p,max,5,11.967980216586083,0.0,2,15,0.0,0.0,10000
SEP_p,max,5,11.967980216586083,0.0,2,16,0.0,0.0,10000
SEP_p,max,5,11.967980216586083,0.0,2,17,0.0,0.0,10000
SEP_p,max,5,11.967980216586083,0.0,2,18,0.0,0.0,10000
SEP_p,max,5,11.967980216586083,0.0,2,19,0.0,0.0,10000
SEP_p,max,5,11.967980216586083,0.0,2,20,0.0,0.0,10000
SEP_p,max,5,11.967980216586083,0.0,2,21,0.0,0.0,10000
SEP_p,max,5,11.967980216586083,0.0,2,22,0.0,0.0,10000
SEP_p,max,5,11.967980216586083,0.0,2,23,0.0,0.0,10000
SEP_p,max,5,11.967980216586083,0.0,2,24,0.0,0.0,10000
SEP_p,max,5,11.967980216586083,0.0,2,25,0.0,0.0,10000
SEP_p,max,5,11.967980216586083,0.0,2,26,0.0,0.0,10000
SEP_p,max,5,11.967980216586083,0.0,2,27,0.0,0.0,10000
SEP_p,max,5,11.967980216586083,0.0,2,28,0.0,0.0,10000
SEP_p,max,5,11.967980216586083,0.0,2,29,0.0,0.0,10000
SEP_p,max,5,11.967980216586083,0.0,2,30,0.0,0.0,10000
SEP_p,max,5,11.967980216586083,0.0,2,31,0.0,0.0,10000
SEP_p,max,5,11.967980216586083,0.0,2,32,0.0,0.0,10000
SEP_p,max,5,11.967980216586083,0.0,2,33,0.0,0.0,10000
SEP_p,max,5,11.967980216586083,0.0,2,34,0.0,0.0,10000
SEP_p,max,5,11.967980216586083,0.0,2,35,0.0,0.0,10000
SEP_p,max,5,11.967980216586083,0.0,2,36,0.0,0.0,10000
SEP_p,max,5,11.967980216586083,0.0,2,37,0.0,0.0,10000
SEP_p,max,5,11.967980216586083,0.0,2,38,0.0,0.0,10000
SEP_p,max,5,11.967980216586083,0.0,2,39,0.0,0.0,10000
SEP_p,max,5,11.967980216586083,0.0,2,40,0.0,0.0,10000
SEP_p,max,5,11.967980216586083,0.0,2,41,0.0,0.0,10000
SEP_p,max,5,11.967980216586083,0.0,2,42,0.0,0.0,10000
SEP_p,max,5,11.967980216586083,0.0,2,43,0.0,0.0,10000
SEP_p,max,5,11.967980216586083,0.0,2,44,0.0,0.0,10000
SEP_p,max,5,11.967980216586083,0.0,2,45,0.0,0.0,10000
SEP_p,max,5,11.967980216586083,0.0,2,46,0.0,0.0,10000
SEP_p,max,5,11.967980216586083,0.0,2,47,0.0,0.0,10000
SEP_p,max,5,11.967980216586083,0.0,2,48,0.0,0.0,10000
SEP_p,max,5,11.967980216586083,0.0,2,49,0.0,0.0,10000
SEP_p,max,5,11.967980216586083,0.0,2,50,0.0,0.0,10000
SEP_p,max,5,11.967980216586083,0.0,2,51,0.0,0.0,10000
SEP_p,max,5,11.967980216586083,0.0,2,52,0.0,0.0,10000
SEP_p,max,5,11.967980216586083,0.0,2,53,0.0,0.0,10000
SEP_p,max,5,11.967980216586083,0.0,2,54,0.0,0.0,10000
SEP_p,max,5,11.967980216586083,0.0,2,55,0.0,0.0,10000
SEP_p,max,5,11.967980216586083,0.0,2,56,0.0,0.0,10000
SEP_p,max,5,11.967980216586083,0.0,2,57,0.0,0.0,10000
SEP_p,max,5,11.967980216586083,0.0,2,58,0.0,0.0,10000
SEP_p,max,5,11.967980216586083,0.0,2,59,0.0,0.0,10000
SEP_p,max,5,11.967980216586083,0.0,2,60,0.0,0.0,10000
SEP_p,max,5,11.967980216586083,0.0,2,61,0.0,0.0,10000
SEP_p,max,5,11.967980216586083,0.0,2,62,0.0,0.0,10000
SEP_p,max,5,11.967980216586083,0.0,2,63,0.0,0.0,10000
SEP_p,max,5,11.967980216586083,0.0,2,64,0.0,0.0,10000
SEP_p,max,5,11.967980216586083,0.0,2,65,0.0,0.0,10000
SEP_p,max,5,11.967980216586083,0.0,2,66,0.0,0.0,10000
SEP_p,max,5,11.967980216586083,0.0,2,67,0.0,0.0,10000
SEP_p,max,5,11.967980216586083,0.0,2,68,0.0,0.0,10000
SEP_p,max,5,11.967980216586083,0.0,2,69,0.0,0.0,10000
SEP_p,max,5,11.967980216586083,0.0,2,70,0.0,0.0,10000
SEP_p,max,5,11.967980216586083,0.0,2,71,0.0,0.0,10000
SEP_p,max,5,11.967980216586083,0.0,2,72,0.0,0.0,10000
SEP_p,max,5,11.967980216586083,0.0,2,73,0.0,0.0,10000
SEP_p,max,5,11.967980216586083,0.0,2,74,0.0,0.0,10000
SEP_p,max,5,11.967980216586083,0.0,2,75,0.0,0.0,10000
SEP_p,max,5,11.967980216586083,0.0,2,76,0.0,0.0,10000
SEP_p,max,5,11.967980216586083,0.0,2,77,0.0,0.0,10000
SEP_p,max,5,11.967980216586083,0.0,2,78,0.0,0.0,10000
SEP_p,max,5,11.967980216586083,0.0,2,79,0.0,0.0,10000
SEP_p,max,5,11.967980216586083,0.0,2,80,0.0,0.0,10000
SEP_p,max,5,11.967980216586083,0.0,2,81,0.0,0.0,10000
SEP_p,max,5,11.967980216586083,0.0,2,82,0.0,0.0,10000
SEP_p,max,5,11.967980216586083,0.0,2,83,0.0,0.0,10000
SEP_p,max,5,11.967980216586083,0.0,2,84,0.0,0.0,10000
SEP_p,max,5,11.967980216586083,0.0,2,85,0.0,0.0,10000
SEP_p,max,5,11.967980216586083,0.0,2,86,0.0,0.0,10000
SEP_p,max,5,11.967980216586083,0.0,2,87,0.0,0.0,10000
SEP_p,max,5,11.967980216586083,0.0,2,88,0.0,0.0,10000
SEP_p,max,5,11.967980216586083,0.0,2,89,0.0,0.0,10000
SEP_p,max,5,11.967980216586083,0.0,2,90,0.0,0.0,10000
SEP_p,max,5,11.967980216586083,0.0,2,91,0.0,0.0,10000
SEP_p,max,5,11.967980216586083,0.0,2,92,0.0,0.0,10000
SEP_p,max,5,11.967980216586083,0.0,2,93,0.0,0.0,10000
SEP_p,max,5,11.967980216586083,0.0,2,94,0.0,0.0,10000
SEP_p,max,5,11.967980216586083,0.0,2,95,0.0,0.0,10000
SEP_p,max,5,11.967980216586083,0.0,2,96,0.0,0.0,10000
SEP_p,max,5,11.967980216586083,0.0,2,97,0.0,0.0,10000
SEP_p,max,5,11.967980216586083,0.0,2,98,0.0,0.0,10000
SEP_p,max,5,11.967980216586083,0.0,2,99,0.0,0.0,10000
SEP_p,max,5,11.967980216586083,0.0,2,100,0.0,0.0,10000
SEP_p,max,5,11.967980216586083,0.0,2,101,0.0,0.0,10000
SEP_p,max,5,11.967980216586083,0.0,2,102,0.0,0.0,10000
SEP_p,max,5,11.967980216586083,0.0,2,103,0.0,0.0,10000
SEP_p,max,5,11.967980216586083,0.0,2,104,0.0,0.0,10000
SEP_p,max,5,11.967980216586083,0.0,2,105,0.0,0.0,10000
SEP_p,max,5,11.967980216586083,0.0,2,106,0.0,0.0,10000
SEP_p,max,5,11.967980216586083,0.0,2,107,0.0,0.0,10000
SEP_p,max,5,11.967980216586083,0.0,2,108,0.0,0.0,10000
SEP_p,max,5,11.967980216586083,0.0,2,109,0.0,0.0,10000
SEP_p,max,5,11.967980216586083,0.0,2,110,0.0,0.0,10000
SEP_p,max,5,11.967980216586083,0.0,2,111,0.0,0.0,10000
SEP_p,max,5,11.967980216586083,0.0,2,112,0.0,0.0,10000
SEP_p,max,5,11.967980216586083,0.0,2,113,0.0,0.0,10000
SEP_p,max,5,11.967980216586083,0.0,2,114,0.0,0.0,10000
SEP_p,max,5,11.967980216586083,0.0,2,115,0.0,0.0,10000
SEP_p,max,5,11.967980216586083,0.0,2,116,0.0,0.0,10000
SEP_p,max,5,11.967980216586083,0.0,2,117,0.0,0.0,10000
SEP_p,max,5,11.967980216586083,0.0,2,118,0.0,0.0,10000
SEP_p,max,5,11.967980216586083,0.0,2,119,0.0,0.0,10000
SEP_p,max,5,11.967980216586083,0.0,2,120,0.0,0.0,10000
SEP_p,max,5,11.967980216586083,0.0,2,121,0.0,0.0,10000
SEP_p,max,5,11.967980216586083,0.0,2,122,0.0,0.0,10000
SEP_p,max,5,11.967980216586083,0.0,2,123,0.0,0.0,10000
SEP_p,max,5,11.967980216586083,0.0,2,124,0.0,0.0,10000
SEP_p,max,5,11.967980216586083,0.0,2,125,0.0,0.0,10000
SEP_p,max,5,11.967980216586083,0.0,2,126,0.0,0.0,10000
SEP_p,max,5,11.967980216586083,0.0,2,127,0.0,0.0,10000
SEP_p,max,5,11.967980216586083,0.0,2,128,0.0,0.0,10000
SEP_p,max,5,11.967980216586083,0.0,2,129,0.0,0.0,10000
SEP_p,max,5,11.967980216586083,0.0,2,130,0.0,0.0,10000
SEP_p,max,5,11.967980216586083,0.0,2,131,0.0,0.0,10000
SEP_p,max,5,11.967980216586083,0.0,2,132,0.0,0.0,10000
SEP_p,max,5,11.967980216586083,0.0,2,133,0.0,0.0,10000
SEP_p,max,5,11.967980216586083,0.0,2,134,0.0,0.0,10000
SEP_p,max,5,11.967980216586083,0.0,2,135,0.0,0.0,10000
SEP_p,max,5,11.967980216586083,0.0,2,136,0.0,0.0,10000
SEP_p,max,5,11.967980216586083,0.0,2,137,0.0,0.0,10000
SEP_p,max,5,11.967980216586083,0.0,2,138,0.0,0.0,10000
SEP_p,max,5,11.967980216586083,0.0,2,139,0.0,0.0,10000
SEP_p,max,5,11.967980216586083,0.0,2,140,0.0,0.0,10000
SEP_p,max,5,11.967980216586083,0.0,2,141,0.0,0.0,10000
GCR_He,min,1,56.23413251903491,0.0,0,0,0.0,0.0,10000
GCR_He,min,1,56.23413251903491,0.0,0,1,0.0,0.0,10000
GCR_He,min,1,56.23413251903491,0.0,0,2,0.0,0.0,10000
GCR_He,min,1,56.23413251903491,0.0,0,3,0.0,0.0,10000
GCR_He,min,1,56.23413251903491,0.0,0,4,0.0,0.0,10000
GCR_He,min,1,56.23413251903491,0.0,0,5,0.0,0.0,10000
GCR_He,min,1,56.23413251903491,0.0,0,6,0.0,0.0,10000
GCR_He,min,1,56.23413251903491,0.0,0,7,0.0,0.0,10000
GCR_He,min,1,56.23413251903491,0.0,0,8,0.0,0.0,10000
GCR_He,min,1,56.23413251903491,0.0,0,9,0.0,0.0,10000
GCR_He,min,1,56.23413251903491,0.0,0,10,0.0,0.0,10000
GCR_He,min,1,56.23413251903491,0.0,0,11,0.0,0.0,10000
GCR_He,min,1,56.23413251903491,0.0,0,12,0.0,0.0,10000
GCR_He,min,1,56.23413251903491,0.0,0,13,0.0,0.0,10000
GCR_He,min,1,56.23413251903491,0.0,0,14,0.0,0.0,10000
GCR_He,min,1,56.23413251903491,0.0,0,15,0.0,0.0,10000
GCR_He,min,1,56.23413251903491,0.0,0,16,0.0,0.0,10000
GCR_He,min,1,56.23413251903491,0.0,0,17,0.0,0.0,10000
GCR_He,min,1,56.23413251903491,0.0,0,18,0.0,0.0,10000
GCR_He,min,1,56.23413251903491,0.0,0,19,0.0,0.0,10000
GCR_He,min,1,56.23413251903491,0.0,0,20,0.0,0.0,10000
GCR_He,min,1,56.23413251903491,0.0,0,21,0.0,0.0,10000
GCR_He,min,1,56.23413251903491,0.0,0,22,0.0,0.0,10000
GCR_He,min,1,56.23413251903491,0.0,0,23,0.0,0.0,10000
GCR_He,min,1,56.23413251903491,0.0,0,24,0.0,0.0,10000
GCR_He,min,1,56.23413251903491,0.0,0,25,0.0,0.0,10000
GCR_He,min,1,56.23413251903491,0.0,0,26,1.39124e-14,2.47178e-14,10000
GCR_He,min,1,56.23413251903491,0.0,0,27,0.0,0.0,10000
GCR_He,min,1,56.23413251903491,0.0,0,28,0.0,0.0,10000
GCR_He,min,1,56.23413251903491,0.0,0,29,0.0,0.0,10000
GCR_He,min,1,56.23413251903491,0.0,0,30,0.0,0.0,10000
GCR_He,min,1,56.23413251903491,0.0,0,31,0.0,0.0,10000
GCR_He,min,1,56.23413251903491,0.0,0,32,0.0,0.0,10000
GCR_He,min,1,56.23413251903491,0.0,0,33,0.0,0.0,10000
GCR_He,min,1,56.23413251903491,0.0,0,34,2.64709e-14,4.98181e-14,10000
GCR_He,min,1,56.23413251903491,0.0,0,35,0.0,0.0,10000
GCR_He,min,1,56.23413251903491,0.0,0,36,0.0,0.0,10000
GCR_He,min,1,56.23413251903491,0.0,0,37,0.0,0.0,10000
GCR_He,min,1,56.23413251903491,0.0,0,38,0.0,0.0,10000
GCR_He,min,1,56.23413251903491,0.0,0,39,0.0,0.0,10000
GCR_He,min,1,56.23413251903491,0.0,0,40,0.0,0.0,10000
GCR_He,min,1,56.23413251903491,0.0,0,41,0.0,0.0,10000
GCR_He,min,1,56.23413251903491,0.0,0,42,0.0,0.0,10000
GCR_He,min,1,56.23413251903491,0.0,0,43,4.03417e-15,1.10477e-14,10000
GCR_He,min,1,56.23413251903491,0.0,0,44,6.78885e-20,1.3054e-19,10000
GCR_He,min,1,56.23413251903491,0.0,0,45,0.0,0.0,10000
GCR_He,min,1,56.23413251903491,0.0,0,46,0.0,0.0,10000
GCR_He,min,1,56.23413251903491,0.0,0,47,0.0,0.0,10000
GCR_He,min,1,56.23413251903491,0.0,0,48,0.0,0.0,10000
GCR_He,min,1,56.23413251903491,0.0,0,49,0.0,0.0,10000
GCR_He,min,1,56.23413251903491,0.0,0,50,0.0,0.0,10000
GCR_He,min,1,56.23413251903491,0.0,0,51,0.0,0.0,10000
GCR_He,min,1,56.23413251903491,0.0,0,52,0.0,0.0,10000
GCR_He,min,1,56.23413251903491,0.0,0,53,0.0,0.0,10000
GCR_He,min,1,56.23413251903491,0.0,0,54,0.0,0.0,10000
GCR_He,min,1,56.23413251903491,0.0,0,55,0.0,0.0,10000
GCR_He,min,1,56.23413251903491,0.0,0,56,0.0,0.0,10000
GCR_He,min,1,56.23413251903491,0.0,0,57,0.0,0.0,10000
GCR_He,min,1,56.23413251903491,0.0,0,58,0.0,0.0,10000
GCR_He,min,1,56.23413251903491,0.0,0,59,0.0,0.0,10000
GCR_He,min,1,56.23413251903491,0.0,0,60,0.0,0.0,10000
GCR_He,min,1,56.23413251903491,0.0,0,61,1.30172e-12,8.97738e-13,10000
GCR_He,min,1,56.23413251903491,0.0,0,62,0.0,0.0,10000
GCR_He,min,1,56.23413251903491,0.0,0,63,0.0,0.0,10000
GCR_He,min,1,56.23413251903491,0.0,0,64,0.0,0.0,10000
GCR_He,min,1,56.23413251903491,0.0,0,65,0.0,0.0,10000
GCR_He,min,1,56.23413251903491,0.0,0,66,0.0,0.0,10000
GCR_He,min,1,56.23413251903491,0.0,0,67,0.0,0.0,10000
GCR_He,min,1,56.23413251903491,0.0,0,68,0.0,0.0,10000
GCR_He,min,1,56.23413251903491,0.0,0,69,0.0,0.0,10000
GCR_He,min,1,56.23413251903491,0.0,0,70,0.0,0.0,10000
GCR_He,min,1,56.23413251903491,0.0,0,71,0.0,0.0,10000
GCR_He,min,1,56.23413251903491,0.0,0,72,0.0,0.0,10000
GCR_He,min,1,56.23413251903491,0.0,0,73,0.0,0.0,10000
GCR_He,min,1,56.23413251903491,0.0,0,74,0.0,0.0,10000
GCR_He,min,1,56.23413251903491,0.0,0,75,0.0,0.0,10000
GCR_He,min,1,56.23413251903491,0.0,0,76,0.0,0.0,10000
GCR_He,min,1,56.23413251903491,0.0,0,77,0.0,0.0,10000
GCR_He,min,1,56.23413251903491,0.0,0,78,0.0,0.0,10000
GCR_He,min,1,56.23413251903491,0.0,0,79,0.0,0.0,10000
GCR_He,min,1,56.23413251903491,0.0,0,80,0.0,0.0,10000
GCR_He,min,1,56.23413251903491,0.0,0,81,0.0,0.0,10000
GCR_He,min,1,56.23413251903491,0.0,0,82,0.0,0.0,10000
GCR_He,min,1,56.23413251903491,0.0,0,83,0.0,0.0,10000
GCR_He,min,1,56.23413251903491,0.0,0,84,0.0,0.0,10000
GCR_He,min,1,56.23413251903491,0.0,0,85,0.0,0.0,10000
GCR_He,min,1,56.23413251903491,0.0,0,86,0.0,0.0,10000
GCR_He,min,1,56.23413251903491,0.0,0,87,0.0,0.0,10000
GCR_He,min,1,56.23413251903491,0.0,0,88,0.0,0.0,10000
GCR_He,min,1,56.23413251903491,0.0,0,89,0.0,0.0,10000
GCR_He,min,1,56.23413251903491,0.0,0,90,0.0,0.0,10000
GCR_He,min,1,56.23413251903491,0.0,0,91,0.0,0.0,10000
GCR_He,min,1,56.23413251903491,0.0,0,92,0.0,0.0,10000
GCR_He,min,1,56.23413251903491,0.0,0,93,0.0,0.0,10000
GCR_He,min,1,56.23413251903491,0.0,0,94,0.0,0.0,10000
GCR_He,min,1,56.23413251903491,0.0,0,95,1.1848e-13,6.58216e-14,10000
GCR_He,min,1,56.23413251903491,0.0,0,96,0.0,0.0,10000
GCR_He,min,1,56.23413251903491,0.0,0,97,0.0,0.0,10000
GCR_He,min,1,56.23413251903491,0.0,0,98,0.0,0.0,10000
GCR_He,min,1,56.23413251903491,0.0,0,99,0.0,0.0,10000
GCR_He,min,1,56.23413251903491,0.0,0,100,0.0,0.0,10000
GCR_He,min,1,56.23413251903491,0.0,0,101,0.0,0.0,10000
GCR_He,min,1,56.23413251903491,0.0,0,102,0.0,0.0,10000
GCR_He,min,1,56.23413251903491,0.0,0,103,0.0,0.0,10000
GCR_He,min,1,56.23413251903491,0.0,0,104,0.0,0.0,10000
GCR_He,min,1,56.23413251903491,0.0,0,105,0.0,0.0,10000
GCR_He,min,1,56.23413251903491,0.0,0,106,1.71934e-13,1.41183e-13,10000
GCR_He,min,1,56.23413251903491,0.0,0,107,2.11423e-14,1.40884e-15,10000
GCR_He,min,1,56.23413251903491,0.0,0,108,2.88601e-13,1.04926e-13,10000
GCR_He,min,1,56.23413251903491,0.0,0,109,4.33199e-13,4.3212e-14,10000
GCR_He,min,1,56.23413251903491,0.0,0,110,0.0,0.0,10000
GCR_He,min,1,56.23413251903491,0.0,0,111,0.0,0.0,10000
GCR_He,min,1,56.23413251903491,0.0,0,112,0.0,0.0,10000
GCR_He,min,1,56.23413251903491,0.0,0,113,0.0,0.0,10000
GCR_He,min,1,56.23413251903491,0.0,0,114,0.0,0.0,10000
GCR_He,min,1,56.23413251903491,0.0,0,115,0.0,0.0,10000
GCR_He,min,1,56.23413251903491,0.0,0,116,0.0,0.0,10000
GCR_He,min,1,56.23413251903491,0.0,0,117,8.85587e-08,7.15912e-09,10000
GCR_He,min,1,56.23413251903491,0.0,0,118,5.66164e-14,3.44493e-14,10000
GCR_He,min,1,56.23413251903491,0.0,0,119,8.75122e-13,1.62166e-13,10000
GCR_He,min,1,56.23413251903491,0.0,0,120,5.21289e-15,1.22685e-13,10000
GCR_He,min,1,56.23413251903491,0.0,0,121,0.0,0.0,10000
GCR_He,min,1,56.23413251903491,0.0,0,122,3.77963e-13,1.29733e-12,10000
GCR_He,min,1,56.23413251903491,0.0,0,123,4.25678e-14,2.90524e-14,10000
GCR_He,min,1,56.23413251903491,0.0,0,124,0.0,0.0,10000
GCR_He,min,1,56.23413251903491,0.0,0,125,0.0,0.0,10000
GCR_He,min,1,56.23413251903491,0.0,0,126,0.0,0.0,10000
GCR_He,min,1,56.23413251903491,0.0,0,127,0.0,0.0,10000
GCR_He,min,1,56.23413251903491,0.0,0,128,0.0,0.0,10000
GCR_He,min,1,56.23413251903491,0.0,0,129,0.0,0.0,10000
GCR_He,min,1,56.23413251903491,0.0,0,130,0.0,0.0,10000
GCR_He,min,1,56.23413251903491,0.0,0,131,0.0,0.0,10000
GCR_He,min,1,56.23413251903491,0.0,0,132,0.0,0.0,10000
GCR_He,min,1,56.23413251903491,0.0,0,133,0.0,0.0,10000
GCR_He,min,1,56.23413251903491,0.0,0,134,0.0,0.0,10000
GCR_He,min,1,56.23413251903491,0.0,0,135,0.0,0.0,10000
GCR_He,min,1,56.23413251903491,0.0,0,136,0.0,0.0,10000
GCR_He,min,1,56.23413251903491,0.0,0,137,0.0,0.0,10000
GCR_He,min,1,56.23413251903491,0.0,0,138,0.0,0.0,10000
GCR_He,min,1,56.23413251903491,0.0,0,139,0.0,0.0,10000
GCR_He,min,1,56.23413251903491,0.0,0,140,0.0,0.0,10000
GCR_He,min,1,56.23413251903491,0.0,0,141,0.0,0.0,10000
GCR_He,min,2,177.82794100389228,0.0,0,0,1.48767e-09,0.0,10000
GCR_He,min,2,177.82794100389228,0.0,0,1,0.0,0.0,10000
GCR_He,min,2,177.82794100389228,0.0,0,2,0.0,0.0,10000
GCR_He,min,2,177.82794100389228,0.0,0,3,0.0,0.0,10000
GCR_He,min,2,177.82794100389228,0.0,0,4,0.0,0.0,10000
GCR_He,min,2,177.82794100389228,0.0,0,5,0.0,0.0,10000
GCR_He,min,2,177.82794100389228,0.0,0,6,0.0,0.0,10000
GCR_He,min,2,177.82794100389228,0.0,0,7,0.0,0.0,10000
GCR_He,min,2,177.82794100389228,0.0,0,8,1.53493e-11,2.31478e-10,10000
GCR_He,min,2,177.82794100389228,0.0,0,9,0.0,0.0,10000
GCR_He,min,2,177.82794100389228,0.0,0,10,4.96139e-11,1.82451e-10,10000
GCR_He,min,2,177.82794100389228,0.0,0,11,0.0,0.0,10000
GCR_He,min,2,177.82794100389228,0.0,0,12,3.79609e-12,4.5714e-11,10000
GCR_He,min,2,177.82794100389228,0.0,0,13,1.54043e-11,1.13887e-10,10000
GCR_He,min,2,177.82794100389228,0.0,0,14,6.44092e-12,3.48422e-11,10000
GCR_He,min,2,177.82794100389228,0.0,0,15,5.27101e-12,1.57438e-10,10000
GCR_He,min,2,177.82794100389228,0.0,0,16,2.48701e-11,1.94252e-10,10000
GCR_He,min,2,177.82794100389228,0.0,0,17,1.14059e-11,1.90958e-10,10000
GCR_He,min,2,177.82794100389228,0.0,0,18,0.0,0.0,10000
GCR_He,min,2,177.82794100389228,0.0,0,19,2.06972e-12,7.64298e-12,10000
GCR_He,min,2,177.82794100389228,0.0,0,20,8.90576e-12,4.89569e-11,10000
GCR_He,min,2,177.82794100389228,0.0,0,21,0.0,0.0,10000
GCR_He,min,2,177.82794100389228,0.0,0,22,1.0979e-12,6.10827e-12,10000
GCR_He,min,2,177.82794100389228,0.0,0,23,5.01722e-12,3.59426e-11,10000
GCR_He,min,2,177.82794100389228,0.0,0,24,2.1061e-16,4.40791e-15,10000
GCR_He,min,2,177.82794100389228,0.0,0,25,0.0,0.0,10000
GCR_He,min,2,177.82794100389228,0.0,0,26,1.73609e-11,3.08446e-11,10000
GCR_He,min,2,177.82794100389228,0.0,0,27,3.28223e-11,7.2767e-11,10000
GCR_He,min,2,177.82794100389228,0.0,0,28,1.15572e-14,4.41654e-14,10000
GCR_He,min,2,177.82794100389228,0.0,0,29,2.56468e-15,5.43307e-15,10000
GCR_He,min,2,177.82794100389228,0.0,0,30,5.16446e-20,2.00328e-18,10000
GCR_He,min,2,177.82794100389228,0.0,0,31,2.43565e-11,8.28199e-11,10000
GCR_He,min,2,177.82794100389228,0.0,0,32,2.5681e-11,5.85562e-11,10000
GCR_He,min,2,177.82794100389228,0.0,0,33,8.40958e-13,1.03963e-11,10000
GCR_He,min,2,177.82794100389228,0.0,0,34,5.70207e-11,1.07313e-10,10000
GCR_He,min,2,177.82794100389228,0.0,0,35,5.94609e-11,8.15225e-11,10000
GCR_He,min,2,177.82794100389228,0.0,0,36,1.20593e-11,1.5329e-10,10000
GCR_He,min,2,177.82794100389228,0.0,0,37,2.33933e-11,1.0059e-10,10000
GCR_He,min,2,177.82794100389228,0.0,0,38,3.87795e-11,7.63707e-11,10000
GCR_He,min,2,177.82794100389228,0.0,0,39,1.38346e-13,1.81747e-12,10000
GCR_He,min,2,177.82794100389228,0.0,0,40,0.0,0.0,10000
GCR_He,min,2,177.82794100389228,0.0,0,41,3.7097e-11,9.30637e-11,10000
GCR_He,min,2,177.82794100389228,0.0,0,42,5.08215e-11,7.46081e-11,10000
GCR_He,min,2,177.82794100389228,0.0,0,43,3.80627e-11,1.04236e-10,10000
GCR_He,min,2,177.82794100389228,0.0,0,44,5.95608e-11,1.14527e-10,10000
GCR_He,min,2,177.82794100389228,0.0,0,45,3.44466e-12,1.55775e-11,10000
GCR_He,min,2,177.82794100389228,0.0,0,46,3.42194e-12,1.78031e-11,10000
GCR_He,min,2,177.82794100389228,0.0,0,47,0.0,0.0,10000
GCR_He,min,2,177.82794100389228,0.0,0,48,0.0,0.0,10000
GCR_He,min,2,177.82794100389228,0.0,0,49,4.97026e-11,1.73433e-10,10000
GCR_He,min,2,177.82794100389228,0.0,0,50,3.16807e-11,9.44735e-11,10000
GCR_He,min,2,177.82794100389228,0.0,0,51,5.13338e-12,2.75706e-11,10000
GCR_He,min,2,177.82794100389228,0.0,0,52,5.23015e-12,1.73144e-11,10000
GCR_He,min,2,177.82794100389228,0.0,0,53,8.2035e-12,7.5103e-11,10000
GCR_He,min,2,177.82794100389228,0.0,0,54,3.25285e-11,1.87474e-10,10000
GCR_He,min,2,177.82794100389228,0.0,0,55,0.0,0.0,10000
GCR_He,min,2,177.82794100389228,0.0,0,56,0.0,0.0,10000
GCR_He,min,2,177.82794100389228,0.0,0,57,0.0,0.0,10000
GCR_He,min,2,177.82794100389228,0.0,0,58,1.63001e-11,1.83829e-10,10000
GCR_He,min,2,177.82794100389228,0.0,0,59,7.11733e-13,1.20429e-10,10000
GCR_He,min,2,177.82794100389228,0.0,0,60,2.55092e-12,7.34501e-11,10000
GCR_He,min,2,177.82794100389228,0.0,0,61,1.42835e-10,9.85067e-11,10000
GCR_He,min,2,177.82794100389228,0.0,0,62,0.0,0.0,10000
GCR_He,min,2,177.82794100389228,0.0,0,63,0.0,0.0,10000
GCR_He,min,2,177.82794100389228,0.0,0,64,0.0,0.0,10000
GCR_He,min,2,177.82794100389228,0.0,0,65,0.0,0.0,10000
GCR_He,min,2,177.82794100389228,0.0,0,66,0.0,0.0,10000
GCR_He,min,2,177.82794100389228,0.0,0,67,0.0,0.0,10000
GCR_He,min,2,177.82794100389228,0.0,0,68,0.0,0.0,10000
GCR_He,min,2,177.82794100389228,0.0,0,69,0.0,0.0,10000
GCR_He,min,2,177.82794100389228,0.0,0,70,2.98884e-12,2.14715e-10,10000
GCR_He,min,2,177.82794100389228,0.0,0,71,2.11256e-11,3.90636e-10,10000
GCR_He,min,2,177.82794100389228,0.0,0,72,1.96182e-11,1.30797e-10,10000
GCR_He,min,2,177.82794100389228,0.0,0,73,2.90592e-13,1.16232e-12,10000
GCR_He,min,2,177.82794100389228,0.0,0,74,1.3368e-10,2.05662e-10,10000
GCR_He,min,2,177.82794100389228,0.0,0,75,2.47766e-11,7.07863e-11,10000
GCR_He,min,2,177.82794100389228,0.0,0,76,0.0,0.0,10000
GCR_He,min,2,177.82794100389228,0.0,0,77,0.0,0.0,10000
GCR_He,min,2,177.82794100389228,0.0,0,78,1.33641e-13,2.22735e-12,10000
GCR_He,min,2,177.82794100389228,0.0,0,79,3.51581e-14,3.70086e-13,10000
GCR_He,min,2,177.82794100389228,0.0,0,80,1.19768e-14,1.99613e-13,10000
GCR_He,min,2,177.82794100389228,0.0,0,81,0.0,0.0,10000
GCR_He,min,2,177.82794100389228,0.0,0,82,7.50309e-12,8.3377e-11,10000
GCR_He,min,2,177.82794100389228,0.0,0,83,0.0,0.0,10000
GCR_He,min,2,177.82794100389228,0.0,0,84,0.0,0.0,10000
GCR_He,min,2,177.82794100389228,0.0,0,85,0.0,0.0,10000
GCR_He,min,2,177.82794100389228,0.0,0,86,0.0,0.0,10000
GCR_He,min,2,177.82794100389228,0.0,0,87,4.62928e-11,1.4029e-10,10000
GCR_He,min,2,177.82794100389228,0.0,0,88,1.36937e-10,2.68499e-10,10000
GCR_He,min,2,177.82794100389228,0.0,0,89,8.48518e-16,7.92119e-15,10000
GCR_He,min,2,177.82794100389228,0.0,0,90,1.01348e-19,2.64963e-18,10000
GCR_He,min,2,177.82794100389228,0.0,0,91,9.43266e-20,1.23626e-17,10000
GCR_He,min,2,177.82794100389228,0.0,0,92,1.27165e-15,1.15689e-14,10000
GCR_He,min,2,177.82794100389228,0.0,0,93,0.0,0.0,10000
GCR_He,min,2,177.82794100389228,0.0,0,94,0.0,0.0,10000
GCR_He,min,2,177.82794100389228,0.0,0,95,1.9847e-10,1.10261e-10,10000
GCR_He,min,2,177.82794100389228,0.0,0,96,2.47933e-12,3.13799e-11,10000
GCR_He,min,2,177.82794100389228,0.0,0,97,3.42537e-11,7.16994e-11,10000
GCR_He,min,2,177.82794100389228,0.0,0,98,1.6448e-11,2.29913e-10,10000
GCR_He,min,2,177.82794100389228,0.0,0,99,7.88005e-11,1.35844e-10,10000
GCR_He,min,2,177.82794100389228,0.0,0,100,0.0,0.0,10000
GCR_He,min,2,177.82794100389228,0.0,0,101,0.0,0.0,10000
GCR_He,min,2,177.82794100389228,0.0,0,102,0.0,0.0,10000
GCR_He,min,2,177.82794100389228,0.0,0,103,2.2078e-11,2.11475e-10,10000
GCR_He,min,2,177.82794100389228,0.0,0,104,0.0,0.0,10000
GCR_He,min,2,177.82794100389228,0.0,0,105,0.0,0.0,10000
GCR_He,min,2,177.82794100389228,0.0,0,106,6.926e-12,5.68726e-12,10000
GCR_He,min,2,177.82794100389228,0.0,0,107,1.40174e-09,9.34071e-11,10000
GCR_He,min,2,177.82794100389228,0.0,0,108,1.70905e-10,6.21353e-11,10000
GCR_He,min,2,177.82794100389228,0.0,0,109,6.65781e-10,6.64123e-11,10000
GCR_He,min,2,177.82794100389228,0.0,0,110,9.30253e-12,2.32505e-10,10000
GCR_He,min,2,177.82794100389228,0.0,0,111,0.0,0.0,10000
GCR_He,min,2,177.82794100389228,0.0,0,112,0.0,0.0,10000
GCR_He,min,2,177.82794100389228,0.0,0,113,3.15268e-11,2.25191e-10,10000
GCR_He,min,2,177.82794100389228,0.0,0,114,0.0,0.0,10000
GCR_He,min,2,177.82794100389228,0.0,0,115,0.0,0.0,10000
GCR_He,min,2,177.82794100389228,0.0,0,116,1.20593e-11,1.15014e-11,10000
GCR_He,min,2,177.82794100389228,0.0,0,117,1.0286e-09,8.31522e-11,10000
GCR_He,min,2,177.82794100389228,0.0,0,118,1.51184e-10,9.19907e-11,10000
GCR_He,min,2,177.82794100389228,0.0,0,119,3.52994e-10,6.5412e-11,10000
GCR_He,min,2,177.82794100389228,0.0,0,120,0.0,0.0,10000
GCR_He,min,2,177.82794100389228,0.0,0,121,0.0,0.0,10000
GCR_He,min,2,177.82794100389228,0.0,0,122,1.89237e-12,6.49541e-12,10000
GCR_He,min,2,177.82794100389228,0.0,0,123,9.05918e-11,6.18285e-11,10000
GCR_He,min,2,177.82794100389228,0.0,0,124,4.4861e-11,7.02017e-11,10000
GCR_He,min,2,177.82794100389228,0.0,0,125,9.8979e-11,7.42846e-11,10000
GCR_He,min,2,177.82794100389228,0.0,0,126,2.34421e-12,6.40144e-11,10000
GCR_He,min,2,177.82794100389228,0.0,0,127,4.03222e-11,2.68833e-10,10000
GCR_He,min,2,177.82794100389228,0.0,0,128,0.0,0.0,10000
GCR_He,min,2,177.82794100389228,0.0,0,129,0.0,0.0,10000
GCR_He,min,2,177.82794100389228,0.0,0,130,0.0,0.0,10000
GCR_He,min,2,177.82794100389228,0.0,0,131,0.0,0.0,10000
GCR_He,min,2,177.82794100389228,0.0,0,132,0.0,0.0,10000
GCR_He,min,2,177.82794100389228,0.0,0,133,0.0,0.0,10000
GCR_He,min,2,177.82794100389228,0.0,0,134,0.0,0.0,10000
GCR_He,min,2,177.82794100389228,0.0,0,135,5.26976e-20,6.19243e-18,10000
GCR_He,min,2,177.82794100389228,0.0,0,136,1.11317e-12,1.48621e-10,10000
GCR_He,min,2,177.82794100389228,0.0,0,137,4.3304e-12,8.65907e-11,10000
GCR_He,min,2,177.82794100389228,0.0,0,138,4.52809e-11,2.26405e-10,10000
GCR_He,min,2,177.82794100389228,0.0,0,139,0.0,0.0,10000
GCR_He,min,2,177.82794100389228,0.0,0,140,1.03639e-16,5.18194e-13,10000
GCR_He,min,2,177.82794100389228,0.0,0,141,1.37382e-11,8.90355e-11,10000
GCR_He,min,3,562.341325190349,0.0,0,0,4.31681e-10,0.0,10000
GCR_He,min,3,562.341325190349,0.0,0,1,0.0,0.0,10000
GCR_He,min,3,562.341325190349,0.0,0,2,9.43718e-13,1.34817e-10,10000
GCR_He,min,3,562.341325190349,0.0,0,3,1.32096e-12,1.1976e-10,10000
GCR_He,min,3,562.341325190349,0.0,0,4,3.78779e-13,1.33326e-11,10000
GCR_He,min,3,562.341325190349,0.0,0,5,1.72222e-12,5.60435e-11,10000
GCR_He,min,3,562.341325190349,0.0,0,6,7.09783e-13,1.39173e-10,10000
GCR_He,min,3,562.341325190349,0.0,0,7,1.96377e-12,1.96181e-10,10000
GCR_He,min,3,562.341325190349,0.0,0,8,1.7635e-12,2.65948e-11,10000
GCR_He,min,3,562.341325190349,0.0,0,9,0.0,0.0,10000
GCR_He,min,3,562.341325190349,0.0,0,10,2.07808e-11,7.64196e-11,10000
GCR_He,min,3,562.341325190349,0.0,0,11,3.09823e-12,1.97088e-10,10000
GCR_He,min,3,562.341325190349,0.0,0,12,6.26255e-12,7.5416e-11,10000
GCR_He,min,3,562.341325190349,0.0,0,13,5.93778e-12,4.3899e-11,10000
GCR_He,min,3,562.341325190349,0.0,0,14,1.64999e-11,8.92563e-11,10000
GCR_He,min,3,562.341325190349,0.0,0,15,1.38557e-12,4.13851e-11,10000
GCR_He,min,3,562.341325190349,0.0,0,16,2.78555e-12,2.1757e-11,10000
GCR_He,min,3,562.341325190349,0.0,0,17,5.90362e-12,9.88384e-11,10000
GCR_He,min,3,562.341325190349,0.0,0,18,0.0,0.0,10000
GCR_He,min,3,562.341325190349,0.0,0,19,2.29419e-11,8.47191e-11,10000
GCR_He,min,3,562.341325190349,0.0,0,20,2.56092e-11,1.40779e-10,10000
GCR_He,min,3,562.341325190349,0.0,0,21,1.11735e-12,4.92876e-11,10000
GCR_He,min,3,562.341325190349,0.0,0,22,1.90694e-11,1.06094e-10,10000
GCR_He,min,3,562.341325190349,0.0,0,23,8.92933e-12,6.39683e-11,10000
GCR_He,min,3,562.341325190349,0.0,0,24,6.1345e-12,1.2839e-10,10000
GCR_He,min,3,562.341325190349,0.0,0,25,1.632e-12,3.07576e-11,10000
GCR_He,min,3,562.341325190349,0.0,0,26,6.47667e-11,1.15069e-10,10000
GCR_He,min,3,562.341325190349,0.0,0,27,4.19183e-11,9.29329e-11,10000
GCR_He,min,3,562.341325190349,0.0,0,28,2.79326e-11,1.06744e-10,10000
GCR_He,min,3,562.341325190349,0.0,0,29,5.72097e-11,1.21194e-10,10000
GCR_He,min,3,562.341325190349,0.0,0,30,1.64821e-13,6.39335e-12,10000
GCR_He,min,3,562.341325190349,0.0,0,31,5.61513e-11,1.90932e-10,10000
GCR_He,min,3,562.341325190349,0.0,0,32,3.69794e-11,8.43181e-11,10000
GCR_He,min,3,562.341325190349,0.0,0,33,3.32817e-11,4.11444e-10,10000
GCR_He,min,3,562.341325190349,0.0,0,34,1.69886e-11,3.19725e-11,10000
GCR_He,min,3,562.341325190349,0.0,0,35,2.59859e-11,3.56274e-11,10000
GCR_He,min,3,562.341325190349,0.0,0,36,1.17056e-12,1.48793e-11,10000
GCR_He,min,3,562.341325190349,0.0,0,37,3.06115e-11,1.31628e-10,10000
GCR_He,min,3,562.341325190349,0.0,0,38,5.23725e-11,1.0314e-10,10000
GCR_He,min,3,562.341325190349,0.0,0,39,5.28323e-12,6.94065e-11,10000
GCR_He,min,3,562.341325190349,0.0,0,40,3.85588e-12,5.2177e-11,10000
GCR_He,min,3,562.341325190349,0.0,0,41,4.7661e-11,1.19565e-10,10000
GCR_He,min,3,562.341325190349,0.0,0,42,1.18832e-10,1.7445e-10,10000
GCR_He,min,3,562.341325190349,0.0,0,43,2.76159e-11,7.56268e-11,10000
GCR_He,min,3,562.341325190349,0.0,0,44,6.04568e-11,1.1625e-10,10000
GCR_He,min,3,562.341325190349,0.0,0,45,2.05342e-11,9.28602e-11,10000
GCR_He,min,3,562.341325190349,0.0,0,46,1.01418e-11,5.27643e-11,10000
GCR_He,min,3,562.341325190349,0.0,0,47,1.03967e-11,1.01017e-10,10000
GCR_He,min,3,562.341325190349,0.0,0,48,5.82374e-12,7.91807e-11,10000
GCR_He,min,3,562.341325190349,0.0,0,49,2.15413e-11,7.51668e-11,10000
GCR_He,min,3,562.341325190349,0.0,0,50,3.70621e-11,1.10521e-10,10000
GCR_He,min,3,562.341325190349,0.0,0,51,2.02614e-11,1.08821e-10,10000
GCR_He,min,3,562.341325190349,0.0,0,52,2.8137e-11,9.31472e-11,10000
GCR_He,min,3,562.341325190349,0.0,0,53,9.40668e-12,8.61181e-11,10000
GCR_He,min,3,562.341325190349,0.0,0,54,1.42264e-11,8.19921e-11,10000
GCR_He,min,3,562.341325190349,0.0,0,55,0.0,0.0,10000
GCR_He,min,3,562.341325190349,0.0,0,56,2.2954e-12,4.07637e-11,10000
GCR_He,min,3,562.341325190349,0.0,0,57,0.0,0.0,10000
GCR_He,min,3,562.341325190349,0.0,0,58,8.15019e-12,9.1916e-11,10000
GCR_He,min,3,562.341325190349,0.0,0,59,6.06087e-13,1.02553e-10,10000
GCR_He,min,3,562.341325190349,0.0,0,60,1.50533e-12,4.33439e-11,10000
GCR_He,min,3,562.341325190349,0.0,0,61,2.03019e-10,1.40013e-10,10000
GCR_He,min,3,562.341325190349,0.0,0,62,1.32239e-12,1.76319e-10,10000
GCR_He,min,3,562.341325190349,0.0,0,63,0.0,0.0,10000
GCR_He,min,3,562.341325190349,0.0,0,64,0.0,0.0,10000
GCR_He,min,3,562.341325190349,0.0,0,65,0.0,0.0,10000
GCR_He,min,3,562.341325190349,0.0,0,66,0.0,0.0,10000
GCR_He,min,3,562.341325190349,0.0,0,67,9.64189e-13,1.32262e-10,10000
GCR_He,min,3,562.341325190349,0.0,0,68,0.0,0.0,10000
GCR_He,min,3,562.341325190349,0.0,0,69,2.93547e-12,4.00474e-10,10000
GCR_He,min,3,562.341325190349,0.0,0,70,7.32675e-13,5.26347e-11,10000
GCR_He,min,3,562.341325190349,0.0,0,71,5.76026e-12,1.06514e-10,10000
GCR_He,min,3,562.341325190349,0.0,0,72,1.69062e-11,1.12715e-10,10000
GCR_He,min,3,562.341325190349,0.0,0,73,5.89353e-12,2.35732e-11,10000
GCR_He,min,3,562.341325190349,0.0,0,74,1.07863e-10,1.65943e-10,10000
GCR_He,min,3,562.341325190349,0.0,0,75,4.76408e-11,1.36109e-10,10000
GCR_He,min,3,562.341325190349,0.0,0,76,2.77293e-12,3.08137e-11,10000
GCR_He,min,3,562.341325190349,0.0,0,77,2.90511e-12,5.2801e-11,10000
GCR_He,min,3,562.341325190349,0.0,0,78,8.35419e-12,1.39237e-10,10000
GCR_He,min,3,562.341325190349,0.0,0,79,5.07895e-12,5.34626e-11,10000
GCR_He,min,3,562.341325190349,0.0,0,80,1.46928e-11,2.44881e-10,10000
GCR_He,min,3,562.341325190349,0.0,0,81,7.16206e-12,1.79007e-10,10000
GCR_He,min,3,562.341325190349,0.0,0,82,4.4305e-12,4.92333e-11,10000
GCR_He,min,3,562.341325190349,0.0,0,83,5.23001e-14,1.49429e-12,10000
GCR_He,min,3,562.341325190349,0.0,0,84,1.52153e-11,3.80288e-10,10000
GCR_He,min,3,562.341325190349,0.0,0,85,7.86597e-12,1.04922e-10,10000
GCR_He,min,3,562.341325190349,0.0,0,86,8.11125e-12,2.70555e-10,10000
GCR_He,min,3,562.341325190349,0.0,0,87,5.64716e-12,1.71136e-11,10000
GCR_He,min,3,562.341325190349,0.0,0,88,9.87927e-12,1.93707e-11,10000
GCR_He,min,3,562.341325190349,0.0,0,89,1.94444e-11,1.8152e-10,10000
GCR_He,min,3,562.341325190349,0.0,0,90,5.6503e-12,1.4772e-10,10000
GCR_He,min,3,562.341325190349,0.0,0,91,2.61071e-12,3.42164e-10,10000
GCR_He,min,3,562.341325190349,0.0,0,92,1.56028e-11,1.41946e-10,10000
GCR_He,min,3,562.341325190349,0.0,0,93,4.44665e-12,1.1329e-10,10000
GCR_He,min,3,562.341325190349,0.0,0,94,3.78797e-12,4.81317e-10,10000
GCR_He,min,3,562.341325190349,0.0,0,95,1.78806e-10,9.93361e-11,10000
GCR_He,min,3,562.341325190349,0.0,0,96,1.41286e-11,1.7882e-10,10000
GCR_He,min,3,562.341325190349,0.0,0,97,3.70918e-11,7.76402e-11,10000
GCR_He,min,3,562.341325190349,0.0,0,98,4.63774e-12,6.48273e-11,10000
GCR_He,min,3,562.341325190349,0.0,0,99,3.79751e-11,6.54653e-11,10000
GCR_He,min,3,562.341325190349,0.0,0,100,0.0,0.0,10000
GCR_He,min,3,562.341325190349,0.0,0,101,6.93744e-13,1.08398e-10,10000
GCR_He,min,3,562.341325190349,0.0,0,102,4.68585e-13,7.83587e-11,10000
GCR_He,min,3,562.341325190349,0.0,0,103,1.15981e-11,1.11093e-10,10000
GCR_He,min,3,562.341325190349,0.0,0,104,7.66794e-13,9.79302e-11,10000
GCR_He,min,3,562.341325190349,0.0,0,105,8.47274e-13,7.6331e-11,10000
GCR_He,min,3,562.341325190349,0.0,0,106,1.00866e-10,8.2826e-11,10000
GCR_He,min,3,562.341325190349,0.0,0,107,1.92681e-09,1.28395e-10,10000
GCR_He,min,3,562.341325190349,0.0,0,108,2.65884e-10,9.66666e-11,10000
GCR_He,min,3,562.341325190349,0.0,0,109,1.38711e-09,1.38366e-10,10000
GCR_He,min,3,562.341325190349,0.0,0,110,2.76103e-13,6.90084e-12,10000
GCR_He,min,3,562.341325190349,0.0,0,111,0.0,0.0,10000
GCR_He,min,3,562.341325190349,0.0,0,112,0.0,0.0,10000
GCR_He,min,3,562.341325190349,0.0,0,113,4.2716e-12,3.05115e-11,10000
GCR_He,min,3,562.341325190349,0.0,0,114,0.0,0.0,10000
GCR_He,min,3,562.341325190349,0.0,0,115,4.12045e-13,2.42237e-11,10000
GCR_He,min,3,562.341325190349,0.0,0,116,1.0969e-10,1.04615e-10,10000
GCR_He,min,3,562.341325190349,0.0,0,117,1.62414e-09,1.31296e-10,10000
GCR_He,min,3,562.341325190349,0.0,0,118,1.75445e-10,1.06753e-10,10000
GCR_He,min,3,562.341325190349,0.0,0,119,9.04424e-10,1.67596e-10,10000
GCR_He,min,3,562.341325190349,0.0,0,120,1.98725e-12,4.67699e-11,10000
GCR_He,min,3,562.341325190349,0.0,0,121,5.02991e-12,1.18379e-10,10000
GCR_He,min,3,562.341325190349,0.0,0,122,2.493e-11,8.55703e-11,10000
GCR_He,min,3,562.341325190349,0.0,0,123,1.65654e-10,1.13058e-10,10000
GCR_He,min,3,562.341325190349,0.0,0,124,6.83824e-11,1.0701e-10,10000
GCR_He,min,3,562.341325190349,0.0,0,125,1.69754e-10,1.27402e-10,10000
GCR_He,min,3,562.341325190349,0.0,0,126,3.11978e-12,8.51933e-11,10000
GCR_He,min,3,562.341325190349,0.0,0,127,2.29246e-12,1.52841e-11,10000
GCR_He,min,3,562.341325190349,0.0,0,128,4.7892e-12,9.57074e-11,10000
GCR_He,min,3,562.341325190349,0.0,0,129,1.30462e-12,7.46348e-11,10000
GCR_He,min,3,562.341325190349,0.0,0,130,1.74458e-12,9.95766e-11,10000
GCR_He,min,3,562.341325190349,0.0,0,131,6.13137e-12,2.45353e-10,10000
GCR_He,min,3,562.341325190349,0.0,0,132,3.05806e-12,1.5298e-10,10000
GCR_He,min,3,562.341325190349,0.0,0,133,1.17246e-11,2.77308e-10,10000
GCR_He,min,3,562.341325190349,0.0,0,134,2.79964e-12,9.30112e-10,10000
GCR_He,min,3,562.341325190349,0.0,0,135,8.59306e-13,1.00976e-10,10000
GCR_He,min,3,562.341325190349,0.0,0,136,5.74186e-13,7.66603e-11,10000
GCR_He,min,3,562.341325190349,0.0,0,137,8.29529e-12,1.65873e-10,10000
GCR_He,min,3,562.341325190349,0.0,0,138,2.29274e-11,1.14637e-10,10000
GCR_He,min,3,562.341325190349,0.0,0,139,0.0,0.0,10000
GCR_He,min,3,562.341325190349,0.0,0,140,9.05915e-15,4.52958e-11,10000
GCR_He,min,3,562.341325190349,0.0,0,141,2.92727e-11,1.89713e-10,10000
GCR_He,min,4,1778.2794100389228,0.0,0,0,1.20208e-09,0.0,10000
GCR_He,min,4,1778.2794100389228,0.0,0,1,2.09147e-15,2.98782e-13,10000
GCR_He,min,4,1778.2794100389228,0.0,0,2,5.16925e-15,7.38464e-13,10000
GCR_He,min,4,1778.2794100389228,0.0,0,3,5.67911e-12,5.14879e-10,10000
GCR_He,min,4,1778.2794100389228,0.0,0,4,1.07918e-11,3.79859e-10,10000
GCR_He,min,4,1778.2794100389228,0.0,0,5,1.38519e-11,4.50762e-10,10000
GCR_He,min,4,1778.2794100389228,0.0,0,6,1.49639e-12,2.9341e-10,10000
GCR_He,min,4,1778.2794100389228,0.0,0,7,3.10812e-13,3.10501e-11,10000
GCR_He,min,4,1778.2794100389228,0.0,0,8,1.62295e-11,2.44753e-10,10000
GCR_He,min,4,1778.2794100389228,0.0,0,9,0.0,0.0,10000
GCR_He,min,4,1778.2794100389228,0.0,0,10,9.56774e-11,3.51846e-10,10000
GCR_He,min,4,1778.2794100389228,0.0,0,11,3.18586e-12,2.02663e-10,10000
GCR_He,min,4,1778.2794100389228,0.0,0,12,2.16601e-11,2.60839e-10,10000
GCR_He,min,4,1778.2794100389228,0.0,0,13,2.02476e-11,1.49694e-10,10000
GCR_He,min,4,1778.2794100389228,0.0,0,14,2.45206e-11,1.32644e-10,10000
GCR_He,min,4,1778.2794100389228,0.0,0,15,5.6547e-12,1.68898e-10,10000
GCR_He,min,4,1778.2794100389228,0.0,0,16,3.4998e-11,2.73358e-10,10000
GCR_He,min,4,1778.2794100389228,0.0,0,17,1.78792e-11,2.99333e-10,10000
GCR_He,min,4,1778.2794100389228,0.0,0,18,1.15824e-11,3.11941e-10,10000
GCR_He,min,4,1778.2794100389228,0.0,0,19,9.33995e-11,3.44902e-10,10000
GCR_He,min,4,1778.2794100389228,0.0,0,20,5.3035e-11,2.91545e-10,10000
GCR_He,min,4,1778.2794100389228,0.0,0,21,6.67182e-12,2.94302e-10,10000
GCR_He,min,4,1778.2794100389228,0.0,0,22,6.01005e-11,3.34375e-10,10000
GCR_He,min,4,1778.2794100389228,0.0,0,23,4.13472e-11,2.96204e-10,10000
GCR_He,min,4,1778.2794100389228,0.0,0,24,3.94603e-12,8.25875e-11,10000
GCR_He,min,4,1778.2794100389228,0.0,0,25,3.42575e-12,6.45637e-11,10000
GCR_He,min,4,1778.2794100389228,0.0,0,26,1.98272e-10,3.52265e-10,10000
GCR_He,min,4,1778.2794100389228,0.0,0,27,1.50517e-10,3.33696e-10,10000
GCR_He,min,4,1778.2794100389228,0.0,0,28,1.31173e-10,5.01273e-10,10000
GCR_He,min,4,1778.2794100389228,0.0,0,29,2.84931e-10,6.03603e-10,10000
GCR_He,min,4,1778.2794100389228,0.0,0,30,2.67753e-11,1.03861e-09,10000
GCR_He,min,4,1778.2794100389228,0.0,0,31,9.94158e-11,3.38045e-10,10000
GCR_He,min,4,1778.2794100389228,0.0,0,32,1.42005e-10,3.23791e-10,10000
GCR_He,min,4,1778.2794100389228,0.0,0,33,2.90482e-11,3.59107e-10,10000
GCR_He,min,4,1778.2794100389228,0.0,0,34,1.08626e-10,2.04434e-10,10000
GCR_He,min,4,1778.2794100389228,0.0,0,35,2.29168e-10,3.14195e-10,10000
GCR_He,min,4,1778.2794100389228,0.0,0,36,3.56162e-12,4.52729e-11,10000
GCR_He,min,4,1778.2794100389228,0.0,0,37,8.57137e-11,3.68566e-10,10000
GCR_He,min,4,1778.2794100389228,0.0,0,38,2.16039e-10,4.25458e-10,10000
GCR_He,min,4,1778.2794100389228,0.0,0,39,2.24174e-11,2.945e-10,10000
GCR_He,min,4,1778.2794100389228,0.0,0,40,2.90437e-11,3.93014e-10,10000
GCR_He,min,4,1778.2794100389228,0.0,0,41,2.0175e-10,5.06122e-10,10000
GCR_He,min,4,1778.2794100389228,0.0,0,42,3.42602e-10,5.02954e-10,10000
GCR_He,min,4,1778.2794100389228,0.0,0,43,7.06704e-11,1.93533e-10,10000
GCR_He,min,4,1778.2794100389228,0.0,0,44,1.22514e-10,2.35576e-10,10000
GCR_He,min,4,1778.2794100389228,0.0,0,45,1.08385e-11,4.9014e-11,10000
GCR_He,min,4,1778.2794100389228,0.0,0,46,1.52732e-11,7.94612e-11,10000
GCR_He,min,4,1778.2794100389228,0.0,0,47,1.75234e-11,1.70262e-10,10000
GCR_He,min,4,1778.2794100389228,0.0,0,48,1.94657e-11,2.64659e-10,10000
GCR_He,min,4,1778.2794100389228,0.0,0,49,5.21168e-11,1.81858e-10,10000
GCR_He,min,4,1778.2794100389228,0.0,0,50,8.9615e-11,2.67236e-10,10000
GCR_He,min,4,1778.2794100389228,0.0,0,51,5.08662e-11,2.73195e-10,10000
GCR_He,min,4,1778.2794100389228,0.0,0,52,9.70367e-11,3.21239e-10,10000
GCR_He,min,4,1778.2794100389228,0.0,0,53,6.2009e-11,5.67692e-10,10000
GCR_He,min,4,1778.2794100389228,0.0,0,54,1.01588e-10,5.85485e-10,10000
GCR_He,min,4,1778.2794100389228,0.0,0,55,3.06395e-13,3.09802e-11,10000
GCR_He,min,4,1778.2794100389228,0.0,0,56,6.05316e-12,1.07497e-10,10000
GCR_He,min,4,1778.2794100389228,0.0,0,57,2.73749e-12,1.71522e-10,10000
GCR_He,min,4,1778.2794100389228,0.0,0,58,3.40582e-11,3.84101e-10,10000
GCR_He,min,4,1778.2794100389228,0.0,0,59,1.58019e-12,2.67376e-10,10000
GCR_He,min,4,1778.2794100389228,0.0,0,60,1.6503e-11,4.75181e-10,10000
GCR_He,min,4,1778.2794100389228,0.0,0,61,6.01185e-10,4.1461e-10,10000
GCR_He,min,4,1778.2794100389228,0.0,0,62,2.39715e-14,3.1962e-12,10000
GCR_He,min,4,1778.2794100389228,0.0,0,63,0.0,0.0,10000
GCR_He,min,4,1778.2794100389228,0.0,0,64,6.45178e-12,8.60237e-10,10000
GCR_He,min,4,1778.2794100389228,0.0,0,65,9.17662e-13,1.839e-10,10000
GCR_He,min,4,1778.2794100389228,0.0,0,66,2.688e-13,1.41474e-09,10000
GCR_He,min,4,1778.2794100389228,0.0,0,67,3.36408e-12,4.61465e-10,10000
GCR_He,min,4,1778.2794100389228,0.0,0,68,0.0,0.0,10000
GCR_He,min,4,1778.2794100389228,0.0,0,69,5.71559e-12,7.79754e-10,10000
GCR_He,min,4,1778.2794100389228,0.0,0,70,5.03112e-12,3.61431e-10,10000
GCR_He,min,4,1778.2794100389228,0.0,0,71,1.84957e-11,3.42006e-10,10000
GCR_He,min,4,1778.2794100389228,0.0,0,72,3.91378e-11,2.60936e-10,10000
GCR_He,min,4,1778.2794100389228,0.0,0,73,6.79633e-11,2.71842e-10,10000
GCR_He,min,4,1778.2794100389228,0.0,0,74,2.18087e-10,3.35519e-10,10000
GCR_He,min,4,1778.2794100389228,0.0,0,75,7.56454e-11,2.16117e-10,10000
GCR_He,min,4,1778.2794100389228,0.0,0,76,1.16142e-11,1.29061e-10,10000
GCR_He,min,4,1778.2794100389228,0.0,0,77,1.42889e-11,2.59704e-10,10000
GCR_He,min,4,1778.2794100389228,0.0,0,78,1.3604e-12,2.26733e-11,10000
GCR_He,min,4,1778.2794100389228,0.0,0,79,2.07029e-12,2.17925e-11,10000
GCR_He,min,4,1778.2794100389228,0.0,0,80,9.5851e-12,1.59752e-10,10000
GCR_He,min,4,1778.2794100389228,0.0,0,81,1.20053e-11,3.00057e-10,10000
GCR_He,min,4,1778.2794100389228,0.0,0,82,3.19189e-11,3.54694e-10,10000
GCR_He,min,4,1778.2794100389228,0.0,0,83,1.07579e-11,3.07368e-10,10000
GCR_He,min,4,1778.2794100389228,0.0,0,84,3.19369e-11,7.98222e-10,10000
GCR_He,min,4,1778.2794100389228,0.0,0,85,3.32289e-11,4.43229e-10,10000
GCR_He,min,4,1778.2794100389228,0.0,0,86,4.26913e-12,1.42399e-10,10000
GCR_He,min,4,1778.2794100389228,0.0,0,87,8.48249e-11,2.57061e-10,10000
GCR_He,min,4,1778.2794100389228,0.0,0,88,1.65867e-10,3.25223e-10,10000
GCR_He,min,4,1778.2794100389228,0.0,0,89,2.88275e-11,2.69114e-10,10000
GCR_He,min,4,1778.2794100389228,0.0,0,90,1.01616e-11,2.65663e-10,10000
GCR_He,min,4,1778.2794100389228,0.0,0,91,7.2209e-13,9.46383e-11,10000
GCR_He,min,4,1778.2794100389228,0.0,0,92,3.6876e-11,3.3548e-10,10000
GCR_He,min,4,1778.2794100389228,0.0,0,93,6.77861e-12,1.72703e-10,10000
GCR_He,min,4,1778.2794100389228,0.0,0,94,2.69694e-12,3.42686e-10,10000
GCR_He,min,4,1778.2794100389228,0.0,0,95,4.9624e-10,2.75687e-10,10000
GCR_He,min,4,1778.2794100389228,0.0,0,96,1.58057e-11,2.00046e-10,10000
GCR_He,min,4,1778.2794100389228,0.0,0,97,1.03686e-10,2.17034e-10,10000
GCR_He,min,4,1778.2794100389228,0.0,0,98,1.60953e-11,2.24983e-10,10000
GCR_He,min,4,1778.2794100389228,0.0,0,99,9.59862e-11,1.65471e-10,10000
GCR_He,min,4,1778.2794100389228,0.0,0,100,5.68682e-13,2.51629e-10,10000
GCR_He,min,4,1778.2794100389228,0.0,0,101,1.69711e-12,2.65173e-10,10000
GCR_He,min,4,1778.2794100389228,0.0,0,102,6.12372e-13,1.02403e-10,10000
GCR_He,min,4,1778.2794100389228,0.0,0,103,3.30345e-11,3.16423e-10,10000
GCR_He,min,4,1778.2794100389228,0.0,0,104,9.56155e-13,1.22114e-10,10000
GCR_He,min,4,1778.2794100389228,0.0,0,105,4.22089e-12,3.8026e-10,10000
GCR_He,min,4,1778.2794100389228,0.0,0,106,2.82151e-10,2.31687e-10,10000
GCR_He,min,4,1778.2794100389228,0.0,0,107,5.20569e-09,3.46888e-10,10000
GCR_He,min,4,1778.2794100389228,0.0,0,108,9.02725e-10,3.282e-10,10000
GCR_He,min,4,1778.2794100389228,0.0,0,109,3.39106e-09,3.38261e-10,10000
GCR_He,min,4,1778.2794100389228,0.0,0,110,4.44574e-12,1.11116e-10,10000
GCR_He,min,4,1778.2794100389228,0.0,0,111,0.0,0.0,10000
GCR_He,min,4,1778.2794100389228,0.0,0,112,0.0,0.0,10000
GCR_He,min,4,1778.2794100389228,0.0,0,113,6.87573e-11,4.91123e-10,10000
GCR_He,min,4,1778.2794100389228,0.0,0,114,2.78895e-20,4.64825e-17,10000
GCR_He,min,4,1778.2794100389228,0.0,0,115,2.5747e-11,1.51364e-09,10000
GCR_He,min,4,1778.2794100389228,0.0,0,116,3.33588e-10,3.18154e-10,10000
GCR_He,min,4,1778.2794100389228,0.0,0,117,4.07413e-09,3.29355e-10,10000
GCR_He,min,4,1778.2794100389228,0.0,0,118,5.0774e-10,3.08944e-10,10000
GCR_He,min,4,1778.2794100389228,0.0,0,119,1.9203e-09,3.55844e-10,10000
GCR_He,min,4,1778.2794100389228,0.0,0,120,1.19863e-12,2.82098e-11,10000
GCR_He,min,4,1778.2794100389228,0.0,0,121,8.54257e-12,2.01049e-10,10000
GCR_He,min,4,1778.2794100389228,0.0,0,122,9.90509e-11,3.39984e-10,10000
GCR_He,min,4,1778.2794100389228,0.0,0,123,4.38651e-10,2.99378e-10,10000
GCR_He,min,4,1778.2794100389228,0.0,0,124,1.9724e-10,3.08655e-10,10000
GCR_He,min,4,1778.2794100389228,0.0,0,125,4.79001e-10,3.59495e-10,10000
GCR_He,min,4,1778.2794100389228,0.0,0,126,9.66147e-12,2.6383e-10,10000
GCR_He,min,4,1778.2794100389228,0.0,0,127,4.87915e-11,3.25298e-10,10000
GCR_He,min,4,1778.2794100389228,0.0,0,128,2.8681e-11,5.73161e-10,10000
GCR_He,min,4,1778.2794100389228,0.0,0,129,7.74959e-12,4.4334e-10,10000
GCR_He,min,4,1778.2794100389228,0.0,0,130,3.71659e-12,2.12134e-10,10000
GCR_He,min,4,1778.2794100389228,0.0,0,131,0.0,0.0,10000
GCR_He,min,4,1778.2794100389228,0.0,0,132,5.99785e-12,3.00042e-10,10000
GCR_He,min,4,1778.2794100389228,0.0,0,133,1.21783e-11,2.88038e-10,10000
GCR_He,min,4,1778.2794100389228,0.0,0,134,0.0,0.0,10000
GCR_He,min,4,1778.2794100389228,0.0,0,135,1.07172e-12,1.25936e-10,10000
GCR_He,min,4,1778.2794100389228,0.0,0,136,2.77663e-12,3.70711e-10,10000
GCR_He,min,4,1778.2794100389228,0.0,0,137,3.40968e-11,6.818e-10,10000
GCR_He,min,4,1778.2794100389228,0.0,0,138,1.45161e-10,7.25804e-10,10000
GCR_He,min,4,1778.2794100389228,0.0,0,139,0.0,0.0,10000
GCR_He,min,4,1778.2794100389228,0.0,0,140,5.25396e-14,2.62698e-10,10000
GCR_He,min,4,1778.2794100389228,0.0,0,141,4.46388e-11,2.89299e-10,10000
GCR_He,min,5,5623.413251903491,0.0,0,0,2.19784e-10,0.0,10000
GCR_He,min,5,5623.413251903491,0.0,0,1,1.55115e-11,2.21593e-09,10000
GCR_He,min,5,5623.413251903491,0.0,0,2,2.32301e-11,3.31858e-09,10000
GCR_He,min,5,5623.413251903491,0.0,0,3,3.67229e-12,3.32936e-10,10000
GCR_He,min,5,5623.413251903491,0.0,0,4,1.24927e-11,4.39731e-10,10000
GCR_He,min,5,5623.413251903491,0.0,0,5,2.02372e-11,6.58548e-10,10000
GCR_He,min,5,5623.413251903491,0.0,0,6,3.46758e-12,6.79917e-10,10000
GCR_He,min,5,5623.413251903491,0.0,0,7,5.61533e-12,5.60972e-10,10000
GCR_He,min,5,5623.413251903491,0.0,0,8,1.25047e-10,1.88579e-09,10000
GCR_He,min,5,5623.413251903491,0.0,0,9,3.8329e-14,4.50929e-11,10000
GCR_He,min,5,5623.413251903491,0.0,0,10,5.84277e-10,2.14863e-09,10000
GCR_He,min,5,5623.413251903491,0.0,0,11,2.70274e-11,1.7193e-09,10000
GCR_He,min,5,5623.413251903491,0.0,0,12,1.38942e-10,1.67319e-09,10000
GCR_He,min,5,5623.413251903491,0.0,0,13,1.53163e-10,1.13236e-09,10000
GCR_He,min,5,5623.413251903491,0.0,0,14,1.2713e-10,6.87707e-10,10000
GCR_He,min,5,5623.413251903491,0.0,0,15,5.59008e-11,1.66968e-09,10000
GCR_He,min,5,5623.413251903491,0.0,0,16,3.05868e-10,2.38904e-09,10000
GCR_He,min,5,5623.413251903491,0.0,0,17,1.84996e-10,3.0972e-09,10000
GCR_He,min,5,5623.413251903491,0.0,0,18,9.92319e-11,2.67255e-09,10000
GCR_He,min,5,5623.413251903491,0.0,0,19,3.11986e-10,1.15209e-09,10000
GCR_He,min,5,5623.413251903491,0.0,0,20,2.16143e-10,1.18819e-09,10000
GCR_He,min,5,5623.413251903491,0.0,0,21,2.60884e-11,1.15079e-09,10000
GCR_He,min,5,5623.413251903491,0.0,0,22,2.98269e-10,1.65945e-09,10000
GCR_He,min,5,5623.413251903491,0.0,0,23,3.0227e-10,2.16541e-09,10000
GCR_He,min,5,5623.413251903491,0.0,0,24,3.45259e-11,7.22601e-10,10000
GCR_He,min,5,5623.413251903491,0.0,0,25,5.08711e-11,9.58746e-10,10000
GCR_He,min,5,5623.413251903491,0.0,0,26,2.43923e-10,4.33371e-10,10000
GCR_He,min,5,5623.413251903491,0.0,0,27,1.65783e-10,3.67541e-10,10000
GCR_He,min,5,5623.413251903491,0.0,0,28,7.12905e-10,2.72434e-09,10000
GCR_He,min,5,5623.413251903491,0.0,0,29,1.66574e-09,3.52873e-09,10000
GCR_He,min,5,5623.413251903491,0.0,0,30,6.50084e-11,2.52166e-09,10000
GCR_He,min,5,5623.413251903491,0.0,0,31,4.71306e-10,1.60259e-09,10000
GCR_He,min,5,5623.413251903491,0.0,0,32,9.60433e-10,2.18992e-09,10000
GCR_He,min,5,5623.413251903491,0.0,0,33,1.40656e-10,1.73885e-09,10000
GCR_He,min,5,5623.413251903491,0.0,0,34,8.11283e-10,1.52683e-09,10000
GCR_He,min,5,5623.413251903491,0.0,0,35,1.48981e-09,2.04257e-09,10000
GCR_He,min,5,5623.413251903491,0.0,0,36,8.26771e-11,1.05094e-09,10000
GCR_He,min,5,5623.413251903491,0.0,0,37,1.02547e-10,4.40949e-10,10000
GCR_He,min,5,5623.413251903491,0.0,0,38,2.35737e-10,4.6425e-10,10000
GCR_He,min,5,5623.413251903491,0.0,0,39,3.64778e-11,4.79214e-10,10000
GCR_He,min,5,5623.413251903491,0.0,0,40,3.65463e-11,4.94537e-10,10000
GCR_He,min,5,5623.413251903491,0.0,0,41,1.10335e-09,2.76792e-09,10000
GCR_He,min,5,5623.413251903491,0.0,0,42,2.00668e-09,2.94589e-09,10000
GCR_He,min,5,5623.413251903491,0.0,0,43,6.65823e-10,1.82337e-09,10000
GCR_He,min,5,5623.413251903491,0.0,0,44,1.302e-09,2.50356e-09,10000
GCR_He,min,5,5623.413251903491,0.0,0,45,2.99402e-10,1.35396e-09,10000
GCR_He,min,5,5623.413251903491,0.0,0,46,2.45937e-10,1.27952e-09,10000
GCR_He,min,5,5623.413251903491,0.0,0,47,6.29668e-11,6.11804e-10,10000
GCR_He,min,5,5623.413251903491,0.0,0,48,5.24979e-11,7.13772e-10,10000
GCR_He,min,5,5623.413251903491,0.0,0,49,4.50317e-10,1.57135e-09,10000
GCR_He,min,5,5623.413251903491,0.0,0,50,6.48734e-10,1.93456e-09,10000
GCR_He,min,5,5623.413251903491,0.0,0,51,2.96723e-10,1.59365e-09,10000
GCR_He,min,5,5623.413251903491,0.0,0,52,4.7143e-10,1.56067e-09,10000
GCR_He,min,5,5623.413251903491,0.0,0,53,2.50314e-10,2.29162e-09,10000
GCR_He,min,5,5623.413251903491,0.0,0,54,4.63115e-10,2.6691e-09,10000
GCR_He,min,5,5623.413251903491,0.0,0,55,1.0456e-11,1.05723e-09,10000
GCR_He,min,5,5623.413251903491,0.0,0,56,5.40375e-11,9.59643e-10,10000
GCR_He,min,5,5623.413251903491,0.0,0,57,8.95589e-12,5.61146e-10,10000
GCR_He,min,5,5623.413251903491,0.0,0,58,1.83354e-10,2.06782e-09,10000
GCR_He,min,5,5623.413251903491,0.0,0,59,1.47782e-11,2.50054e-09,10000
GCR_He,min,5,5623.413251903491,0.0,0,60,7.6418e-11,2.20035e-09,10000
GCR_He,min,5,5623.413251903491,0.0,0,61,4.94322e-10,3.40911e-10,10000
GCR_He,min,5,5623.413251903491,0.0,0,62,1.16315e-11,1.55087e-09,10000
GCR_He,min,5,5623.413251903491,0.0,0,63,6.9455e-12,1.39188e-09,10000
GCR_He,min,5,5623.413251903491,0.0,0,64,1.66488e-11,2.21984e-09,10000
GCR_He,min,5,5623.413251903491,0.0,0,65,5.05198e-12,1.01242e-09,10000
GCR_He,min,5,5623.413251903491,0.0,0,66,0.0,0.0,10000
GCR_He,min,5,5623.413251903491,0.0,0,67,6.48572e-13,8.89673e-11,10000
GCR_He,min,5,5623.413251903491,0.0,0,68,9.55068e-14,5.02667e-10,10000
GCR_He,min,5,5623.413251903491,0.0,0,69,3.90446e-12,5.32668e-10,10000
GCR_He,min,5,5623.413251903491,0.0,0,70,4.92309e-11,3.53671e-09,10000
GCR_He,min,5,5623.413251903491,0.0,0,71,1.76718e-10,3.26771e-09,10000
GCR_He,min,5,5623.413251903491,0.0,0,72,4.14669e-10,2.76464e-09,10000
GCR_He,min,5,5623.413251903491,0.0,0,73,7.05211e-10,2.82073e-09,10000
GCR_He,min,5,5623.413251903491,0.0,0,74,1.39524e-09,2.14652e-09,10000
GCR_He,min,5,5623.413251903491,0.0,0,75,7.09436e-10,2.02684e-09,10000
GCR_He,min,5,5623.413251903491,0.0,0,76,8.16379e-11,9.07189e-10,10000
GCR_He,min,5,5623.413251903491,0.0,0,77,6.65503e-11,1.20957e-09,10000
GCR_He,min,5,5623.413251903491,0.0,0,78,3.12426e-10,5.20709e-09,10000
GCR_He,min,5,5623.413251903491,0.0,0,79,4.62383e-10,4.86719e-09,10000
GCR_He,min,5,5623.413251903491,0.0,0,80,2.99543e-10,4.99239e-09,10000
GCR_He,min,5,5623.413251903491,0.0,0,81,1.69376e-10,4.23334e-09,10000
GCR_He,min,5,5623.413251903491,0.0,0,82,2.5112e-10,2.79054e-09,10000
GCR_He,min,5,5623.413251903491,0.0,0,83,1.26659e-10,3.61883e-09,10000
GCR_He,min,5,5623.413251903491,0.0,0,84,8.95828e-11,2.23901e-09,10000
GCR_He,min,5,5623.413251903491,0.0,0,85,1.51502e-10,2.02084e-09,10000
GCR_He,min,5,5623.413251903491,0.0,0,86,1.12918e-10,3.76645e-09,10000
GCR_He,min,5,5623.413251903491,0.0,0,87,7.96701e-10,2.41439e-09,10000
GCR_He,min,5,5623.413251903491,0.0,0,88,1.32891e-09,2.60566e-09,10000
GCR_He,min,5,5623.413251903491,0.0,0,89,2.49752e-10,2.33152e-09,10000
GCR_He,min,5,5623.413251903491,0.0,0,90,9.98791e-11,2.61122e-09,10000
GCR_He,min,5,5623.413251903491,0.0,0,91,7.45648e-12,9.77258e-10,10000
GCR_He,min,5,5623.413251903491,0.0,0,92,1.97591e-10,1.79759e-09,10000
GCR_He,min,5,5623.413251903491,0.0,0,93,1.12836e-10,2.8748e-09,10000
GCR_He,min,5,5623.413251903491,0.0,0,94,6.21032e-12,7.89114e-10,10000
GCR_He,min,5,5623.413251903491,0.0,0,95,5.47204e-09,3.04001e-09,10000
GCR_He,min,5,5623.413251903491,0.0,0,96,1.78513e-10,2.25938e-09,10000
GCR_He,min,5,5623.413251903491,0.0,0,97,1.01265e-09,2.11967e-09,10000
GCR_He,min,5,5623.413251903491,0.0,0,98,1.32596e-10,1.85345e-09,10000
GCR_He,min,5,5623.413251903491,0.0,0,99,1.02664e-09,1.76983e-09,10000
GCR_He,min,5,5623.413251903491,0.0,0,100,9.69146e-13,4.28826e-10,10000
GCR_He,min,5,5623.413251903491,0.0,0,101,8.17494e-12,1.27733e-09,10000
GCR_He,min,5,5623.413251903491,0.0,0,102,2.33457e-12,3.90396e-10,10000
GCR_He,min,5,5623.413251903491,0.0,0,103,2.6457e-10,2.53419e-09,10000
GCR_He,min,5,5623.413251903491,0.0,0,104,2.18449e-11,2.7899e-09,10000
GCR_He,min,5,5623.413251903491,0.0,0,105,2.04701e-11,1.84415e-09,10000
GCR_He,min,5,5623.413251903491,0.0,0,106,7.00449e-10,5.75171e-10,10000
GCR_He,min,5,5623.413251903491,0.0,0,107,3.57699e-08,2.38358e-09,10000
GCR_He,min,5,5623.413251903491,0.0,0,108,4.88168e-09,1.77481e-09,10000
GCR_He,min,5,5623.413251903491,0.0,0,109,1.80445e-08,1.79996e-09,10000
GCR_He,min,5,5623.413251903491,0.0,0,110,4.04257e-11,1.01039e-09,10000
GCR_He,min,5,5623.413251903491,0.0,0,111,0.0,0.0,10000
GCR_He,min,5,5623.413251903491,0.0,0,112,0.0,0.0,10000
GCR_He,min,5,5623.413251903491,0.0,0,113,5.13705e-10,3.66932e-09,10000
GCR_He,min,5,5623.413251903491,0.0,0,114,5.23017e-16,8.71694e-13,10000
GCR_He,min,5,5623.413251903491,0.0,0,115,6.90074e-11,4.05687e-09,10000
GCR_He,min,5,5623.413251903491,0.0,0,116,5.46246e-10,5.20974e-10,10000
GCR_He,min,5,5623.413251903491,0.0,0,117,2.99176e-08,2.41855e-09,10000
GCR_He,min,5,5623.413251903491,0.0,0,118,3.03017e-09,1.84376e-09,10000
GCR_He,min,5,5623.413251903491,0.0,0,119,1.04154e-08,1.93003e-09,10000
GCR_He,min,5,5623.413251903491,0.0,0,120,3.96381e-11,9.3288e-10,10000
GCR_He,min,5,5623.413251903491,0.0,0,121,1.79052e-11,4.21398e-10,10000
GCR_He,min,5,5623.413251903491,0.0,0,122,1.50789e-10,5.17572e-10,10000
GCR_He,min,5,5623.413251903491,0.0,0,123,3.32264e-09,2.26769e-09,10000
GCR_He,min,5,5623.413251903491,0.0,0,124,1.07918e-09,1.68877e-09,10000
GCR_He,min,5,5623.413251903491,0.0,0,125,2.05088e-09,1.5392e-09,10000
GCR_He,min,5,5623.413251903491,0.0,0,126,5.34343e-11,1.45916e-09,10000
GCR_He,min,5,5623.413251903491,0.0,0,127,4.30566e-10,2.87063e-09,10000
GCR_He,min,5,5623.413251903491,0.0,0,128,3.293e-11,6.58073e-10,10000
GCR_He,min,5,5623.413251903491,0.0,0,129,3.40599e-11,1.94851e-09,10000
GCR_He,min,5,5623.413251903491,0.0,0,130,3.8765e-11,2.21261e-09,10000
GCR_He,min,5,5623.413251903491,0.0,0,131,3.10103e-11,1.24091e-09,10000
GCR_He,min,5,5623.413251903491,0.0,0,132,1.53424e-11,7.67505e-10,10000
GCR_He,min,5,5623.413251903491,0.0,0,133,2.56562e-11,6.06817e-10,10000
GCR_He,min,5,5623.413251903491,0.0,0,134,0.0,0.0,10000
GCR_He,min,5,5623.413251903491,0.0,0,135,1.5378e-11,1.80706e-09,10000
GCR_He,min,5,5623.413251903491,0.0,0,136,1.06358e-11,1.41999e-09,10000
GCR_He,min,5,5623.413251903491,0.0,0,137,1.53739e-10,3.07416e-09,10000
GCR_He,min,5,5623.413251903491,0.0,0,138,6.24972e-10,3.12486e-09,10000
GCR_He,min,5,5623.413251903491,0.0,0,139,0.0,0.0,10000
GCR_He,min,5,5623.413251903491,0.0,0,140,7.89406e-14,3.94703e-10,10000
GCR_He,min,5,5623.413251903491,0.0,0,141,4.73191e-11,3.0667e-10,10000
SEP_p,max,6,43.41712075614423,0.0,0,0,0.0,0.0,10000
SEP_p,max,6,43.41712075614423,0.0,0,1,0.0,0.0,10000
SEP_p,max,6,43.41712075614423,0.0,0,2,0.0,0.0,10000
SEP_p,max,6,43.41712075614423,0.0,0,3,0.0,0.0,10000
SEP_p,max,6,43.41712075614423,0.0,0,4,0.0,0.0,10000
SEP_p,max,6,43.41712075614423,0.0,0,5,0.0,0.0,10000
SEP_p,max,6,43.41712075614423,0.0,0,6,0.0,0.0,10000
SEP_p,max,6,43.41712075614423,0.0,0,7,0.0,0.0,10000
SEP_p,max,6,43.41712075614423,0.0,0,8,0.0,0.0,10000
SEP_p,max,6,43.41712075614423,0.0,0,9,0.0,0.0,10000
SEP_p,max,6,43.41712075614423,0.0,0,10,0.0,0.0,10000
SEP_p,max,6,43.41712075614423,0.0,0,11,0.0,0.0,10000
SEP_p,max,6,43.41712075614423,0.0,0,12,0.0,0.0,10000
SEP_p,max,6,43.41712075614423,0.0,0,13,0.0,0.0,10000
SEP_p,max,6,43.41712075614423,0.0,0,14,0.0,0.0,10000
SEP_p,max,6,43.41712075614423,0.0,0,15,0.0,0.0,10000
SEP_p,max,6,43.41712075614423,0.0,0,16,0.0,0.0,10000
SEP_p,max,6,43.41712075614423,0.0,0,17,0.0,0.0,10000
SEP_p,max,6,43.41712075614423,0.0,0,18,0.0,0.0,10000
SEP_p,max,6,43.41712075614423,0.0,0,19,0.0,0.0,10000
SEP_p,max,6,43.41712075614423,0.0,0,20,0.0,0.0,10000
SEP_p,max,6,43.41712075614423,0.0,0,21,0.0,0.0,10000
SEP_p,max,6,43.41712075614423,0.0,0,22,0.0,0.0,10000
SEP_p,max,6,43.41712075614423,0.0,0,23,0.0,0.0,10000
SEP_p,max,6,43.41712075614423,0.0,0,24,0.0,0.0,10000
SEP_p,max,6,43.41712075614423,0.0,0,25,0.0,0.0,10000
SEP_p,max,6,43.41712075614423,0.0,0,26,0.0,0.0,10000
SEP_p,max,6,43.41712075614423,0.0,0,27,0.0,0.0,10000
SEP_p,max,6,43.41712075614423,0.0,0,28,0.0,0.0,10000
SEP_p,max,6,43.41712075614423,0.0,0,29,0.0,0.0,10000
SEP_p,max,6,43.41712075614423,0.0,0,30,0.0,0.0,10000
SEP_p,max,6,43.41712075614423,0.0,0,31,0.0,0.0,10000
SEP_p,max,6,43.41712075614423,0.0,0,32,0.0,0.0,10000
SEP_p,max,6,43.41712075614423,0.0,0,33,0.0,0.0,10000
SEP_p,max,6,43.41712075614423,0.0,0,34,0.0,0.0,10000
SEP_p,max,6,43.41712075614423,0.0,0,35,0.0,0.0,10000
SEP_p,max,6,43.41712075614423,0.0,0,36,0.0,0.0,10000
SEP_p,max,6,43.41712075614423,0.0,0,37,0.0,0.0,10000
SEP_p,max,6,43.41712075614423,0.0,0,38,0.0,0.0,10000
SEP_p,max,6,43.41712075614423,0.0,0,39,0.0,0.0,10000
SEP_p,max,6,43.41712075614423,0.0,0,40,0.0,0.0,10000
SEP_p,max,6,43.41712075614423,0.0,0,41,0.0,0.0,10000
SEP_p,max,6,43.41712075614423,0.0,0,42,0.0,0.0,10000
SEP_p,max,6,43.41712075614423,0.0,0,43,0.0,0.0,10000
SEP_p,max,6,43.41712075614423,0.0,0,44,0.0,0.0,10000
SEP_p,max,6,43.41712075614423,0.0,0,45,0.0,0.0,10000
SEP_p,max,6,43.41712075614423,0.0,0,46,0.0,0.0,10000
SEP_p,max,6,43.41712075614423,0.0,0,47,0.0,0.0,10000
SEP_p,max,6,43.41712075614423,0.0,0,48,0.0,0.0,10000
SEP_p,max,6,43.41712075614423,0.0,0,49,0.0,0.0,10000
SEP_p,max,6,43.41712075614423,0.0,0,50,0.0,0.0,10000
SEP_p,max,6,43.41712075614423,0.0,0,51,0.0,0.0,10000
SEP_p,max,6,43.41712075614423,0.0,0,52,0.0,0.0,10000
SEP_p,max,6,43.41712075614423,0.0,0,53,0.0,0.0,10000
SEP_p,max,6,43.41712075614423,0.0,0,54,0.0,0.0,10000
SEP_p,max,6,43.41712075614423,0.0,0,55,0.0,0.0,10000
SEP_p,max,6,43.41712075614423,0.0,0,56,0.0,0.0,10000
SEP_p,max,6,43.41712075614423,0.0,0,57,0.0,0.0,10000
SEP_p,max,6,43.41712075614423,0.0,0,58,0.0,0.0,10000
SEP_p,max,6,43.41712075614423,0.0,0,59,0.0,0.0,10000
SEP_p,max,6,43.41712075614423,0.0,0,60,0.0,0.0,10000
SEP_p,max,6,43.41712075614423,0.0,0,61,0.0,0.0,10000
SEP_p,max,6,43.41712075614423,0.0,0,62,0.0,0.0,10000
SEP_p,max,6,43.41712075614423,0.0,0,63,0.0,0.0,10000
SEP_p,max,6,43.41712075614423,0.0,0,64,0.0,0.0,10000
SEP_p,max,6,43.41712075614423,0.0,0,65,0.0,0.0,10000
SEP_p,max,6,43.41712075614423,0.0,0,66,0.0,0.0,10000
SEP_p,max,6,43.41712075614423,0.0,0,67,0.0,0.0,10000
SEP_p,max,6,43.41712075614423,0.0,0,68,0.0,0.0,10000
SEP_p,max,6,43.41712075614423,0.0,0,69,0.0,0.0,10000
SEP_p,max,6,43.41712075614423,0.0,0,70,0.0,0.0,10000
SEP_p,max,6,43.41712075614423,0.0,0,71,0.0,0.0,10000
SEP_p,max,6,43.41712075614423,0.0,0,72,0.0,0.0,10000
SEP_p,max,6,43.41712075614423,0.0,0,73,0.0,0.0,10000
SEP_p,max,6,43.41712075614423,0.0,0,74,0.0,0.0,10000
SEP_p,max,6,43.41712075614423,0.0,0,75,0.0,0.0,10000
SEP_p,max,6,43.41712075614423,0.0,0,76,0.0,0.0,10000
SEP_p,max,6,43.41712075614423,0.0,0,77,0.0,0.0,10000
SEP_p,max,6,43.41712075614423,0.0,0,78,0.0,0.0,10000
SEP_p,max,6,43.41712075614423,0.0,0,79,0.0,0.0,10000
SEP_p,max,6,43.41712075614423,0.0,0,80,0.0,0.0,10000
SEP_p,max,6,43.41712075614423,0.0,0,81,0.0,0.0,10000
SEP_p,max,6,43.41712075614423,0.0,0,82,0.0,0.0,10000
SEP_p,max,6,43.41712075614423,0.0,0,83,0.0,0.0,10000
SEP_p,max,6,43.41712075614423,0.0,0,84,0.0,0.0,10000
SEP_p,max,6,43.41712075614423,0.0,0,85,0.0,0.0,10000
SEP_p,max,6,43.41712075614423,0.0,0,86,0.0,0.0,10000
SEP_p,max,6,43.41712075614423,0.0,0,87,0.0,0.0,10000
SEP_p,max,6,43.41712075614423,0.0,0,88,0.0,0.0,10000
SEP_p,max,6,43.41712075614423,0.0,0,89,0.0,0.0,10000
SEP_p,max,6,43.41712075614423,0.0,0,90,0.0,0.0,10000
SEP_p,max,6,43.41712075614423,0.0,0,91,0.0,0.0,10000
SEP_p,max,6,43.41712075614423,0.0,0,92,0.0,0.0,10000
SEP_p,max,6,43.41712075614423,0.0,0,93,0.0,0.0,10000
SEP_p,max,6,43.41712075614423,0.0,0,94,0.0,0.0,10000
SEP_p,max,6,43.41712075614423,0.0,0,95,0.0,0.0,10000
SEP_p,max,6,43.41712075614423,0.0,0,96,0.0,0.0,10000
SEP_p,max,6,43.41712075614423,0.0,0,97,0.0,0.0,10000
SEP_p,max,6,43.41712075614423,0.0,0,98,0.0,0.0,10000
SEP_p,max,6,43.41712075614423,0.0,0,99,0.0,0.0,10000
SEP_p,max,6,43.41712075614423,0.0,0,100,0.0,0.0,10000
SEP_p,max,6,43.41712075614423,0.0,0,101,0.0,0.0,10000
SEP_p,max,6,43.41712075614423,0.0,0,102,0.0,0.0,10000
SEP_p,max,6,43.41712075614423,0.0,0,103,0.0,0.0,10000
SEP_p,max,6,43.41712075614423,0.0,0,104,0.0,0.0,10000
SEP_p,max,6,43.41712075614423,0.0,0,105,0.0,0.0,10000
SEP_p,max,6,43.41712075614423,0.0,0,106,0.0,0.0,10000
SEP_p,max,6,43.41712075614423,0.0,0,107,0.0,0.0,10000
SEP_p,max,6,43.41712075614423,0.0,0,108,0.0,0.0,10000
SEP_p,max,6,43.41712075614423,0.0,0,109,0.0,0.0,10000
SEP_p,max,6,43.41712075614423,0.0,0,110,0.0,0.0,10000
SEP_p,max,6,43.41712075614423,0.0,0,111,0.0,0.0,10000
SEP_p,max,6,43.41712075614423,0.0,0,112,0.0,0.0,10000
SEP_p,max,6,43.41712075614423,0.0,0,113,0.0,0.0,10000
SEP_p,max,6,43.41712075614423,0.0,0,114,0.0,0.0,10000
SEP_p,max,6,43.41712075614423,0.0,0,115,0.0,0.0,10000
SEP_p,max,6,43.41712075614423,0.0,0,116,0.0,0.0,10000
SEP_p,max,6,43.41712075614423,0.0,0,117,0.0,0.0,10000
SEP_p,max,6,43.41712075614423,0.0,0,118,0.0,0.0,10000
SEP_p,max,6,43.41712075614423,0.0,0,119,0.0,0.0,10000
SEP_p,max,6,43.41712075614423,0.0,0,120,0.0,0.0,10000
SEP_p,max,6,43.41712075614423,0.0,0,121,0.0,0.0,10000
SEP_p,max,6,43.41712075614423,0.0,0,122,0.0,0.0,10000
SEP_p,max,6,43.41712075614423,0.0,0,123,0.0,0.0,10000
SEP_p,max,6,43.41712075614423,0.0,0,124,0.0,0.0,10000
SEP_p,max,6,43.41712075614423,0.0,0,125,0.0,0.0,10000
SEP_p,max,6,43.41712075614423,0.0,0,126,0.0,0.0,10000
SEP_p,max,6,43.41712075614423,0.0,0,127,0.0,0.0,10000
SEP_p,max,6,43.41712075614423,0.0,0,128,0.0,0.0,10000
SEP_p,max,6,43.41712075614423,0.0,0,129,0.0,0.0,10000
SEP_p,max,6,43.41712075614423,0.0,0,130,0.0,0.0,10000
SEP_p,max,6,43.41712075614423,0.0,0,131,0.0,0.0,10000
SEP_p,max,6,43.41712075614423,0.0,0,132,0.0,0.0,10000
SEP_p,max,6,43.41712075614423,0.0,0,133,0.0,0.0,10000
SEP_p,max,6,43.41712075614423,0.0,0,134,0.0,0.0,10000
SEP_p,max,6,43.41712075614423,0.0,0,135,0.0,0.0,10000
SEP_p,max,6,43.41712075614423,0.0,0,136,0.0,0.0,10000
SEP_p,max,6,43.41712075614423,0.0,0,137,0.0,0.0,10000
SEP_p,max,6,43.41712075614423,0.0,0,138,0.0,0.0,10000
SEP_p,max,6,43.41712075614423,0.0,0,139,0.0,0.0,10000
SEP_p,max,6,43.41712075614423,0.0,0,140,0.0,0.0,10000
SEP_p,max,6,43.41712075614423,0.0,0,141,0.0,0.0,10000
SEP_p,max,0,0.019046714781460566,0.0,0,0,0.0,0.0,10000
SEP_p,max,0,0.019046714781460566,0.0,0,1,0.0,0.0,10000
SEP_p,max,0,0.019046714781460566,0.0,0,2,0.0,0.0,10000
SEP_p,max,0,0.019046714781460566,0.0,0,3,0.0,0.0,10000
SEP_p,max,0,0.019046714781460566,0.0,0,4,0.0,0.0,10000
SEP_p,max,0,0.019046714781460566,0.0,0,5,0.0,0.0,10000
SEP_p,max,0,0.019046714781460566,0.0,0,6,0.0,0.0,10000
SEP_p,max,0,0.019046714781460566,0.0,0,7,0.0,0.0,10000
SEP_p,max,0,0.019046714781460566,0.0,0,8,0.0,0.0,10000
SEP_p,max,0,0.019046714781460566,0.0,0,9,0.0,0.0,10000
SEP_p,max,0,0.019046714781460566,0.0,0,10,0.0,0.0,10000
SEP_p,max,0,0.019046714781460566,0.0,0,11,0.0,0.0,10000
SEP_p,max,0,0.019046714781460566,0.0,0,12,0.0,0.0,10000
SEP_p,max,0,0.019046714781460566,0.0,0,13,0.0,0.0,10000
SEP_p,max,0,0.019046714781460566,0.0,0,14,0.0,0.0,10000
SEP_p,max,0,0.019046714781460566,0.0,0,15,0.0,0.0,10000
SEP_p,max,0,0.019046714781460566,0.0,0,16,0.0,0.0,10000
SEP_p,max,0,0.019046714781460566,0.0,0,17,0.0,0.0,10000
SEP_p,max,0,0.019046714781460566,0.0,0,18,0.0,0.0,10000
SEP_p,max,0,0.019046714781460566,0.0,0,19,0.0,0.0,10000
SEP_p,max,0,0.019046714781460566,0.0,0,20,0.0,0.0,10000
SEP_p,max,0,0.019046714781460566,0.0,0,21,0.0,0.0,10000
SEP_p,max,0,0.019046714781460566,0.0,0,22,0.0,0.0,10000
SEP_p,max,0,0.019046714781460566,0.0,0,23,0.0,0.0,10000
SEP_p,max,0,0.019046714781460566,0.0,0,24,0.0,0.0,10000
SEP_p,max,0,0.019046714781460566,0.0,0,25,0.0,0.0,10000
SEP_p,max,0,0.019046714781460566,0.0,0,26,0.0,0.0,10000
SEP_p,max,0,0.019046714781460566,0.0,0,27,0.0,0.0,10000
SEP_p,max,0,0.019046714781460566,0.0,0,28,0.0,0.0,10000
SEP_p,max,0,0.019046714781460566,0.0,0,29,0.0,0.0,10000
SEP_p,max,0,0.019046714781460566,0.0,0,30,0.0,0.0,10000
SEP_p,max,0,0.019046714781460566,0.0,0,31,0.0,0.0,10000
SEP_p,max,0,0.019046714781460566,0.0,0,32,0.0,0.0,10000
SEP_p,max,0,0.019046714781460566,0.0,0,33,0.0,0.0,10000
SEP_p,max,0,0.019046714781460566,0.0,0,34,0.0,0.0,10000
SEP_p,max,0,0.019046714781460566,0.0,0,35,0.0,0.0,10000
SEP_p,max,0,0.019046714781460566,0.0,0,36,0.0,0.0,10000
SEP_p,max,0,0.019046714781460566,0.0,0,37,0.0,0.0,10000
SEP_p,max,0,0.019046714781460566,0.0,0,38,0.0,0.0,10000
SEP_p,max,0,0.019046714781460566,0.0,0,39,0.0,0.0,10000
SEP_p,max,0,0.019046714781460566,0.0,0,40,0.0,0.0,10000
SEP_p,max,0,0.019046714781460566,0.0,0,41,0.0,0.0,10000
SEP_p,max,0,0.019046714781460566,0.0,0,42,0.0,0.0,10000
SEP_p,max,0,0.019046714781460566,0.0,0,43,0.0,0.0,10000
SEP_p,max,0,0.019046714781460566,0.0,0,44,0.0,0.0,10000
SEP_p,max,0,0.019046714781460566,0.0,0,45,0.0,0.0,10000
SEP_p,max,0,0.019046714781460566,0.0,0,46,0.0,0.0,10000
SEP_p,max,0,0.019046714781460566,0.0,0,47,0.0,0.0,10000
SEP_p,max,0,0.019046714781460566,0.0,0,48,0.0,0.0,10000
SEP_p,max,0,0.019046714781460566,0.0,0,49,0.0,0.0,10000
SEP_p,max,0,0.019046714781460566,0.0,0,50,0.0,0.0,10000
SEP_p,max,0,0.019046714781460566,0.0,0,51,0.0,0.0,10000
SEP_p,max,0,0.019046714781460566,0.0,0,52,0.0,0.0,10000
SEP_p,max,0,0.019046714781460566,0.0,0,53,0.0,0.0,10000
SEP_p,max,0,0.019046714781460566,0.0,0,54,0.0,0.0,10000
SEP_p,max,0,0.019046714781460566,0.0,0,55,0.0,0.0,10000
SEP_p,max,0,0.019046714781460566,0.0,0,56,0.0,0.0,10000
SEP_p,max,0,0.019046714781460566,0.0,0,57,0.0,0.0,10000
SEP_p,max,0,0.019046714781460566,0.0,0,58,0.0,0.0,10000
SEP_p,max,0,0.019046714781460566,0.0,0,59,0.0,0.0,10000
SEP_p,max,0,0.019046714781460566,0.0,0,60,0.0,0.0,10000
SEP_p,max,0,0.019046714781460566,0.0,0,61,0.0,0.0,10000
SEP_p,max,0,0.019046714781460566,0.0,0,62,0.0,0.0,10000
SEP_p,max,0,0.019046714781460566,0.0,0,63,0.0,0.0,10000
SEP_p,max,0,0.019046714781460566,0.0,0,64,0.0,0.0,10000
SEP_p,max,0,0.019046714781460566,0.0,0,65,0.0,0.0,10000
SEP_p,max,0,0.019046714781460566,0.0,0,66,0.0,0.0,10000
SEP_p,max,0,0.019046714781460566,0.0,0,67,0.0,0.0,10000
SEP_p,max,0,0.019046714781460566,0.0,0,68,0.0,0.0,10000
SEP_p,max,0,0.019046714781460566,0.0,0,69,0.0,0.0,10000
SEP_p,max,0,0.019046714781460566,0.0,0,70,0.0,0.0,10000
SEP_p,max,0,0.019046714781460566,0.0,0,71,0.0,0.0,10000
SEP_p,max,0,0.019046714781460566,0.0,0,72,0.0,0.0,10000
SEP_p,max,0,0.019046714781460566,0.0,0,73,0.0,0.0,10000
SEP_p,max,0,0.019046714781460566,0.0,0,74,0.0,0.0,10000
SEP_p,max,0,0.019046714781460566,0.0,0,75,0.0,0.0,10000
SEP_p,max,0,0.019046714781460566,0.0,0,76,0.0,0.0,10000
SEP_p,max,0,0.019046714781460566,0.0,0,77,0.0,0.0,10000
SEP_p,max,0,0.019046714781460566,0.0,0,78,0.0,0.0,10000
SEP_p,max,0,0.019046714781460566,0.0,0,79,0.0,0.0,10000
SEP_p,max,0,0.019046714781460566,0.0,0,80,0.0,0.0,10000
SEP_p,max,0,0.019046714781460566,0.0,0,81,0.0,0.0,10000
SEP_p,max,0,0.019046714781460566,0.0,0,82,0.0,0.0,10000
SEP_p,max,0,0.019046714781460566,0.0,0,83,0.0,0.0,10000
SEP_p,max,0,0.019046714781460566,0.0,0,84,0.0,0.0,10000
SEP_p,max,0,0.019046714781460566,0.0,0,85,0.0,0.0,10000
SEP_p,max,0,0.019046714781460566,0.0,0,86,0.0,0.0,10000
SEP_p,max,0,0.019046714781460566,0.0,0,87,0.0,0.0,10000
SEP_p,max,0,0.019046714781460566,0.0,0,88,0.0,0.0,10000
SEP_p,max,0,0.019046714781460566,0.0,0,89,0.0,0.0,10000
SEP_p,max,0,0.019046714781460566,0.0,0,90,0.0,0.0,10000
SEP_p,max,0,0.019046714781460566,0.0,0,91,0.0,0.0,10000
SEP_p,max,0,0.019046714781460566,0.0,0,92,0.0,0.0,10000
SEP_p,max,0,0.019046714781460566,0.0,0,93,0.0,0.0,10000
SEP_p,max,0,0.019046714781460566,0.0,0,94,0.0,0.0,10000
SEP_p,max,0,0.019046714781460566,0.0,0,95,0.0,0.0,10000
SEP_p,max,0,0.019046714781460566,0.0,0,96,0.0,0.0,10000
SEP_p,max,0,0.019046714781460566,0.0,0,97,0.0,0.0,10000
SEP_p,max,0,0.019046714781460566,0.0,0,98,0.0,0.0,10000
SEP_p,max,0,0.019046714781460566,0.0,0,99,0.0,0.0,10000
SEP_p,max,0,0.019046714781460566,0.0,0,100,0.0,0.0,10000
SEP_p,max,0,0.019046714781460566,0.0,0,101,0.0,0.0,10000
SEP_p,max,0,0.019046714781460566,0.0,0,102,0.0,0.0,10000
SEP_p,max,0,0.019046714781460566,0.0,0,103,0.0,0.0,10000
SEP_p,max,0,0.019046714781460566,0.0,0,104,0.0,0.0,10000
SEP_p,max,0,0.019046714781460566,0.0,0,105,0.0,0.0,10000
SEP_p,max,0,0.019046714781460566,0.0,0,106,0.0,0.0,10000
SEP_p,max,0,0.019046714781460566,0.0,0,107,0.0,0.0,10000
SEP_p,max,0,0.019046714781460566,0.0,0,108,0.0,0.0,10000
SEP_p,max,0,0.019046714781460566,0.0,0,109,0.0,0.0,10000
SEP_p,max,0,0.019046714781460566,0.0,0,110,0.0,0.0,10000
SEP_p,max,0,0.019046714781460566,0.0,0,111,0.0,0.0,10000
SEP_p,max,0,0.019046714781460566,0.0,0,112,0.0,0.0,10000
SEP_p,max,0,0.019046714781460566,0.0,0,113,0.0,0.0,10000
SEP_p,max,0,0.019046714781460566,0.0,0,114,0.0,0.0,10000
SEP_p,max,0,0.019046714781460566,0.0,0,115,0.0,0.0,10000
SEP_p,max,0,0.019046714781460566,0.0,0,116,0.0,0.0,10000
SEP_p,max,0,0.019046714781460566,0.0,0,117,0.0,0.0,10000
SEP_p,max,0,0.019046714781460566,0.0,0,118,0.0,0.0,10000
SEP_p,max,0,0.019046714781460566,0.0,0,119,0.0,0.0,10000
SEP_p,max,0,0.019046714781460566,0.0,0,120,0.0,0.0,10000
SEP_p,max,0,0.019046714781460566,0.0,0,121,0.0,0.0,10000
SEP_p,max,0,0.019046714781460566,0.0,0,122,0.0,0.0,10000
SEP_p,max,0,0.019046714781460566,0.0,0,123,0.0,0.0,10000
SEP_p,max,0,0.019046714781460566,0.0,0,124,0.0,0.0,10000
SEP_p,max,0,0.019046714781460566,0.0,0,125,0.0,0.0,10000
SEP_p,max,0,0.019046714781460566,0.0,0,126,0.0,0.0,10000
SEP_p,max,0,0.019046714781460566,0.0,0,127,0.0,0.0,10000
SEP_p,max,0,0.019046714781460566,0.0,0,128,0.0,0.0,10000
SEP_p,max,0,0.019046714781460566,0.0,0,129,0.0,0.0,10000
SEP_p,max,0,0.019046714781460566,0.0,0,130,0.0,0.0,10000
SEP_p,max,0,0.019046714781460566,0.0,0,131,0.0,0.0,10000
SEP_p,max,0,0.019046714781460566,0.0,0,132,0.0,0.0,10000
SEP_p,max,0,0.019046714781460566,0.0,0,133,0.0,0.0,10000
SEP_p,max,0,0.019046714781460566,0.0,0,134,0.0,0.0,10000
SEP_p,max,0,0.019046714781460566,0.0,0,135,0.0,0.0,10000
SEP_p,max,0,0.019046714781460566,0.0,0,136,0.0,0.0,10000
SEP_p,max,0,0.019046714781460566,0.0,0,137,0.0,0.0,10000
SEP_p,max,0,0.019046714781460566,0.0,0,138,0.0,0.0,10000
SEP_p,max,0,0.019046714781460566,0.0,0,139,0.0,0.0,10000
SEP_p,max,0,0.019046714781460566,0.0,0,140,0.0,0.0,10000
SEP_p,max,0,0.019046714781460566,0.0,0,141,0.0,0.0,10000
SEP_p,max,1,0.0690971659970209,0.0,0,0,0.0,0.0,10000
SEP_p,max,1,0.0690971659970209,0.0,0,1,0.0,0.0,10000
SEP_p,max,1,0.0690971659970209,0.0,0,2,0.0,0.0,10000
SEP_p,max,1,0.0690971659970209,0.0,0,3,0.0,0.0,10000
SEP_p,max,1,0.0690971659970209,0.0,0,4,0.0,0.0,10000
SEP_p,max,1,0.0690971659970209,0.0,0,5,0.0,0.0,10000
SEP_p,max,1,0.0690971659970209,0.0,0,6,0.0,0.0,10000
SEP_p,max,1,0.0690971659970209,0.0,0,7,0.0,0.0,10000
SEP_p,max,1,0.0690971659970209,0.0,0,8,0.0,0.0,10000
SEP_p,max,1,0.0690971659970209,0.0,0,9,0.0,0.0,10000
SEP_p,max,1,0.0690971659970209,0.0,0,10,0.0,0.0,10000
SEP_p,max,1,0.0690971659970209,0.0,0,11,0.0,0.0,10000
SEP_p,max,1,0.0690971659970209,0.0,0,12,0.0,0.0,10000
SEP_p,max,1,0.0690971659970209,0.0,0,13,0.0,0.0,10000
SEP_p,max,1,0.0690971659970209,0.0,0,14,0.0,0.0,10000
SEP_p,max,1,0.0690971659970209,0.0,0,15,0.0,0.0,10000
SEP_p,max,1,0.0690971659970209,0.0,0,16,0.0,0.0,10000
SEP_p,max,1,0.0690971659970209,0.0,0,17,0.0,0.0,10000
SEP_p,max,1,0.0690971659970209,0.0,0,18,0.0,0.0,10000
SEP_p,max,1,0.0690971659970209,0.0,0,19,0.0,0.0,10000
SEP_p,max,1,0.0690971659970209,0.0,0,20,0.0,0.0,10000
SEP_p,max,1,0.0690971659970209,0.0,0,21,0.0,0.0,10000
SEP_p,max,1,0.0690971659970209,0.0,0,22,0.0,0.0,10000
SEP_p,max,1,0.0690971659970209,0.0,0,23,0.0,0.0,10000
SEP_p,max,1,0.0690971659970209,0.0,0,24,0.0,0.0,10000
SEP_p,max,1,0.0690971659970209,0.0,0,25,0.0,0.0,10000
SEP_p,max,1,0.0690971659970209,0.0,0,26,0.0,0.0,10000
SEP_p,max,1,0.0690971659970209,0.0,0,27,0.0,0.0,10000
SEP_p,max,1,0.0690971659970209,0.0,0,28,0.0,0.0,10000
SEP_p,max,1,0.0690971659970209,0.0,0,29,0.0,0.0,10000
SEP_p,max,1,0.0690971659970209,0.0,0,30,0.0,0.0,10000
SEP_p,max,1,0.0690971659970209,0.0,0,31,0.0,0.0,10000
SEP_p,max,1,0.0690971659970209,0.0,0,32,0.0,0.0,10000
SEP_p,max,1,0.0690971659970209,0.0,0,33,0.0,0.0,10000
SEP_p,max,1,0.0690971659970209,0.0,0,34,0.0,0.0,10000
SEP_p,max,1,0.0690971659970209,0.0,0,35,0.0,0.0,10000
SEP_p,max,1,0.0690971659970209,0.0,0,36,0.0,0.0,10000
SEP_p,max,1,0.0690971659970209,0.0,0,37,0.0,0.0,10000
SEP_p,max,1,0.0690971659970209,0.0,0,38,0.0,0.0,10000
SEP_p,max,1,0.0690971659970209,0.0,0,39,0.0,0.0,10000
SEP_p,max,1,0.0690971659970209,0.0,0,40,0.0,0.0,10000
SEP_p,max,1,0.0690971659970209,0.0,0,41,0.0,0.0,10000
SEP_p,max,1,0.0690971659970209,0.0,0,42,0.0,0.0,10000
SEP_p,max,1,0.0690971659970209,0.0,0,43,0.0,0.0,10000
SEP_p,max,1,0.0690971659970209,0.0,0,44,0.0,0.0,10000
SEP_p,max,1,0.0690971659970209,0.0,0,45,0.0,0.0,10000
SEP_p,max,1,0.0690971659970209,0.0,0,46,0.0,0.0,10000
SEP_p,max,1,0.0690971659970209,0.0,0,47,0.0,0.0,10000
SEP_p,max,1,0.0690971659970209,0.0,0,48,0.0,0.0,10000
SEP_p,max,1,0.0690971659970209,0.0,0,49,0.0,0.0,10000
SEP_p,max,1,0.0690971659970209,0.0,0,50,0.0,0.0,10000
SEP_p,max,1,0.0690971659970209,0.0,0,51,0.0,0.0,10000
SEP_p,max,1,0.0690971659970209,0.0,0,52,0.0,0.0,10000
SEP_p,max,1,0.0690971659970209,0.0,0,53,0.0,0.0,10000
SEP_p,max,1,0.0690971659970209,0.0,0,54,0.0,0.0,10000
SEP_p,max,1,0.0690971659970209,0.0,0,55,0.0,0.0,10000
SEP_p,max,1,0.0690971659970209,0.0,0,56,0.0,0.0,10000
SEP_p,max,1,0.0690971659970209,0.0,0,57,0.0,0.0,10000
SEP_p,max,1,0.0690971659970209,0.0,0,58,0.0,0.0,10000
SEP_p,max,1,0.0690971659970209,0.0,0,59,0.0,0.0,10000
SEP_p,max,1,0.0690971659970209,0.0,0,60,0.0,0.0,10000
SEP_p,max,1,0.0690971659970209,0.0,0,61,0.0,0.0,10000
SEP_p,max,1,0.0690971659970209,0.0,0,62,0.0,0.0,10000
SEP_p,max,1,0.0690971659970209,0.0,0,63,0.0,0.0,10000
SEP_p,max,1,0.0690971659970209,0.0,0,64,0.0,0.0,10000
SEP_p,max,1,0.0690971659970209,0.0,0,65,0.0,0.0,10000
SEP_p,max,1,0.0690971659970209,0.0,0,66,0.0,0.0,10000
SEP_p,max,1,0.0690971659970209,0.0,0,67,0.0,0.0,10000
SEP_p,max,1,0.0690971659970209,0.0,0,68,0.0,0.0,10000
SEP_p,max,1,0.0690971659970209,0.0,0,69,0.0,0.0,10000
SEP_p,max,1,0.0690971659970209,0.0,0,70,0.0,0.0,10000
SEP_p,max,1,0.0690971659970209,0.0,0,71,0.0,0.0,10000
SEP_p,max,1,0.0690971659970209,0.0,0,72,0.0,0.0,10000
SEP_p,max,1,0.0690971659970209,0.0,0,73,0.0,0.0,10000
SEP_p,max,1,0.0690971659970209,0.0,0,74,0.0,0.0,10000
SEP_p,max,1,0.0690971659970209,0.0,0,75,0.0,0.0,10000
SEP_p,max,1,0.0690971659970209,0.0,0,76,0.0,0.0,10000
SEP_p,max,1,0.0690971659970209,0.0,0,77,0.0,0.0,10000
SEP_p,max,1,0.0690971659970209,0.0,0,78,0.0,0.0,10000
SEP_p,max,1,0.0690971659970209,0.0,0,79,0.0,0.0,10000
SEP_p,max,1,0.0690971659970209,0.0,0,80,0.0,0.0,10000
SEP_p,max,1,0.0690971659970209,0.0,0,81,0.0,0.0,10000
SEP_p,max,1,0.0690971659970209,0.0,0,82,0.0,0.0,10000
SEP_p,max,1,0.0690971659970209,0.0,0,83,0.0,0.0,10000
SEP_p,max,1,0.0690971659970209,0.0,0,84,0.0,0.0,10000
SEP_p,max,1,0.0690971659970209,0.0,0,85,0.0,0.0,10000
SEP_p,max,1,0.0690971659970209,0.0,0,86,0.0,0.0,10000
SEP_p,max,1,0.0690971659970209,0.0,0,87,0.0,0.0,10000
SEP_p,max,1,0.0690971659970209,0.0,0,88,0.0,0.0,10000
SEP_p,max,1,0.0690971659970209,0.0,0,89,0.0,0.0,10000
SEP_p,max,1,0.0690971659970209,0.0,0,90,0.0,0.0,10000
SEP_p,max,1,0.0690971659970209,0.0,0,91,0.0,0.0,10000
SEP_p,max,1,0.0690971659970209,0.0,0,92,0.0,0.0,10000
SEP_p,max,1,0.0690971659970209,0.0,0,93,0.0,0.0,10000
SEP_p,max,1,0.0690971659970209,0.0,0,94,0.0,0.0,10000
SEP_p,max,1,0.0690971659970209,0.0,0,95,0.0,0.0,10000
SEP_p,max,1,0.0690971659970209,0.0,0,96,0.0,0.0,10000
SEP_p,max,1,0.0690971659970209,0.0,0,97,0.0,0.0,10000
SEP_p,max,1,0.0690971659970209,0.0,0,98,0.0,0.0,10000
SEP_p,max,1,0.0690971659970209,0.0,0,99,0.0,0.0,10000
SEP_p,max,1,0.0690971659970209,0.0,0,100,0.0,0.0,10000
SEP_p,max,1,0.0690971659970209,0.0,0,101,0.0,0.0,10000
SEP_p,max,1,0.0690971659970209,0.0,0,102,0.0,0.0,10000
SEP_p,max,1,0.0690971659970209,0.0,0,103,0.0,0.0,10000
SEP_p,max,1,0.0690971659970209,0.0,0,104,0.0,0.0,10000
SEP_p,max,1,0.0690971659970209,0.0,0,105,0.0,0.0,10000
SEP_p,max,1,0.0690971659970209,0.0,0,106,0.0,0.0,10000
SEP_p,max,1,0.0690971659970209,0.0,0,107,0.0,0.0,10000
SEP_p,max,1,0.0690971659970209,0.0,0,108,0.0,0.0,10000
SEP_p,max,1,0.0690971659970209,0.0,0,109,0.0,0.0,10000
SEP_p,max,1,0.0690971659970209,0.0,0,110,0.0,0.0,10000
SEP_p,max,1,0.0690971659970209,0.0,0,111,0.0,0.0,10000
SEP_p,max,1,0.0690971659970209,0.0,0,112,0.0,0.0,10000
SEP_p,max,1,0.0690971659970209,0.0,0,113,0.0,0.0,10000
SEP_p,max,1,0.0690971659970209,0.0,0,114,0.0,0.0,10000
SEP_p,max,1,0.0690971659970209,0.0,0,115,0.0,0.0,10000
SEP_p,max,1,0.0690971659970209,0.0,0,116,0.0,0.0,10000
SEP_p,max,1,0.0690971659970209,0.0,0,117,0.0,0.0,10000
SEP_p,max,1,0.0690971659970209,0.0,0,118,0.0,0.0,10000
SEP_p,max,1,0.0690971659970209,0.0,0,119,0.0,0.0,10000
SEP_p,max,1,0.0690971659970209,0.0,0,120,0.0,0.0,10000
SEP_p,max,1,0.0690971659970209,0.0,0,121,0.0,0.0,10000
SEP_p,max,1,0.0690971659970209,0.0,0,122,0.0,0.0,10000
SEP_p,max,1,0.0690971659970209,0.0,0,123,0.0,0.0,10000
SEP_p,max,1,0.0690971659970209,0.0,0,124,0.0,0.0,10000
SEP_p,max,1,0.0690971659970209,0.0,0,125,0.0,0.0,10000
SEP_p,max,1,0.0690971659970209,0.0,0,126,0.0,0.0,10000
SEP_p,max,1,0.0690971659970209,0.0,0,127,0.0,0.0,10000
SEP_p,max,1,0.0690971659970209,0.0,0,128,0.0,0.0,10000
SEP_p,max,1,0.0690971659970209,0.0,0,129,0.0,0.0,10000
SEP_p,max,1,0.0690971659970209,0.0,0,130,0.0,0.0,10000
SEP_p,max,1,0.0690971659970209,0.0,0,131,0.0,0.0,10000
SEP_p,max,1,0.0690971659970209,0.0,0,132,0.0,0.0,10000
SEP_p,max,1,0.0690971659970209,0.0,0,133,0.0,0.0,10000
SEP_p,max,1,0.0690971659970209,0.0,0,134,0.0,0.0,10000
SEP_p,max,1,0.0690971659970209,0.0,0,135,0.0,0.0,10000
SEP_p,max,1,0.0690971659970209,0.0,0,136,0.0,0.0,10000
SEP_p,max,1,0.0690971659970209,0.0,0,137,0.0,0.0,10000
SEP_p,max,1,0.0690971659970209,0.0,0,138,0.0,0.0,10000
SEP_p,max,1,0.0690971659970209,0.0,0,139,0.0,0.0,10000
SEP_p,max,1,0.0690971659970209,0.0,0,140,0.0,0.0,10000
SEP_p,max,1,0.0690971659970209,0.0,0,141,0.0,0.0,10000
