especie,fase,bin_index,energy_mev,offset_x_m,repeticion,organo_id,edep_J,dose_gy_run,n_eventos
GCR_H,min,0,17.78279410038923,2.0,0,0,0.0,0.0,10000
GCR_H,min,0,17.78279410038923,2.0,0,1,0.0,0.0,10000
GCR_H,min,0,17.78279410038923,2.0,0,2,0.0,0.0,10000
GCR_H,min,0,17.78279410038923,2.0,0,3,0.0,0.0,10000
GCR_H,min,0,17.78279410038923,2.0,0,4,0.0,0.0,10000
GCR_H,min,0,17.78279410038923,2.0,0,5,0.0,0.0,10000
GCR_H,min,0,17.78279410038923,2.0,0,6,0.0,0.0,10000
GCR_H,min,0,17.78279410038923,2.0,0,7,0.0,0.0,10000
GCR_H,min,0,17.78279410038923,2.0,0,8,0.0,0.0,10000
GCR_H,min,0,17.78279410038923,2.0,0,9,0.0,0.0,10000
GCR_H,min,0,17.78279410038923,2.0,0,10,0.0,0.0,10000
GCR_H,min,0,17.78279410038923,2.0,0,11,0.0,0.0,10000
GCR_H,min,0,17.78279410038923,2.0,0,12,0.0,0.0,10000
GCR_H,min,0,17.78279410038923,2.0,0,13,0.0,0.0,10000
GCR_H,min,0,17.78279410038923,2.0,0,14,0.0,0.0,10000
GCR_H,min,0,17.78279410038923,2.0,0,15,0.0,0.0,10000
GCR_H,min,0,17.78279410038923,2.0,0,16,0.0,0.0,10000
GCR_H,min,0,17.78279410038923,2.0,0,17,0.0,0.0,10000
GCR_H,min,0,17.78279410038923,2.0,0,18,0.0,0.0,10000
GCR_H,min,0,17.78279410038923,2.0,0,19,0.0,0.0,10000
GCR_H,min,0,17.78279410038923,2.0,0,20,0.0,0.0,10000
GCR_H,min,0,17.78279410038923,2.0,0,21,0.0,0.0,10000
GCR_H,min,0,17.78279410038923,2.0,0,22,0.0,0.0,10000
GCR_H,min,0,17.78279410038923,2.0,0,23,0.0,0.0,10000
GCR_H,min,0,17.78279410038923,2.0,0,24,0.0,0.0,10000
GCR_H,min,0,17.78279410038923,2.0,0,25,0.0,0.0,10000
GCR_H,min,0,17.78279410038923,2.0,0,26,0.0,0.0,10000
GCR_H,min,0,17.78279410038923,2.0,0,27,0.0,0.0,10000
GCR_H,min,0,17.78279410038923,2.0,0,28,0.0,0.0,10000
GCR_H,min,0,17.78279410038923,2.0,0,29,0.0,0.0,10000
GCR_H,min,0,17.78279410038923,2.0,0,30,0.0,0.0,10000
GCR_H,min,0,17.78279410038923,2.0,0,31,0.0,0.0,10000
GCR_H,min,0,17.78279410038923,2.0,0,32,0.0,0.0,10000
GCR_H,min,0,17.78279410038923,2.0,0,33,0.0,0.0,10000
GCR_H,min,0,17.78279410038923,2.0,0,34,0.0,0.0,10000
GCR_H,min,0,17.78279410038923,2.0,0,35,0.0,0.0,10000
GCR_H,min,0,17.78279410038923,2.0,0,36,0.0,0.0,10000
GCR_H,min,0,17.78279410038923,2.0,0,37,0.0,0.0,10000
GCR_H,min,0,17.78279410038923,2.0,0,38,0.0,0.0,10000
GCR_H,min,0,17.78279410038923,2.0,0,39,0.0,0.0,10000
GCR_H,min,0,17.78279410038923,2.0,0,40,0.0,0.0,10000
GCR_H,min,0,17.78279410038923,2.0,0,41,0.0,0.0,10000
GCR_H,min,0,17.78279410038923,2.0,0,42,0.0,0.0,10000
GCR_H,min,0,17.78279410038923,2.0,0,43,0.0,0.0,10000
GCR_H,min,0,17.78279410038923,2.0,0,44,0.0,0.0,10000
GCR_H,min,0,17.78279410038923,2.0,0,45,0.0,0.0,10000
GCR_H,min,0,17.78279410038923,2.0,0,46,0.0,0.0,10000
GCR_H,min,0,17.78279410038923,2.0,0,47,0.0,0.0,10000
GCR_H,min,0,17.78279410038923,2.0,0,48,0.0,0.0,10000
GCR_H,min,0,17.78279410038923,2.0,0,49,0.0,0.0,10000
GCR_H,min,0,17.78279410038923,2.0,0,50,0.0,0.0,10000
GCR_H,min,0,17.78279410038923,2.0,0,51,0.0,0.0,10000
GCR_H,min,0,17.78279410038923,2.0,0,52,0.0,0.0,10000
GCR_H,min,0,17.78279410038923,2.0,0,53,0.0,0.0,10000
GCR_H,min,0,17.78279410038923,2.0,0,54,0.0,0.0,10000
GCR_H,min,0,17.78279410038923,2.0,0,55,0.0,0.0,10000
GCR_H,min,0,17.78279410038923,2.0,0,56,0.0,0.0,10000
GCR_H,min,0,17.78279410038923,2.0,0,57,0.0,0.0,10000
GCR_H,min,0,17.78279410038923,2.0,0,58,0.0,0.0,10000
GCR_H,min,0,17.78279410038923,2.0,0,59,0.0,0.0,10000
GCR_H,min,0,17.78279410038923,2.0,0,60,0.0,0.0,10000
GCR_H,min,0,17.78279410038923,2.0,0,61,0.0,0.0,10000
GCR_H,min,0,17.78279410038923,2.0,0,62,0.0,0.0,10000
GCR_H,min,0,17.78279410038923,2.0,0,63,0.0,0.0,10000
GCR_H,min,0,17.78279410038923,2.0,0,64,0.0,0.0,10000
GCR_H,min,0,17.78279410038923,2.0,0,65,0.0,0.0,10000
GCR_H,min,0,17.78279410038923,2.0,0,66,0.0,0.0,10000
GCR_H,min,0,17.78279410038923,2.0,0,67,0.0,0.0,10000
GCR_H,min,0,17.78279410038923,2.0,0,68,0.0,0.0,10000
GCR_H,min,0,17.78279410038923,2.0,0,69,0.0,0.0,10000
GCR_H,min,0,17.78279410038923,2.0,0,70,0.0,0.0,10000
GCR_H,min,0,17.78279410038923,2.0,0,71,0.0,0.0,10000
GCR_H,min,0,17.78279410038923,2.0,0,72,0.0,0.0,10000
GCR_H,min,0,17.78279410038923,2.0,0,73,0.0,0.0,10000
GCR_H,min,0,17.78279410038923,2.0,0,74,0.0,0.0,10000
GCR_H,min,0,17.78279410038923,2.0,0,75,0.0,0.0,10000
GCR_H,min,0,17.78279410038923,2.0,0,76,0.0,0.0,10000
GCR_H,min,0,17.78279410038923,2.0,0,77,0.0,0.0,10000
GCR_H,min,0,17.78279410038923,2.0,0,78,0.0,0.0,10000
GCR_H,min,0,17.78279410038923,2.0,0,79,0.0,0.0,10000
GCR_H,min,0,17.78279410038923,2.0,0,80,0.0,0.0,10000
GCR_H,min,0,17.78279410038923,2.0,0,81,0.0,0.0,10000
GCR_H,min,0,17.78279410038923,2.0,0,82,0.0,0.0,10000
GCR_H,min,0,17.78279410038923,2.0,0,83,0.0,0.0,10000
GCR_H,min,0,17.78279410038923,2.0,0,84,0.0,0.0,10000
GCR_H,min,0,17.78279410038923,2.0,0,85,0.0,0.0,10000
GCR_H,min,0,17.78279410038923,2.0,0,86,0.0,0.0,10000
GCR_H,min,0,17.78279410038923,2.0,0,87,0.0,0.0,10000
GCR_H,min,0,17.78279410038923,2.0,0,88,0.0,0.0,10000
GCR_H,min,0,17.78279410038923,2.0,0,89,0.0,0.0,10000
GCR_H,min,0,17.78279410038923,2.0,0,90,0.0,0.0,10000
GCR_H,min,0,17.78279410038923,2.0,0,91,0.0,0.0,10000
GCR_H,min,0,17.78279410038923,2.0,0,92,0.0,0.0,10000
GCR_H,min,0,17.78279410038923,2.0,0,93,0.0,0.0,10000
GCR_H,min,0,17.78279410038923,2.0,0,94,0.0,0.0,10000
GCR_H,min,0,17.78279410038923,2.0,0,95,0.0,0.0,10000
GCR_H,min,0,17.78279410038923,2.0,0,96,0.0,0.0,10000
GCR_H,min,0,17.78279410038923,2.0,0,97,0.0,0.0,10000
GCR_H,min,0,17.78279410038923,2.0,0,98,0.0,0.0,10000
GCR_H,min,0,17.78279410038923,2.0,0,99,0.0,0.0,10000
GCR_H,min,0,17.78279410038923,2.0,0,100,0.0,0.0,10000
GCR_H,min,0,17.78279410038923,2.0,0,101,0.0,0.0,10000
GCR_H,min,0,17.78279410038923,2.0,0,102,0.0,0.0,10000
GCR_H,min,0,17.78279410038923,2.0,0,103,0.0,0.0,10000
GCR_H,min,0,17.78279410038923,2.0,0,104,0.0,0.0,10000
GCR_H,min,0,17.78279410038923,2.0,0,105,0.0,0.0,10000
GCR_H,min,0,17.78279410038923,2.0,0,106,0.0,0.0,10000
GCR_H,min,0,17.78279410038923,2.0,0,107,0.0,0.0,10000
GCR_H,min,0,17.78279410038923,2.0,0,108,0.0,0.0,10000
GCR_H,min,0,17.78279410038923,2.0,0,109,0.0,0.0,10000
GCR_H,min,0,17.78279410038923,2.0,0,110,0.0,0.0,10000
GCR_H,min,0,17.78279410038923,2.0,0,111,0.0,0.0,10000
GCR_H,min,0,17.78279410038923,2.0,0,112,0.0,0.0,10000
GCR_H,min,0,17.78279410038923,2.0,0,113,0.0,0.0,10000
GCR_H,min,0,17.78279410038923,2.0,0,114,0.0,0.0,10000
GCR_H,min,0,17.78279410038923,2.0,0,115,0.0,0.0,10000
GCR_H,min,0,17.78279410038923,2.0,0,116,0.0,0.0,10000
GCR_H,min,0,17.78279410038923,2.0,0,117,0.0,0.0,10000
GCR_H,min,0,17.78279410038923,2.0,0,118,0.0,0.0,10000
GCR_H,min,0,17.78279410038923,2.0,0,119,0.0,0.0,10000
GCR_H,min,0,17.78279410038923,2.0,0,120,0.0,0.0,10000
GCR_H,min,0,17.78279410038923,2.0,0,121,0.0,0.0,10000
GCR_H,min,0,17.78279410038923,2.0,0,122,0.0,0.0,10000
GCR_H,min,0,17.78279410038923,2.0,0,123,0.0,0.0,10000
GCR_H,min,0,17.78279410038923,2.0,0,124,0.0,0.0,10000
GCR_H,min,0,17.78279410038923,2.0,0,125,0.0,0.0,10000
GCR_H,min,0,17.78279410038923,2.0,0,126,0.0,0.0,10000
GCR_H,min,0,17.78279410038923,2.0,0,127,0.0,0.0,10000
GCR_H,min,0,17.78279410038923,2.0,0,128,0.0,0.0,10000
GCR_H,min,0,17.78279410038923,2.0,0,129,0.0,0.0,10000
GCR_H,min,0,17.78279410038923,2.0,0,130,0.0,0.0,10000
GCR_H,min,0,17.78279410038923,2.0,0,131,0.0,0.0,10000
GCR_H,min,0,17.78279410038923,2.0,0,132,0.0,0.0,10000
GCR_H,min,0,17.78279410038923,2.0,0,133,0.0,0.0,10000
GCR_H,min,0,17.78279410038923,2.0,0,134,0.0,0.0,10000
GCR_H,min,0,17.78279410038923,2.0,0,135,0.0,0.0,10000
GCR_H,min,0,17.78279410038923,2.0,0,136,0.0,0.0,10000
GCR_H,min,0,17.78279410038923,2.0,0,137,0.0,0.0,10000
GCR_H,min,0,17.78279410038923,2.0,0,138,0.0,0.0,10000
GCR_H,min,0,17.78279410038923,2.0,0,139,0.0,0.0,10000
GCR_H,min,0,17.78279410038923,2.0,0,140,0.0,0.0,10000
GCR_H,min,0,17.78279410038923,2.0,0,141,0.0,0.0,10000
GCR_H,min,0,17.78279410038923,3.0,0,0,0.0,0.0,10000
GCR_H,min,0,17.78279410038923,3.0,0,1,0.0,0.0,10000
GCR_H,min,0,17.78279410038923,3.0,0,2,0.0,0.0,10000
GCR_H,min,0,17.78279410038923,3.0,0,3,0.0,0.0,10000
GCR_H,min,0,17.78279410038923,3.0,0,4,0.0,0.0,10000
GCR_H,min,0,17.78279410038923,3.0,0,5,0.0,0.0,10000
GCR_H,min,0,17.78279410038923,3.0,0,6,0.0,0.0,10000
GCR_H,min,0,17.78279410038923,3.0,0,7,0.0,0.0,10000
GCR_H,min,0,17.78279410038923,3.0,0,8,0.0,0.0,10000
GCR_H,min,0,17.78279410038923,3.0,0,9,0.0,0.0,10000
GCR_H,min,0,17.78279410038923,3.0,0,10,0.0,0.0,10000
GCR_H,min,0,17.78279410038923,3.0,0,11,0.0,0.0,10000
GCR_H,min,0,17.78279410038923,3.0,0,12,0.0,0.0,10000
GCR_H,min,0,17.78279410038923,3.0,0,13,0.0,0.0,10000
GCR_H,min,0,17.78279410038923,3.0,0,14,0.0,0.0,10000
GCR_H,min,0,17.78279410038923,3.0,0,15,0.0,0.0,10000
GCR_H,min,0,17.78279410038923,3.0,0,16,0.0,0.0,10000
GCR_H,min,0,17.78279410038923,3.0,0,17,0.0,0.0,10000
GCR_H,min,0,17.78279410038923,3.0,0,18,0.0,0.0,10000
GCR_H,min,0,17.78279410038923,3.0,0,19,0.0,0.0,10000
GCR_H,min,0,17.78279410038923,3.0,0,20,0.0,0.0,10000
GCR_H,min,0,17.78279410038923,3.0,0,21,0.0,0.0,10000
GCR_H,min,0,17.78279410038923,3.0,0,22,0.0,0.0,10000
GCR_H,min,0,17.78279410038923,3.0,0,23,0.0,0.0,10000
GCR_H,min,0,17.78279410038923,3.0,0,24,0.0,0.0,10000
GCR_H,min,0,17.78279410038923,3.0,0,25,0.0,0.0,10000
GCR_H,min,0,17.78279410038923,3.0,0,26,0.0,0.0,10000
GCR_H,min,0,17.78279410038923,3.0,0,27,0.0,0.0,10000
GCR_H,min,0,17.78279410038923,3.0,0,28,0.0,0.0,10000
GCR_H,min,0,17.78279410038923,3.0,0,29,0.0,0.0,10000
GCR_H,min,0,17.78279410038923,3.0,0,30,0.0,0.0,10000
GCR_H,min,0,17.78279410038923,3.0,0,31,0.0,0.0,10000
GCR_H,min,0,17.78279410038923,3.0,0,32,0.0,0.0,10000
GCR_H,min,0,17.78279410038923,3.0,0,33,0.0,0.0,10000
GCR_H,min,0,17.78279410038923,3.0,0,34,0.0,0.0,10000
GCR_H,min,0,17.78279410038923,3.0,0,35,0.0,0.0,10000
GCR_H,min,0,17.78279410038923,3.0,0,36,0.0,0.0,10000
GCR_H,min,0,17.78279410038923,3.0,0,37,0.0,0.0,10000
GCR_H,min,0,17.78279410038923,3.0,0,38,0.0,0.0,10000
GCR_H,min,0,17.78279410038923,3.0,0,39,0.0,0.0,10000
GCR_H,min,0,17.78279410038923,3.0,0,40,0.0,0.0,10000
GCR_H,min,0,17.78279410038923,3.0,0,41,0.0,0.0,10000
GCR_H,min,0,17.78279410038923,3.0,0,42,0.0,0.0,10000
GCR_H,min,0,17.78279410038923,3.0,0,43,0.0,0.0,10000
GCR_H,min,0,17.78279410038923,3.0,0,44,0.0,0.0,10000
GCR_H,min,0,17.78279410038923,3.0,0,45,0.0,0.0,10000
GCR_H,min,0,17.78279410038923,3.0,0,46,0.0,0.0,10000
GCR_H,min,0,17.78279410038923,3.0,0,47,0.0,0.0,10000
GCR_H,min,0,17.78279410038923,3.0,0,48,0.0,0.0,10000
GCR_H,min,0,17.78279410038923,3.0,0,49,0.0,0.0,10000
GCR_H,min,0,17.78279410038923,3.0,0,50,0.0,0.0,10000
GCR_H,min,0,17.78279410038923,3.0,0,51,0.0,0.0,10000
GCR_H,min,0,17.78279410038923,3.0,0,52,0.0,0.0,10000
GCR_H,min,0,17.78279410038923,3.0,0,53,0.0,0.0,10000
GCR_H,min,0,17.78279410038923,3.0,0,54,0.0,0.0,10000
GCR_H,min,0,17.78279410038923,3.0,0,55,0.0,0.0,10000
GCR_H,min,0,17.78279410038923,3.0,0,56,0.0,0.0,10000
GCR_H,min,0,17.78279410038923,3.0,0,57,0.0,0.0,10000
GCR_H,min,0,17.78279410038923,3.0,0,58,0.0,0.0,10000
GCR_H,min,0,17.78279410038923,3.0,0,59,0.0,0.0,10000
GCR_H,min,0,17.78279410038923,3.0,0,60,0.0,0.0,10000
GCR_H,min,0,17.78279410038923,3.0,0,61,0.0,0.0,10000
GCR_H,min,0,17.78279410038923,3.0,0,62,0.0,0.0,10000
GCR_H,min,0,17.78279410038923,3.0,0,63,0.0,0.0,10000
GCR_H,min,0,17.78279410038923,3.0,0,64,0.0,0.0,10000
GCR_H,min,0,17.78279410038923,3.0,0,65,0.0,0.0,10000
GCR_H,min,0,17.78279410038923,3.0,0,66,0.0,0.0,10000
GCR_H,min,0,17.78279410038923,3.0,0,67,0.0,0.0,10000
GCR_H,min,0,17.78279410038923,3.0,0,68,0.0,0.0,10000
GCR_H,min,0,17.78279410038923,3.0,0,69,0.0,0.0,10000
GCR_H,min,0,17.78279410038923,3.0,0,70,0.0,0.0,10000
GCR_H,min,0,17.78279410038923,3.0,0,71,0.0,0.0,10000
GCR_H,min,0,17.78279410038923,3.0,0,72,0.0,0.0,10000
GCR_H,min,0,17.78279410038923,3.0,0,73,0.0,0.0,10000
GCR_H,min,0,17.78279410038923,3.0,0,74,0.0,0.0,10000
GCR_H,min,0,17.78279410038923,3.0,0,75,0.0,0.0,10000
GCR_H,min,0,17.78279410038923,3.0,0,76,0.0,0.0,10000
GCR_H,min,0,17.78279410038923,3.0,0,77,0.0,0.0,10000
GCR_H,min,0,17.78279410038923,3.0,0,78,0.0,0.0,10000
GCR_H,min,0,17.78279410038923,3.0,0,79,0.0,0.0,10000
GCR_H,min,0,17.78279410038923,3.0,0,80,0.0,0.0,10000
GCR_H,min,0,17.78279410038923,3.0,0,81,0.0,0.0,10000
GCR_H,min,0,17.78279410038923,3.0,0,82,0.0,0.0,10000
GCR_H,min,0,17.78279410038923,3.0,0,83,0.0,0.0,10000
GCR_H,min,0,17.78279410038923,3.0,0,84,0.0,0.0,10000
GCR_H,min,0,17.78279410038923,3.0,0,85,0.0,0.0,10000
GCR_H,min,0,17.78279410038923,3.0,0,86,0.0,0.0,10000
GCR_H,min,0,17.78279410038923,3.0,0,87,0.0,0.0,10000
GCR_H,min,0,17.78279410038923,3.0,0,88,0.0,0.0,10000
GCR_H,min,0,17.78279410038923,3.0,0,89,0.0,0.0,10000
GCR_H,min,0,17.78279410038923,3.0,0,90,0.0,0.0,10000
GCR_H,min,0,17.78279410038923,3.0,0,91,0.0,0.0,10000
GCR_H,min,0,17.78279410038923,3.0,0,92,0.0,0.0,10000
GCR_H,min,0,17.78279410038923,3.0,0,93,0.0,0.0,10000
GCR_H,min,0,17.78279410038923,3.0,0,94,0.0,0.0,10000
GCR_H,min,0,17.78279410038923,3.0,0,95,0.0,0.0,10000
GCR_H,min,0,17.78279410038923,3.0,0,96,0.0,0.0,10000
GCR_H,min,0,17.78279410038923,3.0,0,97,0.0,0.0,10000
GCR_H,min,0,17.78279410038923,3.0,0,98,0.0,0.0,10000
GCR_H,min,0,17.78279410038923,3.0,0,99,0.0,0.0,10000
GCR_H,min,0,17.78279410038923,3.0,0,100,0.0,0.0,10000
GCR_H,min,0,17.78279410038923,3.0,0,101,0.0,0.0,10000
GCR_H,min,0,17.78279410038923,3.0,0,102,0.0,0.0,10000
GCR_H,min,0,17.78279410038923,3.0,0,103,0.0,0.0,10000
GCR_H,min,0,17.78279410038923,3.0,0,104,0.0,0.0,10000
GCR_H,min,0,17.78279410038923,3.0,0,105,0.0,0.0,10000
GCR_H,min,0,17.78279410038923,3.0,0,106,0.0,0.0,10000
GCR_H,min,0,17.78279410038923,3.0,0,107,0.0,0.0,10000
GCR_H,min,0,17.78279410038923,3.0,0,108,0.0,0.0,10000
GCR_H,min,0,17.78279410038923,3.0,0,109,0.0,0.0,10000
GCR_H,min,0,17.78279410038923,3.0,0,110,0.0,0.0,10000
GCR_H,min,0,17.78279410038923,3.0,0,111,0.0,0.0,10000
GCR_H,min,0,17.78279410038923,3.0,0,112,0.0,0.0,10000
GCR_H,min,0,17.78279410038923,3.0,0,113,0.0,0.0,10000
GCR_H,min,0,17.78279410038923,3.0,0,114,0.0,0.0,10000
GCR_H,min,0,17.78279410038923,3.0,0,115,0.0,0.0,10000
GCR_H,min,0,17.78279410038923,3.0,0,116,0.0,0.0,10000
GCR_H,min,0,17.78279410038923,3.0,0,117,0.0,0.0,10000
GCR_H,min,0,17.78279410038923,3.0,0,118,0.0,0.0,10000
GCR_H,min,0,17.78279410038923,3.0,0,119,0.0,0.0,10000
GCR_H,min,0,17.78279410038923,3.0,0,120,0.0,0.0,10000
GCR_H,min,0,17.78279410038923,3.0,0,121,0.0,0.0,10000
GCR_H,min,0,17.78279410038923,3.0,0,122,0.0,0.0,10000
GCR_H,min,0,17.78279410038923,3.0,0,123,0.0,0.0,10000
GCR_H,min,0,17.78279410038923,3.0,0,124,0.0,0.0,10000
GCR_H,min,0,17.78279410038923,3.0,0,125,0.0,0.0,10000
GCR_H,min,0,17.78279410038923,3.0,0,126,0.0,0.0,10000
GCR_H,min,0,17.78279410038923,3.0,0,127,0.0,0.0,10000
GCR_H,min,0,17.78279410038923,3.0,0,128,0.0,0.0,10000
GCR_H,min,0,17.78279410038923,3.0,0,129,0.0,0.0,10000
GCR_H,min,0,17.78279410038923,3.0,0,130,0.0,0.0,10000
GCR_H,min,0,17.78279410038923,3.0,0,131,0.0,0.0,10000
GCR_H,min,0,17.78279410038923,3.0,0,132,0.0,0.0,10000
GCR_H,min,0,17.78279410038923,3.0,0,133,0.0,0.0,10000
GCR_H,min,0,17.78279410038923,3.0,0,134,0.0,0.0,10000
GCR_H,min,0,17.78279410038923,3.0,0,135,0.0,0.0,10000
GCR_H,min,0,17.78279410038923,3.0,0,136,0.0,0.0,10000
GCR_H,min,0,17.78279410038923,3.0,0,137,0.0,0.0,10000
GCR_H,min,0,17.78279410038923,3.0,0,138,0.0,0.0,10000
GCR_H,min,0,17.78279410038923,3.0,0,139,0.0,0.0,10000
GCR_H,min,0,17.78279410038923,3.0,0,140,0.0,0.0,10000
GCR_H,min,0,17.78279410038923,3.0,0,141,0.0,0.0,10000
GCR_H,min,0,17.78279410038923,4.0,0,0,0.0,0.0,10000
GCR_H,min,0,17.78279410038923,4.0,0,1,0.0,0.0,10000
GCR_H,min,0,17.78279410038923,4.0,0,2,0.0,0.0,10000
GCR_H,min,0,17.78279410038923,4.0,0,3,0.0,0.0,10000
GCR_H,min,0,17.78279410038923,4.0,0,4,0.0,0.0,10000
GCR_H,min,0,17.78279410038923,4.0,0,5,0.0,0.0,10000
GCR_H,min,0,17.78279410038923,4.0,0,6,0.0,0.0,10000
GCR_H,min,0,17.78279410038923,4.0,0,7,0.0,0.0,10000
GCR_H,min,0,17.78279410038923,4.0,0,8,0.0,0.0,10000
GCR_H,min,0,17.78279410038923,4.0,0,9,0.0,0.0,10000
GCR_H,min,0,17.78279410038923,4.0,0,10,0.0,0.0,10000
GCR_H,min,0,17.78279410038923,4.0,0,11,0.0,0.0,10000
GCR_H,min,0,17.78279410038923,4.0,0,12,0.0,0.0,10000
GCR_H,min,0,17.78279410038923,4.0,0,13,0.0,0.0,10000
GCR_H,min,0,17.78279410038923,4.0,0,14,0.0,0.0,10000
GCR_H,min,0,17.78279410038923,4.0,0,15,0.0,0.0,10000
GCR_H,min,0,17.78279410038923,4.0,0,16,0.0,0.0,10000
GCR_H,min,0,17.78279410038923,4.0,0,17,0.0,0.0,10000
GCR_H,min,0,17.78279410038923,4.0,0,18,0.0,0.0,10000
GCR_H,min,0,17.78279410038923,4.0,0,19,0.0,0.0,10000
GCR_H,min,0,17.78279410038923,4.0,0,20,0.0,0.0,10000
GCR_H,min,0,17.78279410038923,4.0,0,21,0.0,0.0,10000
GCR_H,min,0,17.78279410038923,4.0,0,22,0.0,0.0,10000
GCR_H,min,0,17.78279410038923,4.0,0,23,0.0,0.0,10000
GCR_H,min,0,17.78279410038923,4.0,0,24,0.0,0.0,10000
GCR_H,min,0,17.78279410038923,4.0,0,25,0.0,0.0,10000
GCR_H,min,0,17.78279410038923,4.0,0,26,0.0,0.0,10000
GCR_H,min,0,17.78279410038923,4.0,0,27,0.0,0.0,10000
GCR_H,min,0,17.78279410038923,4.0,0,28,0.0,0.0,10000
GCR_H,min,0,17.78279410038923,4.0,0,29,0.0,0.0,10000
GCR_H,min,0,17.78279410038923,4.0,0,30,0.0,0.0,10000
GCR_H,min,0,17.78279410038923,4.0,0,31,0.0,0.0,10000
GCR_H,min,0,17.78279410038923,4.0,0,32,0.0,0.0,10000
GCR_H,min,0,17.78279410038923,4.0,0,33,0.0,0.0,10000
GCR_H,min,0,17.78279410038923,4.0,0,34,0.0,0.0,10000
GCR_H,min,0,17.78279410038923,4.0,0,35,0.0,0.0,10000
GCR_H,min,0,17.78279410038923,4.0,0,36,0.0,0.0,10000
GCR_H,min,0,17.78279410038923,4.0,0,37,0.0,0.0,10000
GCR_H,min,0,17.78279410038923,4.0,0,38,0.0,0.0,10000
GCR_H,min,0,17.78279410038923,4.0,0,39,0.0,0.0,10000
GCR_H,min,0,17.78279410038923,4.0,0,40,0.0,0.0,10000
GCR_H,min,0,17.78279410038923,4.0,0,41,0.0,0.0,10000
GCR_H,min,0,17.78279410038923,4.0,0,42,0.0,0.0,10000
GCR_H,min,0,17.78279410038923,4.0,0,43,0.0,0.0,10000
GCR_H,min,0,17.78279410038923,4.0,0,44,0.0,0.0,10000
GCR_H,min,0,17.78279410038923,4.0,0,45,0.0,0.0,10000
GCR_H,min,0,17.78279410038923,4.0,0,46,0.0,0.0,10000
GCR_H,min,0,17.78279410038923,4.0,0,47,0.0,0.0,10000
GCR_H,min,0,17.78279410038923,4.0,0,48,0.0,0.0,10000
GCR_H,min,0,17.78279410038923,4.0,0,49,0.0,0.0,10000
GCR_H,min,0,17.78279410038923,4.0,0,50,0.0,0.0,10000
GCR_H,min,0,17.78279410038923,4.0,0,51,0.0,0.0,10000
GCR_H,min,0,17.78279410038923,4.0,0,52,0.0,0.0,10000
GCR_H,min,0,17.78279410038923,4.0,0,53,0.0,0.0,10000
GCR_H,min,0,17.78279410038923,4.0,0,54,0.0,0.0,10000
GCR_H,min,0,17.78279410038923,4.0,0,55,0.0,0.0,10000
GCR_H,min,0,17.78279410038923,4.0,0,56,0.0,0.0,10000
GCR_H,min,0,17.78279410038923,4.0,0,57,0.0,0.0,10000
GCR_H,min,0,17.78279410038923,4.0,0,58,0.0,0.0,10000
GCR_H,min,0,17.78279410038923,4.0,0,59,0.0,0.0,10000
GCR_H,min,0,17.78279410038923,4.0,0,60,0.0,0.0,10000
GCR_H,min,0,17.78279410038923,4.0,0,61,0.0,0.0,10000
GCR_H,min,0,17.78279410038923,4.0,0,62,0.0,0.0,10000
GCR_H,min,0,17.78279410038923,4.0,0,63,0.0,0.0,10000
GCR_H,min,0,17.78279410038923,4.0,0,64,0.0,0.0,10000
GCR_H,min,0,17.78279410038923,4.0,0,65,0.0,0.0,10000
GCR_H,min,0,17.78279410038923,4.0,0,66,0.0,0.0,10000
GCR_H,min,0,17.78279410038923,4.0,0,67,0.0,0.0,10000
GCR_H,min,0,17.78279410038923,4.0,0,68,0.0,0.0,10000
GCR_H,min,0,17.78279410038923,4.0,0,69,0.0,0.0,10000
GCR_H,min,0,17.78279410038923,4.0,0,70,0.0,0.0,10000
GCR_H,min,0,17.78279410038923,4.0,0,71,0.0,0.0,10000
GCR_H,min,0,17.78279410038923,4.0,0,72,0.0,0.0,10000
GCR_H,min,0,17.78279410038923,4.0,0,73,0.0,0.0,10000
GCR_H,min,0,17.78279410038923,4.0,0,74,0.0,0.0,10000
GCR_H,min,0,17.78279410038923,4.0,0,75,0.0,0.0,10000
GCR_H,min,0,17.78279410038923,4.0,0,76,0.0,0.0,10000
GCR_H,min,0,17.78279410038923,4.0,0,77,0.0,0.0,10000
GCR_H,min,0,17.78279410038923,4.0,0,78,0.0,0.0,10000
GCR_H,min,0,17.78279410038923,4.0,0,79,0.0,0.0,10000
GCR_H,min,0,17.78279410038923,4.0,0,80,0.0,0.0,10000
GCR_H,min,0,17.78279410038923,4.0,0,81,0.0,0.0,10000
GCR_H,min,0,17.78279410038923,4.0,0,82,0.0,0.0,10000
GCR_H,min,0,17.78279410038923,4.0,0,83,0.0,0.0,10000
GCR_H,min,0,17.78279410038923,4.0,0,84,0.0,0.0,10000
GCR_H,min,0,17.78279410038923,4.0,0,85,0.0,0.0,10000
GCR_H,min,0,17.78279410038923,4.0,0,86,0.0,0.0,10000
GCR_H,min,0,17.78279410038923,4.0,0,87,0.0,0.0,10000
GCR_H,min,0,17.78279410038923,4.0,0,88,0.0,0.0,10000
GCR_H,min,0,17.78279410038923,4.0,0,89,0.0,0.0,10000
GCR_H,min,0,17.78279410038923,4.0,0,90,0.0,0.0,10000
GCR_H,min,0,17.78279410038923,4.0,0,91,0.0,0.0,10000
GCR_H,min,0,17.78279410038923,4.0,0,92,0.0,0.0,10000
GCR_H,min,0,17.78279410038923,4.0,0,93,0.0,0.0,10000
GCR_H,min,0,17.78279410038923,4.0,0,94,0.0,0.0,10000
GCR_H,min,0,17.78279410038923,4.0,0,95,0.0,0.0,10000
GCR_H,min,0,17.78279410038923,4.0,0,96,0.0,0.0,10000
GCR_H,min,0,17.78279410038923,4.0,0,97,0.0,0.0,10000
GCR_H,min,0,17.78279410038923,4.0,0,98,0.0,0.0,10000
GCR_H,min,0,17.78279410038923,4.0,0,99,0.0,0.0,10000
GCR_H,min,0,17.78279410038923,4.0,0,100,0.0,0.0,10000
GCR_H,min,0,17.78279410038923,4.0,0,101,0.0,0.0,10000
GCR_H,min,0,17.78279410038923,4.0,0,102,0.0,0.0,10000
GCR_H,min,0,17.78279410038923,4.0,0,103,0.0,0.0,10000
GCR_H,min,0,17.78279410038923,4.0,0,104,0.0,0.0,10000
GCR_H,min,0,17.78279410038923,4.0,0,105,0.0,0.0,10000
GCR_H,min,0,17.78279410038923,4.0,0,106,0.0,0.0,10000
GCR_H,min,0,17.78279410038923,4.0,0,107,0.0,0.0,10000
GCR_H,min,0,17.78279410038923,4.0,0,108,0.0,0.0,10000
GCR_H,min,0,17.78279410038923,4.0,0,109,0.0,0.0,10000
GCR_H,min,0,17.78279410038923,4.0,0,110,0.0,0.0,10000
GCR_H,min,0,17.78279410038923,4.0,0,111,0.0,0.0,10000
GCR_H,min,0,17.78279410038923,4.0,0,112,0.0,0.0,10000
GCR_H,min,0,17.78279410038923,4.0,0,113,0.0,0.0,10000
GCR_H,min,0,17.78279410038923,4.0,0,114,0.0,0.0,10000
GCR_H,min,0,17.78279410038923,4.0,0,115,0.0,0.0,10000
GCR_H,min,0,17.78279410038923,4.0,0,116,0.0,0.0,10000
GCR_H,min,0,17.78279410038923,4.0,0,117,0.0,0.0,10000
GCR_H,min,0,17.78279410038923,4.0,0,118,0.0,0.0,10000
GCR_H,min,0,17.78279410038923,4.0,0,119,0.0,0.0,10000
GCR_H,min,0,17.78279410038923,4.0,0,120,0.0,0.0,10000
GCR_H,min,0,17.78279410038923,4.0,0,121,0.0,0.0,10000
GCR_H,min,0,17.78279410038923,4.0,0,122,0.0,0.0,10000
GCR_H,min,0,17.78279410038923,4.0,0,123,0.0,0.0,10000
GCR_H,min,0,17.78279410038923,4.0,0,124,0.0,0.0,10000
GCR_H,min,0,17.78279410038923,4.0,0,125,0.0,0.0,10000
GCR_H,min,0,17.78279410038923,4.0,0,126,0.0,0.0,10000
GCR_H,min,0,17.78279410038923,4.0,0,127,0.0,0.0,10000
GCR_H,min,0,17.78279410038923,4.0,0,128,0.0,0.0,10000
GCR_H,min,0,17.78279410038923,4.0,0,129,0.0,0.0,10000
GCR_H,min,0,17.78279410038923,4.0,0,130,0.0,0.0,10000
GCR_H,min,0,17.78279410038923,4.0,0,131,0.0,0.0,10000
GCR_H,min,0,17.78279410038923,4.0,0,132,0.0,0.0,10000
GCR_H,min,0,17.78279410038923,4.0,0,133,0.0,0.0,10000
GCR_H,min,0,17.78279410038923,4.0,0,134,0.0,0.0,10000
GCR_H,min,0,17.78279410038923,4.0,0,135,0.0,0.0,10000
GCR_H,min,0,17.78279410038923,4.0,0,136,0.0,0.0,10000
GCR_H,min,0,17.78279410038923,4.0,0,137,0.0,0.0,10000
GCR_H,min,0,17.78279410038923,4.0,0,138,0.0,0.0,10000
GCR_H,min,0,17.78279410038923,4.0,0,139,0.0,0.0,10000
GCR_H,min,0,17.78279410038923,4.0,0,140,0.0,0.0,10000
GCR_H,min,0,17.78279410038923,4.0,0,141,0.0,0.0,10000
GCR_H,min,1,56.23413251903491,2.0,0,0,0.0,0.0,10000
GCR_H,min,1,56.23413251903491,2.0,0,1,0.0,0.0,10000
GCR_H,min,1,56.23413251903491,2.0,0,2,0.0,0.0,10000
GCR_H,min,1,56.23413251903491,2.0,0,3,0.0,0.0,10000
GCR_H,min,1,56.23413251903491,2.0,0,4,0.0,0.0,10000
GCR_H,min,1,56.23413251903491,2.0,0,5,0.0,0.0,10000
GCR_H,min,1,56.23413251903491,2.0,0,6,0.0,0.0,10000
GCR_H,min,1,56.23413251903491,2.0,0,7,0.0,0.0,10000
GCR_H,min,1,56.23413251903491,2.0,0,8,0.0,0.0,10000
GCR_H,min,1,56.23413251903491,2.0,0,9,0.0,0.0,10000
GCR_H,min,1,56.23413251903491,2.0,0,10,0.0,0.0,10000
GCR_H,min,1,56.23413251903491,2.0,0,11,0.0,0.0,10000
GCR_H,min,1,56.23413251903491,2.0,0,12,0.0,0.0,10000
GCR_H,min,1,56.23413251903491,2.0,0,13,0.0,0.0,10000
GCR_H,min,1,56.23413251903491,2.0,0,14,0.0,0.0,10000
GCR_H,min,1,56.23413251903491,2.0,0,15,0.0,0.0,10000
GCR_H,min,1,56.23413251903491,2.0,0,16,0.0,0.0,10000
GCR_H,min,1,56.23413251903491,2.0,0,17,0.0,0.0,10000
GCR_H,min,1,56.23413251903491,2.0,0,18,0.0,0.0,10000
GCR_H,min,1,56.23413251903491,2.0,0,19,0.0,0.0,10000
GCR_H,min,1,56.23413251903491,2.0,0,20,0.0,0.0,10000
GCR_H,min,1,56.23413251903491,2.0,0,21,0.0,0.0,10000
GCR_H,min,1,56.23413251903491,2.0,0,22,0.0,0.0,10000
GCR_H,min,1,56.23413251903491,2.0,0,23,0.0,0.0,10000
GCR_H,min,1,56.23413251903491,2.0,0,24,0.0,0.0,10000
GCR_H,min,1,56.23413251903491,2.0,0,25,0.0,0.0,10000
GCR_H,min,1,56.23413251903491,2.0,0,26,0.0,0.0,10000
GCR_H,min,1,56.23413251903491,2.0,0,27,0.0,0.0,10000
GCR_H,min,1,56.23413251903491,2.0,0,28,0.0,0.0,10000
GCR_H,min,1,56.23413251903491,2.0,0,29,0.0,0.0,10000
GCR_H,min,1,56.23413251903491,2.0,0,30,0.0,0.0,10000
GCR_H,min,1,56.23413251903491,2.0,0,31,0.0,0.0,10000
GCR_H,min,1,56.23413251903491,2.0,0,32,0.0,0.0,10000
GCR_H,min,1,56.23413251903491,2.0,0,33,0.0,0.0,10000
GCR_H,min,1,56.23413251903491,2.0,0,34,0.0,0.0,10000
GCR_H,min,1,56.23413251903491,2.0,0,35,0.0,0.0,10000
GCR_H,min,1,56.23413251903491,2.0,0,36,0.0,0.0,10000
GCR_H,min,1,56.23413251903491,2.0,0,37,0.0,0.0,10000
GCR_H,min,1,56.23413251903491,2.0,0,38,0.0,0.0,10000
GCR_H,min,1,56.23413251903491,2.0,0,39,0.0,0.0,10000
GCR_H,min,1,56.23413251903491,2.0,0,40,0.0,0.0,10000
GCR_H,min,1,56.23413251903491,2.0,0,41,0.0,0.0,10000
GCR_H,min,1,56.23413251903491,2.0,0,42,0.0,0.0,10000
GCR_H,min,1,56.23413251903491,2.0,0,43,0.0,0.0,10000
GCR_H,min,1,56.23413251903491,2.0,0,44,0.0,0.0,10000
GCR_H,min,1,56.23413251903491,2.0,0,45,0.0,0.0,10000
GCR_H,min,1,56.23413251903491,2.0,0,46,0.0,0.0,10000
GCR_H,min,1,56.23413251903491,2.0,0,47,0.0,0.0,10000
GCR_H,min,1,56.23413251903491,2.0,0,48,0.0,0.0,10000
GCR_H,min,1,56.23413251903491,2.0,0,49,0.0,0.0,10000
GCR_H,min,1,56.23413251903491,2.0,0,50,0.0,0.0,10000
GCR_H,min,1,56.23413251903491,2.0,0,51,0.0,0.0,10000
GCR_H,min,1,56.23413251903491,2.0,0,52,0.0,0.0,10000
GCR_H,min,1,56.23413251903491,2.0,0,53,0.0,0.0,10000
GCR_H,min,1,56.23413251903491,2.0,0,54,0.0,0.0,10000
GCR_H,min,1,56.23413251903491,2.0,0,55,0.0,0.0,10000
GCR_H,min,1,56.23413251903491,2.0,0,56,0.0,0.0,10000
GCR_H,min,1,56.23413251903491,2.0,0,57,0.0,0.0,10000
GCR_H,min,1,56.23413251903491,2.0,0,58,0.0,0.0,10000
GCR_H,min,1,56.23413251903491,2.0,0,59,0.0,0.0,10000
GCR_H,min,1,56.23413251903491,2.0,0,60,0.0,0.0,10000
GCR_H,min,1,56.23413251903491,2.0,0,61,0.0,0.0,10000
GCR_H,min,1,56.23413251903491,2.0,0,62,0.0,0.0,10000
GCR_H,min,1,56.23413251903491,2.0,0,63,0.0,0.0,10000
GCR_H,min,1,56.23413251903491,2.0,0,64,0.0,0.0,10000
GCR_H,min,1,56.23413251903491,2.0,0,65,0.0,0.0,10000
GCR_H,min,1,56.23413251903491,2.0,0,66,0.0,0.0,10000
GCR_H,min,1,56.23413251903491,2.0,0,67,0.0,0.0,10000
GCR_H,min,1,56.23413251903491,2.0,0,68,0.0,0.0,10000
GCR_H,min,1,56.23413251903491,2.0,0,69,0.0,0.0,10000
GCR_H,min,1,56.23413251903491,2.0,0,70,0.0,0.0,10000
GCR_H,min,1,56.23413251903491,2.0,0,71,0.0,0.0,10000
GCR_H,min,1,56.23413251903491,2.0,0,72,0.0,0.0,10000
GCR_H,min,1,56.23413251903491,2.0,0,73,0.0,0.0,10000
GCR_H,min,1,56.23413251903491,2.0,0,74,0.0,0.0,10000
GCR_H,min,1,56.23413251903491,2.0,0,75,0.0,0.0,10000
GCR_H,min,1,56.23413251903491,2.0,0,76,0.0,0.0,10000
GCR_H,min,1,56.23413251903491,2.0,0,77,0.0,0.0,10000
GCR_H,min,1,56.23413251903491,2.0,0,78,0.0,0.0,10000
GCR_H,min,1,56.23413251903491,2.0,0,79,0.0,0.0,10000
GCR_H,min,1,56.23413251903491,2.0,0,80,0.0,0.0,10000
GCR_H,min,1,56.23413251903491,2.0,0,81,0.0,0.0,10000
GCR_H,min,1,56.23413251903491,2.0,0,82,0.0,0.0,10000
GCR_H,min,1,56.23413251903491,2.0,0,83,0.0,0.0,10000
GCR_H,min,1,56.23413251903491,2.0,0,84,0.0,0.0,10000
GCR_H,min,1,56.23413251903491,2.0,0,85,0.0,0.0,10000
GCR_H,min,1,56.23413251903491,2.0,0,86,0.0,0.0,10000
GCR_H,min,1,56.23413251903491,2.0,0,87,0.0,0.0,10000
GCR_H,min,1,56.23413251903491,2.0,0,88,0.0,0.0,10000
GCR_H,min,1,56.23413251903491,2.0,0,89,0.0,0.0,10000
GCR_H,min,1,56.23413251903491,2.0,0,90,0.0,0.0,10000
GCR_H,min,1,56.23413251903491,2.0,0,91,0.0,0.0,10000
GCR_H,min,1,56.23413251903491,2.0,0,92,0.0,0.0,10000
GCR_H,min,1,56.23413251903491,2.0,0,93,0.0,0.0,10000
GCR_H,min,1,56.23413251903491,2.0,0,94,0.0,0.0,10000
GCR_H,min,1,56.23413251903491,2.0,0,95,0.0,0.0,10000
GCR_H,min,1,56.23413251903491,2.0,0,96,0.0,0.0,10000
GCR_H,min,1,56.23413251903491,2.0,0,97,0.0,0.0,10000
GCR_H,min,1,56.23413251903491,2.0,0,98,0.0,0.0,10000
GCR_H,min,1,56.23413251903491,2.0,0,99,0.0,0.0,10000
GCR_H,min,1,56.23413251903491,2.0,0,100,0.0,0.0,10000
GCR_H,min,1,56.23413251903491,2.0,0,101,0.0,0.0,10000
GCR_H,min,1,56.23413251903491,2.0,0,102,0.0,0.0,10000
GCR_H,min,1,56.23413251903491,2.0,0,103,0.0,0.0,10000
GCR_H,min,1,56.23413251903491,2.0,0,104,0.0,0.0,10000
GCR_H,min,1,56.23413251903491,2.0,0,105,0.0,0.0,10000
GCR_H,min,1,56.23413251903491,2.0,0,106,0.0,0.0,10000
GCR_H,min,1,56.23413251903491,2.0,0,107,0.0,0.0,10000
GCR_H,min,1,56.23413251903491,2.0,0,108,0.0,0.0,10000
GCR_H,min,1,56.23413251903491,2.0,0,109,0.0,0.0,10000
GCR_H,min,1,56.23413251903491,2.0,0,110,0.0,0.0,10000
GCR_H,min,1,56.23413251903491,2.0,0,111,0.0,0.0,10000
GCR_H,min,1,56.23413251903491,2.0,0,112,0.0,0.0,10000
GCR_H,min,1,56.23413251903491,2.0,0,113,0.0,0.0,10000
GCR_H,min,1,56.23413251903491,2.0,0,114,0.0,0.0,10000
GCR_H,min,1,56.23413251903491,2.0,0,115,0.0,0.0,10000
GCR_H,min,1,56.23413251903491,2.0,0,116,0.0,0.0,10000
GCR_H,min,1,56.23413251903491,2.0,0,117,0.0,0.0,10000
GCR_H,min,1,56.23413251903491,2.0,0,118,0.0,0.0,10000
GCR_H,min,1,56.23413251903491,2.0,0,119,0.0,0.0,10000
GCR_H,min,1,56.23413251903491,2.0,0,120,0.0,0.0,10000
GCR_H,min,1,56.23413251903491,2.0,0,121,0.0,0.0,10000
GCR_H,min,1,56.23413251903491,2.0,0,122,0.0,0.0,10000
GCR_H,min,1,56.23413251903491,2.0,0,123,0.0,0.0,10000
GCR_H,min,1,56.23413251903491,2.0,0,124,0.0,0.0,10000
GCR_H,min,1,56.23413251903491,2.0,0,125,0.0,0.0,10000
GCR_H,min,1,56.23413251903491,2.0,0,126,0.0,0.0,10000
GCR_H,min,1,56.23413251903491,2.0,0,127,0.0,0.0,10000
GCR_H,min,1,56.23413251903491,2.0,0,128,0.0,0.0,10000
GCR_H,min,1,56.23413251903491,2.0,0,129,0.0,0.0,10000
GCR_H,min,1,56.23413251903491,2.0,0,130,0.0,0.0,10000
GCR_H,min,1,56.23413251903491,2.0,0,131,0.0,0.0,10000
GCR_H,min,1,56.23413251903491,2.0,0,132,0.0,0.0,10000
GCR_H,min,1,56.23413251903491,2.0,0,133,0.0,0.0,10000
GCR_H,min,1,56.23413251903491,2.0,0,134,0.0,0.0,10000
GCR_H,min,1,56.23413251903491,2.0,0,135,0.0,0.0,10000
GCR_H,min,1,56.23413251903491,2.0,0,136,0.0,0.0,10000
GCR_H,min,1,56.23413251903491,2.0,0,137,0.0,0.0,10000
GCR_H,min,1,56.23413251903491,2.0,0,138,0.0,0.0,10000
GCR_H,min,1,56.23413251903491,2.0,0,139,0.0,0.0,10000
GCR_H,min,1,56.23413251903491,2.0,0,140,0.0,0.0,10000
GCR_H,min,1,56.23413251903491,2.0,0,141,0.0,0.0,10000
GCR_H,min,1,56.23413251903491,3.0,0,0,0.0,0.0,10000
GCR_H,min,1,56.23413251903491,3.0,0,1,0.0,0.0,10000
GCR_H,min,1,56.23413251903491,3.0,0,2,0.0,0.0,10000
GCR_H,min,1,56.23413251903491,3.0,0,3,0.0,0.0,10000
GCR_H,min,1,56.23413251903491,3.0,0,4,0.0,0.0,10000
GCR_H,min,1,56.23413251903491,3.0,0,5,0.0,0.0,10000
GCR_H,min,1,56.23413251903491,3.0,0,6,0.0,0.0,10000
GCR_H,min,1,56.23413251903491,3.0,0,7,0.0,0.0,10000
GCR_H,min,1,56.23413251903491,3.0,0,8,0.0,0.0,10000
GCR_H,min,1,56.23413251903491,3.0,0,9,0.0,0.0,10000
GCR_H,min,1,56.23413251903491,3.0,0,10,0.0,0.0,10000
GCR_H,min,1,56.23413251903491,3.0,0,11,0.0,0.0,10000
GCR_H,min,1,56.23413251903491,3.0,0,12,0.0,0.0,10000
GCR_H,min,1,56.23413251903491,3.0,0,13,0.0,0.0,10000
GCR_H,min,1,56.23413251903491,3.0,0,14,0.0,0.0,10000
GCR_H,min,1,56.23413251903491,3.0,0,15,0.0,0.0,10000
GCR_H,min,1,56.23413251903491,3.0,0,16,0.0,0.0,10000
GCR_H,min,1,56.23413251903491,3.0,0,17,0.0,0.0,10000
GCR_H,min,1,56.23413251903491,3.0,0,18,0.0,0.0,10000
GCR_H,min,1,56.23413251903491,3.0,0,19,0.0,0.0,10000
GCR_H,min,1,56.23413251903491,3.0,0,20,0.0,0.0,10000
GCR_H,min,1,56.23413251903491,3.0,0,21,0.0,0.0,10000
GCR_H,min,1,56.23413251903491,3.0,0,22,0.0,0.0,10000
GCR_H,min,1,56.23413251903491,3.0,0,23,0.0,0.0,10000
GCR_H,min,1,56.23413251903491,3.0,0,24,0.0,0.0,10000
GCR_H,min,1,56.23413251903491,3.0,0,25,0.0,0.0,10000
GCR_H,min,1,56.23413251903491,3.0,0,26,0.0,0.0,10000
GCR_H,min,1,56.23413251903491,3.0,0,27,0.0,0.0,10000
GCR_H,min,1,56.23413251903491,3.0,0,28,0.0,0.0,10000
GCR_H,min,1,56.23413251903491,3.0,0,29,0.0,0.0,10000
GCR_H,min,1,56.23413251903491,3.0,0,30,0.0,0.0,10000
GCR_H,min,1,56.23413251903491,3.0,0,31,0.0,0.0,10000
GCR_H,min,1,56.23413251903491,3.0,0,32,0.0,0.0,10000
GCR_H,min,1,56.23413251903491,3.0,0,33,0.0,0.0,10000
GCR_H,min,1,56.23413251903491,3.0,0,34,0.0,0.0,10000
GCR_H,min,1,56.23413251903491,3.0,0,35,0.0,0.0,10000
GCR_H,min,1,56.23413251903491,3.0,0,36,0.0,0.0,10000
GCR_H,min,1,56.23413251903491,3.0,0,37,0.0,0.0,10000
GCR_H,min,1,56.23413251903491,3.0,0,38,0.0,0.0,10000
GCR_H,min,1,56.23413251903491,3.0,0,39,0.0,0.0,10000
GCR_H,min,1,56.23413251903491,3.0,0,40,0.0,0.0,10000
GCR_H,min,1,56.23413251903491,3.0,0,41,0.0,0.0,10000
GCR_H,min,1,56.23413251903491,3.0,0,42,0.0,0.0,10000
GCR_H,min,1,56.23413251903491,3.0,0,43,0.0,0.0,10000
GCR_H,min,1,56.23413251903491,3.0,0,44,0.0,0.0,10000
GCR_H,min,1,56.23413251903491,3.0,0,45,0.0,0.0,10000
GCR_H,min,1,56.23413251903491,3.0,0,46,0.0,0.0,10000
GCR_H,min,1,56.23413251903491,3.0,0,47,0.0,0.0,10000
GCR_H,min,1,56.23413251903491,3.0,0,48,0.0,0.0,10000
GCR_H,min,1,56.23413251903491,3.0,0,49,0.0,0.0,10000
GCR_H,min,1,56.23413251903491,3.0,0,50,0.0,0.0,10000
GCR_H,min,1,56.23413251903491,3.0,0,51,0.0,0.0,10000
GCR_H,min,1,56.23413251903491,3.0,0,52,0.0,0.0,10000
GCR_H,min,1,56.23413251903491,3.0,0,53,0.0,0.0,10000
GCR_H,min,1,56.23413251903491,3.0,0,54,0.0,0.0,10000
GCR_H,min,1,56.23413251903491,3.0,0,55,0.0,0.0,10000
GCR_H,min,1,56.23413251903491,3.0,0,56,0.0,0.0,10000
GCR_H,min,1,56.23413251903491,3.0,0,57,0.0,0.0,10000
GCR_H,min,1,56.23413251903491,3.0,0,58,0.0,0.0,10000
GCR_H,min,1,56.23413251903491,3.0,0,59,0.0,0.0,10000
GCR_H,min,1,56.23413251903491,3.0,0,60,0.0,0.0,10000
GCR_H,min,1,56.23413251903491,3.0,0,61,0.0,0.0,10000
GCR_H,min,1,56.23413251903491,3.0,0,62,0.0,0.0,10000
GCR_H,min,1,56.23413251903491,3.0,0,63,0.0,0.0,10000
GCR_H,min,1,56.23413251903491,3.0,0,64,0.0,0.0,10000
GCR_H,min,1,56.23413251903491,3.0,0,65,0.0,0.0,10000
GCR_H,min,1,56.23413251903491,3.0,0,66,0.0,0.0,10000
GCR_H,min,1,56.23413251903491,3.0,0,67,0.0,0.0,10000
GCR_H,min,1,56.23413251903491,3.0,0,68,0.0,0.0,10000
GCR_H,min,1,56.23413251903491,3.0,0,69,0.0,0.0,10000
GCR_H,min,1,56.23413251903491,3.0,0,70,0.0,0.0,10000
GCR_H,min,1,56.23413251903491,3.0,0,71,0.0,0.0,10000
GCR_H,min,1,56.23413251903491,3.0,0,72,0.0,0.0,10000
GCR_H,min,1,56.23413251903491,3.0,0,73,0.0,0.0,10000
GCR_H,min,1,56.23413251903491,3.0,0,74,0.0,0.0,10000
GCR_H,min,1,56.23413251903491,3.0,0,75,0.0,0.0,10000
GCR_H,min,1,56.23413251903491,3.0,0,76,0.0,0.0,10000
GCR_H,min,1,56.23413251903491,3.0,0,77,0.0,0.0,10000
GCR_H,min,1,56.23413251903491,3.0,0,78,0.0,0.0,10000
GCR_H,min,1,56.23413251903491,3.0,0,79,0.0,0.0,10000
GCR_H,min,1,56.23413251903491,3.0,0,80,0.0,0.0,10000
GCR_H,min,1,56.23413251903491,3.0,0,81,0.0,0.0,10000
GCR_H,min,1,56.23413251903491,3.0,0,82,0.0,0.0,10000
GCR_H,min,1,56.23413251903491,3.0,0,83,0.0,0.0,10000
GCR_H,min,1,56.23413251903491,3.0,0,84,0.0,0.0,10000
GCR_H,min,1,56.23413251903491,3.0,0,85,0.0,0.0,10000
GCR_H,min,1,56.23413251903491,3.0,0,86,0.0,0.0,10000
GCR_H,min,1,56.23413251903491,3.0,0,87,0.0,0.0,10000
GCR_H,min,1,56.23413251903491,3.0,0,88,0.0,0.0,10000
GCR_H,min,1,56.23413251903491,3.0,0,89,0.0,0.0,10000
GCR_H,min,1,56.23413251903491,3.0,0,90,0.0,0.0,10000
GCR_H,min,1,56.23413251903491,3.0,0,91,0.0,0.0,10000
GCR_H,min,1,56.23413251903491,3.0,0,92,0.0,0.0,10000
GCR_H,min,1,56.23413251903491,3.0,0,93,0.0,0.0,10000
GCR_H,min,1,56.23413251903491,3.0,0,94,0.0,0.0,10000
GCR_H,min,1,56.23413251903491,3.0,0,95,0.0,0.0,10000
GCR_H,min,1,56.23413251903491,3.0,0,96,0.0,0.0,10000
GCR_H,min,1,56.23413251903491,3.0,0,97,0.0,0.0,10000
GCR_H,min,1,56.23413251903491,3.0,0,98,0.0,0.0,10000
GCR_H,min,1,56.23413251903491,3.0,0,99,0.0,0.0,10000
GCR_H,min,1,56.23413251903491,3.0,0,100,0.0,0.0,10000
GCR_H,min,1,56.23413251903491,3.0,0,101,0.0,0.0,10000
GCR_H,min,1,56.23413251903491,3.0,0,102,0.0,0.0,10000
GCR_H,min,1,56.23413251903491,3.0,0,103,0.0,0.0,10000
GCR_H,min,1,56.23413251903491,3.0,0,104,0.0,0.0,10000
GCR_H,min,1,56.23413251903491,3.0,0,105,0.0,0.0,10000
GCR_H,min,1,56.23413251903491,3.0,0,106,0.0,0.0,10000
GCR_H,min,1,56.23413251903491,3.0,0,107,0.0,0.0,10000
GCR_H,min,1,56.23413251903491,3.0,0,108,0.0,0.0,10000
GCR_H,min,1,56.23413251903491,3.0,0,109,0.0,0.0,10000
GCR_H,min,1,56.23413251903491,3.0,0,110,0.0,0.0,10000
GCR_H,min,1,56.23413251903491,3.0,0,111,0.0,0.0,10000
GCR_H,min,1,56.23413251903491,3.0,0,112,0.0,0.0,10000
GCR_H,min,1,56.23413251903491,3.0,0,113,0.0,0.0,10000
GCR_H,min,1,56.23413251903491,3.0,0,114,0.0,0.0,10000
GCR_H,min,1,56.23413251903491,3.0,0,115,0.0,0.0,10000
GCR_H,min,1,56.23413251903491,3.0,0,116,0.0,0.0,10000
GCR_H,min,1,56.23413251903491,3.0,0,117,0.0,0.0,10000
GCR_H,min,1,56.23413251903491,3.0,0,118,0.0,0.0,10000
GCR_H,min,1,56.23413251903491,3.0,0,119,0.0,0.0,10000
GCR_H,min,1,56.23413251903491,3.0,0,120,0.0,0.0,10000
GCR_H,min,1,56.23413251903491,3.0,0,121,0.0,0.0,10000
GCR_H,min,1,56.23413251903491,3.0,0,122,0.0,0.0,10000
GCR_H,min,1,56.23413251903491,3.0,0,123,0.0,0.0,10000
GCR_H,min,1,56.23413251903491,3.0,0,124,0.0,0.0,10000
GCR_H,min,1,56.23413251903491,3.0,0,125,0.0,0.0,10000
GCR_H,min,1,56.23413251903491,3.0,0,126,0.0,0.0,10000
GCR_H,min,1,56.23413251903491,3.0,0,127,0.0,0.0,10000
GCR_H,min,1,56.23413251903491,3.0,0,128,0.0,0.0,10000
GCR_H,min,1,56.23413251903491,3.0,0,129,0.0,0.0,10000
GCR_H,min,1,56.23413251903491,3.0,0,130,0.0,0.0,10000
GCR_H,min,1,56.23413251903491,3.0,0,131,0.0,0.0,10000
GCR_H,min,1,56.23413251903491,3.0,0,132,0.0,0.0,10000
GCR_H,min,1,56.23413251903491,3.0,0,133,0.0,0.0,10000
GCR_H,min,1,56.23413251903491,3.0,0,134,0.0,0.0,10000
GCR_H,min,1,56.23413251903491,3.0,0,135,0.0,0.0,10000
GCR_H,min,1,56.23413251903491,3.0,0,136,0.0,0.0,10000
GCR_H,min,1,56.23413251903491,3.0,0,137,0.0,0.0,10000
GCR_H,min,1,56.23413251903491,3.0,0,138,0.0,0.0,10000
GCR_H,min,1,56.23413251903491,3.0,0,139,0.0,0.0,10000
GCR_H,min,1,56.23413251903491,3.0,0,140,0.0,0.0,10000
GCR_H,min,1,56.23413251903491,3.0,0,141,0.0,0.0,10000
GCR_H,min,1,56.23413251903491,4.0,0,0,0.0,0.0,10000
GCR_H,min,1,56.23413251903491,4.0,0,1,0.0,0.0,10000
GCR_H,min,1,56.23413251903491,4.0,0,2,0.0,0.0,10000
GCR_H,min,1,56.23413251903491,4.0,0,3,0.0,0.0,10000
GCR_H,min,1,56.23413251903491,4.0,0,4,0.0,0.0,10000
GCR_H,min,1,56.23413251903491,4.0,0,5,0.0,0.0,10000
GCR_H,min,1,56.23413251903491,4.0,0,6,0.0,0.0,10000
GCR_H,min,1,56.23413251903491,4.0,0,7,0.0,0.0,10000
GCR_H,min,1,56.23413251903491,4.0,0,8,0.0,0.0,10000
GCR_H,min,1,56.23413251903491,4.0,0,9,0.0,0.0,10000
GCR_H,min,1,56.23413251903491,4.0,0,10,0.0,0.0,10000
GCR_H,min,1,56.23413251903491,4.0,0,11,0.0,0.0,10000
GCR_H,min,1,56.23413251903491,4.0,0,12,0.0,0.0,10000
GCR_H,min,1,56.23413251903491,4.0,0,13,0.0,0.0,10000
GCR_H,min,1,56.23413251903491,4.0,0,14,0.0,0.0,10000
GCR_H,min,1,56.23413251903491,4.0,0,15,0.0,0.0,10000
GCR_H,min,1,56.23413251903491,4.0,0,16,0.0,0.0,10000
GCR_H,min,1,56.23413251903491,4.0,0,17,0.0,0.0,10000
GCR_H,min,1,56.23413251903491,4.0,0,18,0.0,0.0,10000
GCR_H,min,1,56.23413251903491,4.0,0,19,0.0,0.0,10000
GCR_H,min,1,56.23413251903491,4.0,0,20,0.0,0.0,10000
GCR_H,min,1,56.23413251903491,4.0,0,21,0.0,0.0,10000
GCR_H,min,1,56.23413251903491,4.0,0,22,0.0,0.0,10000
GCR_H,min,1,56.23413251903491,4.0,0,23,0.0,0.0,10000
GCR_H,min,1,56.23413251903491,4.0,0,24,0.0,0.0,10000
GCR_H,min,1,56.23413251903491,4.0,0,25,0.0,0.0,10000
GCR_H,min,1,56.23413251903491,4.0,0,26,0.0,0.0,10000
GCR_H,min,1,56.23413251903491,4.0,0,27,0.0,0.0,10000
GCR_H,min,1,56.23413251903491,4.0,0,28,0.0,0.0,10000
GCR_H,min,1,56.23413251903491,4.0,0,29,0.0,0.0,10000
GCR_H,min,1,56.23413251903491,4.0,0,30,0.0,0.0,10000
GCR_H,min,1,56.23413251903491,4.0,0,31,0.0,0.0,10000
GCR_H,min,1,56.23413251903491,4.0,0,32,0.0,0.0,10000
GCR_H,min,1,56.23413251903491,4.0,0,33,0.0,0.0,10000
GCR_H,min,1,56.23413251903491,4.0,0,34,0.0,0.0,10000
GCR_H,min,1,56.23413251903491,4.0,0,35,0.0,0.0,10000
GCR_H,min,1,56.23413251903491,4.0,0,36,0.0,0.0,10000
GCR_H,min,1,56.23413251903491,4.0,0,37,0.0,0.0,10000
GCR_H,min,1,56.23413251903491,4.0,0,38,0.0,0.0,10000
GCR_H,min,1,56.23413251903491,4.0,0,39,0.0,0.0,10000
GCR_H,min,1,56.23413251903491,4.0,0,40,0.0,0.0,10000
GCR_H,min,1,56.23413251903491,4.0,0,41,0.0,0.0,10000
GCR_H,min,1,56.23413251903491,4.0,0,42,0.0,0.0,10000
GCR_H,min,1,56.23413251903491,4.0,0,43,0.0,0.0,10000
GCR_H,min,1,56.23413251903491,4.0,0,44,0.0,0.0,10000
GCR_H,min,1,56.23413251903491,4.0,0,45,0.0,0.0,10000
GCR_H,min,1,56.23413251903491,4.0,0,46,0.0,0.0,10000
GCR_H,min,1,56.23413251903491,4.0,0,47,0.0,0.0,10000
GCR_H,min,1,56.23413251903491,4.0,0,48,0.0,0.0,10000
GCR_H,min,1,56.23413251903491,4.0,0,49,0.0,0.0,10000
GCR_H,min,1,56.23413251903491,4.0,0,50,0.0,0.0,10000
GCR_H,min,1,56.23413251903491,4.0,0,51,0.0,0.0,10000
GCR_H,min,1,56.23413251903491,4.0,0,52,0.0,0.0,10000
GCR_H,min,1,56.23413251903491,4.0,0,53,0.0,0.0,10000
GCR_H,min,1,56.23413251903491,4.0,0,54,0.0,0.0,10000
GCR_H,min,1,56.23413251903491,4.0,0,55,0.0,0.0,10000
GCR_H,min,1,56.23413251903491,4.0,0,56,0.0,0.0,10000
GCR_H,min,1,56.23413251903491,4.0,0,57,0.0,0.0,10000
GCR_H,min,1,56.23413251903491,4.0,0,58,0.0,0.0,10000
GCR_H,min,1,56.23413251903491,4.0,0,59,0.0,0.0,10000
GCR_H,min,1,56.23413251903491,4.0,0,60,0.0,0.0,10000
GCR_H,min,1,56.23413251903491,4.0,0,61,0.0,0.0,10000
GCR_H,min,1,56.23413251903491,4.0,0,62,0.0,0.0,10000
GCR_H,min,1,56.23413251903491,4.0,0,63,0.0,0.0,10000
GCR_H,min,1,56.23413251903491,4.0,0,64,0.0,0.0,10000
GCR_H,min,1,56.23413251903491,4.0,0,65,0.0,0.0,10000
GCR_H,min,1,56.23413251903491,4.0,0,66,0.0,0.0,10000
GCR_H,min,1,56.23413251903491,4.0,0,67,0.0,0.0,10000
GCR_H,min,1,56.23413251903491,4.0,0,68,0.0,0.0,10000
GCR_H,min,1,56.23413251903491,4.0,0,69,0.0,0.0,10000
GCR_H,min,1,56.23413251903491,4.0,0,70,0.0,0.0,10000
GCR_H,min,1,56.23413251903491,4.0,0,71,0.0,0.0,10000
GCR_H,min,1,56.23413251903491,4.0,0,72,0.0,0.0,10000
GCR_H,min,1,56.23413251903491,4.0,0,73,0.0,0.0,10000
GCR_H,min,1,56.23413251903491,4.0,0,74,0.0,0.0,10000
GCR_H,min,1,56.23413251903491,4.0,0,75,0.0,0.0,10000
GCR_H,min,1,56.23413251903491,4.0,0,76,0.0,0.0,10000
GCR_H,min,1,56.23413251903491,4.0,0,77,0.0,0.0,10000
GCR_H,min,1,56.23413251903491,4.0,0,78,0.0,0.0,10000
GCR_H,min,1,56.23413251903491,4.0,0,79,0.0,0.0,10000
GCR_H,min,1,56.23413251903491,4.0,0,80,0.0,0.0,10000
GCR_H,min,1,56.23413251903491,4.0,0,81,0.0,0.0,10000
GCR_H,min,1,56.23413251903491,4.0,0,82,0.0,0.0,10000
GCR_H,min,1,56.23413251903491,4.0,0,83,0.0,0.0,10000
GCR_H,min,1,56.23413251903491,4.0,0,84,0.0,0.0,10000
GCR_H,min,1,56.23413251903491,4.0,0,85,0.0,0.0,10000
GCR_H,min,1,56.23413251903491,4.0,0,86,0.0,0.0,10000
GCR_H,min,1,56.23413251903491,4.0,0,87,0.0,0.0,10000
GCR_H,min,1,56.23413251903491,4.0,0,88,0.0,0.0,10000
GCR_H,min,1,56.23413251903491,4.0,0,89,0.0,0.0,10000
GCR_H,min,1,56.23413251903491,4.0,0,90,0.0,0.0,10000
GCR_H,min,1,56.23413251903491,4.0,0,91,0.0,0.0,10000
GCR_H,min,1,56.23413251903491,4.0,0,92,0.0,0.0,10000
GCR_H,min,1,56.23413251903491,4.0,0,93,0.0,0.0,10000
GCR_H,min,1,56.23413251903491,4.0,0,94,0.0,0.0,10000
GCR_H,min,1,56.23413251903491,4.0,0,95,0.0,0.0,10000
GCR_H,min,1,56.23413251903491,4.0,0,96,0.0,0.0,10000
GCR_H,min,1,56.23413251903491,4.0,0,97,0.0,0.0,10000
GCR_H,min,1,56.23413251903491,4.0,0,98,0.0,0.0,10000
GCR_H,min,1,56.23413251903491,4.0,0,99,0.0,0.0,10000
GCR_H,min,1,56.23413251903491,4.0,0,100,0.0,0.0,10000
GCR_H,min,1,56.23413251903491,4.0,0,101,0.0,0.0,10000
GCR_H,min,1,56.23413251903491,4.0,0,102,0.0,0.0,10000
GCR_H,min,1,56.23413251903491,4.0,0,103,0.0,0.0,10000
GCR_H,min,1,56.23413251903491,4.0,0,104,0.0,0.0,10000
GCR_H,min,1,56.23413251903491,4.0,0,105,0.0,0.0,10000
GCR_H,min,1,56.23413251903491,4.0,0,106,0.0,0.0,10000
GCR_H,min,1,56.23413251903491,4.0,0,107,0.0,0.0,10000
GCR_H,min,1,56.23413251903491,4.0,0,108,0.0,0.0,10000
GCR_H,min,1,56.23413251903491,4.0,0,109,0.0,0.0,10000
GCR_H,min,1,56.23413251903491,4.0,0,110,0.0,0.0,10000
GCR_H,min,1,56.23413251903491,4.0,0,111,0.0,0.0,10000
GCR_H,min,1,56.23413251903491,4.0,0,112,0.0,0.0,10000
GCR_H,min,1,56.23413251903491,4.0,0,113,0.0,0.0,10000
GCR_H,min,1,56.23413251903491,4.0,0,114,0.0,0.0,10000
GCR_H,min,1,56.23413251903491,4.0,0,115,0.0,0.0,10000
GCR_H,min,1,56.23413251903491,4.0,0,116,0.0,0.0,10000
GCR_H,min,1,56.23413251903491,4.0,0,117,0.0,0.0,10000
GCR_H,min,1,56.23413251903491,4.0,0,118,0.0,0.0,10000
GCR_H,min,1,56.23413251903491,4.0,0,119,0.0,0.0,10000
GCR_H,min,1,56.23413251903491,4.0,0,120,0.0,0.0,10000
GCR_H,min,1,56.23413251903491,4.0,0,121,0.0,0.0,10000
GCR_H,min,1,56.23413251903491,4.0,0,122,0.0,0.0,10000
GCR_H,min,1,56.23413251903491,4.0,0,123,0.0,0.0,10000
GCR_H,min,1,56.23413251903491,4.0,0,124,0.0,0.0,10000
GCR_H,min,1,56.23413251903491,4.0,0,125,0.0,0.0,10000
GCR_H,min,1,56.23413251903491,4.0,0,126,0.0,0.0,10000
GCR_H,min,1,56.23413251903491,4.0,0,127,0.0,0.0,10000
GCR_H,min,1,56.23413251903491,4.0,0,128,0.0,0.0,10000
GCR_H,min,1,56.23413251903491,4.0,0,129,0.0,0.0,10000
GCR_H,min,1,56.23413251903491,4.0,0,130,0.0,0.0,10000
GCR_H,min,1,56.23413251903491,4.0,0,131,0.0,0.0,10000
GCR_H,min,1,56.23413251903491,4.0,0,132,0.0,0.0,10000
GCR_H,min,1,56.23413251903491,4.0,0,133,0.0,0.0,10000
GCR_H,min,1,56.23413251903491,4.0,0,134,0.0,0.0,10000
GCR_H,min,1,56.23413251903491,4.0,0,135,0.0,0.0,10000
GCR_H,min,1,56.23413251903491,4.0,0,136,0.0,0.0,10000
GCR_H,min,1,56.23413251903491,4.0,0,137,0.0,0.0,10000
GCR_H,min,1,56.23413251903491,4.0,0,138,0.0,0.0,10000
GCR_H,min,1,56.23413251903491,4.0,0,139,0.0,0.0,10000
GCR_H,min,1,56.23413251903491,4.0,0,140,0.0,0.0,10000
GCR_H,min,1,56.23413251903491,4.0,0,141,0.0,0.0,10000
GCR_H,min,2,177.82794100389228,2.0,0,0,1.80943e-09,0.0,10000
GCR_H,min,2,177.82794100389228,2.0,0,1,0.0,0.0,10000
GCR_H,min,2,177.82794100389228,2.0,0,2,0.0,0.0,10000
GCR_H,min,2,177.82794100389228,2.0,0,3,0.0,0.0,10000
GCR_H,min,2,177.82794100389228,2.0,0,4,0.0,0.0,10000
GCR_H,min,2,177.82794100389228,2.0,0,5,0.0,0.0,10000
GCR_H,min,2,177.82794100389228,2.0,0,6,0.0,0.0,10000
GCR_H,min,2,177.82794100389228,2.0,0,7,6.70002e-16,6.69333e-14,10000
GCR_H,min,2,177.82794100389228,2.0,0,8,5.12667e-16,7.73137e-15,10000
GCR_H,min,2,177.82794100389228,2.0,0,9,0.0,0.0,10000
GCR_H,min,2,177.82794100389228,2.0,0,10,3.80058e-15,1.39763e-14,10000
GCR_H,min,2,177.82794100389228,2.0,0,11,0.0,0.0,10000
GCR_H,min,2,177.82794100389228,2.0,0,12,0.0,0.0,10000
GCR_H,min,2,177.82794100389228,2.0,0,13,1.45236e-15,1.07375e-14,10000
GCR_H,min,2,177.82794100389228,2.0,0,14,6.10862e-16,3.30446e-15,10000
GCR_H,min,2,177.82794100389228,2.0,0,15,4.72175e-16,1.41032e-14,10000
GCR_H,min,2,177.82794100389228,2.0,0,16,4.75587e-16,3.71466e-15,10000
GCR_H,min,2,177.82794100389228,2.0,0,17,0.0,0.0,10000
GCR_H,min,2,177.82794100389228,2.0,0,18,2.52237e-15,6.79334e-14,10000
GCR_H,min,2,177.82794100389228,2.0,0,19,0.0,0.0,10000
GCR_H,min,2,177.82794100389228,2.0,0,20,0.0,0.0,10000
GCR_H,min,2,177.82794100389228,2.0,0,21,0.0,0.0,10000
GCR_H,min,2,177.82794100389228,2.0,0,22,2.66506e-16,1.48273e-15,10000
GCR_H,min,2,177.82794100389228,2.0,0,23,4.46284e-16,3.1971e-15,10000
GCR_H,min,2,177.82794100389228,2.0,0,24,8.32966e-16,1.74334e-14,10000
GCR_H,min,2,177.82794100389228,2.0,0,25,1.24385e-17,2.34424e-16,10000
GCR_H,min,2,177.82794100389228,2.0,0,26,3.41531e-16,6.06789e-16,10000
GCR_H,min,2,177.82794100389228,2.0,0,27,3.79304e-15,8.40918e-15,10000
GCR_H,min,2,177.82794100389228,2.0,0,28,0.0,0.0,10000
GCR_H,min,2,177.82794100389228,2.0,0,29,0.0,0.0,10000
GCR_H,min,2,177.82794100389228,2.0,0,30,0.0,0.0,10000
GCR_H,min,2,177.82794100389228,2.0,0,31,0.0,0.0,10000
GCR_H,min,2,177.82794100389228,2.0,0,32,0.0,0.0,10000
GCR_H,min,2,177.82794100389228,2.0,0,33,0.0,0.0,10000
GCR_H,min,2,177.82794100389228,2.0,0,34,1.18216e-15,2.22481e-15,10000
GCR_H,min,2,177.82794100389228,2.0,0,35,6.78115e-16,9.29714e-16,10000
GCR_H,min,2,177.82794100389228,2.0,0,36,0.0,0.0,10000
GCR_H,min,2,177.82794100389228,2.0,0,37,1.70395e-16,7.32694e-16,10000
GCR_H,min,2,177.82794100389228,2.0,0,38,1.15595e-15,2.27648e-15,10000
GCR_H,min,2,177.82794100389228,2.0,0,39,0.0,0.0,10000
GCR_H,min,2,177.82794100389228,2.0,0,40,0.0,0.0,10000
GCR_H,min,2,177.82794100389228,2.0,0,41,0.0,0.0,10000
GCR_H,min,2,177.82794100389228,2.0,0,42,0.0,0.0,10000
GCR_H,min,2,177.82794100389228,2.0,0,43,7.04409e-16,1.92904e-15,10000
GCR_H,min,2,177.82794100389228,2.0,0,44,2.257e-15,4.33988e-15,10000
GCR_H,min,2,177.82794100389228,2.0,0,45,0.0,0.0,10000
GCR_H,min,2,177.82794100389228,2.0,0,46,0.0,0.0,10000
GCR_H,min,2,177.82794100389228,2.0,0,47,0.0,0.0,10000
GCR_H,min,2,177.82794100389228,2.0,0,48,0.0,0.0,10000
GCR_H,min,2,177.82794100389228,2.0,0,49,8.06003e-16,2.81249e-15,10000
GCR_H,min,2,177.82794100389228,2.0,0,50,7.3002e-15,2.17695e-14,10000
GCR_H,min,2,177.82794100389228,2.0,0,51,0.0,0.0,10000
GCR_H,min,2,177.82794100389228,2.0,0,52,0.0,0.0,10000
GCR_H,min,2,177.82794100389228,2.0,0,53,0.0,0.0,10000
GCR_H,min,2,177.82794100389228,2.0,0,54,0.0,0.0,10000
GCR_H,min,2,177.82794100389228,2.0,0,55,3.11333e-16,3.14796e-14,10000
GCR_H,min,2,177.82794100389228,2.0,0,56,3.31831e-16,5.89293e-15,10000
GCR_H,min,2,177.82794100389228,2.0,0,57,0.0,0.0,10000
GCR_H,min,2,177.82794100389228,2.0,0,58,0.0,0.0,10000
GCR_H,min,2,177.82794100389228,2.0,0,59,0.0,0.0,10000
GCR_H,min,2,177.82794100389228,2.0,0,60,0.0,0.0,10000
GCR_H,min,2,177.82794100389228,2.0,0,61,1.022e-14,7.04825e-15,10000
GCR_H,min,2,177.82794100389228,2.0,0,62,0.0,0.0,10000
GCR_H,min,2,177.82794100389228,2.0,0,63,0.0,0.0,10000
GCR_H,min,2,177.82794100389228,2.0,0,64,0.0,0.0,10000
GCR_H,min,2,177.82794100389228,2.0,0,65,0.0,0.0,10000
GCR_H,min,2,177.82794100389228,2.0,0,66,0.0,0.0,10000
GCR_H,min,2,177.82794100389228,2.0,0,67,0.0,0.0,10000
GCR_H,min,2,177.82794100389228,2.0,0,68,0.0,0.0,10000
GCR_H,min,2,177.82794100389228,2.0,0,69,0.0,0.0,10000
GCR_H,min,2,177.82794100389228,2.0,0,70,0.0,0.0,10000
GCR_H,min,2,177.82794100389228,2.0,0,71,0.0,0.0,10000
GCR_H,min,2,177.82794100389228,2.0,0,72,1.43103e-15,9.54086e-15,10000
GCR_H,min,2,177.82794100389228,2.0,0,73,7.76536e-16,3.10602e-15,10000
GCR_H,min,2,177.82794100389228,2.0,0,74,0.0,0.0,10000
GCR_H,min,2,177.82794100389228,2.0,0,75,0.0,0.0,10000
GCR_H,min,2,177.82794100389228,2.0,0,76,0.0,0.0,10000
GCR_H,min,2,177.82794100389228,2.0,0,77,0.0,0.0,10000
GCR_H,min,2,177.82794100389228,2.0,0,78,0.0,0.0,10000
GCR_H,min,2,177.82794100389228,2.0,0,79,0.0,0.0,10000
GCR_H,min,2,177.82794100389228,2.0,0,80,0.0,0.0,10000
GCR_H,min,2,177.82794100389228,2.0,0,81,0.0,0.0,10000
GCR_H,min,2,177.82794100389228,2.0,0,82,0.0,0.0,10000
GCR_H,min,2,177.82794100389228,2.0,0,83,0.0,0.0,10000
GCR_H,min,2,177.82794100389228,2.0,0,84,0.0,0.0,10000
GCR_H,min,2,177.82794100389228,2.0,0,85,0.0,0.0,10000
GCR_H,min,2,177.82794100389228,2.0,0,86,0.0,0.0,10000
GCR_H,min,2,177.82794100389228,2.0,0,87,2.71725e-15,8.23458e-15,10000
GCR_H,min,2,177.82794100389228,2.0,0,88,6.74041e-15,1.32162e-14,10000
GCR_H,min,2,177.82794100389228,2.0,0,89,0.0,0.0,10000
GCR_H,min,2,177.82794100389228,2.0,0,90,0.0,0.0,10000
GCR_H,min,2,177.82794100389228,2.0,0,91,0.0,0.0,10000
GCR_H,min,2,177.82794100389228,2.0,0,92,1.09728e-17,9.98253e-17,10000
GCR_H,min,2,177.82794100389228,2.0,0,93,0.0,0.0,10000
GCR_H,min,2,177.82794100389228,2.0,0,94,0.0,0.0,10000
GCR_H,min,2,177.82794100389228,2.0,0,95,3.49392e-15,1.94106e-15,10000
GCR_H,min,2,177.82794100389228,2.0,0,96,1.67565e-15,2.12081e-14,10000
GCR_H,min,2,177.82794100389228,2.0,0,97,2.20822e-14,4.62222e-14,10000
GCR_H,min,2,177.82794100389228,2.0,0,98,1.30991e-15,1.83101e-14,10000
GCR_H,min,2,177.82794100389228,2.0,0,99,4.20559e-15,7.25002e-15,10000
GCR_H,min,2,177.82794100389228,2.0,0,100,0.0,0.0,10000
GCR_H,min,2,177.82794100389228,2.0,0,101,0.0,0.0,10000
GCR_H,min,2,177.82794100389228,2.0,0,102,0.0,0.0,10000
GCR_H,min,2,177.82794100389228,2.0,0,103,2.2026e-16,2.10977e-15,10000
GCR_H,min,2,177.82794100389228,2.0,0,104,5.78056e-17,7.38258e-15,10000
GCR_H,min,2,177.82794100389228,2.0,0,105,0.0,0.0,10000
GCR_H,min,2,177.82794100389228,2.0,0,106,1.3709e-15,1.12571e-15,10000
GCR_H,min,2,177.82794100389228,2.0,0,107,7.23112e-14,4.81855e-15,10000
GCR_H,min,2,177.82794100389228,2.0,0,108,3.02605e-15,1.10017e-15,10000
GCR_H,min,2,177.82794100389228,2.0,0,109,2.21897e-14,2.21344e-15,10000
GCR_H,min,2,177.82794100389228,2.0,0,110,7.40415e-16,1.85057e-14,10000
GCR_H,min,2,177.82794100389228,2.0,0,111,0.0,0.0,10000
GCR_H,min,2,177.82794100389228,2.0,0,112,0.0,0.0,10000
GCR_H,min,2,177.82794100389228,2.0,0,113,0.0,0.0,10000
GCR_H,min,2,177.82794100389228,2.0,0,114,0.0,0.0,10000
GCR_H,min,2,177.82794100389228,2.0,0,115,0.0,0.0,10000
GCR_H,min,2,177.82794100389228,2.0,0,116,5.15037e-15,4.91208e-15,10000
GCR_H,min,2,177.82794100389228,2.0,0,117,1.02384e-13,8.27677e-15,10000
GCR_H,min,2,177.82794100389228,2.0,0,118,1.72145e-14,1.04745e-14,10000
GCR_H,min,2,177.82794100389228,2.0,0,119,1.98864e-14,3.68507e-15,10000
GCR_H,min,2,177.82794100389228,2.0,0,120,0.0,0.0,10000
GCR_H,min,2,177.82794100389228,2.0,0,121,0.0,0.0,10000
GCR_H,min,2,177.82794100389228,2.0,0,122,1.08871e-15,3.7369e-15,10000
GCR_H,min,2,177.82794100389228,2.0,0,123,1.23088e-14,8.4007e-15,10000
GCR_H,min,2,177.82794100389228,2.0,0,124,1.4347e-14,2.24512e-14,10000
GCR_H,min,2,177.82794100389228,2.0,0,125,3.08626e-14,2.31626e-14,10000
GCR_H,min,2,177.82794100389228,2.0,0,126,0.0,0.0,10000
GCR_H,min,2,177.82794100389228,2.0,0,127,0.0,0.0,10000
GCR_H,min,2,177.82794100389228,2.0,0,128,0.0,0.0,10000
GCR_H,min,2,177.82794100389228,2.0,0,129,0.0,0.0,10000
GCR_H,min,2,177.82794100389228,2.0,0,130,0.0,0.0,10000
GCR_H,min,2,177.82794100389228,2.0,0,131,1.95349e-15,7.81709e-14,10000
GCR_H,min,2,177.82794100389228,2.0,0,132,2.1898e-15,1.09545e-13,10000
GCR_H,min,2,177.82794100389228,2.0,0,133,0.0,0.0,10000
GCR_H,min,2,177.82794100389228,2.0,0,134,0.0,0.0,10000
GCR_H,min,2,177.82794100389228,2.0,0,135,0.0,0.0,10000
GCR_H,min,2,177.82794100389228,2.0,0,136,0.0,0.0,10000
GCR_H,min,2,177.82794100389228,2.0,0,137,0.0,0.0,10000
GCR_H,min,2,177.82794100389228,2.0,0,138,0.0,0.0,10000
GCR_H,min,2,177.82794100389228,2.0,0,139,0.0,0.0,10000
GCR_H,min,2,177.82794100389228,2.0,0,140,2.86103e-16,1.43052e-12,10000
GCR_H,min,2,177.82794100389228,2.0,0,141,8.10716e-16,5.25415e-15,10000
GCR_H,min,2,177.82794100389228,3.0,0,0,4.1788e-09,0.0,10000
GCR_H,min,2,177.82794100389228,3.0,0,1,0.0,0.0,10000
GCR_H,min,2,177.82794100389228,3.0,0,2,0.0,0.0,10000
GCR_H,min,2,177.82794100389228,3.0,0,3,0.0,0.0,10000
GCR_H,min,2,177.82794100389228,3.0,0,4,0.0,0.0,10000
GCR_H,min,2,177.82794100389228,3.0,0,5,1.52505e-16,4.96274e-15,10000
GCR_H,min,2,177.82794100389228,3.0,0,6,2.44665e-17,4.79735e-15,10000
GCR_H,min,2,177.82794100389228,3.0,0,7,0.0,0.0,10000
GCR_H,min,2,177.82794100389228,3.0,0,8,3.7105e-16,5.59569e-15,10000
GCR_H,min,2,177.82794100389228,3.0,0,9,0.0,0.0,10000
GCR_H,min,2,177.82794100389228,3.0,0,10,8.03839e-16,2.95605e-15,10000
GCR_H,min,2,177.82794100389228,3.0,0,11,0.0,0.0,10000
GCR_H,min,2,177.82794100389228,3.0,0,12,3.97939e-16,4.79214e-15,10000
GCR_H,min,2,177.82794100389228,3.0,0,13,5.53787e-16,4.09424e-15,10000
GCR_H,min,2,177.82794100389228,3.0,0,14,1.55401e-14,8.40639e-14,10000
GCR_H,min,2,177.82794100389228,3.0,0,15,0.0,0.0,10000
GCR_H,min,2,177.82794100389228,3.0,0,16,0.0,0.0,10000
GCR_H,min,2,177.82794100389228,3.0,0,17,0.0,0.0,10000
GCR_H,min,2,177.82794100389228,3.0,0,18,0.0,0.0,10000
GCR_H,min,2,177.82794100389228,3.0,0,19,0.0,0.0,10000
GCR_H,min,2,177.82794100389228,3.0,0,20,0.0,0.0,10000
GCR_H,min,2,177.82794100389228,3.0,0,21,0.0,0.0,10000
GCR_H,min,2,177.82794100389228,3.0,0,22,3.07255e-16,1.70944e-15,10000
GCR_H,min,2,177.82794100389228,3.0,0,23,3.09248e-15,2.21541e-14,10000
GCR_H,min,2,177.82794100389228,3.0,0,24,0.0,0.0,10000
GCR_H,min,2,177.82794100389228,3.0,0,25,0.0,0.0,10000
GCR_H,min,2,177.82794100389228,3.0,0,26,0.0,0.0,10000
GCR_H,min,2,177.82794100389228,3.0,0,27,0.0,0.0,10000
GCR_H,min,2,177.82794100389228,3.0,0,28,2.14712e-15,8.20514e-15,10000
GCR_H,min,2,177.82794100389228,3.0,0,29,6.56195e-15,1.3901e-14,10000
GCR_H,min,2,177.82794100389228,3.0,0,30,0.0,0.0,10000
GCR_H,min,2,177.82794100389228,3.0,0,31,0.0,0.0,10000
GCR_H,min,2,177.82794100389228,3.0,0,32,0.0,0.0,10000
GCR_H,min,2,177.82794100389228,3.0,0,33,0.0,0.0,10000
GCR_H,min,2,177.82794100389228,3.0,0,34,3.4929e-16,6.57363e-16,10000
GCR_H,min,2,177.82794100389228,3.0,0,35,0.0,0.0,10000
GCR_H,min,2,177.82794100389228,3.0,0,36,7.83673e-16,9.96152e-15,10000
GCR_H,min,2,177.82794100389228,3.0,0,37,0.0,0.0,10000
GCR_H,min,2,177.82794100389228,3.0,0,38,0.0,0.0,10000
GCR_H,min,2,177.82794100389228,3.0,0,39,7.7643e-16,1.02001e-14,10000
GCR_H,min,2,177.82794100389228,3.0,0,40,1.20415e-15,1.62943e-14,10000
GCR_H,min,2,177.82794100389228,3.0,0,41,4.01811e-16,1.008e-15,10000
GCR_H,min,2,177.82794100389228,3.0,0,42,2.90347e-15,4.26241e-15,10000
GCR_H,min,2,177.82794100389228,3.0,0,43,8.51142e-17,2.33087e-16,10000
GCR_H,min,2,177.82794100389228,3.0,0,44,4.45722e-15,8.57059e-15,10000
GCR_H,min,2,177.82794100389228,3.0,0,45,7.09033e-17,3.20641e-16,10000
GCR_H,min,2,177.82794100389228,3.0,0,46,4.55171e-17,2.36809e-16,10000
GCR_H,min,2,177.82794100389228,3.0,0,47,0.0,0.0,10000
GCR_H,min,2,177.82794100389228,3.0,0,48,0.0,0.0,10000
GCR_H,min,2,177.82794100389228,3.0,0,49,2.28494e-15,7.97312e-15,10000
GCR_H,min,2,177.82794100389228,3.0,0,50,1.58277e-15,4.71991e-15,10000
GCR_H,min,2,177.82794100389228,3.0,0,51,1.71223e-15,9.19614e-15,10000
GCR_H,min,2,177.82794100389228,3.0,0,52,2.77742e-16,9.19463e-16,10000
GCR_H,min,2,177.82794100389228,3.0,0,53,3.89104e-16,3.56224e-15,10000
GCR_H,min,2,177.82794100389228,3.0,0,54,2.78578e-16,1.60554e-15,10000
GCR_H,min,2,177.82794100389228,3.0,0,55,0.0,0.0,10000
GCR_H,min,2,177.82794100389228,3.0,0,56,0.0,0.0,10000
GCR_H,min,2,177.82794100389228,3.0,0,57,0.0,0.0,10000
GCR_H,min,2,177.82794100389228,3.0,0,58,2.2291e-16,2.51392e-15,10000
GCR_H,min,2,177.82794100389228,3.0,0,59,2.10397e-16,3.56001e-14,10000
GCR_H,min,2,177.82794100389228,3.0,0,60,0.0,0.0,10000
GCR_H,min,2,177.82794100389228,3.0,0,61,0.0,0.0,10000
GCR_H,min,2,177.82794100389228,3.0,0,62,0.0,0.0,10000
GCR_H,min,2,177.82794100389228,3.0,0,63,0.0,0.0,10000
GCR_H,min,2,177.82794100389228,3.0,0,64,1.6928e-15,2.25707e-13,10000
GCR_H,min,2,177.82794100389228,3.0,0,65,4.98022e-15,9.9804e-13,10000
GCR_H,min,2,177.82794100389228,3.0,0,66,0.0,0.0,10000
GCR_H,min,2,177.82794100389228,3.0,0,67,0.0,0.0,10000
GCR_H,min,2,177.82794100389228,3.0,0,68,0.0,0.0,10000
GCR_H,min,2,177.82794100389228,3.0,0,69,0.0,0.0,10000
GCR_H,min,2,177.82794100389228,3.0,0,70,0.0,0.0,10000
GCR_H,min,2,177.82794100389228,3.0,0,71,0.0,0.0,10000
GCR_H,min,2,177.82794100389228,3.0,0,72,0.0,0.0,10000
GCR_H,min,2,177.82794100389228,3.0,0,73,0.0,0.0,10000
GCR_H,min,2,177.82794100389228,3.0,0,74,4.74506e-15,7.30009e-15,10000
GCR_H,min,2,177.82794100389228,3.0,0,75,0.0,0.0,10000
GCR_H,min,2,177.82794100389228,3.0,0,76,0.0,0.0,10000
GCR_H,min,2,177.82794100389228,3.0,0,77,0.0,0.0,10000
GCR_H,min,2,177.82794100389228,3.0,0,78,0.0,0.0,10000
GCR_H,min,2,177.82794100389228,3.0,0,79,0.0,0.0,10000
GCR_H,min,2,177.82794100389228,3.0,0,80,0.0,0.0,10000
GCR_H,min,2,177.82794100389228,3.0,0,81,0.0,0.0,10000
GCR_H,min,2,177.82794100389228,3.0,0,82,0.0,0.0,10000
GCR_H,min,2,177.82794100389228,3.0,0,83,0.0,0.0,10000
GCR_H,min,2,177.82794100389228,3.0,0,84,2.66967e-16,6.6725e-15,10000
GCR_H,min,2,177.82794100389228,3.0,0,85,5.12379e-16,6.83446e-15,10000
GCR_H,min,2,177.82794100389228,3.0,0,86,0.0,0.0,10000
GCR_H,min,2,177.82794100389228,3.0,0,87,3.22804e-15,9.78252e-15,10000
GCR_H,min,2,177.82794100389228,3.0,0,88,1.51684e-14,2.97414e-14,10000
GCR_H,min,2,177.82794100389228,3.0,0,89,0.0,0.0,10000
GCR_H,min,2,177.82794100389228,3.0,0,90,0.0,0.0,10000
GCR_H,min,2,177.82794100389228,3.0,0,91,0.0,0.0,10000
GCR_H,min,2,177.82794100389228,3.0,0,92,0.0,0.0,10000
GCR_H,min,2,177.82794100389228,3.0,0,93,0.0,0.0,10000
GCR_H,min,2,177.82794100389228,3.0,0,94,0.0,0.0,10000
GCR_H,min,2,177.82794100389228,3.0,0,95,3.24031e-15,1.80016e-15,10000
GCR_H,min,2,177.82794100389228,3.0,0,96,0.0,0.0,10000
GCR_H,min,2,177.82794100389228,3.0,0,97,6.99245e-15,1.46365e-14,10000
GCR_H,min,2,177.82794100389228,3.0,0,98,8.89796e-16,1.24377e-14,10000
GCR_H,min,2,177.82794100389228,3.0,0,99,2.16812e-14,3.73762e-14,10000
GCR_H,min,2,177.82794100389228,3.0,0,100,0.0,0.0,10000
GCR_H,min,2,177.82794100389228,3.0,0,101,0.0,0.0,10000
GCR_H,min,2,177.82794100389228,3.0,0,102,0.0,0.0,10000
GCR_H,min,2,177.82794100389228,3.0,0,103,1.7339e-16,1.66083e-15,10000
GCR_H,min,2,177.82794100389228,3.0,0,104,0.0,0.0,10000
GCR_H,min,2,177.82794100389228,3.0,0,105,0.0,0.0,10000
GCR_H,min,2,177.82794100389228,3.0,0,106,9.29887e-16,7.63573e-16,10000
GCR_H,min,2,177.82794100389228,3.0,0,107,1.4711e-13,9.80291e-15,10000
GCR_H,min,2,177.82794100389228,3.0,0,108,8.75707e-15,3.18378e-15,10000
GCR_H,min,2,177.82794100389228,3.0,0,109,1.37522e-14,1.37179e-15,10000
GCR_H,min,2,177.82794100389228,3.0,0,110,0.0,0.0,10000
GCR_H,min,2,177.82794100389228,3.0,0,111,0.0,0.0,10000
GCR_H,min,2,177.82794100389228,3.0,0,112,0.0,0.0,10000
GCR_H,min,2,177.82794100389228,3.0,0,113,0.0,0.0,10000
GCR_H,min,2,177.82794100389228,3.0,0,114,0.0,0.0,10000
GCR_H,min,2,177.82794100389228,3.0,0,115,0.0,0.0,10000
GCR_H,min,2,177.82794100389228,3.0,0,116,1.04602e-15,9.9763e-16,10000
GCR_H,min,2,177.82794100389228,3.0,0,117,1.20145e-13,9.71259e-15,10000
GCR_H,min,2,177.82794100389228,3.0,0,118,8.59574e-15,5.23024e-15,10000
GCR_H,min,2,177.82794100389228,3.0,0,119,2.56024e-14,4.74429e-15,10000
GCR_H,min,2,177.82794100389228,3.0,0,120,0.0,0.0,10000
GCR_H,min,2,177.82794100389228,3.0,0,121,0.0,0.0,10000
GCR_H,min,2,177.82794100389228,3.0,0,122,5.78801e-16,1.98669e-15,10000
GCR_H,min,2,177.82794100389228,3.0,0,123,1.23645e-14,8.43874e-15,10000
GCR_H,min,2,177.82794100389228,3.0,0,124,2.40936e-15,3.77034e-15,10000
GCR_H,min,2,177.82794100389228,3.0,0,125,2.62913e-15,1.97318e-15,10000
GCR_H,min,2,177.82794100389228,3.0,0,126,0.0,0.0,10000
GCR_H,min,2,177.82794100389228,3.0,0,127,0.0,0.0,10000
GCR_H,min,2,177.82794100389228,3.0,0,128,2.68779e-16,5.37129e-15,10000
GCR_H,min,2,177.82794100389228,3.0,0,129,0.0,0.0,10000
GCR_H,min,2,177.82794100389228,3.0,0,130,0.0,0.0,10000
GCR_H,min,2,177.82794100389228,3.0,0,131,0.0,0.0,10000
GCR_H,min,2,177.82794100389228,3.0,0,132,0.0,0.0,10000
GCR_H,min,2,177.82794100389228,3.0,0,133,5.11544e-16,1.2099e-14,10000
GCR_H,min,2,177.82794100389228,3.0,0,134,0.0,0.0,10000
GCR_H,min,2,177.82794100389228,3.0,0,135,0.0,0.0,10000
GCR_H,min,2,177.82794100389228,3.0,0,136,0.0,0.0,10000
GCR_H,min,2,177.82794100389228,3.0,0,137,0.0,0.0,10000
GCR_H,min,2,177.82794100389228,3.0,0,138,0.0,0.0,10000
GCR_H,min,2,177.82794100389228,3.0,0,139,0.0,0.0,10000
GCR_H,min,2,177.82794100389228,3.0,0,140,0.0,0.0,10000
GCR_H,min,2,177.82794100389228,3.0,0,141,0.0,0.0,10000
GCR_H,min,2,177.82794100389228,4.0,0,0,7.91409e-10,0.0,10000
GCR_H,min,2,177.82794100389228,4.0,0,1,0.0,0.0,10000
GCR_H,min,2,177.82794100389228,4.0,0,2,0.0,0.0,10000
GCR_H,min,2,177.82794100389228,4.0,0,3,0.0,0.0,10000
GCR_H,min,2,177.82794100389228,4.0,0,4,0.0,0.0,10000
GCR_H,min,2,177.82794100389228,4.0,0,5,0.0,0.0,10000
GCR_H,min,2,177.82794100389228,4.0,0,6,0.0,0.0,10000
GCR_H,min,2,177.82794100389228,4.0,0,7,4.68427e-16,4.67959e-14,10000
GCR_H,min,2,177.82794100389228,4.0,0,8,0.0,0.0,10000
GCR_H,min,2,177.82794100389228,4.0,0,9,0.0,0.0,10000
GCR_H,min,2,177.82794100389228,4.0,0,10,0.0,0.0,10000
GCR_H,min,2,177.82794100389228,4.0,0,11,6.27213e-17,3.9899e-15,10000
GCR_H,min,2,177.82794100389228,4.0,0,12,0.0,0.0,10000
GCR_H,min,2,177.82794100389228,4.0,0,13,1.84426e-15,1.36349e-14,10000
GCR_H,min,2,177.82794100389228,4.0,0,14,1.46468e-15,7.9232e-15,10000
GCR_H,min,2,177.82794100389228,4.0,0,15,3.66771e-16,1.09549e-14,10000
GCR_H,min,2,177.82794100389228,4.0,0,16,3.26701e-16,2.55175e-15,10000
GCR_H,min,2,177.82794100389228,4.0,0,17,0.0,0.0,10000
GCR_H,min,2,177.82794100389228,4.0,0,18,1.05214e-15,2.83367e-14,10000
GCR_H,min,2,177.82794100389228,4.0,0,19,0.0,0.0,10000
GCR_H,min,2,177.82794100389228,4.0,0,20,0.0,0.0,10000
GCR_H,min,2,177.82794100389228,4.0,0,21,0.0,0.0,10000
GCR_H,min,2,177.82794100389228,4.0,0,22,0.0,0.0,10000
GCR_H,min,2,177.82794100389228,4.0,0,23,0.0,0.0,10000
GCR_H,min,2,177.82794100389228,4.0,0,24,0.0,0.0,10000
GCR_H,min,2,177.82794100389228,4.0,0,25,0.0,0.0,10000
GCR_H,min,2,177.82794100389228,4.0,0,26,2.70995e-15,4.81469e-15,10000
GCR_H,min,2,177.82794100389228,4.0,0,27,1.63915e-15,3.63399e-15,10000
GCR_H,min,2,177.82794100389228,4.0,0,28,9.68202e-17,3.69995e-16,10000
GCR_H,min,2,177.82794100389228,4.0,0,29,0.0,0.0,10000
GCR_H,min,2,177.82794100389228,4.0,0,30,0.0,0.0,10000
GCR_H,min,2,177.82794100389228,4.0,0,31,5.21851e-16,1.77446e-15,10000
GCR_H,min,2,177.82794100389228,4.0,0,32,8.70381e-15,1.98459e-14,10000
GCR_H,min,2,177.82794100389228,4.0,0,33,0.0,0.0,10000
GCR_H,min,2,177.82794100389228,4.0,0,34,1.25394e-15,2.35991e-15,10000
GCR_H,min,2,177.82794100389228,4.0,0,35,1.63062e-15,2.23562e-15,10000
GCR_H,min,2,177.82794100389228,4.0,0,36,6.81876e-16,8.66754e-15,10000
GCR_H,min,2,177.82794100389228,4.0,0,37,1.64787e-16,7.08578e-16,10000
GCR_H,min,2,177.82794100389228,4.0,0,38,1.08767e-16,2.14201e-16,10000
GCR_H,min,2,177.82794100389228,4.0,0,39,7.09533e-16,9.32124e-15,10000
GCR_H,min,2,177.82794100389228,4.0,0,40,6.52138e-16,8.8246e-15,10000
GCR_H,min,2,177.82794100389228,4.0,0,41,0.0,0.0,10000
GCR_H,min,2,177.82794100389228,4.0,0,42,0.0,0.0,10000
GCR_H,min,2,177.82794100389228,4.0,0,43,2.15223e-15,5.89393e-15,10000
GCR_H,min,2,177.82794100389228,4.0,0,44,9.68109e-15,1.86153e-14,10000
GCR_H,min,2,177.82794100389228,4.0,0,45,8.96033e-16,4.05206e-15,10000
GCR_H,min,2,177.82794100389228,4.0,0,46,2.96024e-15,1.54011e-14,10000
GCR_H,min,2,177.82794100389228,4.0,0,47,0.0,0.0,10000
GCR_H,min,2,177.82794100389228,4.0,0,48,0.0,0.0,10000
GCR_H,min,2,177.82794100389228,4.0,0,49,8.61615e-16,3.00654e-15,10000
GCR_H,min,2,177.82794100389228,4.0,0,50,0.0,0.0,10000
GCR_H,min,2,177.82794100389228,4.0,0,51,0.0,0.0,10000
GCR_H,min,2,177.82794100389228,4.0,0,52,0.0,0.0,10000
GCR_H,min,2,177.82794100389228,4.0,0,53,0.0,0.0,10000
GCR_H,min,2,177.82794100389228,4.0,0,54,0.0,0.0,10000
GCR_H,min,2,177.82794100389228,4.0,0,55,0.0,0.0,10000
GCR_H,min,2,177.82794100389228,4.0,0,56,0.0,0.0,10000
GCR_H,min,2,177.82794100389228,4.0,0,57,0.0,0.0,10000
GCR_H,min,2,177.82794100389228,4.0,0,58,7.47301e-16,8.42789e-15,10000
GCR_H,min,2,177.82794100389228,4.0,0,59,0.0,0.0,10000
GCR_H,min,2,177.82794100389228,4.0,0,60,0.0,0.0,10000
GCR_H,min,2,177.82794100389228,4.0,0,61,2.63376e-14,1.81639e-14,10000
GCR_H,min,2,177.82794100389228,4.0,0,62,0.0,0.0,10000
GCR_H,min,2,177.82794100389228,4.0,0,63,0.0,0.0,10000
GCR_H,min,2,177.82794100389228,4.0,0,64,0.0,0.0,10000
GCR_H,min,2,177.82794100389228,4.0,0,65,0.0,0.0,10000
GCR_H,min,2,177.82794100389228,4.0,0,66,0.0,0.0,10000
GCR_H,min,2,177.82794100389228,4.0,0,67,0.0,0.0,10000
GCR_H,min,2,177.82794100389228,4.0,0,68,0.0,0.0,10000
GCR_H,min,2,177.82794100389228,4.0,0,69,0.0,0.0,10000
GCR_H,min,2,177.82794100389228,4.0,0,70,0.0,0.0,10000
GCR_H,min,2,177.82794100389228,4.0,0,71,0.0,0.0,10000
GCR_H,min,2,177.82794100389228,4.0,0,72,0.0,0.0,10000
GCR_H,min,2,177.82794100389228,4.0,0,73,0.0,0.0,10000
GCR_H,min,2,177.82794100389228,4.0,0,74,0.0,0.0,10000
GCR_H,min,2,177.82794100389228,4.0,0,75,0.0,0.0,10000
GCR_H,min,2,177.82794100389228,4.0,0,76,0.0,0.0,10000
GCR_H,min,2,177.82794100389228,4.0,0,77,0.0,0.0,10000
GCR_H,min,2,177.82794100389228,4.0,0,78,0.0,0.0,10000
GCR_H,min,2,177.82794100389228,4.0,0,79,0.0,0.0,10000
GCR_H,min,2,177.82794100389228,4.0,0,80,0.0,0.0,10000
GCR_H,min,2,177.82794100389228,4.0,0,81,0.0,0.0,10000
GCR_H,min,2,177.82794100389228,4.0,0,82,0.0,0.0,10000
GCR_H,min,2,177.82794100389228,4.0,0,83,0.0,0.0,10000
GCR_H,min,2,177.82794100389228,4.0,0,84,0.0,0.0,10000
GCR_H,min,2,177.82794100389228,4.0,0,85,0.0,0.0,10000
GCR_H,min,2,177.82794100389228,4.0,0,86,0.0,0.0,10000
GCR_H,min,2,177.82794100389228,4.0,0,87,0.0,0.0,10000
GCR_H,min,2,177.82794100389228,4.0,0,88,0.0,0.0,10000
GCR_H,min,2,177.82794100389228,4.0,0,89,0.0,0.0,10000
GCR_H,min,2,177.82794100389228,4.0,0,90,0.0,0.0,10000
GCR_H,min,2,177.82794100389228,4.0,0,91,0.0,0.0,10000
GCR_H,min,2,177.82794100389228,4.0,0,92,0.0,0.0,10000
GCR_H,min,2,177.82794100389228,4.0,0,93,0.0,0.0,10000
GCR_H,min,2,177.82794100389228,4.0,0,94,0.0,0.0,10000
GCR_H,min,2,177.82794100389228,4.0,0,95,3.15157e-15,1.75086e-15,10000
GCR_H,min,2,177.82794100389228,4.0,0,96,0.0,0.0,10000
GCR_H,min,2,177.82794100389228,4.0,0,97,1.33813e-16,2.80097e-16,10000
GCR_H,min,2,177.82794100389228,4.0,0,98,0.0,0.0,10000
GCR_H,min,2,177.82794100389228,4.0,0,99,1.29123e-15,2.22595e-15,10000
GCR_H,min,2,177.82794100389228,4.0,0,100,2.10003e-15,9.29217e-13,10000
GCR_H,min,2,177.82794100389228,4.0,0,101,0.0,0.0,10000
GCR_H,min,2,177.82794100389228,4.0,0,102,0.0,0.0,10000
GCR_H,min,2,177.82794100389228,4.0,0,103,0.0,0.0,10000
GCR_H,min,2,177.82794100389228,4.0,0,104,4.63731e-17,5.92249e-15,10000
GCR_H,min,2,177.82794100389228,4.0,0,105,0.0,0.0,10000
GCR_H,min,2,177.82794100389228,4.0,0,106,1.21381e-14,9.96719e-15,10000
GCR_H,min,2,177.82794100389228,4.0,0,107,8.57355e-14,5.7131e-15,10000
GCR_H,min,2,177.82794100389228,4.0,0,108,7.2488e-15,2.63542e-15,10000
GCR_H,min,2,177.82794100389228,4.0,0,109,8.12336e-14,8.10312e-15,10000
GCR_H,min,2,177.82794100389228,4.0,0,110,1.58099e-15,3.9515e-14,10000
GCR_H,min,2,177.82794100389228,4.0,0,111,0.0,0.0,10000
GCR_H,min,2,177.82794100389228,4.0,0,112,0.0,0.0,10000
GCR_H,min,2,177.82794100389228,4.0,0,113,0.0,0.0,10000
GCR_H,min,2,177.82794100389228,4.0,0,114,0.0,0.0,10000
GCR_H,min,2,177.82794100389228,4.0,0,115,0.0,0.0,10000
GCR_H,min,2,177.82794100389228,4.0,0,116,5.38271e-15,5.13368e-15,10000
GCR_H,min,2,177.82794100389228,4.0,0,117,4.29218e-14,3.46982e-15,10000
GCR_H,min,2,177.82794100389228,4.0,0,118,8.82504e-15,5.36976e-15,10000
GCR_H,min,2,177.82794100389228,4.0,0,119,2.24451e-14,4.15922e-15,10000
GCR_H,min,2,177.82794100389228,4.0,0,120,9.70707e-16,2.28455e-14,10000
GCR_H,min,2,177.82794100389228,4.0,0,121,0.0,0.0,10000
GCR_H,min,2,177.82794100389228,4.0,0,122,2.86883e-15,9.84703e-15,10000
GCR_H,min,2,177.82794100389228,4.0,0,123,6.69832e-15,4.57158e-15,10000
GCR_H,min,2,177.82794100389228,4.0,0,124,4.38738e-16,6.86569e-16,10000
GCR_H,min,2,177.82794100389228,4.0,0,125,8.1356e-15,6.10584e-15,10000
GCR_H,min,2,177.82794100389228,4.0,0,126,0.0,0.0,10000
GCR_H,min,2,177.82794100389228,4.0,0,127,3.69036e-16,2.4604e-15,10000
GCR_H,min,2,177.82794100389228,4.0,0,128,0.0,0.0,10000
GCR_H,min,2,177.82794100389228,4.0,0,129,0.0,0.0,10000
GCR_H,min,2,177.82794100389228,4.0,0,130,0.0,0.0,10000
GCR_H,min,2,177.82794100389228,4.0,0,131,0.0,0.0,10000
GCR_H,min,2,177.82794100389228,4.0,0,132,1.30403e-15,6.52342e-14,10000
GCR_H,min,2,177.82794100389228,4.0,0,133,0.0,0.0,10000
GCR_H,min,2,177.82794100389228,4.0,0,134,0.0,0.0,10000
GCR_H,min,2,177.82794100389228,4.0,0,135,0.0,0.0,10000
GCR_H,min,2,177.82794100389228,4.0,0,136,0.0,0.0,10000
GCR_H,min,2,177.82794100389228,4.0,0,137,0.0,0.0,10000
GCR_H,min,2,177.82794100389228,4.0,0,138,0.0,0.0,10000
GCR_H,min,2,177.82794100389228,4.0,0,139,0.0,0.0,10000
GCR_H,min,2,177.82794100389228,4.0,0,140,5.01182e-16,2.50591e-12,10000
GCR_H,min,2,177.82794100389228,4.0,0,141,0.0,0.0,10000
GCR_H,min,3,562.341325190349,2.0,0,0,2.84954e-10,0.0,10000
GCR_H,min,3,562.341325190349,2.0,0,1,0.0,0.0,10000
GCR_H,min,3,562.341325190349,2.0,0,2,0.0,0.0,10000
GCR_H,min,3,562.341325190349,2.0,0,3,0.0,0.0,10000
GCR_H,min,3,562.341325190349,2.0,0,4,6.50385e-17,2.28928e-15,10000
GCR_H,min,3,562.341325190349,2.0,0,5,0.0,0.0,10000
GCR_H,min,3,562.341325190349,2.0,0,6,0.0,0.0,10000
GCR_H,min,3,562.341325190349,2.0,0,7,2.18327e-17,2.18109e-15,10000
GCR_H,min,3,562.341325190349,2.0,0,8,5.52017e-16,8.32479e-15,10000
GCR_H,min,3,562.341325190349,2.0,0,9,0.0,0.0,10000
GCR_H,min,3,562.341325190349,2.0,0,10,2.43048e-15,8.93789e-15,10000
GCR_H,min,3,562.341325190349,2.0,0,11,0.0,0.0,10000
GCR_H,min,3,562.341325190349,2.0,0,12,1.33416e-15,1.60665e-14,10000
GCR_H,min,3,562.341325190349,2.0,0,13,1.092e-16,8.07335e-16,10000
GCR_H,min,3,562.341325190349,2.0,0,14,1.66101e-15,8.98522e-15,10000
GCR_H,min,3,562.341325190349,2.0,0,15,0.0,0.0,10000
GCR_H,min,3,562.341325190349,2.0,0,16,7.84525e-16,6.12766e-15,10000
GCR_H,min,3,562.341325190349,2.0,0,17,2.60933e-16,4.36855e-15,10000
GCR_H,min,3,562.341325190349,2.0,0,18,4.75242e-16,1.27994e-14,10000
GCR_H,min,3,562.341325190349,2.0,0,19,9.76101e-16,3.60451e-15,10000
GCR_H,min,3,562.341325190349,2.0,0,20,2.88937e-15,1.58835e-14,10000
GCR_H,min,3,562.341325190349,2.0,0,21,1.892e-16,8.34581e-15,10000
GCR_H,min,3,562.341325190349,2.0,0,22,6.8293e-16,3.79955e-15,10000
GCR_H,min,3,562.341325190349,2.0,0,23,3.57399e-16,2.56035e-15,10000
GCR_H,min,3,562.341325190349,2.0,0,24,4.53373e-16,9.48876e-15,10000
GCR_H,min,3,562.341325190349,2.0,0,25,3.67028e-16,6.91722e-15,10000
GCR_H,min,3,562.341325190349,2.0,0,26,1.37298e-15,2.43933e-15,10000
GCR_H,min,3,562.341325190349,2.0,0,27,3.96531e-15,8.7911e-15,10000
GCR_H,min,3,562.341325190349,2.0,0,28,1.14625e-15,4.38036e-15,10000
GCR_H,min,3,562.341325190349,2.0,0,29,1.00789e-15,2.13514e-15,10000
GCR_H,min,3,562.341325190349,2.0,0,30,5.34877e-16,2.07477e-14,10000
GCR_H,min,3,562.341325190349,2.0,0,31,2.49288e-15,8.47659e-15,10000
GCR_H,min,3,562.341325190349,2.0,0,32,1.2968e-15,2.95687e-15,10000
GCR_H,min,3,562.341325190349,2.0,0,33,2.21012e-16,2.73226e-15,10000
GCR_H,min,3,562.341325190349,2.0,0,34,3.77633e-15,7.10705e-15,10000
GCR_H,min,3,562.341325190349,2.0,0,35,2.51872e-14,3.45324e-14,10000
GCR_H,min,3,562.341325190349,2.0,0,36,5.58465e-16,7.09884e-15,10000
GCR_H,min,3,562.341325190349,2.0,0,37,1.63808e-15,7.04367e-15,10000
GCR_H,min,3,562.341325190349,2.0,0,38,5.09807e-15,1.00399e-14,10000
GCR_H,min,3,562.341325190349,2.0,0,39,7.05621e-17,9.26985e-16,10000
GCR_H,min,3,562.341325190349,2.0,0,40,0.0,0.0,10000
GCR_H,min,3,562.341325190349,2.0,0,41,1.09902e-15,2.75706e-15,10000
GCR_H,min,3,562.341325190349,2.0,0,42,1.94725e-15,2.85864e-15,10000
GCR_H,min,3,562.341325190349,2.0,0,43,9.55e-16,2.61529e-15,10000
GCR_H,min,3,562.341325190349,2.0,0,44,2.07002e-15,3.98034e-15,10000
GCR_H,min,3,562.341325190349,2.0,0,45,1.09874e-15,4.96874e-15,10000
GCR_H,min,3,562.341325190349,2.0,0,46,5.47546e-16,2.84869e-15,10000
GCR_H,min,3,562.341325190349,2.0,0,47,7.87278e-16,7.64941e-15,10000
GCR_H,min,3,562.341325190349,2.0,0,48,1.00875e-15,1.37152e-14,10000
GCR_H,min,3,562.341325190349,2.0,0,49,7.52869e-18,2.62708e-17,10000
GCR_H,min,3,562.341325190349,2.0,0,50,0.0,0.0,10000
GCR_H,min,3,562.341325190349,2.0,0,51,8.46043e-16,4.54398e-15,10000
GCR_H,min,3,562.341325190349,2.0,0,52,9.09477e-15,3.01082e-14,10000
GCR_H,min,3,562.341325190349,2.0,0,53,3.36901e-16,3.08432e-15,10000
GCR_H,min,3,562.341325190349,2.0,0,54,3.80789e-15,2.19463e-14,10000
GCR_H,min,3,562.341325190349,2.0,0,55,0.0,0.0,10000
GCR_H,min,3,562.341325190349,2.0,0,56,1.06362e-16,1.88886e-15,10000
GCR_H,min,3,562.341325190349,2.0,0,57,1.1911e-15,7.46301e-14,10000
GCR_H,min,3,562.341325190349,2.0,0,58,1.7237e-15,1.94395e-14,10000
GCR_H,min,3,562.341325190349,2.0,0,59,1.31704e-16,2.2285e-14,10000
GCR_H,min,3,562.341325190349,2.0,0,60,1.62468e-16,4.67802e-15,10000
GCR_H,min,3,562.341325190349,2.0,0,61,1.09051e-14,7.52077e-15,10000
GCR_H,min,3,562.341325190349,2.0,0,62,0.0,0.0,10000
GCR_H,min,3,562.341325190349,2.0,0,63,0.0,0.0,10000
GCR_H,min,3,562.341325190349,2.0,0,64,6.83532e-16,9.11376e-14,10000
GCR_H,min,3,562.341325190349,2.0,0,65,6.91858e-16,1.38649e-13,10000
GCR_H,min,3,562.341325190349,2.0,0,66,0.0,0.0,10000
GCR_H,min,3,562.341325190349,2.0,0,67,0.0,0.0,10000
GCR_H,min,3,562.341325190349,2.0,0,68,0.0,0.0,10000
GCR_H,min,3,562.341325190349,2.0,0,69,0.0,0.0,10000
GCR_H,min,3,562.341325190349,2.0,0,70,6.02147e-17,4.32577e-15,10000
GCR_H,min,3,562.341325190349,2.0,0,71,1.0922e-15,2.0196e-14,10000
GCR_H,min,3,562.341325190349,2.0,0,72,4.05714e-16,2.70494e-15,10000
GCR_H,min,3,562.341325190349,2.0,0,73,2.06492e-15,8.25934e-15,10000
GCR_H,min,3,562.341325190349,2.0,0,74,4.64997e-15,7.1538e-15,10000
GCR_H,min,3,562.341325190349,2.0,0,75,2.61674e-15,7.47598e-15,10000
GCR_H,min,3,562.341325190349,2.0,0,76,0.0,0.0,10000
GCR_H,min,3,562.341325190349,2.0,0,77,0.0,0.0,10000
GCR_H,min,3,562.341325190349,2.0,0,78,4.53279e-16,7.55466e-15,10000
GCR_H,min,3,562.341325190349,2.0,0,79,5.70918e-16,6.00966e-15,10000
GCR_H,min,3,562.341325190349,2.0,0,80,4.99948e-16,8.33247e-15,10000
GCR_H,min,3,562.341325190349,2.0,0,81,4.2326e-16,1.05788e-14,10000
GCR_H,min,3,562.341325190349,2.0,0,82,0.0,0.0,10000
GCR_H,min,3,562.341325190349,2.0,0,83,0.0,0.0,10000
GCR_H,min,3,562.341325190349,2.0,0,84,4.61806e-17,1.15423e-15,10000
GCR_H,min,3,562.341325190349,2.0,0,85,5.95088e-16,7.93769e-15,10000
GCR_H,min,3,562.341325190349,2.0,0,86,0.0,0.0,10000
GCR_H,min,3,562.341325190349,2.0,0,87,9.84267e-16,2.98281e-15,10000
GCR_H,min,3,562.341325190349,2.0,0,88,2.65135e-15,5.19863e-15,10000
GCR_H,min,3,562.341325190349,2.0,0,89,1.94333e-15,1.81416e-14,10000
GCR_H,min,3,562.341325190349,2.0,0,90,5.70594e-16,1.49175e-14,10000
GCR_H,min,3,562.341325190349,2.0,0,91,2.04262e-15,2.67709e-13,10000
GCR_H,min,3,562.341325190349,2.0,0,92,6.62043e-15,6.02295e-14,10000
GCR_H,min,3,562.341325190349,2.0,0,93,3.9031e-15,9.94419e-14,10000
GCR_H,min,3,562.341325190349,2.0,0,94,0.0,0.0,10000
GCR_H,min,3,562.341325190349,2.0,0,95,1.0764e-14,5.97995e-15,10000
GCR_H,min,3,562.341325190349,2.0,0,96,0.0,0.0,10000
GCR_H,min,3,562.341325190349,2.0,0,97,7.36511e-15,1.54166e-14,10000
GCR_H,min,3,562.341325190349,2.0,0,98,0.0,0.0,10000
GCR_H,min,3,562.341325190349,2.0,0,99,7.50071e-15,1.29305e-14,10000
GCR_H,min,3,562.341325190349,2.0,0,100,0.0,0.0,10000
GCR_H,min,3,562.341325190349,2.0,0,101,0.0,0.0,10000
GCR_H,min,3,562.341325190349,2.0,0,102,0.0,0.0,10000
GCR_H,min,3,562.341325190349,2.0,0,103,3.03601e-16,2.90806e-15,10000
GCR_H,min,3,562.341325190349,2.0,0,104,1.14437e-16,1.46152e-14,10000
GCR_H,min,3,562.341325190349,2.0,0,105,0.0,0.0,10000
GCR_H,min,3,562.341325190349,2.0,0,106,6.77386e-15,5.56233e-15,10000
GCR_H,min,3,562.341325190349,2.0,0,107,9.47784e-14,6.31569e-15,10000
GCR_H,min,3,562.341325190349,2.0,0,108,3.59988e-14,1.30879e-14,10000
GCR_H,min,3,562.341325190349,2.0,0,109,1.12081e-13,1.11802e-14,10000
GCR_H,min,3,562.341325190349,2.0,0,110,0.0,0.0,10000
GCR_H,min,3,562.341325190349,2.0,0,111,0.0,0.0,10000
GCR_H,min,3,562.341325190349,2.0,0,112,0.0,0.0,10000
GCR_H,min,3,562.341325190349,2.0,0,113,2.63064e-15,1.87903e-14,10000
GCR_H,min,3,562.341325190349,2.0,0,114,0.0,0.0,10000
GCR_H,min,3,562.341325190349,2.0,0,115,0.0,0.0,10000
GCR_H,min,3,562.341325190349,2.0,0,116,1.14325e-14,1.09036e-14,10000
GCR_H,min,3,562.341325190349,2.0,0,117,1.36374e-13,1.10245e-14,10000
GCR_H,min,3,562.341325190349,2.0,0,118,1.63769e-14,9.96483e-15,10000
GCR_H,min,3,562.341325190349,2.0,0,119,6.25472e-14,1.15904e-14,10000
GCR_H,min,3,562.341325190349,2.0,0,120,0.0,0.0,10000
GCR_H,min,3,562.341325190349,2.0,0,121,2.27677e-15,5.35837e-14,10000
GCR_H,min,3,562.341325190349,2.0,0,122,2.5706e-15,8.82338e-15,10000
GCR_H,min,3,562.341325190349,2.0,0,123,1.12345e-14,7.66748e-15,10000
GCR_H,min,3,562.341325190349,2.0,0,124,4.582e-15,7.17024e-15,10000
GCR_H,min,3,562.341325190349,2.0,0,125,8.31599e-15,6.24122e-15,10000
GCR_H,min,3,562.341325190349,2.0,0,126,0.0,0.0,10000
GCR_H,min,3,562.341325190349,2.0,0,127,0.0,0.0,10000
GCR_H,min,3,562.341325190349,2.0,0,128,0.0,0.0,10000
GCR_H,min,3,562.341325190349,2.0,0,129,0.0,0.0,10000
GCR_H,min,3,562.341325190349,2.0,0,130,0.0,0.0,10000
GCR_H,min,3,562.341325190349,2.0,0,131,0.0,0.0,10000
GCR_H,min,3,562.341325190349,2.0,0,132,2.48954e-16,1.24539e-14,10000
GCR_H,min,3,562.341325190349,2.0,0,133,0.0,0.0,10000
GCR_H,min,3,562.341325190349,2.0,0,134,0.0,0.0,10000
GCR_H,min,3,562.341325190349,2.0,0,135,6.19336e-17,7.27774e-15,10000
GCR_H,min,3,562.341325190349,2.0,0,136,2.91425e-16,3.89086e-14,10000
GCR_H,min,3,562.341325190349,2.0,0,137,0.0,0.0,10000
GCR_H,min,3,562.341325190349,2.0,0,138,0.0,0.0,10000
GCR_H,min,3,562.341325190349,2.0,0,139,0.0,0.0,10000
GCR_H,min,3,562.341325190349,2.0,0,140,1.61913e-15,8.09563e-12,10000
GCR_H,min,3,562.341325190349,2.0,0,141,1.57319e-15,1.01956e-14,10000
GCR_H,min,3,562.341325190349,3.0,0,0,2.70324e-10,0.0,10000
GCR_H,min,3,562.341325190349,3.0,0,1,2.67241e-16,3.81773e-14,10000
GCR_H,min,3,562.341325190349,3.0,0,2,3.05464e-17,4.36377e-15,10000
GCR_H,min,3,562.341325190349,3.0,0,3,0.0,0.0,10000
GCR_H,min,3,562.341325190349,3.0,0,4,5.94383e-17,2.09216e-15,10000
GCR_H,min,3,562.341325190349,3.0,0,5,0.0,0.0,10000
GCR_H,min,3,562.341325190349,3.0,0,6,0.0,0.0,10000
GCR_H,min,3,562.341325190349,3.0,0,7,0.0,0.0,10000
GCR_H,min,3,562.341325190349,3.0,0,8,2.72981e-15,4.11674e-14,10000
GCR_H,min,3,562.341325190349,3.0,0,9,0.0,0.0,10000
GCR_H,min,3,562.341325190349,3.0,0,10,3.24809e-15,1.19446e-14,10000
GCR_H,min,3,562.341325190349,3.0,0,11,0.0,0.0,10000
GCR_H,min,3,562.341325190349,3.0,0,12,4.03428e-16,4.85824e-15,10000
GCR_H,min,3,562.341325190349,3.0,0,13,3.58417e-16,2.64984e-15,10000
GCR_H,min,3,562.341325190349,3.0,0,14,0.0,0.0,10000
GCR_H,min,3,562.341325190349,3.0,0,15,1.85234e-16,5.53269e-15,10000
GCR_H,min,3,562.341325190349,3.0,0,16,1.67278e-15,1.30655e-14,10000
GCR_H,min,3,562.341325190349,3.0,0,17,2.15364e-15,3.60562e-14,10000
GCR_H,min,3,562.341325190349,3.0,0,18,1.1384e-15,3.066e-14,10000
GCR_H,min,3,562.341325190349,3.0,0,19,7.22538e-16,2.66816e-15,10000
GCR_H,min,3,562.341325190349,3.0,0,20,0.0,0.0,10000
GCR_H,min,3,562.341325190349,3.0,0,21,1.13907e-16,5.02459e-15,10000
GCR_H,min,3,562.341325190349,3.0,0,22,4.09673e-15,2.27925e-14,10000
GCR_H,min,3,562.341325190349,3.0,0,23,6.55423e-15,4.69534e-14,10000
GCR_H,min,3,562.341325190349,3.0,0,24,1.67553e-16,3.50677e-15,10000
GCR_H,min,3,562.341325190349,3.0,0,25,1.59677e-16,3.00938e-15,10000
GCR_H,min,3,562.341325190349,3.0,0,26,8.38644e-16,1.49e-15,10000
GCR_H,min,3,562.341325190349,3.0,0,27,6.06292e-16,1.34415e-15,10000
GCR_H,min,3,562.341325190349,3.0,0,28,3.34307e-16,1.27754e-15,10000
GCR_H,min,3,562.341325190349,3.0,0,29,3.02432e-15,6.40679e-15,10000
GCR_H,min,3,562.341325190349,3.0,0,30,0.0,0.0,10000
GCR_H,min,3,562.341325190349,3.0,0,31,1.32616e-15,4.50936e-15,10000
GCR_H,min,3,562.341325190349,3.0,0,32,6.60318e-15,1.50562e-14,10000
GCR_H,min,3,562.341325190349,3.0,0,33,2.78246e-16,3.43981e-15,10000
GCR_H,min,3,562.341325190349,3.0,0,34,2.17513e-15,4.0936e-15,10000
GCR_H,min,3,562.341325190349,3.0,0,35,1.05822e-14,1.45085e-14,10000
GCR_H,min,3,562.341325190349,3.0,0,36,0.0,0.0,10000
GCR_H,min,3,562.341325190349,3.0,0,37,9.12428e-17,3.92341e-16,10000
GCR_H,min,3,562.341325190349,3.0,0,38,3.85984e-16,7.6014e-16,10000
GCR_H,min,3,562.341325190349,3.0,0,39,0.0,0.0,10000
GCR_H,min,3,562.341325190349,3.0,0,40,0.0,0.0,10000
GCR_H,min,3,562.341325190349,3.0,0,41,2.08686e-15,5.2352e-15,10000
GCR_H,min,3,562.341325190349,3.0,0,42,2.91899e-15,4.28519e-15,10000
GCR_H,min,3,562.341325190349,3.0,0,43,1.79864e-15,4.92561e-15,10000
GCR_H,min,3,562.341325190349,3.0,0,44,7.79052e-15,1.498e-14,10000
GCR_H,min,3,562.341325190349,3.0,0,45,2.45679e-15,1.11102e-14,10000
GCR_H,min,3,562.341325190349,3.0,0,46,6.2632e-15,3.25852e-14,10000
GCR_H,min,3,562.341325190349,3.0,0,47,1.2595e-16,1.22377e-15,10000
GCR_H,min,3,562.341325190349,3.0,0,48,0.0,0.0,10000
GCR_H,min,3,562.341325190349,3.0,0,49,2.1944e-15,7.6572e-15,10000
GCR_H,min,3,562.341325190349,3.0,0,50,5.01807e-15,1.49641e-14,10000
GCR_H,min,3,562.341325190349,3.0,0,51,5.29469e-16,2.8437e-15,10000
GCR_H,min,3,562.341325190349,3.0,0,52,5.22084e-16,1.72835e-15,10000
GCR_H,min,3,562.341325190349,3.0,0,53,2.76049e-16,2.52722e-15,10000
GCR_H,min,3,562.341325190349,3.0,0,54,1.12202e-15,6.46659e-15,10000
GCR_H,min,3,562.341325190349,3.0,0,55,0.0,0.0,10000
GCR_H,min,3,562.341325190349,3.0,0,56,5.20878e-15,9.25019e-14,10000
GCR_H,min,3,562.341325190349,3.0,0,57,0.0,0.0,10000
GCR_H,min,3,562.341325190349,3.0,0,58,3.80705e-16,4.29351e-15,10000
GCR_H,min,3,562.341325190349,3.0,0,59,0.0,0.0,10000
GCR_H,min,3,562.341325190349,3.0,0,60,1.32727e-15,3.82168e-14,10000
GCR_H,min,3,562.341325190349,3.0,0,61,3.02743e-15,2.08789e-15,10000
GCR_H,min,3,562.341325190349,3.0,0,62,0.0,0.0,10000
GCR_H,min,3,562.341325190349,3.0,0,63,0.0,0.0,10000
GCR_H,min,3,562.341325190349,3.0,0,64,0.0,0.0,10000
GCR_H,min,3,562.341325190349,3.0,0,65,0.0,0.0,10000
GCR_H,min,3,562.341325190349,3.0,0,66,0.0,0.0,10000
GCR_H,min,3,562.341325190349,3.0,0,67,0.0,0.0,10000
GCR_H,min,3,562.341325190349,3.0,0,68,0.0,0.0,10000
GCR_H,min,3,562.341325190349,3.0,0,69,0.0,0.0,10000
GCR_H,min,3,562.341325190349,3.0,0,70,2.49838e-16,1.79482e-14,10000
GCR_H,min,3,562.341325190349,3.0,0,71,1.41825e-16,2.6225e-15,10000
GCR_H,min,3,562.341325190349,3.0,0,72,2.0824e-15,1.38836e-14,10000
GCR_H,min,3,562.341325190349,3.0,0,73,1.43081e-15,5.72303e-15,10000
GCR_H,min,3,562.341325190349,3.0,0,74,4.39856e-15,6.76702e-15,10000
GCR_H,min,3,562.341325190349,3.0,0,75,1.73898e-15,4.96824e-15,10000
GCR_H,min,3,562.341325190349,3.0,0,76,8.38289e-16,9.31536e-15,10000
GCR_H,min,3,562.341325190349,3.0,0,77,0.0,0.0,10000
GCR_H,min,3,562.341325190349,3.0,0,78,7.74462e-18,1.29077e-16,10000
GCR_H,min,3,562.341325190349,3.0,0,79,0.0,0.0,10000
GCR_H,min,3,562.341325190349,3.0,0,80,2.63419e-16,4.39031e-15,10000
GCR_H,min,3,562.341325190349,3.0,0,81,0.0,0.0,10000
GCR_H,min,3,562.341325190349,3.0,0,82,1.34728e-16,1.49714e-15,10000
GCR_H,min,3,562.341325190349,3.0,0,83,3.88225e-16,1.10921e-14,10000
GCR_H,min,3,562.341325190349,3.0,0,84,0.0,0.0,10000
GCR_H,min,3,562.341325190349,3.0,0,85,0.0,0.0,10000
GCR_H,min,3,562.341325190349,3.0,0,86,2.78836e-16,9.30073e-15,10000
GCR_H,min,3,562.341325190349,3.0,0,87,1.43355e-14,4.34436e-14,10000
GCR_H,min,3,562.341325190349,3.0,0,88,2.28522e-14,4.48073e-14,10000
GCR_H,min,3,562.341325190349,3.0,0,89,0.0,0.0,10000
GCR_H,min,3,562.341325190349,3.0,0,90,0.0,0.0,10000
GCR_H,min,3,562.341325190349,3.0,0,91,0.0,0.0,10000
GCR_H,min,3,562.341325190349,3.0,0,92,2.29639e-15,2.08914e-14,10000
GCR_H,min,3,562.341325190349,3.0,0,93,5.70968e-16,1.4547e-14,10000
GCR_H,min,3,562.341325190349,3.0,0,94,0.0,0.0,10000
GCR_H,min,3,562.341325190349,3.0,0,95,1.63006e-14,9.05582e-15,10000
GCR_H,min,3,562.341325190349,3.0,0,96,1.80541e-15,2.28503e-14,10000
GCR_H,min,3,562.341325190349,3.0,0,97,1.82922e-14,3.8289e-14,10000
GCR_H,min,3,562.341325190349,3.0,0,98,3.51474e-15,4.91298e-14,10000
GCR_H,min,3,562.341325190349,3.0,0,99,4.5321e-14,7.81288e-14,10000
GCR_H,min,3,562.341325190349,3.0,0,100,0.0,0.0,10000
GCR_H,min,3,562.341325190349,3.0,0,101,6.19946e-17,9.68665e-15,10000
GCR_H,min,3,562.341325190349,3.0,0,102,0.0,0.0,10000
GCR_H,min,3,562.341325190349,3.0,0,103,1.685e-15,1.61398e-14,10000
GCR_H,min,3,562.341325190349,3.0,0,104,2.70416e-16,3.45359e-14,10000
GCR_H,min,3,562.341325190349,3.0,0,105,0.0,0.0,10000
GCR_H,min,3,562.341325190349,3.0,0,106,2.53323e-15,2.08015e-15,10000
GCR_H,min,3,562.341325190349,3.0,0,107,1.70229e-13,1.13434e-14,10000
GCR_H,min,3,562.341325190349,3.0,0,108,2.14399e-14,7.79482e-15,10000
GCR_H,min,3,562.341325190349,3.0,0,109,6.89261e-14,6.87544e-15,10000
GCR_H,min,3,562.341325190349,3.0,0,110,2.74787e-16,6.86796e-15,10000
GCR_H,min,3,562.341325190349,3.0,0,111,0.0,0.0,10000
GCR_H,min,3,562.341325190349,3.0,0,112,0.0,0.0,10000
GCR_H,min,3,562.341325190349,3.0,0,113,3.49096e-15,2.49354e-14,10000
GCR_H,min,3,562.341325190349,3.0,0,114,0.0,0.0,10000
GCR_H,min,3,562.341325190349,3.0,0,115,0.0,0.0,10000
GCR_H,min,3,562.341325190349,3.0,0,116,2.68734e-15,2.56301e-15,10000
GCR_H,min,3,562.341325190349,3.0,0,117,1.42705e-13,1.15364e-14,10000
GCR_H,min,3,562.341325190349,3.0,0,118,2.49169e-14,1.51612e-14,10000
GCR_H,min,3,562.341325190349,3.0,0,119,4.10693e-14,7.61041e-15,10000
GCR_H,min,3,562.341325190349,3.0,0,120,0.0,0.0,10000
GCR_H,min,3,562.341325190349,3.0,0,121,0.0,0.0,10000
GCR_H,min,3,562.341325190349,3.0,0,122,2.21768e-16,7.61201e-16,10000
GCR_H,min,3,562.341325190349,3.0,0,123,1.11536e-14,7.6123e-15,10000
GCR_H,min,3,562.341325190349,3.0,0,124,6.96943e-15,1.09063e-14,10000
GCR_H,min,3,562.341325190349,3.0,0,125,1.15447e-14,8.66441e-15,10000
GCR_H,min,3,562.341325190349,3.0,0,126,3.47976e-16,9.50235e-15,10000
GCR_H,min,3,562.341325190349,3.0,0,127,3.4364e-15,2.29109e-14,10000
GCR_H,min,3,562.341325190349,3.0,0,128,0.0,0.0,10000
GCR_H,min,3,562.341325190349,3.0,0,129,2.82264e-16,1.61478e-14,10000
GCR_H,min,3,562.341325190349,3.0,0,130,0.0,0.0,10000
GCR_H,min,3,562.341325190349,3.0,0,131,0.0,0.0,10000
GCR_H,min,3,562.341325190349,3.0,0,132,3.08853e-16,1.54504e-14,10000
GCR_H,min,3,562.341325190349,3.0,0,133,0.0,0.0,10000
GCR_H,min,3,562.341325190349,3.0,0,134,0.0,0.0,10000
GCR_H,min,3,562.341325190349,3.0,0,135,0.0,0.0,10000
GCR_H,min,3,562.341325190349,3.0,0,136,1.44829e-16,1.93363e-14,10000
GCR_H,min,3,562.341325190349,3.0,0,137,1.54261e-16,3.08461e-15,10000
GCR_H,min,3,562.341325190349,3.0,0,138,1.86971e-15,9.34854e-15,10000
GCR_H,min,3,562.341325190349,3.0,0,139,0.0,0.0,10000
GCR_H,min,3,562.341325190349,3.0,0,140,2.6026e-15,1.3013e-11,10000
GCR_H,min,3,562.341325190349,3.0,0,141,0.0,0.0,10000
GCR_H,min,3,562.341325190349,4.0,0,0,2.1307e-10,0.0,10000
GCR_H,min,3,562.341325190349,4.0,0,1,0.0,0.0,10000
GCR_H,min,3,562.341325190349,4.0,0,2,0.0,0.0,10000
GCR_H,min,3,562.341325190349,4.0,0,3,0.0,0.0,10000
GCR_H,min,3,562.341325190349,4.0,0,4,9.0365e-16,3.18075e-14,10000
GCR_H,min,3,562.341325190349,4.0,0,5,8.60107e-16,2.79892e-14,10000
GCR_H,min,3,562.341325190349,4.0,0,6,1.69376e-16,3.3211e-14,10000
GCR_H,min,3,562.341325190349,4.0,0,7,0.0,0.0,10000
GCR_H,min,3,562.341325190349,4.0,0,8,1.01809e-15,1.53535e-14,10000
GCR_H,min,3,562.341325190349,4.0,0,9,0.0,0.0,10000
GCR_H,min,3,562.341325190349,4.0,0,10,1.43702e-15,5.28453e-15,10000
GCR_H,min,3,562.341325190349,4.0,0,11,4.46898e-16,2.84286e-14,10000
GCR_H,min,3,562.341325190349,4.0,0,12,9.42332e-16,1.13479e-14,10000
GCR_H,min,3,562.341325190349,4.0,0,13,1.41737e-15,1.04789e-14,10000
GCR_H,min,3,562.341325190349,4.0,0,14,1.37226e-15,7.42324e-15,10000
GCR_H,min,3,562.341325190349,4.0,0,15,1.45841e-15,4.35605e-14,10000
GCR_H,min,3,562.341325190349,4.0,0,16,1.38165e-15,1.07916e-14,10000
GCR_H,min,3,562.341325190349,4.0,0,17,8.09621e-16,1.35547e-14,10000
GCR_H,min,3,562.341325190349,4.0,0,18,3.88778e-16,1.04707e-14,10000
GCR_H,min,3,562.341325190349,4.0,0,19,7.29891e-16,2.69531e-15,10000
GCR_H,min,3,562.341325190349,4.0,0,20,1.77608e-15,9.76349e-15,10000
GCR_H,min,3,562.341325190349,4.0,0,21,0.0,0.0,10000
GCR_H,min,3,562.341325190349,4.0,0,22,2.69898e-16,1.5016e-15,10000
GCR_H,min,3,562.341325190349,4.0,0,23,8.00517e-18,5.73477e-17,10000
GCR_H,min,3,562.341325190349,4.0,0,24,2.31689e-17,4.84908e-16,10000
GCR_H,min,3,562.341325190349,4.0,0,25,0.0,0.0,10000
GCR_H,min,3,562.341325190349,4.0,0,26,7.14971e-15,1.27027e-14,10000
GCR_H,min,3,562.341325190349,4.0,0,27,6.97308e-15,1.54593e-14,10000
GCR_H,min,3,562.341325190349,4.0,0,28,1.74156e-15,6.6553e-15,10000
GCR_H,min,3,562.341325190349,4.0,0,29,2.46206e-15,5.21567e-15,10000
GCR_H,min,3,562.341325190349,4.0,0,30,2.64703e-15,1.02678e-13,10000
GCR_H,min,3,562.341325190349,4.0,0,31,7.61819e-16,2.59043e-15,10000
GCR_H,min,3,562.341325190349,4.0,0,32,6.6326e-15,1.51232e-14,10000
GCR_H,min,3,562.341325190349,4.0,0,33,0.0,0.0,10000
GCR_H,min,3,562.341325190349,4.0,0,34,3.80717e-15,7.16509e-15,10000
GCR_H,min,3,562.341325190349,4.0,0,35,4.79641e-15,6.57601e-15,10000
GCR_H,min,3,562.341325190349,4.0,0,36,8.19704e-16,1.04195e-14,10000
GCR_H,min,3,562.341325190349,4.0,0,37,7.89124e-16,3.3932e-15,10000
GCR_H,min,3,562.341325190349,4.0,0,38,7.65365e-15,1.50728e-14,10000
GCR_H,min,3,562.341325190349,4.0,0,39,3.75716e-16,4.93584e-15,10000
GCR_H,min,3,562.341325190349,4.0,0,40,3.6666e-15,4.96157e-14,10000
GCR_H,min,3,562.341325190349,4.0,0,41,1.95639e-15,4.90792e-15,10000
GCR_H,min,3,562.341325190349,4.0,0,42,7.3266e-15,1.07557e-14,10000
GCR_H,min,3,562.341325190349,4.0,0,43,1.82936e-15,5.00974e-15,10000
GCR_H,min,3,562.341325190349,4.0,0,44,8.80832e-15,1.69371e-14,10000
GCR_H,min,3,562.341325190349,4.0,0,45,8.87381e-16,4.01294e-15,10000
GCR_H,min,3,562.341325190349,4.0,0,46,1.02722e-15,5.34428e-15,10000
GCR_H,min,3,562.341325190349,4.0,0,47,8.90163e-17,8.64908e-16,10000
GCR_H,min,3,562.341325190349,4.0,0,48,5.53955e-16,7.53168e-15,10000
GCR_H,min,3,562.341325190349,4.0,0,49,7.47531e-16,2.60846e-15,10000
GCR_H,min,3,562.341325190349,4.0,0,50,6.19553e-16,1.84754e-15,10000
GCR_H,min,3,562.341325190349,4.0,0,51,1.73923e-16,9.34116e-16,10000
GCR_H,min,3,562.341325190349,4.0,0,52,2.04613e-15,6.7737e-15,10000
GCR_H,min,3,562.341325190349,4.0,0,53,0.0,0.0,10000
GCR_H,min,3,562.341325190349,4.0,0,54,0.0,0.0,10000
GCR_H,min,3,562.341325190349,4.0,0,55,0.0,0.0,10000
GCR_H,min,3,562.341325190349,4.0,0,56,0.0,0.0,10000
GCR_H,min,3,562.341325190349,4.0,0,57,0.0,0.0,10000
GCR_H,min,3,562.341325190349,4.0,0,58,3.84362e-16,4.33474e-15,10000
GCR_H,min,3,562.341325190349,4.0,0,59,0.0,0.0,10000
GCR_H,min,3,562.341325190349,4.0,0,60,4.22431e-16,1.21633e-14,10000
GCR_H,min,3,562.341325190349,4.0,0,61,2.6787e-16,1.84738e-16,10000
GCR_H,min,3,562.341325190349,4.0,0,62,0.0,0.0,10000
GCR_H,min,3,562.341325190349,4.0,0,63,0.0,0.0,10000
GCR_H,min,3,562.341325190349,4.0,0,64,4.77015e-17,6.3602e-15,10000
GCR_H,min,3,562.341325190349,4.0,0,65,0.0,0.0,10000
GCR_H,min,3,562.341325190349,4.0,0,66,0.0,0.0,10000
GCR_H,min,3,562.341325190349,4.0,0,67,0.0,0.0,10000
GCR_H,min,3,562.341325190349,4.0,0,68,0.0,0.0,10000
GCR_H,min,3,562.341325190349,4.0,0,69,5.37372e-16,7.33114e-14,10000
GCR_H,min,3,562.341325190349,4.0,0,70,1.56324e-16,1.12302e-14,10000
GCR_H,min,3,562.341325190349,4.0,0,71,1.60607e-15,2.96981e-14,10000
GCR_H,min,3,562.341325190349,4.0,0,72,1.6114e-15,1.07434e-14,10000
GCR_H,min,3,562.341325190349,4.0,0,73,3.96051e-15,1.58414e-14,10000
GCR_H,min,3,562.341325190349,4.0,0,74,7.84688e-15,1.20721e-14,10000
GCR_H,min,3,562.341325190349,4.0,0,75,5.39941e-15,1.5426e-14,10000
GCR_H,min,3,562.341325190349,4.0,0,76,5.22216e-15,5.80305e-14,10000
GCR_H,min,3,562.341325190349,4.0,0,77,3.39502e-15,6.17051e-14,10000
GCR_H,min,3,562.341325190349,4.0,0,78,3.79154e-16,6.31923e-15,10000
GCR_H,min,3,562.341325190349,4.0,0,79,8.76075e-16,9.22184e-15,10000
GCR_H,min,3,562.341325190349,4.0,0,80,0.0,0.0,10000
GCR_H,min,3,562.341325190349,4.0,0,81,0.0,0.0,10000
GCR_H,min,3,562.341325190349,4.0,0,82,4.19961e-16,4.66675e-15,10000
GCR_H,min,3,562.341325190349,4.0,0,83,5.05013e-16,1.44289e-14,10000
GCR_H,min,3,562.341325190349,4.0,0,84,4.06528e-16,1.01607e-14,10000
GCR_H,min,3,562.341325190349,4.0,0,85,5.32817e-15,7.10707e-14,10000
GCR_H,min,3,562.341325190349,4.0,0,86,0.0,0.0,10000
GCR_H,min,3,562.341325190349,4.0,0,87,3.418e-15,1.03582e-14,10000
GCR_H,min,3,562.341325190349,4.0,0,88,1.43961e-15,2.82271e-15,10000
GCR_H,min,3,562.341325190349,4.0,0,89,2.96104e-15,2.76422e-14,10000
GCR_H,min,3,562.341325190349,4.0,0,90,4.26844e-16,1.11593e-14,10000
GCR_H,min,3,562.341325190349,4.0,0,91,0.0,0.0,10000
GCR_H,min,3,562.341325190349,4.0,0,92,1.90006e-15,1.72858e-14,10000
GCR_H,min,3,562.341325190349,4.0,0,93,0.0,0.0,10000
GCR_H,min,3,562.341325190349,4.0,0,94,0.0,0.0,10000
GCR_H,min,3,562.341325190349,4.0,0,95,2.39641e-14,1.33133e-14,10000
GCR_H,min,3,562.341325190349,4.0,0,96,3.0501e-17,3.8604e-16,10000
GCR_H,min,3,562.341325190349,4.0,0,97,1.02574e-14,2.14708e-14,10000
GCR_H,min,3,562.341325190349,4.0,0,98,4.12267e-16,5.76275e-15,10000
GCR_H,min,3,562.341325190349,4.0,0,99,3.84408e-15,6.62681e-15,10000
GCR_H,min,3,562.341325190349,4.0,0,100,3.1968e-16,1.41451e-13,10000
GCR_H,min,3,562.341325190349,4.0,0,101,7.02506e-17,1.09766e-14,10000
GCR_H,min,3,562.341325190349,4.0,0,102,0.0,0.0,10000
GCR_H,min,3,562.341325190349,4.0,0,103,5.54521e-16,5.3115e-15,10000
GCR_H,min,3,562.341325190349,4.0,0,104,1.80768e-16,2.30866e-14,10000
GCR_H,min,3,562.341325190349,4.0,0,105,0.0,0.0,10000
GCR_H,min,3,562.341325190349,4.0,0,106,1.19021e-14,9.77333e-15,10000
GCR_H,min,3,562.341325190349,4.0,0,107,1.26738e-13,8.44537e-15,10000
GCR_H,min,3,562.341325190349,4.0,0,108,3.10799e-14,1.12996e-14,10000
GCR_H,min,3,562.341325190349,4.0,0,109,1.0222e-13,1.01965e-14,10000
GCR_H,min,3,562.341325190349,4.0,0,110,0.0,0.0,10000
GCR_H,min,3,562.341325190349,4.0,0,111,0.0,0.0,10000
GCR_H,min,3,562.341325190349,4.0,0,112,0.0,0.0,10000
GCR_H,min,3,562.341325190349,4.0,0,113,2.18405e-15,1.56004e-14,10000
GCR_H,min,3,562.341325190349,4.0,0,114,0.0,0.0,10000
GCR_H,min,3,562.341325190349,4.0,0,115,3.84454e-16,2.26016e-14,10000
GCR_H,min,3,562.341325190349,4.0,0,116,1.28002e-14,1.2208e-14,10000
GCR_H,min,3,562.341325190349,4.0,0,117,1.75306e-13,1.41718e-14,10000
GCR_H,min,3,562.341325190349,4.0,0,118,3.26359e-14,1.98579e-14,10000
GCR_H,min,3,562.341325190349,4.0,0,119,5.35289e-14,9.91924e-15,10000
GCR_H,min,3,562.341325190349,4.0,0,120,3.34476e-15,7.87188e-14,10000
GCR_H,min,3,562.341325190349,4.0,0,121,0.0,0.0,10000
GCR_H,min,3,562.341325190349,4.0,0,122,4.95689e-15,1.70141e-14,10000
GCR_H,min,3,562.341325190349,4.0,0,123,1.42309e-14,9.71254e-15,10000
GCR_H,min,3,562.341325190349,4.0,0,124,1.04458e-14,1.63464e-14,10000
GCR_H,min,3,562.341325190349,4.0,0,125,1.14082e-14,8.56197e-15,10000
GCR_H,min,3,562.341325190349,4.0,0,126,5.87919e-16,1.60546e-14,10000
GCR_H,min,3,562.341325190349,4.0,0,127,7.76383e-16,5.17623e-15,10000
GCR_H,min,3,562.341325190349,4.0,0,128,6.46582e-16,1.29213e-14,10000
GCR_H,min,3,562.341325190349,4.0,0,129,0.0,0.0,10000
GCR_H,min,3,562.341325190349,4.0,0,130,0.0,0.0,10000
GCR_H,min,3,562.341325190349,4.0,0,131,0.0,0.0,10000
GCR_H,min,3,562.341325190349,4.0,0,132,0.0,0.0,10000
GCR_H,min,3,562.341325190349,4.0,0,133,1.89259e-15,4.47631e-14,10000
GCR_H,min,3,562.341325190349,4.0,0,134,0.0,0.0,10000
GCR_H,min,3,562.341325190349,4.0,0,135,2.45666e-15,2.88679e-13,10000
GCR_H,min,3,562.341325190349,4.0,0,136,2.65901e-16,3.55009e-14,10000
GCR_H,min,3,562.341325190349,4.0,0,137,2.78386e-17,5.56661e-16,10000
GCR_H,min,3,562.341325190349,4.0,0,138,8.44048e-16,4.22024e-15,10000
GCR_H,min,3,562.341325190349,4.0,0,139,0.0,0.0,10000
GCR_H,min,3,562.341325190349,4.0,0,140,4.1113e-15,2.05565e-11,10000
GCR_H,min,3,562.341325190349,4.0,0,141,0.0,0.0,10000
GCR_H,min,4,1778.2794100389228,2.0,0,0,1.0025e-11,0.0,10000
GCR_H,min,4,1778.2794100389228,2.0,0,1,1.20852e-24,1.72646e-22,10000
GCR_H,min,4,1778.2794100389228,2.0,0,2,0.0,0.0,10000
GCR_H,min,4,1778.2794100389228,2.0,0,3,0.0,0.0,10000
GCR_H,min,4,1778.2794100389228,2.0,0,4,0.0,0.0,10000
GCR_H,min,4,1778.2794100389228,2.0,0,5,2.84476e-17,9.25726e-16,10000
GCR_H,min,4,1778.2794100389228,2.0,0,6,3.00869e-17,5.89939e-15,10000
GCR_H,min,4,1778.2794100389228,2.0,0,7,5.30444e-17,5.29914e-15,10000
GCR_H,min,4,1778.2794100389228,2.0,0,8,4.98241e-16,7.51381e-15,10000
GCR_H,min,4,1778.2794100389228,2.0,0,9,0.0,0.0,10000
GCR_H,min,4,1778.2794100389228,2.0,0,10,3.92671e-15,1.44402e-14,10000
GCR_H,min,4,1778.2794100389228,2.0,0,11,8.03291e-17,5.10999e-15,10000
GCR_H,min,4,1778.2794100389228,2.0,0,12,3.82209e-16,4.60271e-15,10000
GCR_H,min,4,1778.2794100389228,2.0,0,13,2.0547e-15,1.51907e-14,10000
GCR_H,min,4,1778.2794100389228,2.0,0,14,9.95452e-15,5.3849e-14,10000
GCR_H,min,4,1778.2794100389228,2.0,0,15,6.02251e-16,1.79884e-14,10000
GCR_H,min,4,1778.2794100389228,2.0,0,16,4.47033e-16,3.49163e-15,10000
GCR_H,min,4,1778.2794100389228,2.0,0,17,1.9458e-16,3.25767e-15,10000
GCR_H,min,4,1778.2794100389228,2.0,0,18,8.57256e-16,2.3088e-14,10000
GCR_H,min,4,1778.2794100389228,2.0,0,19,4.0437e-15,1.49324e-14,10000
GCR_H,min,4,1778.2794100389228,2.0,0,20,3.62651e-15,1.99357e-14,10000
GCR_H,min,4,1778.2794100389228,2.0,0,21,4.98453e-16,2.19874e-14,10000
GCR_H,min,4,1778.2794100389228,2.0,0,22,1.762e-15,9.80306e-15,10000
GCR_H,min,4,1778.2794100389228,2.0,0,23,1.41506e-15,1.01373e-14,10000
GCR_H,min,4,1778.2794100389228,2.0,0,24,1.41263e-16,2.95653e-15,10000
GCR_H,min,4,1778.2794100389228,2.0,0,25,2.06991e-16,3.90107e-15,10000
GCR_H,min,4,1778.2794100389228,2.0,0,26,2.55106e-15,4.5324e-15,10000
GCR_H,min,4,1778.2794100389228,2.0,0,27,3.71449e-15,8.23502e-15,10000
GCR_H,min,4,1778.2794100389228,2.0,0,28,3.58501e-15,1.37e-14,10000
GCR_H,min,4,1778.2794100389228,2.0,0,29,1.28788e-14,2.72828e-14,10000
GCR_H,min,4,1778.2794100389228,2.0,0,30,0.0,0.0,10000
GCR_H,min,4,1778.2794100389228,2.0,0,31,2.76908e-15,9.41577e-15,10000
GCR_H,min,4,1778.2794100389228,2.0,0,32,6.09566e-15,1.3899e-14,10000
GCR_H,min,4,1778.2794100389228,2.0,0,33,1.81355e-15,2.24199e-14,10000
GCR_H,min,4,1778.2794100389228,2.0,0,34,2.60266e-15,4.89821e-15,10000
GCR_H,min,4,1778.2794100389228,2.0,0,35,7.49716e-15,1.02788e-14,10000
GCR_H,min,4,1778.2794100389228,2.0,0,36,8.61617e-16,1.09523e-14,10000
GCR_H,min,4,1778.2794100389228,2.0,0,37,9.78294e-16,4.20663e-15,10000
GCR_H,min,4,1778.2794100389228,2.0,0,38,4.44317e-15,8.75019e-15,10000
GCR_H,min,4,1778.2794100389228,2.0,0,39,4.65012e-16,6.10894e-15,10000
GCR_H,min,4,1778.2794100389228,2.0,0,40,1.18334e-15,1.60127e-14,10000
GCR_H,min,4,1778.2794100389228,2.0,0,41,2.22804e-15,5.58937e-15,10000
GCR_H,min,4,1778.2794100389228,2.0,0,42,1.00562e-14,1.47629e-14,10000
GCR_H,min,4,1778.2794100389228,2.0,0,43,2.12795e-15,5.82745e-15,10000
GCR_H,min,4,1778.2794100389228,2.0,0,44,4.54686e-15,8.74295e-15,10000
GCR_H,min,4,1778.2794100389228,2.0,0,45,1.89699e-15,8.57861e-15,10000
GCR_H,min,4,1778.2794100389228,2.0,0,46,1.80068e-15,9.36831e-15,10000
GCR_H,min,4,1778.2794100389228,2.0,0,47,0.0,0.0,10000
GCR_H,min,4,1778.2794100389228,2.0,0,48,0.0,0.0,10000
GCR_H,min,4,1778.2794100389228,2.0,0,49,1.83753e-15,6.41192e-15,10000
GCR_H,min,4,1778.2794100389228,2.0,0,50,7.07217e-15,2.10896e-14,10000
GCR_H,min,4,1778.2794100389228,2.0,0,51,2.10106e-15,1.12845e-14,10000
GCR_H,min,4,1778.2794100389228,2.0,0,52,4.36523e-15,1.44511e-14,10000
GCR_H,min,4,1778.2794100389228,2.0,0,53,6.14039e-16,5.62153e-15,10000
GCR_H,min,4,1778.2794100389228,2.0,0,54,2.86165e-15,1.64927e-14,10000
GCR_H,min,4,1778.2794100389228,2.0,0,55,0.0,0.0,10000
GCR_H,min,4,1778.2794100389228,2.0,0,56,1.01506e-16,1.80263e-15,10000
GCR_H,min,4,1778.2794100389228,2.0,0,57,2.47191e-16,1.54881e-14,10000
GCR_H,min,4,1778.2794100389228,2.0,0,58,9.86162e-16,1.11217e-14,10000
GCR_H,min,4,1778.2794100389228,2.0,0,59,1.19338e-16,2.01926e-14,10000
GCR_H,min,4,1778.2794100389228,2.0,0,60,3.81267e-16,1.0978e-14,10000
GCR_H,min,4,1778.2794100389228,2.0,0,61,2.15865e-14,1.48873e-14,10000
GCR_H,min,4,1778.2794100389228,2.0,0,62,0.0,0.0,10000
GCR_H,min,4,1778.2794100389228,2.0,0,63,0.0,0.0,10000
GCR_H,min,4,1778.2794100389228,2.0,0,64,2.17809e-16,2.90412e-14,10000
GCR_H,min,4,1778.2794100389228,2.0,0,65,1.18409e-17,2.37293e-15,10000
GCR_H,min,4,1778.2794100389228,2.0,0,66,0.0,0.0,10000
GCR_H,min,4,1778.2794100389228,2.0,0,67,0.0,0.0,10000
GCR_H,min,4,1778.2794100389228,2.0,0,68,0.0,0.0,10000
GCR_H,min,4,1778.2794100389228,2.0,0,69,0.0,0.0,10000
GCR_H,min,4,1778.2794100389228,2.0,0,70,1.42703e-16,1.02516e-14,10000
GCR_H,min,4,1778.2794100389228,2.0,0,71,1.51159e-15,2.7951e-14,10000
GCR_H,min,4,1778.2794100389228,2.0,0,72,3.78966e-15,2.52661e-14,10000
GCR_H,min,4,1778.2794100389228,2.0,0,73,5.26189e-15,2.10467e-14,10000
GCR_H,min,4,1778.2794100389228,2.0,0,74,1.09841e-14,1.68987e-14,10000
GCR_H,min,4,1778.2794100389228,2.0,0,75,7.80296e-15,2.22929e-14,10000
GCR_H,min,4,1778.2794100389228,2.0,0,76,3.58814e-16,3.98727e-15,10000
GCR_H,min,4,1778.2794100389228,2.0,0,77,1.65187e-16,3.00231e-15,10000
GCR_H,min,4,1778.2794100389228,2.0,0,78,2.97331e-15,4.95551e-14,10000
GCR_H,min,4,1778.2794100389228,2.0,0,79,5.18488e-15,5.45777e-14,10000
GCR_H,min,4,1778.2794100389228,2.0,0,80,2.2679e-15,3.77983e-14,10000
GCR_H,min,4,1778.2794100389228,2.0,0,81,3.17671e-16,7.93979e-15,10000
GCR_H,min,4,1778.2794100389228,2.0,0,82,1.08874e-15,1.20985e-14,10000
GCR_H,min,4,1778.2794100389228,2.0,0,83,1.42078e-17,4.05937e-16,10000
GCR_H,min,4,1778.2794100389228,2.0,0,84,2.5949e-16,6.48562e-15,10000
GCR_H,min,4,1778.2794100389228,2.0,0,85,0.0,0.0,10000
GCR_H,min,4,1778.2794100389228,2.0,0,86,7.24386e-15,2.41623e-13,10000
GCR_H,min,4,1778.2794100389228,2.0,0,87,3.15765e-15,9.56922e-15,10000
GCR_H,min,4,1778.2794100389228,2.0,0,88,4.65653e-15,9.13027e-15,10000
GCR_H,min,4,1778.2794100389228,2.0,0,89,8.22517e-16,7.67846e-15,10000
GCR_H,min,4,1778.2794100389228,2.0,0,90,3.13567e-16,8.19782e-15,10000
GCR_H,min,4,1778.2794100389228,2.0,0,91,4.17167e-17,5.46745e-15,10000
GCR_H,min,4,1778.2794100389228,2.0,0,92,1.89703e-15,1.72583e-14,10000
GCR_H,min,4,1778.2794100389228,2.0,0,93,6.35768e-16,1.61979e-14,10000
GCR_H,min,4,1778.2794100389228,2.0,0,94,0.0,0.0,10000
GCR_H,min,4,1778.2794100389228,2.0,0,95,4.24149e-14,2.35637e-14,10000
GCR_H,min,4,1778.2794100389228,2.0,0,96,9.47083e-16,1.19869e-14,10000
GCR_H,min,4,1778.2794100389228,2.0,0,97,1.72778e-14,3.61657e-14,10000
GCR_H,min,4,1778.2794100389228,2.0,0,98,6.66407e-16,9.31517e-15,10000
GCR_H,min,4,1778.2794100389228,2.0,0,99,1.23116e-14,2.1224e-14,10000
GCR_H,min,4,1778.2794100389228,2.0,0,100,0.0,0.0,10000
GCR_H,min,4,1778.2794100389228,2.0,0,101,5.42144e-17,8.471e-15,10000
GCR_H,min,4,1778.2794100389228,2.0,0,102,0.0,0.0,10000
GCR_H,min,4,1778.2794100389228,2.0,0,103,1.19159e-15,1.14137e-14,10000
GCR_H,min,4,1778.2794100389228,2.0,0,104,4.81734e-17,6.15241e-15,10000
GCR_H,min,4,1778.2794100389228,2.0,0,105,6.94382e-16,6.25569e-14,10000
GCR_H,min,4,1778.2794100389228,2.0,0,106,9.35369e-15,7.68075e-15,10000
GCR_H,min,4,1778.2794100389228,2.0,0,107,3.03767e-13,2.02419e-14,10000
GCR_H,min,4,1778.2794100389228,2.0,0,108,5.22536e-14,1.89976e-14,10000
GCR_H,min,4,1778.2794100389228,2.0,0,109,2.44548e-13,2.43939e-14,10000
GCR_H,min,4,1778.2794100389228,2.0,0,110,1.0734e-15,2.68282e-14,10000
GCR_H,min,4,1778.2794100389228,2.0,0,111,0.0,0.0,10000
GCR_H,min,4,1778.2794100389228,2.0,0,112,0.0,0.0,10000
GCR_H,min,4,1778.2794100389228,2.0,0,113,4.73611e-16,3.38294e-15,10000
GCR_H,min,4,1778.2794100389228,2.0,0,114,0.0,0.0,10000
GCR_H,min,4,1778.2794100389228,2.0,0,115,8.0003e-16,4.70329e-14,10000
GCR_H,min,4,1778.2794100389228,2.0,0,116,1.6896e-14,1.61143e-14,10000
GCR_H,min,4,1778.2794100389228,2.0,0,117,2.93555e-13,2.37311e-14,10000
GCR_H,min,4,1778.2794100389228,2.0,0,118,2.74582e-14,1.67075e-14,10000
GCR_H,min,4,1778.2794100389228,2.0,0,119,1.73745e-13,3.21961e-14,10000
GCR_H,min,4,1778.2794100389228,2.0,0,120,2.04788e-16,4.81966e-15,10000
GCR_H,min,4,1778.2794100389228,2.0,0,121,2.65813e-16,6.25589e-15,10000
GCR_H,min,4,1778.2794100389228,2.0,0,122,1.81483e-15,6.22926e-15,10000
GCR_H,min,4,1778.2794100389228,2.0,0,123,2.27566e-14,1.55313e-14,10000
GCR_H,min,4,1778.2794100389228,2.0,0,124,9.36534e-15,1.46556e-14,10000
GCR_H,min,4,1778.2794100389228,2.0,0,125,2.38129e-14,1.78717e-14,10000
GCR_H,min,4,1778.2794100389228,2.0,0,126,1.27981e-16,3.49483e-15,10000
GCR_H,min,4,1778.2794100389228,2.0,0,127,1.54993e-15,1.03336e-14,10000
GCR_H,min,4,1778.2794100389228,2.0,0,128,6.58487e-17,1.31592e-15,10000
GCR_H,min,4,1778.2794100389228,2.0,0,129,3.41565e-15,1.95403e-13,10000
GCR_H,min,4,1778.2794100389228,2.0,0,130,6.25484e-15,3.57011e-13,10000
GCR_H,min,4,1778.2794100389228,2.0,0,131,2.41909e-16,9.68024e-15,10000
GCR_H,min,4,1778.2794100389228,2.0,0,132,1.26575e-16,6.33193e-15,10000
GCR_H,min,4,1778.2794100389228,2.0,0,133,4.07656e-16,9.64182e-15,10000
GCR_H,min,4,1778.2794100389228,2.0,0,134,0.0,0.0,10000
GCR_H,min,4,1778.2794100389228,2.0,0,135,6.09612e-17,7.16348e-15,10000
GCR_H,min,4,1778.2794100389228,2.0,0,136,6.32398e-17,8.44323e-15,10000
GCR_H,min,4,1778.2794100389228,2.0,0,137,8.68569e-16,1.73679e-14,10000
GCR_H,min,4,1778.2794100389228,2.0,0,138,2.87436e-15,1.43718e-14,10000
GCR_H,min,4,1778.2794100389228,2.0,0,139,0.0,0.0,10000
GCR_H,min,4,1778.2794100389228,2.0,0,140,8.42857e-16,4.21428e-12,10000
GCR_H,min,4,1778.2794100389228,2.0,0,141,3.79738e-15,2.46104e-14,10000
GCR_H,min,4,1778.2794100389228,3.0,0,0,2.8312e-10,0.0,10000
GCR_H,min,4,1778.2794100389228,3.0,0,1,0.0,0.0,10000
GCR_H,min,4,1778.2794100389228,3.0,0,2,0.0,0.0,10000
GCR_H,min,4,1778.2794100389228,3.0,0,3,0.0,0.0,10000
GCR_H,min,4,1778.2794100389228,3.0,0,4,2.44583e-18,8.60903e-17,10000
GCR_H,min,4,1778.2794100389228,3.0,0,5,0.0,0.0,10000
GCR_H,min,4,1778.2794100389228,3.0,0,6,0.0,0.0,10000
GCR_H,min,4,1778.2794100389228,3.0,0,7,0.0,0.0,10000
GCR_H,min,4,1778.2794100389228,3.0,0,8,2.72553e-15,4.11028e-14,10000
GCR_H,min,4,1778.2794100389228,3.0,0,9,0.0,0.0,10000
GCR_H,min,4,1778.2794100389228,3.0,0,10,7.60682e-15,2.79735e-14,10000
GCR_H,min,4,1778.2794100389228,3.0,0,11,0.0,0.0,10000
GCR_H,min,4,1778.2794100389228,3.0,0,12,8.32168e-16,1.00213e-14,10000
GCR_H,min,4,1778.2794100389228,3.0,0,13,1.08835e-16,8.04635e-16,10000
GCR_H,min,4,1778.2794100389228,3.0,0,14,1.82668e-15,9.88142e-15,10000
GCR_H,min,4,1778.2794100389228,3.0,0,15,0.0,0.0,10000
GCR_H,min,4,1778.2794100389228,3.0,0,16,7.09546e-15,5.54203e-14,10000
GCR_H,min,4,1778.2794100389228,3.0,0,17,1.93381e-15,3.23758e-14,10000
GCR_H,min,4,1778.2794100389228,3.0,0,18,0.0,0.0,10000
GCR_H,min,4,1778.2794100389228,3.0,0,19,1.39844e-15,5.1641e-15,10000
GCR_H,min,4,1778.2794100389228,3.0,0,20,1.11345e-15,6.12088e-15,10000
GCR_H,min,4,1778.2794100389228,3.0,0,21,8.12028e-16,3.58195e-14,10000
GCR_H,min,4,1778.2794100389228,3.0,0,22,5.34943e-15,2.9762e-14,10000
GCR_H,min,4,1778.2794100389228,3.0,0,23,3.24785e-15,2.32671e-14,10000
GCR_H,min,4,1778.2794100389228,3.0,0,24,1.88575e-16,3.94673e-15,10000
GCR_H,min,4,1778.2794100389228,3.0,0,25,1.90793e-16,3.59579e-15,10000
GCR_H,min,4,1778.2794100389228,3.0,0,26,5.85689e-15,1.04058e-14,10000
GCR_H,min,4,1778.2794100389228,3.0,0,27,8.54385e-15,1.89417e-14,10000
GCR_H,min,4,1778.2794100389228,3.0,0,28,3.05159e-15,1.16615e-14,10000
GCR_H,min,4,1778.2794100389228,3.0,0,29,1.24167e-14,2.63039e-14,10000
GCR_H,min,4,1778.2794100389228,3.0,0,30,9.25326e-17,3.58932e-15,10000
GCR_H,min,4,1778.2794100389228,3.0,0,31,1.67612e-15,5.69934e-15,10000
GCR_H,min,4,1778.2794100389228,3.0,0,32,4.69811e-15,1.07123e-14,10000
GCR_H,min,4,1778.2794100389228,3.0,0,33,5.12675e-16,6.33793e-15,10000
GCR_H,min,4,1778.2794100389228,3.0,0,34,3.20221e-15,6.02655e-15,10000
GCR_H,min,4,1778.2794100389228,3.0,0,35,6.85581e-15,9.3995e-15,10000
GCR_H,min,4,1778.2794100389228,3.0,0,36,1.1853e-15,1.50667e-14,10000
GCR_H,min,4,1778.2794100389228,3.0,0,37,3.07489e-15,1.32219e-14,10000
GCR_H,min,4,1778.2794100389228,3.0,0,38,9.78708e-15,1.92742e-14,10000
GCR_H,min,4,1778.2794100389228,3.0,0,39,0.0,0.0,10000
GCR_H,min,4,1778.2794100389228,3.0,0,40,0.0,0.0,10000
GCR_H,min,4,1778.2794100389228,3.0,0,41,4.23614e-15,1.0627e-14,10000
GCR_H,min,4,1778.2794100389228,3.0,0,42,1.91295e-14,2.80829e-14,10000
GCR_H,min,4,1778.2794100389228,3.0,0,43,1.55669e-15,4.26302e-15,10000
GCR_H,min,4,1778.2794100389228,3.0,0,44,4.33343e-15,8.33255e-15,10000
GCR_H,min,4,1778.2794100389228,3.0,0,45,2.55506e-15,1.15546e-14,10000
GCR_H,min,4,1778.2794100389228,3.0,0,46,5.9985e-15,3.12081e-14,10000
GCR_H,min,4,1778.2794100389228,3.0,0,47,5.71566e-16,5.55349e-15,10000
GCR_H,min,4,1778.2794100389228,3.0,0,48,1.07303e-15,1.45891e-14,10000
GCR_H,min,4,1778.2794100389228,3.0,0,49,4.734e-16,1.6519e-15,10000
GCR_H,min,4,1778.2794100389228,3.0,0,50,2.21629e-15,6.60908e-15,10000
GCR_H,min,4,1778.2794100389228,3.0,0,51,3.99074e-15,2.14337e-14,10000
GCR_H,min,4,1778.2794100389228,3.0,0,52,5.69584e-15,1.8856e-14,10000
GCR_H,min,4,1778.2794100389228,3.0,0,53,1.21896e-15,1.11596e-14,10000
GCR_H,min,4,1778.2794100389228,3.0,0,54,5.09106e-15,2.93416e-14,10000
GCR_H,min,4,1778.2794100389228,3.0,0,55,0.0,0.0,10000
GCR_H,min,4,1778.2794100389228,3.0,0,56,6.16057e-16,1.09405e-14,10000
GCR_H,min,4,1778.2794100389228,3.0,0,57,0.0,0.0,10000
GCR_H,min,4,1778.2794100389228,3.0,0,58,1.13359e-15,1.27843e-14,10000
GCR_H,min,4,1778.2794100389228,3.0,0,59,2.51253e-16,4.25132e-14,10000
GCR_H,min,4,1778.2794100389228,3.0,0,60,2.53413e-16,7.29667e-15,10000
GCR_H,min,4,1778.2794100389228,3.0,0,61,4.62613e-14,3.19043e-14,10000
GCR_H,min,4,1778.2794100389228,3.0,0,62,5.47339e-16,7.29785e-14,10000
GCR_H,min,4,1778.2794100389228,3.0,0,63,0.0,0.0,10000
GCR_H,min,4,1778.2794100389228,3.0,0,64,6.36457e-17,8.48609e-15,10000
GCR_H,min,4,1778.2794100389228,3.0,0,65,0.0,0.0,10000
GCR_H,min,4,1778.2794100389228,3.0,0,66,0.0,0.0,10000
GCR_H,min,4,1778.2794100389228,3.0,0,67,1.58716e-16,2.17717e-14,10000
GCR_H,min,4,1778.2794100389228,3.0,0,68,0.0,0.0,10000
GCR_H,min,4,1778.2794100389228,3.0,0,69,0.0,0.0,10000
GCR_H,min,4,1778.2794100389228,3.0,0,70,2.56691e-16,1.84405e-14,10000
GCR_H,min,4,1778.2794100389228,3.0,0,71,8.60866e-16,1.59184e-14,10000
GCR_H,min,4,1778.2794100389228,3.0,0,72,3.49562e-16,2.33057e-15,10000
GCR_H,min,4,1778.2794100389228,3.0,0,73,3.27882e-16,1.31148e-15,10000
GCR_H,min,4,1778.2794100389228,3.0,0,74,1.74873e-14,2.69036e-14,10000
GCR_H,min,4,1778.2794100389228,3.0,0,75,1.01862e-14,2.91017e-14,10000
GCR_H,min,4,1778.2794100389228,3.0,0,76,1.84821e-15,2.0538e-14,10000
GCR_H,min,4,1778.2794100389228,3.0,0,77,1.87935e-15,3.41576e-14,10000
GCR_H,min,4,1778.2794100389228,3.0,0,78,5.2251e-16,8.7085e-15,10000
GCR_H,min,4,1778.2794100389228,3.0,0,79,6.36715e-16,6.70227e-15,10000
GCR_H,min,4,1778.2794100389228,3.0,0,80,1.93882e-16,3.23137e-15,10000
GCR_H,min,4,1778.2794100389228,3.0,0,81,5.48524e-17,1.37097e-15,10000
GCR_H,min,4,1778.2794100389228,3.0,0,82,0.0,0.0,10000
GCR_H,min,4,1778.2794100389228,3.0,0,83,0.0,0.0,10000
GCR_H,min,4,1778.2794100389228,3.0,0,84,2.61915e-15,6.54624e-14,10000
GCR_H,min,4,1778.2794100389228,3.0,0,85,5.28977e-15,7.05585e-14,10000
GCR_H,min,4,1778.2794100389228,3.0,0,86,9.30303e-16,3.10308e-14,10000
GCR_H,min,4,1778.2794100389228,3.0,0,87,1.17301e-15,3.55478e-15,10000
GCR_H,min,4,1778.2794100389228,3.0,0,88,3.8877e-15,7.62278e-15,10000
GCR_H,min,4,1778.2794100389228,3.0,0,89,3.87232e-16,3.61493e-15,10000
GCR_H,min,4,1778.2794100389228,3.0,0,90,1.2485e-16,3.26404e-15,10000
GCR_H,min,4,1778.2794100389228,3.0,0,91,0.0,0.0,10000
GCR_H,min,4,1778.2794100389228,3.0,0,92,3.69792e-15,3.36419e-14,10000
GCR_H,min,4,1778.2794100389228,3.0,0,93,4.30032e-16,1.09562e-14,10000
GCR_H,min,4,1778.2794100389228,3.0,0,94,1.75464e-16,2.22953e-14,10000
GCR_H,min,4,1778.2794100389228,3.0,0,95,1.41706e-14,7.87251e-15,10000
GCR_H,min,4,1778.2794100389228,3.0,0,96,2.74051e-16,3.46856e-15,10000
GCR_H,min,4,1778.2794100389228,3.0,0,97,9.71722e-15,2.034e-14,10000
GCR_H,min,4,1778.2794100389228,3.0,0,98,0.0,0.0,10000
GCR_H,min,4,1778.2794100389228,3.0,0,99,1.51957e-14,2.61959e-14,10000
GCR_H,min,4,1778.2794100389228,3.0,0,100,1.99209e-17,8.81455e-15,10000
GCR_H,min,4,1778.2794100389228,3.0,0,101,0.0,0.0,10000
GCR_H,min,4,1778.2794100389228,3.0,0,102,6.84955e-17,1.14541e-14,10000
GCR_H,min,4,1778.2794100389228,3.0,0,103,3.50851e-15,3.36064e-14,10000
GCR_H,min,4,1778.2794100389228,3.0,0,104,0.0,0.0,10000
GCR_H,min,4,1778.2794100389228,3.0,0,105,3.62629e-16,3.26693e-14,10000
GCR_H,min,4,1778.2794100389228,3.0,0,106,7.50539e-15,6.16302e-15,10000
GCR_H,min,4,1778.2794100389228,3.0,0,107,3.7412e-13,2.493e-14,10000
GCR_H,min,4,1778.2794100389228,3.0,0,108,4.85292e-14,1.76436e-14,10000
GCR_H,min,4,1778.2794100389228,3.0,0,109,1.89056e-13,1.88585e-14,10000
GCR_H,min,4,1778.2794100389228,3.0,0,110,8.3595e-17,2.08935e-15,10000
GCR_H,min,4,1778.2794100389228,3.0,0,111,0.0,0.0,10000
GCR_H,min,4,1778.2794100389228,3.0,0,112,0.0,0.0,10000
GCR_H,min,4,1778.2794100389228,3.0,0,113,5.97158e-16,4.26541e-15,10000
GCR_H,min,4,1778.2794100389228,3.0,0,114,0.0,0.0,10000
GCR_H,min,4,1778.2794100389228,3.0,0,115,5.14524e-16,3.02483e-14,10000
GCR_H,min,4,1778.2794100389228,3.0,0,116,1.36724e-14,1.30399e-14,10000
GCR_H,min,4,1778.2794100389228,3.0,0,117,3.44419e-13,2.7843e-14,10000
GCR_H,min,4,1778.2794100389228,3.0,0,118,5.53476e-14,3.36773e-14,10000
GCR_H,min,4,1778.2794100389228,3.0,0,119,1.08861e-13,2.01726e-14,10000
GCR_H,min,4,1778.2794100389228,3.0,0,120,1.91906e-15,4.51651e-14,10000
GCR_H,min,4,1778.2794100389228,3.0,0,121,8.33476e-16,1.96158e-14,10000
GCR_H,min,4,1778.2794100389228,3.0,0,122,2.57308e-15,8.83187e-15,10000
GCR_H,min,4,1778.2794100389228,3.0,0,123,3.32757e-14,2.27106e-14,10000
GCR_H,min,4,1778.2794100389228,3.0,0,124,1.43641e-14,2.2478e-14,10000
GCR_H,min,4,1778.2794100389228,3.0,0,125,1.97691e-14,1.48369e-14,10000
GCR_H,min,4,1778.2794100389228,3.0,0,126,6.53193e-17,1.78371e-15,10000
GCR_H,min,4,1778.2794100389228,3.0,0,127,1.80481e-15,1.20329e-14,10000
GCR_H,min,4,1778.2794100389228,3.0,0,128,0.0,0.0,10000
GCR_H,min,4,1778.2794100389228,3.0,0,129,0.0,0.0,10000
GCR_H,min,4,1778.2794100389228,3.0,0,130,0.0,0.0,10000
GCR_H,min,4,1778.2794100389228,3.0,0,131,0.0,0.0,10000
GCR_H,min,4,1778.2794100389228,3.0,0,132,0.0,0.0,10000
GCR_H,min,4,1778.2794100389228,3.0,0,133,0.0,0.0,10000
GCR_H,min,4,1778.2794100389228,3.0,0,134,0.0,0.0,10000
GCR_H,min,4,1778.2794100389228,3.0,0,135,2.25202e-16,2.64633e-14,10000
GCR_H,min,4,1778.2794100389228,3.0,0,136,1.98034e-16,2.64398e-14,10000
GCR_H,min,4,1778.2794100389228,3.0,0,137,1.35098e-15,2.70141e-14,10000
GCR_H,min,4,1778.2794100389228,3.0,0,138,1.80493e-14,9.02467e-14,10000
GCR_H,min,4,1778.2794100389228,3.0,0,139,0.0,0.0,10000
GCR_H,min,4,1778.2794100389228,3.0,0,140,1.96716e-16,9.83579e-13,10000
GCR_H,min,4,1778.2794100389228,3.0,0,141,1.74791e-15,1.1328e-14,10000
GCR_H,min,4,1778.2794100389228,4.0,0,0,2.75852e-10,0.0,10000
GCR_H,min,4,1778.2794100389228,4.0,0,1,0.0,0.0,10000
GCR_H,min,4,1778.2794100389228,4.0,0,2,0.0,0.0,10000
GCR_H,min,4,1778.2794100389228,4.0,0,3,0.0,0.0,10000
GCR_H,min,4,1778.2794100389228,4.0,0,4,0.0,0.0,10000
GCR_H,min,4,1778.2794100389228,4.0,0,5,0.0,0.0,10000
GCR_H,min,4,1778.2794100389228,4.0,0,6,0.0,0.0,10000
GCR_H,min,4,1778.2794100389228,4.0,0,7,0.0,0.0,10000
GCR_H,min,4,1778.2794100389228,4.0,0,8,9.21485e-16,1.38966e-14,10000
GCR_H,min,4,1778.2794100389228,4.0,0,9,0.0,0.0,10000
GCR_H,min,4,1778.2794100389228,4.0,0,10,4.75043e-15,1.74693e-14,10000
GCR_H,min,4,1778.2794100389228,4.0,0,11,0.0,0.0,10000
GCR_H,min,4,1778.2794100389228,4.0,0,12,1.43868e-14,1.73251e-13,10000
GCR_H,min,4,1778.2794100389228,4.0,0,13,4.54264e-16,3.35845e-15,10000
GCR_H,min,4,1778.2794100389228,4.0,0,14,3.38651e-15,1.83193e-14,10000
GCR_H,min,4,1778.2794100389228,4.0,0,15,0.0,0.0,10000
GCR_H,min,4,1778.2794100389228,4.0,0,16,1.06657e-15,8.33063e-15,10000
GCR_H,min,4,1778.2794100389228,4.0,0,17,1.58434e-15,2.6525e-14,10000
GCR_H,min,4,1778.2794100389228,4.0,0,18,6.75622e-18,1.81961e-16,10000
GCR_H,min,4,1778.2794100389228,4.0,0,19,3.82235e-15,1.4115e-14,10000
GCR_H,min,4,1778.2794100389228,4.0,0,20,1.14218e-15,6.27883e-15,10000
GCR_H,min,4,1778.2794100389228,4.0,0,21,4.00872e-16,1.76829e-14,10000
GCR_H,min,4,1778.2794100389228,4.0,0,22,1.00493e-15,5.59099e-15,10000
GCR_H,min,4,1778.2794100389228,4.0,0,23,1.18009e-15,8.45394e-15,10000
GCR_H,min,4,1778.2794100389228,4.0,0,24,1.28339e-16,2.68605e-15,10000
GCR_H,min,4,1778.2794100389228,4.0,0,25,4.23979e-16,7.99056e-15,10000
GCR_H,min,4,1778.2794100389228,4.0,0,26,1.47494e-15,2.62048e-15,10000
GCR_H,min,4,1778.2794100389228,4.0,0,27,9.05331e-15,2.00712e-14,10000
GCR_H,min,4,1778.2794100389228,4.0,0,28,2.0325e-15,7.76711e-15,10000
GCR_H,min,4,1778.2794100389228,4.0,0,29,6.5605e-15,1.38979e-14,10000
GCR_H,min,4,1778.2794100389228,4.0,0,30,5.62744e-16,2.18287e-14,10000
GCR_H,min,4,1778.2794100389228,4.0,0,31,3.97394e-15,1.35126e-14,10000
GCR_H,min,4,1778.2794100389228,4.0,0,32,1.14865e-14,2.61908e-14,10000
GCR_H,min,4,1778.2794100389228,4.0,0,33,1.22148e-15,1.51005e-14,10000
GCR_H,min,4,1778.2794100389228,4.0,0,34,7.26627e-15,1.36751e-14,10000
GCR_H,min,4,1778.2794100389228,4.0,0,35,9.96661e-15,1.36645e-14,10000
GCR_H,min,4,1778.2794100389228,4.0,0,36,2.13793e-15,2.71759e-14,10000
GCR_H,min,4,1778.2794100389228,4.0,0,37,1.47013e-15,6.3215e-15,10000
GCR_H,min,4,1778.2794100389228,4.0,0,38,4.19545e-15,8.26234e-15,10000
GCR_H,min,4,1778.2794100389228,4.0,0,39,6.73815e-17,8.85201e-16,10000
GCR_H,min,4,1778.2794100389228,4.0,0,40,1.69903e-15,2.29909e-14,10000
GCR_H,min,4,1778.2794100389228,4.0,0,41,1.43682e-14,3.60448e-14,10000
GCR_H,min,4,1778.2794100389228,4.0,0,42,2.85213e-14,4.18704e-14,10000
GCR_H,min,4,1778.2794100389228,4.0,0,43,6.35507e-16,1.74035e-15,10000
GCR_H,min,4,1778.2794100389228,4.0,0,44,5.99184e-15,1.15214e-14,10000
GCR_H,min,4,1778.2794100389228,4.0,0,45,1.33092e-15,6.01871e-15,10000
GCR_H,min,4,1778.2794100389228,4.0,0,46,1.49378e-15,7.77158e-15,10000
GCR_H,min,4,1778.2794100389228,4.0,0,47,1.37468e-15,1.33568e-14,10000
GCR_H,min,4,1778.2794100389228,4.0,0,48,4.0947e-15,5.56723e-14,10000
GCR_H,min,4,1778.2794100389228,4.0,0,49,1.94469e-15,6.78586e-15,10000
GCR_H,min,4,1778.2794100389228,4.0,0,50,2.94508e-15,8.78236e-15,10000
GCR_H,min,4,1778.2794100389228,4.0,0,51,2.24621e-15,1.20641e-14,10000
GCR_H,min,4,1778.2794100389228,4.0,0,52,1.57343e-14,5.20884e-14,10000
GCR_H,min,4,1778.2794100389228,4.0,0,53,5.34736e-16,4.89551e-15,10000
GCR_H,min,4,1778.2794100389228,4.0,0,54,6.14095e-15,3.53925e-14,10000
GCR_H,min,4,1778.2794100389228,4.0,0,55,0.0,0.0,10000
GCR_H,min,4,1778.2794100389228,4.0,0,56,2.27402e-16,4.03839e-15,10000
GCR_H,min,4,1778.2794100389228,4.0,0,57,5.1825e-16,3.24718e-14,10000
GCR_H,min,4,1778.2794100389228,4.0,0,58,2.44866e-15,2.76154e-14,10000
GCR_H,min,4,1778.2794100389228,4.0,0,59,0.0,0.0,10000
GCR_H,min,4,1778.2794100389228,4.0,0,60,3.11568e-16,8.97114e-15,10000
GCR_H,min,4,1778.2794100389228,4.0,0,61,1.70858e-14,1.17833e-14,10000
GCR_H,min,4,1778.2794100389228,4.0,0,62,0.0,0.0,10000
GCR_H,min,4,1778.2794100389228,4.0,0,63,0.0,0.0,10000
GCR_H,min,4,1778.2794100389228,4.0,0,64,0.0,0.0,10000
GCR_H,min,4,1778.2794100389228,4.0,0,65,0.0,0.0,10000
GCR_H,min,4,1778.2794100389228,4.0,0,66,0.0,0.0,10000
GCR_H,min,4,1778.2794100389228,4.0,0,67,0.0,0.0,10000
GCR_H,min,4,1778.2794100389228,4.0,0,68,0.0,0.0,10000
GCR_H,min,4,1778.2794100389228,4.0,0,69,0.0,0.0,10000
GCR_H,min,4,1778.2794100389228,4.0,0,70,3.036e-17,2.18103e-15,10000
GCR_H,min,4,1778.2794100389228,4.0,0,71,9.62068e-16,1.77897e-14,10000
GCR_H,min,4,1778.2794100389228,4.0,0,72,2.3713e-15,1.58097e-14,10000
GCR_H,min,4,1778.2794100389228,4.0,0,73,2.56223e-15,1.02485e-14,10000
GCR_H,min,4,1778.2794100389228,4.0,0,74,2.15664e-14,3.31791e-14,10000
GCR_H,min,4,1778.2794100389228,4.0,0,75,1.09608e-14,3.13147e-14,10000
GCR_H,min,4,1778.2794100389228,4.0,0,76,4.26177e-14,4.73583e-13,10000
GCR_H,min,4,1778.2794100389228,4.0,0,77,2.50915e-14,4.56044e-13,10000
GCR_H,min,4,1778.2794100389228,4.0,0,78,7.78331e-16,1.29722e-14,10000
GCR_H,min,4,1778.2794100389228,4.0,0,79,2.03979e-15,2.14715e-14,10000
GCR_H,min,4,1778.2794100389228,4.0,0,80,1.25977e-15,2.09962e-14,10000
GCR_H,min,4,1778.2794100389228,4.0,0,81,3.75311e-16,9.38043e-15,10000
GCR_H,min,4,1778.2794100389228,4.0,0,82,3.83618e-15,4.2629e-14,10000
GCR_H,min,4,1778.2794100389228,4.0,0,83,1.27843e-15,3.65265e-14,10000
GCR_H,min,4,1778.2794100389228,4.0,0,84,3.12025e-16,7.79868e-15,10000
GCR_H,min,4,1778.2794100389228,4.0,0,85,1.04659e-15,1.39601e-14,10000
GCR_H,min,4,1778.2794100389228,4.0,0,86,1.39555e-15,4.65493e-14,10000
GCR_H,min,4,1778.2794100389228,4.0,0,87,2.13604e-15,6.47323e-15,10000
GCR_H,min,4,1778.2794100389228,4.0,0,88,5.00077e-15,9.80524e-15,10000
GCR_H,min,4,1778.2794100389228,4.0,0,89,1.18863e-17,1.10962e-16,10000
GCR_H,min,4,1778.2794100389228,4.0,0,90,0.0,0.0,10000
GCR_H,min,4,1778.2794100389228,4.0,0,91,0.0,0.0,10000
GCR_H,min,4,1778.2794100389228,4.0,0,92,2.13718e-15,1.94431e-14,10000
GCR_H,min,4,1778.2794100389228,4.0,0,93,7.70297e-16,1.96254e-14,10000
GCR_H,min,4,1778.2794100389228,4.0,0,94,2.28571e-16,2.90434e-14,10000
GCR_H,min,4,1778.2794100389228,4.0,0,95,3.56974e-14,1.98318e-14,10000
GCR_H,min,4,1778.2794100389228,4.0,0,96,5.44714e-16,6.89424e-15,10000
GCR_H,min,4,1778.2794100389228,4.0,0,97,1.04879e-14,2.19532e-14,10000
GCR_H,min,4,1778.2794100389228,4.0,0,98,1.89578e-15,2.64995e-14,10000
GCR_H,min,4,1778.2794100389228,4.0,0,99,1.91352e-14,3.29871e-14,10000
GCR_H,min,4,1778.2794100389228,4.0,0,100,0.0,0.0,10000
GCR_H,min,4,1778.2794100389228,4.0,0,101,2.2589e-16,3.52953e-14,10000
GCR_H,min,4,1778.2794100389228,4.0,0,102,2.64502e-17,4.42311e-15,10000
GCR_H,min,4,1778.2794100389228,4.0,0,103,2.74792e-15,2.6321e-14,10000
GCR_H,min,4,1778.2794100389228,4.0,0,104,5.74379e-18,7.33562e-16,10000
GCR_H,min,4,1778.2794100389228,4.0,0,105,6.92678e-15,6.24034e-13,10000
GCR_H,min,4,1778.2794100389228,4.0,0,106,7.70257e-15,6.32494e-15,10000
GCR_H,min,4,1778.2794100389228,4.0,0,107,5.20083e-13,3.46564e-14,10000
GCR_H,min,4,1778.2794100389228,4.0,0,108,4.51009e-14,1.63972e-14,10000
GCR_H,min,4,1778.2794100389228,4.0,0,109,2.08365e-13,2.07846e-14,10000
GCR_H,min,4,1778.2794100389228,4.0,0,110,4.51667e-16,1.12888e-14,10000
GCR_H,min,4,1778.2794100389228,4.0,0,111,0.0,0.0,10000
GCR_H,min,4,1778.2794100389228,4.0,0,112,0.0,0.0,10000
GCR_H,min,4,1778.2794100389228,4.0,0,113,8.6957e-15,6.21122e-14,10000
GCR_H,min,4,1778.2794100389228,4.0,0,114,0.0,0.0,10000
GCR_H,min,4,1778.2794100389228,4.0,0,115,5.4335e-16,3.1943e-14,10000
GCR_H,min,4,1778.2794100389228,4.0,0,116,7.90402e-15,7.53834e-15,10000
GCR_H,min,4,1778.2794100389228,4.0,0,117,3.95181e-13,3.19466e-14,10000
GCR_H,min,4,1778.2794100389228,4.0,0,118,3.4773e-14,2.11583e-14,10000
GCR_H,min,4,1778.2794100389228,4.0,0,119,2.92582e-13,5.42172e-14,10000
GCR_H,min,4,1778.2794100389228,4.0,0,120,7.23458e-16,1.70265e-14,10000
GCR_H,min,4,1778.2794100389228,4.0,0,121,4.19634e-16,9.87607e-15,10000
GCR_H,min,4,1778.2794100389228,4.0,0,122,1.6376e-15,5.62093e-15,10000
GCR_H,min,4,1778.2794100389228,4.0,0,123,3.04429e-14,2.07771e-14,10000
GCR_H,min,4,1778.2794100389228,4.0,0,124,1.43993e-14,2.2533e-14,10000
GCR_H,min,4,1778.2794100389228,4.0,0,125,4.96271e-14,3.72456e-14,10000
GCR_H,min,4,1778.2794100389228,4.0,0,126,1.24544e-15,3.40098e-14,10000
GCR_H,min,4,1778.2794100389228,4.0,0,127,0.0,0.0,10000
GCR_H,min,4,1778.2794100389228,4.0,0,128,0.0,0.0,10000
GCR_H,min,4,1778.2794100389228,4.0,0,129,2.5731e-17,1.47202e-15,10000
GCR_H,min,4,1778.2794100389228,4.0,0,130,2.36752e-16,1.35132e-14,10000
GCR_H,min,4,1778.2794100389228,4.0,0,131,0.0,0.0,10000
GCR_H,min,4,1778.2794100389228,4.0,0,132,0.0,0.0,10000
GCR_H,min,4,1778.2794100389228,4.0,0,133,0.0,0.0,10000
GCR_H,min,4,1778.2794100389228,4.0,0,134,0.0,0.0,10000
GCR_H,min,4,1778.2794100389228,4.0,0,135,7.38546e-18,8.67857e-16,10000
GCR_H,min,4,1778.2794100389228,4.0,0,136,1.11335e-17,1.48644e-15,10000
GCR_H,min,4,1778.2794100389228,4.0,0,137,7.06857e-16,1.41343e-14,10000
GCR_H,min,4,1778.2794100389228,4.0,0,138,1.03143e-14,5.15714e-14,10000
GCR_H,min,4,1778.2794100389228,4.0,0,139,0.0,0.0,10000
GCR_H,min,4,1778.2794100389228,4.0,0,140,1.45925e-16,7.29624e-13,10000
GCR_H,min,4,1778.2794100389228,4.0,0,141,7.16358e-15,4.64263e-14,10000
GCR_H,min,5,5623.413251903491,2.0,0,0,2.43462e-10,0.0,10000
GCR_H,min,5,5623.413251903491,2.0,0,1,2.95883e-16,4.2269e-14,10000
GCR_H,min,5,5623.413251903491,2.0,0,2,5.91666e-16,8.45237e-14,10000
GCR_H,min,5,5623.413251903491,2.0,0,3,1.36017e-16,1.23315e-14,10000
GCR_H,min,5,5623.413251903491,2.0,0,4,1.49967e-15,5.27867e-14,10000
GCR_H,min,5,5623.413251903491,2.0,0,5,3.68803e-15,1.20014e-13,10000
GCR_H,min,5,5623.413251903491,2.0,0,6,2.90075e-16,5.68775e-14,10000
GCR_H,min,5,5623.413251903491,2.0,0,7,5.04005e-16,5.03502e-14,10000
GCR_H,min,5,5623.413251903491,2.0,0,8,4.60179e-15,6.93982e-14,10000
GCR_H,min,5,5623.413251903491,2.0,0,9,1.96744e-16,2.31464e-13,10000
GCR_H,min,5,5623.413251903491,2.0,0,10,2.75295e-14,1.01237e-13,10000
GCR_H,min,5,5623.413251903491,2.0,0,11,2.09022e-15,1.32966e-13,10000
GCR_H,min,5,5623.413251903491,2.0,0,12,6.94264e-15,8.3606e-14,10000
GCR_H,min,5,5623.413251903491,2.0,0,13,3.68531e-15,2.72462e-14,10000
GCR_H,min,5,5623.413251903491,2.0,0,14,9.80738e-15,5.3053e-14,10000
GCR_H,min,5,5623.413251903491,2.0,0,15,8.77916e-16,2.62221e-14,10000
GCR_H,min,5,5623.413251903491,2.0,0,16,5.05535e-15,3.94857e-14,10000
GCR_H,min,5,5623.413251903491,2.0,0,17,2.65457e-15,4.44428e-14,10000
GCR_H,min,5,5623.413251903491,2.0,0,18,2.42558e-15,6.53267e-14,10000
GCR_H,min,5,5623.413251903491,2.0,0,19,6.41588e-14,2.36923e-13,10000
GCR_H,min,5,5623.413251903491,2.0,0,20,2.05636e-14,1.13043e-13,10000
GCR_H,min,5,5623.413251903491,2.0,0,21,2.96249e-15,1.30679e-13,10000
GCR_H,min,5,5623.413251903491,2.0,0,22,1.08335e-14,6.02733e-14,10000
GCR_H,min,5,5623.413251903491,2.0,0,23,1.73318e-14,1.24162e-13,10000
GCR_H,min,5,5623.413251903491,2.0,0,24,1.3626e-15,2.85182e-14,10000
GCR_H,min,5,5623.413251903491,2.0,0,25,4.35574e-15,8.20909e-14,10000
GCR_H,min,5,5623.413251903491,2.0,0,26,2.3075e-14,4.09968e-14,10000
GCR_H,min,5,5623.413251903491,2.0,0,27,5.06694e-14,1.12334e-13,10000
GCR_H,min,5,5623.413251903491,2.0,0,28,1.89945e-14,7.25869e-14,10000
GCR_H,min,5,5623.413251903491,2.0,0,29,6.8615e-14,1.45355e-13,10000
GCR_H,min,5,5623.413251903491,2.0,0,30,1.96153e-15,7.60874e-14,10000
GCR_H,min,5,5623.413251903491,2.0,0,31,1.46822e-14,4.9924e-14,10000
GCR_H,min,5,5623.413251903491,2.0,0,32,5.2821e-14,1.20439e-13,10000
GCR_H,min,5,5623.413251903491,2.0,0,33,8.36665e-15,1.03432e-13,10000
GCR_H,min,5,5623.413251903491,2.0,0,34,2.80008e-14,5.26974e-14,10000
GCR_H,min,5,5623.413251903491,2.0,0,35,3.25552e-14,4.46341e-14,10000
GCR_H,min,5,5623.413251903491,2.0,0,36,6.38817e-15,8.12021e-14,10000
GCR_H,min,5,5623.413251903491,2.0,0,37,9.74855e-15,4.19184e-14,10000
GCR_H,min,5,5623.413251903491,2.0,0,38,5.324e-14,1.04849e-13,10000
GCR_H,min,5,5623.413251903491,2.0,0,39,2.18914e-15,2.87591e-14,10000
GCR_H,min,5,5623.413251903491,2.0,0,40,6.04429e-15,8.17901e-14,10000
GCR_H,min,5,5623.413251903491,2.0,0,41,3.4309e-14,8.60694e-14,10000
GCR_H,min,5,5623.413251903491,2.0,0,42,1.08606e-13,1.59438e-13,10000
GCR_H,min,5,5623.413251903491,2.0,0,43,9.01496e-15,2.46877e-14,10000
GCR_H,min,5,5623.413251903491,2.0,0,44,2.09788e-14,4.03392e-14,10000
GCR_H,min,5,5623.413251903491,2.0,0,45,3.79226e-15,1.71494e-14,10000
GCR_H,min,5,5623.413251903491,2.0,0,46,1.29013e-14,6.71209e-14,10000
GCR_H,min,5,5623.413251903491,2.0,0,47,6.81757e-15,6.62414e-14,10000
GCR_H,min,5,5623.413251903491,2.0,0,48,9.07856e-15,1.23434e-13,10000
GCR_H,min,5,5623.413251903491,2.0,0,49,1.67278e-14,5.83703e-14,10000
GCR_H,min,5,5623.413251903491,2.0,0,50,4.65358e-14,1.38772e-13,10000
GCR_H,min,5,5623.413251903491,2.0,0,51,1.24076e-14,6.66397e-14,10000
GCR_H,min,5,5623.413251903491,2.0,0,52,3.07485e-14,1.01793e-13,10000
GCR_H,min,5,5623.413251903491,2.0,0,53,8.35306e-15,7.64722e-14,10000
GCR_H,min,5,5623.413251903491,2.0,0,54,2.39778e-14,1.38192e-13,10000
GCR_H,min,5,5623.413251903491,2.0,0,55,3.94251e-16,3.98636e-14,10000
GCR_H,min,5,5623.413251903491,2.0,0,56,4.57884e-15,8.13149e-14,10000
GCR_H,min,5,5623.413251903491,2.0,0,57,1.02746e-15,6.43772e-14,10000
GCR_H,min,5,5623.413251903491,2.0,0,58,1.1476e-14,1.29424e-13,10000
GCR_H,min,5,5623.413251903491,2.0,0,59,5.0382e-16,8.52488e-14,10000
GCR_H,min,5,5623.413251903491,2.0,0,60,2.17486e-15,6.26218e-14,10000
GCR_H,min,5,5623.413251903491,2.0,0,61,1.05064e-13,7.24579e-14,10000
GCR_H,min,5,5623.413251903491,2.0,0,62,0.0,0.0,10000
GCR_H,min,5,5623.413251903491,2.0,0,63,0.0,0.0,10000
GCR_H,min,5,5623.413251903491,2.0,0,64,0.0,0.0,10000
GCR_H,min,5,5623.413251903491,2.0,0,65,0.0,0.0,10000
GCR_H,min,5,5623.413251903491,2.0,0,66,0.0,0.0,10000
GCR_H,min,5,5623.413251903491,2.0,0,67,5.35418e-16,7.34455e-14,10000
GCR_H,min,5,5623.413251903491,2.0,0,68,0.0,0.0,10000
GCR_H,min,5,5623.413251903491,2.0,0,69,1.39856e-16,1.908e-14,10000
GCR_H,min,5,5623.413251903491,2.0,0,70,9.12065e-16,6.55219e-14,10000
GCR_H,min,5,5623.413251903491,2.0,0,71,5.57031e-15,1.03001e-13,10000
GCR_H,min,5,5623.413251903491,2.0,0,72,1.39893e-14,9.32685e-14,10000
GCR_H,min,5,5623.413251903491,2.0,0,73,2.35257e-14,9.40992e-14,10000
GCR_H,min,5,5623.413251903491,2.0,0,74,5.8279e-14,8.966e-14,10000
GCR_H,min,5,5623.413251903491,2.0,0,75,1.88941e-14,5.39802e-14,10000
GCR_H,min,5,5623.413251903491,2.0,0,76,4.45889e-15,4.95488e-14,10000
GCR_H,min,5,5623.413251903491,2.0,0,77,3.801e-15,6.9084e-14,10000
GCR_H,min,5,5623.413251903491,2.0,0,78,3.15776e-15,5.26294e-14,10000
GCR_H,min,5,5623.413251903491,2.0,0,79,3.29311e-15,3.46643e-14,10000
GCR_H,min,5,5623.413251903491,2.0,0,80,3.01971e-15,5.03285e-14,10000
GCR_H,min,5,5623.413251903491,2.0,0,81,1.37848e-15,3.44535e-14,10000
GCR_H,min,5,5623.413251903491,2.0,0,82,7.18752e-15,7.98702e-14,10000
GCR_H,min,5,5623.413251903491,2.0,0,83,1.65518e-15,4.72909e-14,10000
GCR_H,min,5,5623.413251903491,2.0,0,84,7.26685e-15,1.81626e-13,10000
GCR_H,min,5,5623.413251903491,2.0,0,85,1.21241e-14,1.61719e-13,10000
GCR_H,min,5,5623.413251903491,2.0,0,86,2.98246e-15,9.94816e-14,10000
GCR_H,min,5,5623.413251903491,2.0,0,87,2.11566e-14,6.41148e-14,10000
GCR_H,min,5,5623.413251903491,2.0,0,88,2.02783e-14,3.97607e-14,10000
GCR_H,min,5,5623.413251903491,2.0,0,89,9.52424e-15,8.89119e-14,10000
GCR_H,min,5,5623.413251903491,2.0,0,90,2.8128e-15,7.35374e-14,10000
GCR_H,min,5,5623.413251903491,2.0,0,91,4.39061e-16,5.7544e-14,10000
GCR_H,min,5,5623.413251903491,2.0,0,92,1.28863e-14,1.17233e-13,10000
GCR_H,min,5,5623.413251903491,2.0,0,93,2.98042e-15,7.59341e-14,10000
GCR_H,min,5,5623.413251903491,2.0,0,94,2.66148e-16,3.3818e-14,10000
GCR_H,min,5,5623.413251903491,2.0,0,95,2.11475e-13,1.17486e-13,10000
GCR_H,min,5,5623.413251903491,2.0,0,96,3.94653e-15,4.99498e-14,10000
GCR_H,min,5,5623.413251903491,2.0,0,97,3.52373e-14,7.37583e-14,10000
GCR_H,min,5,5623.413251903491,2.0,0,98,9.77771e-15,1.36675e-13,10000
GCR_H,min,5,5623.413251903491,2.0,0,99,1.08044e-13,1.86258e-13,10000
GCR_H,min,5,5623.413251903491,2.0,0,100,3.16814e-16,1.40183e-13,10000
GCR_H,min,5,5623.413251903491,2.0,0,101,1.51063e-16,2.36035e-14,10000
GCR_H,min,5,5623.413251903491,2.0,0,102,2.77902e-16,4.64718e-14,10000
GCR_H,min,5,5623.413251903491,2.0,0,103,9.39599e-15,8.99999e-14,10000
GCR_H,min,5,5623.413251903491,2.0,0,104,5.73966e-16,7.33035e-14,10000
GCR_H,min,5,5623.413251903491,2.0,0,105,1.07255e-15,9.66262e-14,10000
GCR_H,min,5,5623.413251903491,2.0,0,106,1.31624e-13,1.08082e-13,10000
GCR_H,min,5,5623.413251903491,2.0,0,107,2.64407e-12,1.76191e-13,10000
GCR_H,min,5,5623.413251903491,2.0,0,108,3.43504e-13,1.24886e-13,10000
GCR_H,min,5,5623.413251903491,2.0,0,109,1.04021e-12,1.03762e-13,10000
GCR_H,min,5,5623.413251903491,2.0,0,110,2.05106e-15,5.12638e-14,10000
GCR_H,min,5,5623.413251903491,2.0,0,111,0.0,0.0,10000
GCR_H,min,5,5623.413251903491,2.0,0,112,0.0,0.0,10000
GCR_H,min,5,5623.413251903491,2.0,0,113,7.27472e-15,5.19623e-14,10000
GCR_H,min,5,5623.413251903491,2.0,0,114,0.0,0.0,10000
GCR_H,min,5,5623.413251903491,2.0,0,115,6.08162e-15,3.57532e-13,10000
GCR_H,min,5,5623.413251903491,2.0,0,116,1.33679e-13,1.27494e-13,10000
GCR_H,min,5,5623.413251903491,2.0,0,117,1.958e-12,1.58286e-13,10000
GCR_H,min,5,5623.413251903491,2.0,0,118,3.79965e-13,2.31197e-13,10000
GCR_H,min,5,5623.413251903491,2.0,0,119,7.07501e-13,1.31104e-13,10000
GCR_H,min,5,5623.413251903491,2.0,0,120,2.37394e-15,5.58705e-14,10000
GCR_H,min,5,5623.413251903491,2.0,0,121,8.71073e-15,2.05007e-13,10000
GCR_H,min,5,5623.413251903491,2.0,0,122,3.35987e-14,1.15325e-13,10000
GCR_H,min,5,5623.413251903491,2.0,0,123,2.08834e-13,1.42528e-13,10000
GCR_H,min,5,5623.413251903491,2.0,0,124,2.54724e-13,3.9861e-13,10000
GCR_H,min,5,5623.413251903491,2.0,0,125,1.13144e-13,8.49156e-14,10000
GCR_H,min,5,5623.413251903491,2.0,0,126,9.02997e-15,2.46586e-13,10000
GCR_H,min,5,5623.413251903491,2.0,0,127,8.2851e-15,5.52377e-14,10000
GCR_H,min,5,5623.413251903491,2.0,0,128,1.84109e-15,3.67924e-14,10000
GCR_H,min,5,5623.413251903491,2.0,0,129,2.07059e-15,1.18455e-13,10000
GCR_H,min,5,5623.413251903491,2.0,0,130,1.34863e-15,7.69768e-14,10000
GCR_H,min,5,5623.413251903491,2.0,0,131,8.66729e-16,3.4683e-14,10000
GCR_H,min,5,5623.413251903491,2.0,0,132,1.18757e-15,5.94084e-14,10000
GCR_H,min,5,5623.413251903491,2.0,0,133,1.25506e-15,2.96845e-14,10000
GCR_H,min,5,5623.413251903491,2.0,0,134,4.37467e-16,1.45338e-13,10000
GCR_H,min,5,5623.413251903491,2.0,0,135,1.67534e-15,1.96867e-13,10000
GCR_H,min,5,5623.413251903491,2.0,0,136,2.91248e-16,3.88849e-14,10000
GCR_H,min,5,5623.413251903491,2.0,0,137,1.06552e-14,2.13062e-13,10000
GCR_H,min,5,5623.413251903491,2.0,0,138,5.95063e-14,2.97531e-13,10000
GCR_H,min,5,5623.413251903491,2.0,0,139,0.0,0.0,10000
GCR_H,min,5,5623.413251903491,2.0,0,140,6.16232e-15,3.08116e-11,10000
GCR_H,min,5,5623.413251903491,2.0,0,141,2.01583e-14,1.30643e-13,10000
GCR_H,min,5,5623.413251903491,3.0,0,0,9.44697e-10,0.0,10000
GCR_H,min,5,5623.413251903491,3.0,0,1,7.50293e-17,1.07185e-14,10000
GCR_H,min,5,5623.413251903491,3.0,0,2,1.91611e-15,2.7373e-13,10000
GCR_H,min,5,5623.413251903491,3.0,0,3,6.43808e-16,5.83688e-14,10000
GCR_H,min,5,5623.413251903491,3.0,0,4,1.49528e-15,5.26323e-14,10000
GCR_H,min,5,5623.413251903491,3.0,0,5,1.86125e-15,6.05677e-14,10000
GCR_H,min,5,5623.413251903491,3.0,0,6,4.96345e-17,9.73225e-15,10000
GCR_H,min,5,5623.413251903491,3.0,0,7,3.28571e-16,3.28243e-14,10000
GCR_H,min,5,5623.413251903491,3.0,0,8,6.35318e-15,9.58103e-14,10000
GCR_H,min,5,5623.413251903491,3.0,0,9,2.64615e-17,3.11312e-14,10000
GCR_H,min,5,5623.413251903491,3.0,0,10,1.62073e-13,5.96009e-13,10000
GCR_H,min,5,5623.413251903491,3.0,0,11,5.86252e-16,3.72934e-14,10000
GCR_H,min,5,5623.413251903491,3.0,0,12,6.19944e-15,7.4656e-14,10000
GCR_H,min,5,5623.413251903491,3.0,0,13,8.87862e-15,6.56411e-14,10000
GCR_H,min,5,5623.413251903491,3.0,0,14,9.94946e-15,5.38216e-14,10000
GCR_H,min,5,5623.413251903491,3.0,0,15,3.54914e-15,1.06008e-13,10000
GCR_H,min,5,5623.413251903491,3.0,0,16,4.26211e-15,3.32899e-14,10000
GCR_H,min,5,5623.413251903491,3.0,0,17,4.34493e-15,7.27429e-14,10000
GCR_H,min,5,5623.413251903491,3.0,0,18,1.76715e-15,4.75937e-14,10000
GCR_H,min,5,5623.413251903491,3.0,0,19,2.57438e-14,9.50659e-14,10000
GCR_H,min,5,5623.413251903491,3.0,0,20,1.34416e-14,7.38914e-14,10000
GCR_H,min,5,5623.413251903491,3.0,0,21,2.34194e-15,1.03306e-13,10000
GCR_H,min,5,5623.413251903491,3.0,0,22,9.13841e-15,5.08424e-14,10000
GCR_H,min,5,5623.413251903491,3.0,0,23,1.31867e-14,9.44671e-14,10000
GCR_H,min,5,5623.413251903491,3.0,0,24,1.43225e-15,2.99759e-14,10000
GCR_H,min,5,5623.413251903491,3.0,0,25,1.87004e-15,3.52438e-14,10000
GCR_H,min,5,5623.413251903491,3.0,0,26,2.17324e-14,3.86114e-14,10000
GCR_H,min,5,5623.413251903491,3.0,0,27,3.36504e-14,7.4603e-14,10000
GCR_H,min,5,5623.413251903491,3.0,0,28,1.74687e-14,6.67561e-14,10000
GCR_H,min,5,5623.413251903491,3.0,0,29,6.84032e-14,1.44907e-13,10000
GCR_H,min,5,5623.413251903491,3.0,0,30,2.05238e-15,7.96115e-14,10000
GCR_H,min,5,5623.413251903491,3.0,0,31,1.02857e-14,3.49747e-14,10000
GCR_H,min,5,5623.413251903491,3.0,0,32,2.45984e-14,5.60878e-14,10000
GCR_H,min,5,5623.413251903491,3.0,0,33,5.12451e-15,6.33516e-14,10000
GCR_H,min,5,5623.413251903491,3.0,0,34,2.6977e-14,5.07708e-14,10000
GCR_H,min,5,5623.413251903491,3.0,0,35,4.49076e-14,6.15696e-14,10000
GCR_H,min,5,5623.413251903491,3.0,0,36,9.31429e-15,1.18397e-13,10000
GCR_H,min,5,5623.413251903491,3.0,0,37,1.26201e-14,5.42659e-14,10000
GCR_H,min,5,5623.413251903491,3.0,0,38,2.92874e-14,5.76774e-14,10000
GCR_H,min,5,5623.413251903491,3.0,0,39,5.70916e-16,7.50021e-15,10000
GCR_H,min,5,5623.413251903491,3.0,0,40,1.69262e-15,2.29041e-14,10000
GCR_H,min,5,5623.413251903491,3.0,0,41,1.91507e-14,4.80424e-14,10000
GCR_H,min,5,5623.413251903491,3.0,0,42,8.26516e-14,1.21336e-13,10000
GCR_H,min,5,5623.413251903491,3.0,0,43,1.16588e-13,3.19278e-13,10000
GCR_H,min,5,5623.413251903491,3.0,0,44,2.78356e-13,5.35238e-13,10000
GCR_H,min,5,5623.413251903491,3.0,0,45,6.5594e-15,2.96631e-14,10000
GCR_H,min,5,5623.413251903491,3.0,0,46,2.86956e-14,1.49293e-13,10000
GCR_H,min,5,5623.413251903491,3.0,0,47,4.45811e-15,4.33163e-14,10000
GCR_H,min,5,5623.413251903491,3.0,0,48,7.34236e-15,9.98282e-14,10000
GCR_H,min,5,5623.413251903491,3.0,0,49,7.88507e-14,2.75144e-13,10000
GCR_H,min,5,5623.413251903491,3.0,0,50,4.77623e-13,1.42429e-12,10000
GCR_H,min,5,5623.413251903491,3.0,0,51,6.22957e-15,3.34582e-14,10000
GCR_H,min,5,5623.413251903491,3.0,0,52,1.50203e-14,4.97245e-14,10000
GCR_H,min,5,5623.413251903491,3.0,0,53,6.7234e-15,6.15526e-14,10000
GCR_H,min,5,5623.413251903491,3.0,0,54,1.31461e-14,7.57656e-14,10000
GCR_H,min,5,5623.413251903491,3.0,0,55,3.81686e-17,3.85931e-15,10000
GCR_H,min,5,5623.413251903491,3.0,0,56,5.29825e-16,9.40907e-15,10000
GCR_H,min,5,5623.413251903491,3.0,0,57,6.15684e-15,3.85767e-13,10000
GCR_H,min,5,5623.413251903491,3.0,0,58,4.96911e-15,5.60405e-14,10000
GCR_H,min,5,5623.413251903491,3.0,0,59,5.6056e-16,9.48493e-14,10000
GCR_H,min,5,5623.413251903491,3.0,0,60,6.42503e-16,1.84999e-14,10000
GCR_H,min,5,5623.413251903491,3.0,0,61,9.03891e-14,6.23373e-14,10000
GCR_H,min,5,5623.413251903491,3.0,0,62,1.46291e-16,1.95055e-14,10000
GCR_H,min,5,5623.413251903491,3.0,0,63,3.1211e-16,6.2547e-14,10000
GCR_H,min,5,5623.413251903491,3.0,0,64,2.27642e-16,3.03523e-14,10000
GCR_H,min,5,5623.413251903491,3.0,0,65,2.37899e-16,4.76752e-14,10000
GCR_H,min,5,5623.413251903491,3.0,0,66,0.0,0.0,10000
GCR_H,min,5,5623.413251903491,3.0,0,67,1.18465e-16,1.62503e-14,10000
GCR_H,min,5,5623.413251903491,3.0,0,68,0.0,0.0,10000
GCR_H,min,5,5623.413251903491,3.0,0,69,5.57697e-16,7.60841e-14,10000
GCR_H,min,5,5623.413251903491,3.0,0,70,1.6414e-15,1.17916e-13,10000
GCR_H,min,5,5623.413251903491,3.0,0,71,6.2974e-15,1.16446e-13,10000
GCR_H,min,5,5623.413251903491,3.0,0,72,5.53777e-15,3.6921e-14,10000
GCR_H,min,5,5623.413251903491,3.0,0,73,7.84102e-15,3.13628e-14,10000
GCR_H,min,5,5623.413251903491,3.0,0,74,5.29673e-14,8.14881e-14,10000
GCR_H,min,5,5623.413251903491,3.0,0,75,3.10022e-14,8.85727e-14,10000
GCR_H,min,5,5623.413251903491,3.0,0,76,6.70543e-15,7.45131e-14,10000
GCR_H,min,5,5623.413251903491,3.0,0,77,5.11484e-15,9.29632e-14,10000
GCR_H,min,5,5623.413251903491,3.0,0,78,5.21516e-15,8.69193e-14,10000
GCR_H,min,5,5623.413251903491,3.0,0,79,1.00591e-14,1.05885e-13,10000
GCR_H,min,5,5623.413251903491,3.0,0,80,3.77641e-15,6.29402e-14,10000
GCR_H,min,5,5623.413251903491,3.0,0,81,3.279e-15,8.19544e-14,10000
GCR_H,min,5,5623.413251903491,3.0,0,82,5.15951e-15,5.73343e-14,10000
GCR_H,min,5,5623.413251903491,3.0,0,83,2.02025e-15,5.77215e-14,10000
GCR_H,min,5,5623.413251903491,3.0,0,84,8.38342e-15,2.09533e-13,10000
GCR_H,min,5,5623.413251903491,3.0,0,85,1.58784e-14,2.11796e-13,10000
GCR_H,min,5,5623.413251903491,3.0,0,86,6.733e-15,2.24583e-13,10000
GCR_H,min,5,5623.413251903491,3.0,0,87,2.45504e-13,7.43995e-13,10000
GCR_H,min,5,5623.413251903491,3.0,0,88,1.94958e-14,3.82263e-14,10000
GCR_H,min,5,5623.413251903491,3.0,0,89,1.79267e-14,1.67352e-13,10000
GCR_H,min,5,5623.413251903491,3.0,0,90,2.40069e-15,6.27631e-14,10000
GCR_H,min,5,5623.413251903491,3.0,0,91,1.36995e-16,1.79548e-14,10000
GCR_H,min,5,5623.413251903491,3.0,0,92,1.3766e-14,1.25236e-13,10000
GCR_H,min,5,5623.413251903491,3.0,0,93,5.16803e-15,1.3167e-13,10000
GCR_H,min,5,5623.413251903491,3.0,0,94,1.62074e-15,2.05939e-13,10000
GCR_H,min,5,5623.413251903491,3.0,0,95,9.36679e-14,5.20374e-14,10000
GCR_H,min,5,5623.413251903491,3.0,0,96,6.26722e-14,7.93219e-13,10000
GCR_H,min,5,5623.413251903491,3.0,0,97,1.13849e-12,2.38307e-12,10000
GCR_H,min,5,5623.413251903491,3.0,0,98,1.4595e-14,2.04011e-13,10000
GCR_H,min,5,5623.413251903491,3.0,0,99,1.4685e-12,2.53155e-12,10000
GCR_H,min,5,5623.413251903491,3.0,0,100,2.1102e-16,9.33716e-14,10000
GCR_H,min,5,5623.413251903491,3.0,0,101,4.36573e-15,6.82145e-13,10000
GCR_H,min,5,5623.413251903491,3.0,0,102,7.25182e-16,1.21268e-13,10000
GCR_H,min,5,5623.413251903491,3.0,0,103,6.32791e-15,6.06121e-14,10000
GCR_H,min,5,5623.413251903491,3.0,0,104,4.02946e-16,5.14618e-14,10000
GCR_H,min,5,5623.413251903491,3.0,0,105,1.48848e-15,1.34097e-13,10000
GCR_H,min,5,5623.413251903491,3.0,0,106,1.11583e-13,9.16256e-14,10000
GCR_H,min,5,5623.413251903491,3.0,0,107,2.18194e-12,1.45397e-13,10000
GCR_H,min,5,5623.413251903491,3.0,0,108,2.82783e-13,1.02811e-13,10000
GCR_H,min,5,5623.413251903491,3.0,0,109,1.14436e-12,1.14151e-13,10000
GCR_H,min,5,5623.413251903491,3.0,0,110,1.34743e-15,3.36774e-14,10000
GCR_H,min,5,5623.413251903491,3.0,0,111,0.0,0.0,10000
GCR_H,min,5,5623.413251903491,3.0,0,112,0.0,0.0,10000
GCR_H,min,5,5623.413251903491,3.0,0,113,9.15758e-15,6.54113e-14,10000
GCR_H,min,5,5623.413251903491,3.0,0,114,0.0,0.0,10000
GCR_H,min,5,5623.413251903491,3.0,0,115,2.39259e-15,1.40658e-13,10000
GCR_H,min,5,5623.413251903491,3.0,0,116,1.04633e-13,9.97916e-14,10000
GCR_H,min,5,5623.413251903491,3.0,0,117,2.03983e-12,1.64901e-13,10000
GCR_H,min,5,5623.413251903491,3.0,0,118,1.9357e-13,1.17781e-13,10000
GCR_H,min,5,5623.413251903491,3.0,0,119,6.91017e-13,1.2805e-13,10000
GCR_H,min,5,5623.413251903491,3.0,0,120,3.36853e-15,7.92782e-14,10000
GCR_H,min,5,5623.413251903491,3.0,0,121,1.80399e-15,4.24567e-14,10000
GCR_H,min,5,5623.413251903491,3.0,0,122,2.64824e-14,9.08987e-14,10000
GCR_H,min,5,5623.413251903491,3.0,0,123,1.43001e-13,9.75976e-14,10000
GCR_H,min,5,5623.413251903491,3.0,0,124,6.53975e-14,1.02339e-13,10000
GCR_H,min,5,5623.413251903491,3.0,0,125,1.21994e-13,9.15575e-14,10000
GCR_H,min,5,5623.413251903491,3.0,0,126,1.90028e-15,5.18919e-14,10000
GCR_H,min,5,5623.413251903491,3.0,0,127,6.45464e-14,4.30338e-13,10000
GCR_H,min,5,5623.413251903491,3.0,0,128,1.21926e-15,2.43658e-14,10000
GCR_H,min,5,5623.413251903491,3.0,0,129,1.59843e-15,9.14433e-14,10000
GCR_H,min,5,5623.413251903491,3.0,0,130,2.48904e-15,1.42068e-13,10000
GCR_H,min,5,5623.413251903491,3.0,0,131,4.00021e-16,1.60072e-14,10000
GCR_H,min,5,5623.413251903491,3.0,0,132,3.43023e-15,1.71597e-13,10000
GCR_H,min,5,5623.413251903491,3.0,0,133,5.4804e-16,1.29622e-14,10000
GCR_H,min,5,5623.413251903491,3.0,0,134,5.42143e-16,1.80114e-13,10000
GCR_H,min,5,5623.413251903491,3.0,0,135,1.68272e-16,1.97734e-14,10000
GCR_H,min,5,5623.413251903491,3.0,0,136,9.09482e-16,1.21426e-13,10000
GCR_H,min,5,5623.413251903491,3.0,0,137,7.95136e-15,1.58995e-13,10000
GCR_H,min,5,5623.413251903491,3.0,0,138,3.60916e-14,1.80458e-13,10000
GCR_H,min,5,5623.413251903491,3.0,0,139,0.0,0.0,10000
GCR_H,min,5,5623.413251903491,3.0,0,140,3.41221e-14,1.7061e-10,10000
GCR_H,min,5,5623.413251903491,3.0,0,141,1.22181e-14,7.9184e-14,10000
GCR_H,min,5,5623.413251903491,4.0,0,0,3.85951e-10,0.0,10000
GCR_H,min,5,5623.413251903491,4.0,0,1,7.78121e-14,1.1116e-11,10000
GCR_H,min,5,5623.413251903491,4.0,0,2,3.19743e-16,4.56776e-14,10000
GCR_H,min,5,5623.413251903491,4.0,0,3,0.0,0.0,10000
GCR_H,min,5,5623.413251903491,4.0,0,4,2.07595e-15,7.3071e-14,10000
GCR_H,min,5,5623.413251903491,4.0,0,5,1.4138e-15,4.60072e-14,10000
GCR_H,min,5,5623.413251903491,4.0,0,6,3.97009e-16,7.78448e-14,10000
GCR_H,min,5,5623.413251903491,4.0,0,7,3.36207e-16,3.35871e-14,10000
GCR_H,min,5,5623.413251903491,4.0,0,8,1.89315e-15,2.855e-14,10000
GCR_H,min,5,5623.413251903491,4.0,0,9,3.61688e-17,4.25515e-14,10000
GCR_H,min,5,5623.413251903491,4.0,0,10,3.49581e-14,1.28555e-13,10000
GCR_H,min,5,5623.413251903491,4.0,0,11,6.87518e-16,4.37352e-14,10000
GCR_H,min,5,5623.413251903491,4.0,0,12,6.94115e-15,8.3588e-14,10000
GCR_H,min,5,5623.413251903491,4.0,0,13,3.27145e-15,2.41864e-14,10000
GCR_H,min,5,5623.413251903491,4.0,0,14,7.80967e-15,4.22464e-14,10000
GCR_H,min,5,5623.413251903491,4.0,0,15,1.02156e-15,3.05126e-14,10000
GCR_H,min,5,5623.413251903491,4.0,0,16,1.08577e-14,8.48057e-14,10000
GCR_H,min,5,5623.413251903491,4.0,0,17,9.28908e-15,1.55518e-13,10000
GCR_H,min,5,5623.413251903491,4.0,0,18,2.90755e-15,7.83074e-14,10000
GCR_H,min,5,5623.413251903491,4.0,0,19,9.92221e-15,3.66404e-14,10000
GCR_H,min,5,5623.413251903491,4.0,0,20,1.89153e-14,1.03982e-13,10000
GCR_H,min,5,5623.413251903491,4.0,0,21,9.25013e-16,4.08034e-14,10000
GCR_H,min,5,5623.413251903491,4.0,0,22,1.16907e-14,6.50425e-14,10000
GCR_H,min,5,5623.413251903491,4.0,0,23,2.31372e-14,1.65751e-13,10000
GCR_H,min,5,5623.413251903491,4.0,0,24,7.957e-16,1.66534e-14,10000
GCR_H,min,5,5623.413251903491,4.0,0,25,1.82315e-15,3.43601e-14,10000
GCR_H,min,5,5623.413251903491,4.0,0,26,2.21749e-14,3.93975e-14,10000
GCR_H,min,5,5623.413251903491,4.0,0,27,3.5485e-14,7.86702e-14,10000
GCR_H,min,5,5623.413251903491,4.0,0,28,2.23092e-14,8.52538e-14,10000
GCR_H,min,5,5623.413251903491,4.0,0,29,1.38643e-13,2.93705e-13,10000
GCR_H,min,5,5623.413251903491,4.0,0,30,4.28661e-15,1.66277e-13,10000
GCR_H,min,5,5623.413251903491,4.0,0,31,1.1137e-14,3.78695e-14,10000
GCR_H,min,5,5623.413251903491,4.0,0,32,2.97962e-14,6.79394e-14,10000
GCR_H,min,5,5623.413251903491,4.0,0,33,3.64954e-15,4.51173e-14,10000
GCR_H,min,5,5623.413251903491,4.0,0,34,3.50732e-14,6.60077e-14,10000
GCR_H,min,5,5623.413251903491,4.0,0,35,4.93608e-14,6.7675e-14,10000
GCR_H,min,5,5623.413251903491,4.0,0,36,1.22879e-14,1.56196e-13,10000
GCR_H,min,5,5623.413251903491,4.0,0,37,9.15272e-14,3.93564e-13,10000
GCR_H,min,5,5623.413251903491,4.0,0,38,2.3919e-13,4.7105e-13,10000
GCR_H,min,5,5623.413251903491,4.0,0,39,2.56018e-15,3.36335e-14,10000
GCR_H,min,5,5623.413251903491,4.0,0,40,3.45695e-15,4.67787e-14,10000
GCR_H,min,5,5623.413251903491,4.0,0,41,3.69083e-14,9.25902e-14,10000
GCR_H,min,5,5623.413251903491,4.0,0,42,1.00679e-13,1.47801e-13,10000
GCR_H,min,5,5623.413251903491,4.0,0,43,4.56512e-15,1.25017e-14,10000
GCR_H,min,5,5623.413251903491,4.0,0,44,1.65254e-14,3.1776e-14,10000
GCR_H,min,5,5623.413251903491,4.0,0,45,2.18989e-15,9.90319e-15,10000
GCR_H,min,5,5623.413251903491,4.0,0,46,3.53383e-15,1.83853e-14,10000
GCR_H,min,5,5623.413251903491,4.0,0,47,7.67123e-15,7.45359e-14,10000
GCR_H,min,5,5623.413251903491,4.0,0,48,1.16616e-14,1.58554e-13,10000
GCR_H,min,5,5623.413251903491,4.0,0,49,4.68948e-15,1.63636e-14,10000
GCR_H,min,5,5623.413251903491,4.0,0,50,1.04122e-14,3.10496e-14,10000
GCR_H,min,5,5623.413251903491,4.0,0,51,7.28814e-15,3.91436e-14,10000
GCR_H,min,5,5623.413251903491,4.0,0,52,1.87808e-14,6.21735e-14,10000
GCR_H,min,5,5623.413251903491,4.0,0,53,6.04016e-15,5.52976e-14,10000
GCR_H,min,5,5623.413251903491,4.0,0,54,1.54762e-14,8.91947e-14,10000
GCR_H,min,5,5623.413251903491,4.0,0,55,2.29883e-16,2.3244e-14,10000
GCR_H,min,5,5623.413251903491,4.0,0,56,6.22957e-16,1.1063e-14,10000
GCR_H,min,5,5623.413251903491,4.0,0,57,1.35588e-15,8.49548e-14,10000
GCR_H,min,5,5623.413251903491,4.0,0,58,4.71445e-15,5.31685e-14,10000
GCR_H,min,5,5623.413251903491,4.0,0,59,1.22211e-15,2.06788e-13,10000
GCR_H,min,5,5623.413251903491,4.0,0,60,1.56252e-15,4.49905e-14,10000
GCR_H,min,5,5623.413251903491,4.0,0,61,1.07341e-13,7.40281e-14,10000
GCR_H,min,5,5623.413251903491,4.0,0,62,1.05298e-15,1.40397e-13,10000
GCR_H,min,5,5623.413251903491,4.0,0,63,5.3012e-16,1.06236e-13,10000
GCR_H,min,5,5623.413251903491,4.0,0,64,8.73928e-16,1.16524e-13,10000
GCR_H,min,5,5623.413251903491,4.0,0,65,4.27903e-17,8.57521e-15,10000
GCR_H,min,5,5623.413251903491,4.0,0,66,0.0,0.0,10000
GCR_H,min,5,5623.413251903491,4.0,0,67,0.0,0.0,10000
GCR_H,min,5,5623.413251903491,4.0,0,68,0.0,0.0,10000
GCR_H,min,5,5623.413251903491,4.0,0,69,3.26409e-16,4.45306e-14,10000
GCR_H,min,5,5623.413251903491,4.0,0,70,8.82995e-16,6.34336e-14,10000
GCR_H,min,5,5623.413251903491,4.0,0,71,5.12567e-15,9.47794e-14,10000
GCR_H,min,5,5623.413251903491,4.0,0,72,2.70885e-14,1.80602e-13,10000
GCR_H,min,5,5623.413251903491,4.0,0,73,1.30686e-14,5.22724e-14,10000
GCR_H,min,5,5623.413251903491,4.0,0,74,7.30542e-14,1.12391e-13,10000
GCR_H,min,5,5623.413251903491,4.0,0,75,6.21582e-14,1.77585e-13,10000
GCR_H,min,5,5623.413251903491,4.0,0,76,4.48152e-15,4.98002e-14,10000
GCR_H,min,5,5623.413251903491,4.0,0,77,2.55958e-15,4.65209e-14,10000
GCR_H,min,5,5623.413251903491,4.0,0,78,5.04363e-15,8.40605e-14,10000
GCR_H,min,5,5623.413251903491,4.0,0,79,9.6119e-15,1.01178e-13,10000
GCR_H,min,5,5623.413251903491,4.0,0,80,4.1925e-15,6.98749e-14,10000
GCR_H,min,5,5623.413251903491,4.0,0,81,5.03758e-15,1.25908e-13,10000
GCR_H,min,5,5623.413251903491,4.0,0,82,5.64128e-15,6.26878e-14,10000
GCR_H,min,5,5623.413251903491,4.0,0,83,2.25204e-15,6.43441e-14,10000
GCR_H,min,5,5623.413251903491,4.0,0,84,6.61866e-15,1.65425e-13,10000
GCR_H,min,5,5623.413251903491,4.0,0,85,4.98221e-15,6.6456e-14,10000
GCR_H,min,5,5623.413251903491,4.0,0,86,8.20745e-15,2.73764e-13,10000
GCR_H,min,5,5623.413251903491,4.0,0,87,9.28462e-15,2.81369e-14,10000
GCR_H,min,5,5623.413251903491,4.0,0,88,1.11511e-14,2.18645e-14,10000
GCR_H,min,5,5623.413251903491,4.0,0,89,1.11223e-14,1.0383e-13,10000
GCR_H,min,5,5623.413251903491,4.0,0,90,3.47991e-15,9.0978e-14,10000
GCR_H,min,5,5623.413251903491,4.0,0,91,2.2032e-16,2.88756e-14,10000
GCR_H,min,5,5623.413251903491,4.0,0,92,8.0116e-15,7.28857e-14,10000
GCR_H,min,5,5623.413251903491,4.0,0,93,1.81165e-15,4.61568e-14,10000
GCR_H,min,5,5623.413251903491,4.0,0,94,1.07158e-16,1.3616e-14,10000
GCR_H,min,5,5623.413251903491,4.0,0,95,2.77417e-13,1.5412e-13,10000
GCR_H,min,5,5623.413251903491,4.0,0,96,2.29885e-15,2.90957e-14,10000
GCR_H,min,5,5623.413251903491,4.0,0,97,6.35797e-14,1.33084e-13,10000
GCR_H,min,5,5623.413251903491,4.0,0,98,1.0352e-15,1.44702e-14,10000
GCR_H,min,5,5623.413251903491,4.0,0,99,6.21592e-14,1.07156e-13,10000
GCR_H,min,5,5623.413251903491,4.0,0,100,4.15808e-17,1.83986e-14,10000
GCR_H,min,5,5623.413251903491,4.0,0,101,1.66937e-16,2.60838e-14,10000
GCR_H,min,5,5623.413251903491,4.0,0,102,2.84193e-16,4.7524e-14,10000
GCR_H,min,5,5623.413251903491,4.0,0,103,1.96315e-14,1.88041e-13,10000
GCR_H,min,5,5623.413251903491,4.0,0,104,1.00636e-16,1.28526e-14,10000
GCR_H,min,5,5623.413251903491,4.0,0,105,4.17911e-15,3.76496e-13,10000
GCR_H,min,5,5623.413251903491,4.0,0,106,1.03935e-13,8.53461e-14,10000
GCR_H,min,5,5623.413251903491,4.0,0,107,1.97796e-12,1.31804e-13,10000
GCR_H,min,5,5623.413251903491,4.0,0,108,2.04544e-13,7.43653e-14,10000
GCR_H,min,5,5623.413251903491,4.0,0,109,1.78811e-12,1.78366e-13,10000
GCR_H,min,5,5623.413251903491,4.0,0,110,1.76201e-15,4.40393e-14,10000
GCR_H,min,5,5623.413251903491,4.0,0,111,0.0,0.0,10000
GCR_H,min,5,5623.413251903491,4.0,0,112,0.0,0.0,10000
GCR_H,min,5,5623.413251903491,4.0,0,113,1.02007e-14,7.2862e-14,10000
GCR_H,min,5,5623.413251903491,4.0,0,114,0.0,0.0,10000
GCR_H,min,5,5623.413251903491,4.0,0,115,3.86813e-15,2.27403e-13,10000
GCR_H,min,5,5623.413251903491,4.0,0,116,1.19116e-13,1.13605e-13,10000
GCR_H,min,5,5623.413251903491,4.0,0,117,1.78469e-12,1.44275e-13,10000
GCR_H,min,5,5623.413251903491,4.0,0,118,1.54683e-13,9.412e-14,10000
GCR_H,min,5,5623.413251903491,4.0,0,119,1.03025e-12,1.90911e-13,10000
GCR_H,min,5,5623.413251903491,4.0,0,120,5.72086e-15,1.3464e-13,10000
GCR_H,min,5,5623.413251903491,4.0,0,121,4.33407e-15,1.02002e-13,10000
GCR_H,min,5,5623.413251903491,4.0,0,122,2.76712e-14,9.49789e-14,10000
GCR_H,min,5,5623.413251903491,4.0,0,123,1.66907e-13,1.13913e-13,10000
GCR_H,min,5,5623.413251903491,4.0,0,124,6.37939e-14,9.98292e-14,10000
GCR_H,min,5,5623.413251903491,4.0,0,125,2.48092e-13,1.86195e-13,10000
GCR_H,min,5,5623.413251903491,4.0,0,126,2.43566e-15,6.65118e-14,10000
GCR_H,min,5,5623.413251903491,4.0,0,127,2.28765e-15,1.5252e-14,10000
GCR_H,min,5,5623.413251903491,4.0,0,128,5.39439e-16,1.07802e-14,10000
GCR_H,min,5,5623.413251903491,4.0,0,129,7.12514e-15,4.07617e-13,10000
GCR_H,min,5,5623.413251903491,4.0,0,130,2.23995e-15,1.27851e-13,10000
GCR_H,min,5,5623.413251903491,4.0,0,131,6.55191e-17,2.62181e-15,10000
GCR_H,min,5,5623.413251903491,4.0,0,132,1.21202e-15,6.06312e-14,10000
GCR_H,min,5,5623.413251903491,4.0,0,133,3.96404e-15,9.37569e-14,10000
GCR_H,min,5,5623.413251903491,4.0,0,134,3.31599e-16,1.10166e-13,10000
GCR_H,min,5,5623.413251903491,4.0,0,135,3.51595e-16,4.13156e-14,10000
GCR_H,min,5,5623.413251903491,4.0,0,136,7.31121e-17,9.76129e-15,10000
GCR_H,min,5,5623.413251903491,4.0,0,137,7.29692e-15,1.45909e-13,10000
GCR_H,min,5,5623.413251903491,4.0,0,138,3.29275e-14,1.64637e-13,10000
GCR_H,min,5,5623.413251903491,4.0,0,139,0.0,0.0,10000
GCR_H,min,5,5623.413251903491,4.0,0,140,1.05091e-14,5.25457e-11,10000
GCR_H,min,5,5623.413251903491,4.0,0,141,1.29247e-14,8.37632e-14,10000
GCR_H,min,6,17782.79410038923,2.0,0,0,8.05657e-10,0.0,10000
GCR_H,min,6,17782.79410038923,2.0,0,1,2.22586e-15,3.1798e-13,10000
GCR_H,min,6,17782.79410038923,2.0,0,2,2.65108e-15,3.78726e-13,10000
GCR_H,min,6,17782.79410038923,2.0,0,3,8.19403e-16,7.42886e-14,10000
GCR_H,min,6,17782.79410038923,2.0,0,4,4.92356e-15,1.73304e-13,10000
GCR_H,min,6,17782.79410038923,2.0,0,5,7.70319e-16,2.50673e-14,10000
GCR_H,min,6,17782.79410038923,2.0,0,6,2.32003e-16,4.54908e-14,10000
GCR_H,min,6,17782.79410038923,2.0,0,7,8.3094e-16,8.3011e-14,10000
GCR_H,min,6,17782.79410038923,2.0,0,8,1.42615e-14,2.15074e-13,10000
GCR_H,min,6,17782.79410038923,2.0,0,9,0.0,0.0,10000
GCR_H,min,6,17782.79410038923,2.0,0,10,1.29775e-13,4.77236e-13,10000
GCR_H,min,6,17782.79410038923,2.0,0,11,6.50147e-15,4.1358e-13,10000
GCR_H,min,6,17782.79410038923,2.0,0,12,3.07175e-14,3.69912e-13,10000
GCR_H,min,6,17782.79410038923,2.0,0,13,1.92182e-14,1.42083e-13,10000
GCR_H,min,6,17782.79410038923,2.0,0,14,2.4612e-14,1.33139e-13,10000
GCR_H,min,6,17782.79410038923,2.0,0,15,7.5024e-15,2.24086e-13,10000
GCR_H,min,6,17782.79410038923,2.0,0,16,3.46106e-14,2.70332e-13,10000
GCR_H,min,6,17782.79410038923,2.0,0,17,2.66618e-14,4.46372e-13,10000
GCR_H,min,6,17782.79410038923,2.0,0,18,1.20113e-14,3.23493e-13,10000
GCR_H,min,6,17782.79410038923,2.0,0,19,9.88155e-14,3.64902e-13,10000
GCR_H,min,6,17782.79410038923,2.0,0,20,7.04264e-14,3.8715e-13,10000
GCR_H,min,6,17782.79410038923,2.0,0,21,2.17055e-14,9.57456e-13,10000
GCR_H,min,6,17782.79410038923,2.0,0,22,3.38781e-14,1.88484e-13,10000
GCR_H,min,6,17782.79410038923,2.0,0,23,4.79921e-14,3.43808e-13,10000
GCR_H,min,6,17782.79410038923,2.0,0,24,3.99888e-15,8.36937e-14,10000
GCR_H,min,6,17782.79410038923,2.0,0,25,1.41465e-14,2.66613e-13,10000
GCR_H,min,6,17782.79410038923,2.0,0,26,3.16317e-14,5.61992e-14,10000
GCR_H,min,6,17782.79410038923,2.0,0,27,4.62119e-14,1.02452e-13,10000
GCR_H,min,6,17782.79410038923,2.0,0,28,1.28622e-13,4.91524e-13,10000
GCR_H,min,6,17782.79410038923,2.0,0,29,4.20723e-13,8.91267e-13,10000
GCR_H,min,6,17782.79410038923,2.0,0,30,1.91981e-14,7.44691e-13,10000
GCR_H,min,6,17782.79410038923,2.0,0,31,1.56855e-13,5.33357e-13,10000
GCR_H,min,6,17782.79410038923,2.0,0,32,2.30588e-13,5.25773e-13,10000
GCR_H,min,6,17782.79410038923,2.0,0,33,1.23498e-13,1.52674e-12,10000
GCR_H,min,6,17782.79410038923,2.0,0,34,4.66066e-14,8.77136e-14,10000
GCR_H,min,6,17782.79410038923,2.0,0,35,1.28945e-13,1.76788e-13,10000
GCR_H,min,6,17782.79410038923,2.0,0,36,5.82244e-15,7.40109e-14,10000
GCR_H,min,6,17782.79410038923,2.0,0,37,6.52551e-15,2.80595e-14,10000
GCR_H,min,6,17782.79410038923,2.0,0,38,2.5525e-14,5.02678e-14,10000
GCR_H,min,6,17782.79410038923,2.0,0,39,6.73119e-15,8.84287e-14,10000
GCR_H,min,6,17782.79410038923,2.0,0,40,1.0524e-14,1.42408e-13,10000
GCR_H,min,6,17782.79410038923,2.0,0,41,1.74982e-13,4.38969e-13,10000
GCR_H,min,6,17782.79410038923,2.0,0,42,5.26171e-13,7.7244e-13,10000
GCR_H,min,6,17782.79410038923,2.0,0,43,5.40663e-14,1.48062e-13,10000
GCR_H,min,6,17782.79410038923,2.0,0,44,2.19765e-13,4.22576e-13,10000
GCR_H,min,6,17782.79410038923,2.0,0,45,3.07105e-14,1.3888e-13,10000
GCR_H,min,6,17782.79410038923,2.0,0,46,2.69135e-14,1.40021e-13,10000
GCR_H,min,6,17782.79410038923,2.0,0,47,3.70651e-15,3.60135e-14,10000
GCR_H,min,6,17782.79410038923,2.0,0,48,4.24951e-15,5.77772e-14,10000
GCR_H,min,6,17782.79410038923,2.0,0,49,3.28523e-14,1.14636e-13,10000
GCR_H,min,6,17782.79410038923,2.0,0,50,6.4932e-14,1.9363e-13,10000
GCR_H,min,6,17782.79410038923,2.0,0,51,8.91365e-14,4.7874e-13,10000
GCR_H,min,6,17782.79410038923,2.0,0,52,2.17907e-13,7.21379e-13,10000
GCR_H,min,6,17782.79410038923,2.0,0,53,3.33334e-14,3.05167e-13,10000
GCR_H,min,6,17782.79410038923,2.0,0,54,7.62648e-14,4.39541e-13,10000
GCR_H,min,6,17782.79410038923,2.0,0,55,6.78686e-16,6.86234e-14,10000
GCR_H,min,6,17782.79410038923,2.0,0,56,9.65143e-15,1.71398e-13,10000
GCR_H,min,6,17782.79410038923,2.0,0,57,8.54147e-16,5.3518e-14,10000
GCR_H,min,6,17782.79410038923,2.0,0,58,4.89207e-14,5.51717e-13,10000
GCR_H,min,6,17782.79410038923,2.0,0,59,3.41287e-15,5.77474e-13,10000
GCR_H,min,6,17782.79410038923,2.0,0,60,5.60883e-15,1.61498e-13,10000
GCR_H,min,6,17782.79410038923,2.0,0,61,7.72431e-14,5.32711e-14,10000
GCR_H,min,6,17782.79410038923,2.0,0,62,2.04813e-15,2.73084e-13,10000
GCR_H,min,6,17782.79410038923,2.0,0,63,2.48299e-15,4.97593e-13,10000
GCR_H,min,6,17782.79410038923,2.0,0,64,2.07322e-15,2.7643e-13,10000
GCR_H,min,6,17782.79410038923,2.0,0,65,3.22074e-16,6.45439e-14,10000
GCR_H,min,6,17782.79410038923,2.0,0,66,0.0,0.0,10000
GCR_H,min,6,17782.79410038923,2.0,0,67,6.95397e-16,9.53905e-14,10000
GCR_H,min,6,17782.79410038923,2.0,0,68,1.44278e-16,7.59357e-13,10000
GCR_H,min,6,17782.79410038923,2.0,0,69,3.10222e-16,4.23223e-14,10000
GCR_H,min,6,17782.79410038923,2.0,0,70,1.27064e-14,9.12816e-13,10000
GCR_H,min,6,17782.79410038923,2.0,0,71,4.31024e-14,7.97012e-13,10000
GCR_H,min,6,17782.79410038923,2.0,0,72,6.27018e-14,4.1804e-13,10000
GCR_H,min,6,17782.79410038923,2.0,0,73,1.0976e-13,4.39023e-13,10000
GCR_H,min,6,17782.79410038923,2.0,0,74,5.44842e-13,8.38218e-13,10000
GCR_H,min,6,17782.79410038923,2.0,0,75,3.12149e-13,8.91804e-13,10000
GCR_H,min,6,17782.79410038923,2.0,0,76,1.30987e-13,1.45557e-12,10000
GCR_H,min,6,17782.79410038923,2.0,0,77,8.88455e-14,1.61478e-12,10000
GCR_H,min,6,17782.79410038923,2.0,0,78,3.29872e-14,5.49786e-13,10000
GCR_H,min,6,17782.79410038923,2.0,0,79,5.29249e-14,5.57104e-13,10000
GCR_H,min,6,17782.79410038923,2.0,0,80,3.04327e-14,5.07212e-13,10000
GCR_H,min,6,17782.79410038923,2.0,0,81,1.41572e-14,3.53842e-13,10000
GCR_H,min,6,17782.79410038923,2.0,0,82,8.36773e-14,9.29851e-13,10000
GCR_H,min,6,17782.79410038923,2.0,0,83,2.31908e-14,6.62595e-13,10000
GCR_H,min,6,17782.79410038923,2.0,0,84,2.2753e-14,5.68684e-13,10000
GCR_H,min,6,17782.79410038923,2.0,0,85,6.01475e-14,8.02287e-13,10000
GCR_H,min,6,17782.79410038923,2.0,0,86,1.9607e-14,6.54002e-13,10000
GCR_H,min,6,17782.79410038923,2.0,0,87,6.94963e-14,2.10607e-13,10000
GCR_H,min,6,17782.79410038923,2.0,0,88,1.2912e-13,2.53171e-13,10000
GCR_H,min,6,17782.79410038923,2.0,0,89,6.67117e-14,6.22776e-13,10000
GCR_H,min,6,17782.79410038923,2.0,0,90,1.90587e-14,4.98268e-13,10000
GCR_H,min,6,17782.79410038923,2.0,0,91,7.69409e-15,1.0084e-12,10000
GCR_H,min,6,17782.79410038923,2.0,0,92,8.4564e-14,7.69323e-13,10000
GCR_H,min,6,17782.79410038923,2.0,0,93,2.2554e-14,5.74624e-13,10000
GCR_H,min,6,17782.79410038923,2.0,0,94,2.79134e-15,3.54681e-13,10000
GCR_H,min,6,17782.79410038923,2.0,0,95,9.22439e-13,5.12464e-13,10000
GCR_H,min,6,17782.79410038923,2.0,0,96,1.37381e-14,1.73878e-13,10000
GCR_H,min,6,17782.79410038923,2.0,0,97,3.1217e-13,6.5343e-13,10000
GCR_H,min,6,17782.79410038923,2.0,0,98,1.3745e-14,1.92131e-13,10000
GCR_H,min,6,17782.79410038923,2.0,0,99,3.75591e-13,6.47481e-13,10000
GCR_H,min,6,17782.79410038923,2.0,0,100,0.0,0.0,10000
GCR_H,min,6,17782.79410038923,2.0,0,101,7.31416e-16,1.14284e-13,10000
GCR_H,min,6,17782.79410038923,2.0,0,102,1.28098e-16,2.1421e-14,10000
GCR_H,min,6,17782.79410038923,2.0,0,103,5.98519e-14,5.73294e-13,10000
GCR_H,min,6,17782.79410038923,2.0,0,104,2.30364e-14,2.94207e-12,10000
GCR_H,min,6,17782.79410038923,2.0,0,105,5.56806e-15,5.01627e-13,10000
GCR_H,min,6,17782.79410038923,2.0,0,106,1.02925e-13,8.45165e-14,10000
GCR_H,min,6,17782.79410038923,2.0,0,107,9.72828e-12,6.48257e-13,10000
GCR_H,min,6,17782.79410038923,2.0,0,108,1.45325e-12,5.28353e-13,10000
GCR_H,min,6,17782.79410038923,2.0,0,109,6.591e-12,6.57458e-13,10000
GCR_H,min,6,17782.79410038923,2.0,0,110,5.33031e-15,1.33224e-13,10000
GCR_H,min,6,17782.79410038923,2.0,0,111,0.0,0.0,10000
GCR_H,min,6,17782.79410038923,2.0,0,112,0.0,0.0,10000
GCR_H,min,6,17782.79410038923,2.0,0,113,1.54414e-13,1.10296e-12,10000
GCR_H,min,6,17782.79410038923,2.0,0,114,0.0,0.0,10000
GCR_H,min,6,17782.79410038923,2.0,0,115,1.90568e-14,1.12033e-12,10000
GCR_H,min,6,17782.79410038923,2.0,0,116,1.74895e-13,1.66803e-13,10000
GCR_H,min,6,17782.79410038923,2.0,0,117,9.47421e-12,7.659e-13,10000
GCR_H,min,6,17782.79410038923,2.0,0,118,7.95966e-13,4.8432e-13,10000
GCR_H,min,6,17782.79410038923,2.0,0,119,3.57706e-12,6.62851e-13,10000
GCR_H,min,6,17782.79410038923,2.0,0,120,3.56698e-16,8.39487e-15,10000
GCR_H,min,6,17782.79410038923,2.0,0,121,3.1617e-15,7.44105e-14,10000
GCR_H,min,6,17782.79410038923,2.0,0,122,3.0857e-14,1.05914e-13,10000
GCR_H,min,6,17782.79410038923,2.0,0,123,8.9138e-13,6.08363e-13,10000
GCR_H,min,6,17782.79410038923,2.0,0,124,3.72569e-13,5.83023e-13,10000
GCR_H,min,6,17782.79410038923,2.0,0,125,5.96323e-13,4.47545e-13,10000
GCR_H,min,6,17782.79410038923,2.0,0,126,7.78412e-15,2.12565e-13,10000
GCR_H,min,6,17782.79410038923,2.0,0,127,8.32678e-14,5.55156e-13,10000
GCR_H,min,6,17782.79410038923,2.0,0,128,3.90345e-15,7.80067e-14,10000
GCR_H,min,6,17782.79410038923,2.0,0,129,1.2815e-14,7.33124e-13,10000
GCR_H,min,6,17782.79410038923,2.0,0,130,6.84601e-15,3.90754e-13,10000
GCR_H,min,6,17782.79410038923,2.0,0,131,7.7436e-15,3.09868e-13,10000
GCR_H,min,6,17782.79410038923,2.0,0,132,2.19148e-15,1.09629e-13,10000
GCR_H,min,6,17782.79410038923,2.0,0,133,2.50461e-15,5.92387e-14,10000
GCR_H,min,6,17782.79410038923,2.0,0,134,0.0,0.0,10000
GCR_H,min,6,17782.79410038923,2.0,0,135,7.2788e-15,8.55324e-13,10000
GCR_H,min,6,17782.79410038923,2.0,0,136,6.58626e-15,8.7934e-13,10000
GCR_H,min,6,17782.79410038923,2.0,0,137,3.58226e-14,7.16308e-13,10000
GCR_H,min,6,17782.79410038923,2.0,0,138,1.31296e-13,6.56482e-13,10000
GCR_H,min,6,17782.79410038923,2.0,0,139,0.0,0.0,10000
GCR_H,min,6,17782.79410038923,2.0,0,140,1.93227e-14,9.66136e-11,10000
GCR_H,min,6,17782.79410038923,2.0,0,141,7.3851e-15,4.78619e-14,10000
GCR_H,min,6,17782.79410038923,3.0,0,0,2.25457e-10,0.0,10000
GCR_H,min,6,17782.79410038923,3.0,0,1,2.34655e-15,3.35222e-13,10000
GCR_H,min,6,17782.79410038923,3.0,0,2,2.72709e-15,3.89584e-13,10000
GCR_H,min,6,17782.79410038923,3.0,0,3,8.50281e-16,7.7088e-14,10000
GCR_H,min,6,17782.79410038923,3.0,0,4,4.45148e-15,1.56687e-13,10000
GCR_H,min,6,17782.79410038923,3.0,0,5,2.66238e-15,8.66379e-14,10000
GCR_H,min,6,17782.79410038923,3.0,0,6,5.17623e-17,1.01495e-14,10000
GCR_H,min,6,17782.79410038923,3.0,0,7,1.6337e-15,1.63207e-13,10000
GCR_H,min,6,17782.79410038923,3.0,0,8,1.095e-14,1.65134e-13,10000
GCR_H,min,6,17782.79410038923,3.0,0,9,0.0,0.0,10000
GCR_H,min,6,17782.79410038923,3.0,0,10,1.25514e-13,4.61568e-13,10000
GCR_H,min,6,17782.79410038923,3.0,0,11,6.78459e-15,4.31589e-13,10000
GCR_H,min,6,17782.79410038923,3.0,0,12,3.11796e-14,3.75477e-13,10000
GCR_H,min,6,17782.79410038923,3.0,0,13,1.80895e-14,1.33739e-13,10000
GCR_H,min,6,17782.79410038923,3.0,0,14,1.59491e-14,8.62768e-14,10000
GCR_H,min,6,17782.79410038923,3.0,0,15,9.8111e-15,2.93044e-13,10000
GCR_H,min,6,17782.79410038923,3.0,0,16,2.76989e-14,2.16347e-13,10000
GCR_H,min,6,17782.79410038923,3.0,0,17,3.49564e-14,5.85239e-13,10000
GCR_H,min,6,17782.79410038923,3.0,0,18,1.07617e-14,2.89838e-13,10000
GCR_H,min,6,17782.79410038923,3.0,0,19,8.14781e-14,3.00879e-13,10000
GCR_H,min,6,17782.79410038923,3.0,0,20,5.51945e-14,3.03416e-13,10000
GCR_H,min,6,17782.79410038923,3.0,0,21,1.67464e-14,7.38702e-13,10000
GCR_H,min,6,17782.79410038923,3.0,0,22,4.18066e-14,2.32595e-13,10000
GCR_H,min,6,17782.79410038923,3.0,0,23,5.01672e-14,3.5939e-13,10000
GCR_H,min,6,17782.79410038923,3.0,0,24,2.30081e-15,4.81543e-14,10000
GCR_H,min,6,17782.79410038923,3.0,0,25,3.68233e-15,6.93994e-14,10000
GCR_H,min,6,17782.79410038923,3.0,0,26,2.12743e-14,3.77975e-14,10000
GCR_H,min,6,17782.79410038923,3.0,0,27,3.65109e-14,8.09446e-14,10000
GCR_H,min,6,17782.79410038923,3.0,0,28,1.08206e-13,4.13506e-13,10000
GCR_H,min,6,17782.79410038923,3.0,0,29,3.27464e-13,6.93706e-13,10000
GCR_H,min,6,17782.79410038923,3.0,0,30,2.16396e-14,8.39393e-13,10000
GCR_H,min,6,17782.79410038923,3.0,0,31,1.53167e-13,5.20818e-13,10000
GCR_H,min,6,17782.79410038923,3.0,0,32,2.19067e-13,4.99504e-13,10000
GCR_H,min,6,17782.79410038923,3.0,0,33,1.22577e-13,1.51535e-12,10000
GCR_H,min,6,17782.79410038923,3.0,0,34,6.05961e-14,1.14042e-13,10000
GCR_H,min,6,17782.79410038923,3.0,0,35,1.60611e-13,2.20203e-13,10000
GCR_H,min,6,17782.79410038923,3.0,0,36,6.99973e-15,8.89759e-14,10000
GCR_H,min,6,17782.79410038923,3.0,0,37,6.15926e-15,2.64846e-14,10000
GCR_H,min,6,17782.79410038923,3.0,0,38,4.44852e-14,8.76072e-14,10000
GCR_H,min,6,17782.79410038923,3.0,0,39,3.31727e-15,4.35795e-14,10000
GCR_H,min,6,17782.79410038923,3.0,0,40,5.98871e-15,8.1038e-14,10000
GCR_H,min,6,17782.79410038923,3.0,0,41,1.88595e-13,4.73119e-13,10000
GCR_H,min,6,17782.79410038923,3.0,0,42,5.25386e-13,7.71289e-13,10000
GCR_H,min,6,17782.79410038923,3.0,0,43,3.56488e-14,9.76252e-14,10000
GCR_H,min,6,17782.79410038923,3.0,0,44,1.34956e-13,2.59501e-13,10000
GCR_H,min,6,17782.79410038923,3.0,0,45,1.82539e-14,8.25483e-14,10000
GCR_H,min,6,17782.79410038923,3.0,0,46,1.6657e-14,8.66607e-14,10000
GCR_H,min,6,17782.79410038923,3.0,0,47,3.01084e-15,2.92542e-14,10000
GCR_H,min,6,17782.79410038923,3.0,0,48,3.5721e-15,4.8567e-14,10000
GCR_H,min,6,17782.79410038923,3.0,0,49,3.79154e-14,1.32303e-13,10000
GCR_H,min,6,17782.79410038923,3.0,0,50,9.61898e-14,2.86843e-13,10000
GCR_H,min,6,17782.79410038923,3.0,0,51,8.80581e-14,4.72947e-13,10000
GCR_H,min,6,17782.79410038923,3.0,0,52,2.23503e-13,7.39905e-13,10000
GCR_H,min,6,17782.79410038923,3.0,0,53,3.6969e-14,3.38451e-13,10000
GCR_H,min,6,17782.79410038923,3.0,0,54,5.89716e-14,3.39875e-13,10000
GCR_H,min,6,17782.79410038923,3.0,0,55,3.27742e-16,3.31387e-14,10000
GCR_H,min,6,17782.79410038923,3.0,0,56,1.04502e-14,1.85583e-13,10000
GCR_H,min,6,17782.79410038923,3.0,0,57,3.37168e-16,2.11258e-14,10000
GCR_H,min,6,17782.79410038923,3.0,0,58,4.76932e-14,5.37873e-13,10000
GCR_H,min,6,17782.79410038923,3.0,0,59,2.25177e-15,3.8101e-13,10000
GCR_H,min,6,17782.79410038923,3.0,0,60,9.09384e-15,2.61844e-13,10000
GCR_H,min,6,17782.79410038923,3.0,0,61,1.67906e-13,1.15797e-13,10000
GCR_H,min,6,17782.79410038923,3.0,0,62,1.12229e-15,1.49638e-13,10000
GCR_H,min,6,17782.79410038923,3.0,0,63,3.10515e-16,6.22274e-14,10000
GCR_H,min,6,17782.79410038923,3.0,0,64,3.03484e-15,4.04645e-13,10000
GCR_H,min,6,17782.79410038923,3.0,0,65,1.41284e-15,2.83133e-13,10000
GCR_H,min,6,17782.79410038923,3.0,0,66,0.0,0.0,10000
GCR_H,min,6,17782.79410038923,3.0,0,67,0.0,0.0,10000
GCR_H,min,6,17782.79410038923,3.0,0,68,0.0,0.0,10000
GCR_H,min,6,17782.79410038923,3.0,0,69,2.57917e-16,3.51865e-14,10000
GCR_H,min,6,17782.79410038923,3.0,0,70,5.73361e-15,4.11897e-13,10000
GCR_H,min,6,17782.79410038923,3.0,0,71,2.60677e-14,4.8202e-13,10000
GCR_H,min,6,17782.79410038923,3.0,0,72,6.96685e-14,4.64487e-13,10000
GCR_H,min,6,17782.79410038923,3.0,0,73,9.3447e-14,3.73773e-13,10000
GCR_H,min,6,17782.79410038923,3.0,0,74,5.11116e-13,7.86332e-13,10000
GCR_H,min,6,17782.79410038923,3.0,0,75,2.60341e-13,7.43788e-13,10000
GCR_H,min,6,17782.79410038923,3.0,0,76,1.0347e-13,1.1498e-12,10000
GCR_H,min,6,17782.79410038923,3.0,0,77,6.4684e-14,1.17564e-12,10000
GCR_H,min,6,17782.79410038923,3.0,0,78,3.59648e-14,5.99413e-13,10000
GCR_H,min,6,17782.79410038923,3.0,0,79,5.55139e-14,5.84357e-13,10000
GCR_H,min,6,17782.79410038923,3.0,0,80,2.72015e-14,4.53358e-13,10000
GCR_H,min,6,17782.79410038923,3.0,0,81,1.56238e-14,3.90497e-13,10000
GCR_H,min,6,17782.79410038923,3.0,0,82,7.3287e-14,8.1439e-13,10000
GCR_H,min,6,17782.79410038923,3.0,0,83,3.63407e-14,1.03831e-12,10000
GCR_H,min,6,17782.79410038923,3.0,0,84,3.29572e-14,8.23723e-13,10000
GCR_H,min,6,17782.79410038923,3.0,0,85,6.36817e-14,8.49429e-13,10000
GCR_H,min,6,17782.79410038923,3.0,0,86,2.01379e-14,6.71711e-13,10000
GCR_H,min,6,17782.79410038923,3.0,0,87,9.06377e-14,2.74676e-13,10000
GCR_H,min,6,17782.79410038923,3.0,0,88,1.56576e-13,3.07006e-13,10000
GCR_H,min,6,17782.79410038923,3.0,0,89,6.21032e-14,5.79753e-13,10000
GCR_H,min,6,17782.79410038923,3.0,0,90,2.4085e-14,6.29674e-13,10000
GCR_H,min,6,17782.79410038923,3.0,0,91,4.5274e-15,5.93368e-13,10000
GCR_H,min,6,17782.79410038923,3.0,0,92,6.92557e-14,6.30055e-13,10000
GCR_H,min,6,17782.79410038923,3.0,0,93,1.93622e-14,4.93306e-13,10000
GCR_H,min,6,17782.79410038923,3.0,0,94,4.13575e-15,5.25508e-13,10000
GCR_H,min,6,17782.79410038923,3.0,0,95,7.43521e-13,4.13065e-13,10000
GCR_H,min,6,17782.79410038923,3.0,0,96,1.94913e-14,2.46695e-13,10000
GCR_H,min,6,17782.79410038923,3.0,0,97,2.78191e-13,5.82306e-13,10000
GCR_H,min,6,17782.79410038923,3.0,0,98,1.00857e-14,1.40979e-13,10000
GCR_H,min,6,17782.79410038923,3.0,0,99,2.66325e-13,4.59117e-13,10000
GCR_H,min,6,17782.79410038923,3.0,0,100,7.48675e-18,3.31272e-15,10000
GCR_H,min,6,17782.79410038923,3.0,0,101,9.12927e-16,1.42645e-13,10000
GCR_H,min,6,17782.79410038923,3.0,0,102,6.01362e-17,1.00562e-14,10000
GCR_H,min,6,17782.79410038923,3.0,0,103,5.62619e-14,5.38907e-13,10000
GCR_H,min,6,17782.79410038923,3.0,0,104,6.04317e-15,7.71797e-13,10000
GCR_H,min,6,17782.79410038923,3.0,0,105,4.15294e-15,3.74139e-13,10000
GCR_H,min,6,17782.79410038923,3.0,0,106,1.34094e-13,1.10111e-13,10000
GCR_H,min,6,17782.79410038923,3.0,0,107,8.86553e-12,5.90766e-13,10000
GCR_H,min,6,17782.79410038923,3.0,0,108,1.2828e-12,4.66381e-13,10000
GCR_H,min,6,17782.79410038923,3.0,0,109,5.72373e-12,5.70947e-13,10000
GCR_H,min,6,17782.79410038923,3.0,0,110,6.65669e-15,1.66376e-13,10000
GCR_H,min,6,17782.79410038923,3.0,0,111,0.0,0.0,10000
GCR_H,min,6,17782.79410038923,3.0,0,112,0.0,0.0,10000
GCR_H,min,6,17782.79410038923,3.0,0,113,6.88429e-14,4.91735e-13,10000
GCR_H,min,6,17782.79410038923,3.0,0,114,0.0,0.0,10000
GCR_H,min,6,17782.79410038923,3.0,0,115,1.74593e-14,1.02641e-12,10000
GCR_H,min,6,17782.79410038923,3.0,0,116,1.31026e-13,1.24964e-13,10000
GCR_H,min,6,17782.79410038923,3.0,0,117,9.04991e-12,7.31599e-13,10000
GCR_H,min,6,17782.79410038923,3.0,0,118,7.28306e-13,4.43151e-13,10000
GCR_H,min,6,17782.79410038923,3.0,0,119,3.58304e-12,6.6396e-13,10000
GCR_H,min,6,17782.79410038923,3.0,0,120,4.18966e-15,9.86035e-14,10000
GCR_H,min,6,17782.79410038923,3.0,0,121,3.72548e-15,8.7679e-14,10000
GCR_H,min,6,17782.79410038923,3.0,0,122,3.83353e-14,1.31583e-13,10000
GCR_H,min,6,17782.79410038923,3.0,0,123,8.61608e-13,5.88044e-13,10000
GCR_H,min,6,17782.79410038923,3.0,0,124,2.38732e-13,3.73585e-13,10000
GCR_H,min,6,17782.79410038923,3.0,0,125,6.04339e-13,4.53561e-13,10000
GCR_H,min,6,17782.79410038923,3.0,0,126,1.05117e-14,2.87049e-13,10000
GCR_H,min,6,17782.79410038923,3.0,0,127,4.44577e-14,2.96405e-13,10000
GCR_H,min,6,17782.79410038923,3.0,0,128,1.21071e-15,2.41949e-14,10000
GCR_H,min,6,17782.79410038923,3.0,0,129,7.45458e-15,4.26464e-13,10000
GCR_H,min,6,17782.79410038923,3.0,0,130,1.26815e-14,7.2383e-13,10000
GCR_H,min,6,17782.79410038923,3.0,0,131,1.72526e-15,6.90379e-14,10000
GCR_H,min,6,17782.79410038923,3.0,0,132,1.67754e-15,8.39188e-14,10000
GCR_H,min,6,17782.79410038923,3.0,0,133,8.22534e-15,1.94544e-13,10000
GCR_H,min,6,17782.79410038923,3.0,0,134,0.0,0.0,10000
GCR_H,min,6,17782.79410038923,3.0,0,135,6.48276e-15,7.61782e-13,10000
GCR_H,min,6,17782.79410038923,3.0,0,136,1.19097e-14,1.59009e-12,10000
GCR_H,min,6,17782.79410038923,3.0,0,137,3.14974e-14,6.29822e-13,10000
GCR_H,min,6,17782.79410038923,3.0,0,138,1.26669e-13,6.33345e-13,10000
GCR_H,min,6,17782.79410038923,3.0,0,139,0.0,0.0,10000
GCR_H,min,6,17782.79410038923,3.0,0,140,2.275e-14,1.1375e-10,10000
GCR_H,min,6,17782.79410038923,3.0,0,141,1.52541e-14,9.88597e-14,10000
GCR_H,min,6,17782.79410038923,4.0,0,0,3.12146e-10,0.0,10000
GCR_H,min,6,17782.79410038923,4.0,0,1,2.28672e-15,3.26675e-13,10000
GCR_H,min,6,17782.79410038923,4.0,0,2,1.81887e-15,2.59838e-13,10000
GCR_H,min,6,17782.79410038923,4.0,0,3,1.20147e-15,1.08928e-13,10000
GCR_H,min,6,17782.79410038923,4.0,0,4,3.088e-15,1.08694e-13,10000
GCR_H,min,6,17782.79410038923,4.0,0,5,1.80662e-15,5.879e-14,10000
GCR_H,min,6,17782.79410038923,4.0,0,6,3.35349e-16,6.57547e-14,10000
GCR_H,min,6,17782.79410038923,4.0,0,7,8.49164e-16,8.48316e-14,10000
GCR_H,min,6,17782.79410038923,4.0,0,8,1.62618e-14,2.45239e-13,10000
GCR_H,min,6,17782.79410038923,4.0,0,9,3.50102e-17,4.11884e-14,10000
GCR_H,min,6,17782.79410038923,4.0,0,10,1.67058e-13,6.14343e-13,10000
GCR_H,min,6,17782.79410038923,4.0,0,11,1.38107e-14,8.78545e-13,10000
GCR_H,min,6,17782.79410038923,4.0,0,12,3.53558e-14,4.25768e-13,10000
GCR_H,min,6,17782.79410038923,4.0,0,13,2.53781e-14,1.87625e-13,10000
GCR_H,min,6,17782.79410038923,4.0,0,14,3.1806e-14,1.72055e-13,10000
GCR_H,min,6,17782.79410038923,4.0,0,15,1.21847e-14,3.63939e-13,10000
GCR_H,min,6,17782.79410038923,4.0,0,16,3.70459e-14,2.89353e-13,10000
GCR_H,min,6,17782.79410038923,4.0,0,17,2.69994e-14,4.52024e-13,10000
GCR_H,min,6,17782.79410038923,4.0,0,18,7.14942e-15,1.92551e-13,10000
GCR_H,min,6,17782.79410038923,4.0,0,19,8.44805e-14,3.11966e-13,10000
GCR_H,min,6,17782.79410038923,4.0,0,20,5.42948e-14,2.98471e-13,10000
GCR_H,min,6,17782.79410038923,4.0,0,21,1.72879e-14,7.62589e-13,10000
GCR_H,min,6,17782.79410038923,4.0,0,22,5.35236e-14,2.97783e-13,10000
GCR_H,min,6,17782.79410038923,4.0,0,23,1.87697e-13,1.34463e-12,10000
GCR_H,min,6,17782.79410038923,4.0,0,24,2.33473e-15,4.88643e-14,10000
GCR_H,min,6,17782.79410038923,4.0,0,25,5.49527e-15,1.03567e-13,10000
GCR_H,min,6,17782.79410038923,4.0,0,26,2.79776e-14,4.97071e-14,10000
GCR_H,min,6,17782.79410038923,4.0,0,27,3.88248e-14,8.60746e-14,10000
GCR_H,min,6,17782.79410038923,4.0,0,28,1.2234e-13,4.67516e-13,10000
GCR_H,min,6,17782.79410038923,4.0,0,29,3.73432e-13,7.91085e-13,10000
GCR_H,min,6,17782.79410038923,4.0,0,30,2.40348e-14,9.32304e-13,10000
GCR_H,min,6,17782.79410038923,4.0,0,31,1.40375e-13,4.77321e-13,10000
GCR_H,min,6,17782.79410038923,4.0,0,32,2.00878e-13,4.5803e-13,10000
GCR_H,min,6,17782.79410038923,4.0,0,33,1.26386e-13,1.56245e-12,10000
GCR_H,min,6,17782.79410038923,4.0,0,34,4.72283e-14,8.88837e-14,10000
GCR_H,min,6,17782.79410038923,4.0,0,35,1.55502e-13,2.13198e-13,10000
GCR_H,min,6,17782.79410038923,4.0,0,36,2.913e-15,3.70281e-14,10000
GCR_H,min,6,17782.79410038923,4.0,0,37,9.34865e-15,4.01989e-14,10000
GCR_H,min,6,17782.79410038923,4.0,0,38,4.5328e-14,8.9267e-14,10000
GCR_H,min,6,17782.79410038923,4.0,0,39,2.53728e-15,3.33326e-14,10000
GCR_H,min,6,17782.79410038923,4.0,0,40,4.4587e-15,6.03343e-14,10000
GCR_H,min,6,17782.79410038923,4.0,0,41,1.93159e-13,4.84568e-13,10000
GCR_H,min,6,17782.79410038923,4.0,0,42,5.84516e-13,8.58093e-13,10000
GCR_H,min,6,17782.79410038923,4.0,0,43,2.18041e-13,5.9711e-13,10000
GCR_H,min,6,17782.79410038923,4.0,0,44,4.02757e-13,7.74443e-13,10000
GCR_H,min,6,17782.79410038923,4.0,0,45,2.69611e-14,1.21924e-13,10000
GCR_H,min,6,17782.79410038923,4.0,0,46,3.47092e-14,1.80579e-13,10000
GCR_H,min,6,17782.79410038923,4.0,0,47,6.18939e-15,6.01379e-14,10000
GCR_H,min,6,17782.79410038923,4.0,0,48,6.17355e-15,8.39368e-14,10000
GCR_H,min,6,17782.79410038923,4.0,0,49,1.25239e-13,4.37011e-13,10000
GCR_H,min,6,17782.79410038923,4.0,0,50,3.21304e-13,9.58144e-13,10000
GCR_H,min,6,17782.79410038923,4.0,0,51,1.6258e-13,8.73192e-13,10000
GCR_H,min,6,17782.79410038923,4.0,0,52,3.05922e-13,1.01275e-12,10000
GCR_H,min,6,17782.79410038923,4.0,0,53,3.04198e-14,2.78493e-13,10000
GCR_H,min,6,17782.79410038923,4.0,0,54,8.68176e-14,5.00361e-13,10000
GCR_H,min,6,17782.79410038923,4.0,0,55,4.57469e-16,4.62558e-14,10000
GCR_H,min,6,17782.79410038923,4.0,0,56,1.07071e-14,1.90146e-13,10000
GCR_H,min,6,17782.79410038923,4.0,0,57,1.82359e-15,1.1426e-13,10000
GCR_H,min,6,17782.79410038923,4.0,0,58,4.74614e-14,5.35258e-13,10000
GCR_H,min,6,17782.79410038923,4.0,0,59,4.02856e-15,6.81651e-13,10000
GCR_H,min,6,17782.79410038923,4.0,0,60,5.84237e-15,1.68223e-13,10000
GCR_H,min,6,17782.79410038923,4.0,0,61,1.52004e-13,1.0483e-13,10000
GCR_H,min,6,17782.79410038923,4.0,0,62,1.77058e-15,2.36077e-13,10000
GCR_H,min,6,17782.79410038923,4.0,0,63,9.408e-16,1.88537e-13,10000
GCR_H,min,6,17782.79410038923,4.0,0,64,4.02609e-15,5.36812e-13,10000
GCR_H,min,6,17782.79410038923,4.0,0,65,3.97911e-15,7.97417e-13,10000
GCR_H,min,6,17782.79410038923,4.0,0,66,0.0,0.0,10000
GCR_H,min,6,17782.79410038923,4.0,0,67,6.52961e-17,8.95695e-15,10000
GCR_H,min,6,17782.79410038923,4.0,0,68,0.0,0.0,10000
GCR_H,min,6,17782.79410038923,4.0,0,69,1.0145e-15,1.38403e-13,10000
GCR_H,min,6,17782.79410038923,4.0,0,70,1.12894e-14,8.11021e-13,10000
GCR_H,min,6,17782.79410038923,4.0,0,71,2.53654e-14,4.69035e-13,10000
GCR_H,min,6,17782.79410038923,4.0,0,72,8.68507e-14,5.79043e-13,10000
GCR_H,min,6,17782.79410038923,4.0,0,73,1.3463e-13,5.38497e-13,10000
GCR_H,min,6,17782.79410038923,4.0,0,74,5.83676e-13,8.97963e-13,10000
GCR_H,min,6,17782.79410038923,4.0,0,75,3.14445e-13,8.98364e-13,10000
GCR_H,min,6,17782.79410038923,4.0,0,76,9.80486e-14,1.08955e-12,10000
GCR_H,min,6,17782.79410038923,4.0,0,77,8.13492e-14,1.47854e-12,10000
GCR_H,min,6,17782.79410038923,4.0,0,78,2.54128e-14,4.23546e-13,10000
GCR_H,min,6,17782.79410038923,4.0,0,79,4.84947e-14,5.10471e-13,10000
GCR_H,min,6,17782.79410038923,4.0,0,80,2.87159e-14,4.78599e-13,10000
GCR_H,min,6,17782.79410038923,4.0,0,81,1.8571e-14,4.64158e-13,10000
GCR_H,min,6,17782.79410038923,4.0,0,82,8.96606e-14,9.9634e-13,10000
GCR_H,min,6,17782.79410038923,4.0,0,83,2.39895e-14,6.85415e-13,10000
GCR_H,min,6,17782.79410038923,4.0,0,84,3.60895e-14,9.02013e-13,10000
GCR_H,min,6,17782.79410038923,4.0,0,85,5.85212e-14,7.80595e-13,10000
GCR_H,min,6,17782.79410038923,4.0,0,86,2.29566e-14,7.65729e-13,10000
GCR_H,min,6,17782.79410038923,4.0,0,87,6.26714e-14,1.89925e-13,10000
GCR_H,min,6,17782.79410038923,4.0,0,88,1.27472e-13,2.4994e-13,10000
GCR_H,min,6,17782.79410038923,4.0,0,89,8.66822e-14,8.09206e-13,10000
GCR_H,min,6,17782.79410038923,4.0,0,90,2.99058e-14,7.81852e-13,10000
GCR_H,min,6,17782.79410038923,4.0,0,91,8.48075e-15,1.1115e-12,10000
GCR_H,min,6,17782.79410038923,4.0,0,92,5.95882e-14,5.42106e-13,10000
GCR_H,min,6,17782.79410038923,4.0,0,93,2.08707e-14,5.31737e-13,10000
GCR_H,min,6,17782.79410038923,4.0,0,94,2.23083e-15,2.8346e-13,10000
GCR_H,min,6,17782.79410038923,4.0,0,95,1.61165e-12,8.95356e-13,10000
GCR_H,min,6,17782.79410038923,4.0,0,96,2.38092e-14,3.01344e-13,10000
GCR_H,min,6,17782.79410038923,4.0,0,97,3.25737e-13,6.8183e-13,10000
GCR_H,min,6,17782.79410038923,4.0,0,98,2.79194e-14,3.90263e-13,10000
GCR_H,min,6,17782.79410038923,4.0,0,99,9.12232e-13,1.5726e-12,10000
GCR_H,min,6,17782.79410038923,4.0,0,100,6.6473e-17,2.94128e-14,10000
GCR_H,min,6,17782.79410038923,4.0,0,101,8.7195e-16,1.36242e-13,10000
GCR_H,min,6,17782.79410038923,4.0,0,102,2.91785e-16,4.87935e-14,10000
GCR_H,min,6,17782.79410038923,4.0,0,103,7.40797e-14,7.09575e-13,10000
GCR_H,min,6,17782.79410038923,4.0,0,104,4.41318e-15,5.63625e-13,10000
GCR_H,min,6,17782.79410038923,4.0,0,105,4.11851e-15,3.71037e-13,10000
GCR_H,min,6,17782.79410038923,4.0,0,106,1.24325e-13,1.02089e-13,10000
GCR_H,min,6,17782.79410038923,4.0,0,107,1.28868e-11,8.58731e-13,10000
GCR_H,min,6,17782.79410038923,4.0,0,108,2.3233e-12,8.44675e-13,10000
GCR_H,min,6,17782.79410038923,4.0,0,109,5.31686e-12,5.30362e-13,10000
GCR_H,min,6,17782.79410038923,4.0,0,110,4.94597e-15,1.23618e-13,10000
GCR_H,min,6,17782.79410038923,4.0,0,111,0.0,0.0,10000
GCR_H,min,6,17782.79410038923,4.0,0,112,0.0,0.0,10000
GCR_H,min,6,17782.79410038923,4.0,0,113,2.2441e-13,1.60293e-12,10000
GCR_H,min,6,17782.79410038923,4.0,0,114,0.0,0.0,10000
GCR_H,min,6,17782.79410038923,4.0,0,115,1.90671e-14,1.12093e-12,10000
GCR_H,min,6,17782.79410038923,4.0,0,116,1.18168e-13,1.127e-13,10000
GCR_H,min,6,17782.79410038923,4.0,0,117,1.15741e-11,9.35652e-13,10000
GCR_H,min,6,17782.79410038923,4.0,0,118,1.3373e-12,8.13708e-13,10000
GCR_H,min,6,17782.79410038923,4.0,0,119,3.52609e-12,6.53407e-13,10000
GCR_H,min,6,17782.79410038923,4.0,0,120,5.03163e-15,1.18419e-13,10000
GCR_H,min,6,17782.79410038923,4.0,0,121,5.51533e-15,1.29803e-13,10000
GCR_H,min,6,17782.79410038923,4.0,0,122,2.81793e-14,9.67229e-14,10000
GCR_H,min,6,17782.79410038923,4.0,0,123,1.07572e-12,7.34174e-13,10000
GCR_H,min,6,17782.79410038923,4.0,0,124,3.61018e-13,5.64946e-13,10000
GCR_H,min,6,17782.79410038923,4.0,0,125,6.77256e-13,5.08286e-13,10000
GCR_H,min,6,17782.79410038923,4.0,0,126,1.50253e-14,4.10303e-13,10000
GCR_H,min,6,17782.79410038923,4.0,0,127,3.96277e-13,2.64202e-12,10000
GCR_H,min,6,17782.79410038923,4.0,0,128,2.04503e-15,4.08679e-14,10000
GCR_H,min,6,17782.79410038923,4.0,0,129,1.27145e-14,7.27375e-13,10000
GCR_H,min,6,17782.79410038923,4.0,0,130,9.41769e-15,5.37539e-13,10000
GCR_H,min,6,17782.79410038923,4.0,0,131,3.04806e-15,1.21971e-13,10000
GCR_H,min,6,17782.79410038923,4.0,0,132,2.98993e-15,1.49571e-13,10000
GCR_H,min,6,17782.79410038923,4.0,0,133,1.06675e-14,2.52306e-13,10000
GCR_H,min,6,17782.79410038923,4.0,0,134,1.59506e-16,5.29922e-14,10000
GCR_H,min,6,17782.79410038923,4.0,0,135,8.37648e-15,9.8431e-13,10000
GCR_H,min,6,17782.79410038923,4.0,0,136,4.1916e-15,5.59626e-13,10000
GCR_H,min,6,17782.79410038923,4.0,0,137,4.23305e-14,8.4644e-13,10000
GCR_H,min,6,17782.79410038923,4.0,0,138,1.28104e-13,6.40521e-13,10000
GCR_H,min,6,17782.79410038923,4.0,0,139,0.0,0.0,10000
GCR_H,min,6,17782.79410038923,4.0,0,140,1.69607e-14,8.48037e-11,10000
GCR_H,min,6,17782.79410038923,4.0,0,141,1.65221e-14,1.07078e-13,10000
GCR_H,min,7,56234.13251903491,2.0,0,0,4.61188e-09,0.0,10000
GCR_H,min,7,56234.13251903491,2.0,0,1,1.53847e-15,2.19781e-13,10000
GCR_H,min,7,56234.13251903491,2.0,0,2,3.26461e-15,4.66373e-13,10000
GCR_H,min,7,56234.13251903491,2.0,0,3,3.98997e-16,3.61738e-14,10000
GCR_H,min,7,56234.13251903491,2.0,0,4,1.74219e-15,6.13232e-14,10000
GCR_H,min,7,56234.13251903491,2.0,0,5,3.30129e-15,1.07429e-13,10000
GCR_H,min,7,56234.13251903491,2.0,0,6,1.02741e-15,2.01452e-13,10000
GCR_H,min,7,56234.13251903491,2.0,0,7,2.67297e-15,2.6703e-13,10000
GCR_H,min,7,56234.13251903491,2.0,0,8,1.33003e-14,2.00578e-13,10000
GCR_H,min,7,56234.13251903491,2.0,0,9,6.77984e-17,7.97628e-14,10000
GCR_H,min,7,56234.13251903491,2.0,0,10,3.41409e-13,1.2555e-12,10000
GCR_H,min,7,56234.13251903491,2.0,0,11,5.3834e-15,3.42455e-13,10000
GCR_H,min,7,56234.13251903491,2.0,0,12,6.36391e-14,7.66367e-13,10000
GCR_H,min,7,56234.13251903491,2.0,0,13,1.67221e-14,1.23629e-13,10000
GCR_H,min,7,56234.13251903491,2.0,0,14,3.01013e-14,1.62833e-13,10000
GCR_H,min,7,56234.13251903491,2.0,0,15,4.73505e-15,1.41429e-13,10000
GCR_H,min,7,56234.13251903491,2.0,0,16,2.35944e-14,1.84288e-13,10000
GCR_H,min,7,56234.13251903491,2.0,0,17,1.53171e-14,2.56438e-13,10000
GCR_H,min,7,56234.13251903491,2.0,0,18,1.10489e-14,2.97572e-13,10000
GCR_H,min,7,56234.13251903491,2.0,0,19,8.9551e-14,3.3069e-13,10000
GCR_H,min,7,56234.13251903491,2.0,0,20,1.00741e-13,5.53796e-13,10000
GCR_H,min,7,56234.13251903491,2.0,0,21,1.63237e-14,7.20057e-13,10000
GCR_H,min,7,56234.13251903491,2.0,0,22,1.00957e-13,5.61685e-13,10000
GCR_H,min,7,56234.13251903491,2.0,0,23,1.11396e-13,7.98024e-13,10000
GCR_H,min,7,56234.13251903491,2.0,0,24,4.52868e-15,9.47819e-14,10000
GCR_H,min,7,56234.13251903491,2.0,0,25,6.75266e-15,1.27265e-13,10000
GCR_H,min,7,56234.13251903491,2.0,0,26,4.27129e-14,7.58868e-14,10000
GCR_H,min,7,56234.13251903491,2.0,0,27,6.37343e-14,1.41299e-13,10000
GCR_H,min,7,56234.13251903491,2.0,0,28,3.76463e-13,1.43864e-12,10000
GCR_H,min,7,56234.13251903491,2.0,0,29,1.38203e-12,2.92772e-12,10000
GCR_H,min,7,56234.13251903491,2.0,0,30,4.69648e-14,1.82175e-12,10000
GCR_H,min,7,56234.13251903491,2.0,0,31,1.74922e-13,5.94791e-13,10000
GCR_H,min,7,56234.13251903491,2.0,0,32,2.05971e-13,4.69642e-13,10000
GCR_H,min,7,56234.13251903491,2.0,0,33,8.80734e-14,1.0888e-12,10000
GCR_H,min,7,56234.13251903491,2.0,0,34,7.62151e-14,1.43437e-13,10000
GCR_H,min,7,56234.13251903491,2.0,0,35,1.65669e-13,2.27137e-13,10000
GCR_H,min,7,56234.13251903491,2.0,0,36,3.44712e-14,4.38174e-13,10000
GCR_H,min,7,56234.13251903491,2.0,0,37,1.22889e-14,5.28419e-14,10000
GCR_H,min,7,56234.13251903491,2.0,0,38,4.50476e-14,8.87148e-14,10000
GCR_H,min,7,56234.13251903491,2.0,0,39,3.80413e-15,4.99754e-14,10000
GCR_H,min,7,56234.13251903491,2.0,0,40,7.92853e-15,1.07287e-13,10000
GCR_H,min,7,56234.13251903491,2.0,0,41,9.61277e-13,2.41151e-12,10000
GCR_H,min,7,56234.13251903491,2.0,0,42,2.76782e-12,4.06327e-12,10000
GCR_H,min,7,56234.13251903491,2.0,0,43,5.20793e-14,1.4262e-13,10000
GCR_H,min,7,56234.13251903491,2.0,0,44,1.43247e-13,2.75443e-13,10000
GCR_H,min,7,56234.13251903491,2.0,0,45,2.5041e-14,1.13241e-13,10000
GCR_H,min,7,56234.13251903491,2.0,0,46,2.68929e-14,1.39914e-13,10000
GCR_H,min,7,56234.13251903491,2.0,0,47,8.46774e-15,8.2275e-14,10000
GCR_H,min,7,56234.13251903491,2.0,0,48,1.06202e-14,1.44394e-13,10000
GCR_H,min,7,56234.13251903491,2.0,0,49,4.93751e-14,1.72291e-13,10000
GCR_H,min,7,56234.13251903491,2.0,0,50,8.06233e-14,2.40423e-13,10000
GCR_H,min,7,56234.13251903491,2.0,0,51,1.09061e-13,5.8575e-13,10000
GCR_H,min,7,56234.13251903491,2.0,0,52,3.25362e-13,1.07711e-12,10000
GCR_H,min,7,56234.13251903491,2.0,0,53,1.22291e-13,1.11957e-12,10000
GCR_H,min,7,56234.13251903491,2.0,0,54,4.16552e-13,2.40074e-12,10000
GCR_H,min,7,56234.13251903491,2.0,0,55,1.47785e-15,1.49429e-13,10000
GCR_H,min,7,56234.13251903491,2.0,0,56,8.89231e-15,1.57917e-13,10000
GCR_H,min,7,56234.13251903491,2.0,0,57,1.20434e-15,7.54602e-14,10000
GCR_H,min,7,56234.13251903491,2.0,0,58,2.02175e-13,2.28008e-12,10000
GCR_H,min,7,56234.13251903491,2.0,0,59,5.56632e-15,9.41848e-13,10000
GCR_H,min,7,56234.13251903491,2.0,0,60,5.84364e-15,1.68259e-13,10000
GCR_H,min,7,56234.13251903491,2.0,0,61,2.31202e-13,1.5945e-13,10000
GCR_H,min,7,56234.13251903491,2.0,0,62,2.11317e-15,2.81756e-13,10000
GCR_H,min,7,56234.13251903491,2.0,0,63,5.86517e-16,1.17538e-13,10000
GCR_H,min,7,56234.13251903491,2.0,0,64,1.65337e-15,2.20449e-13,10000
GCR_H,min,7,56234.13251903491,2.0,0,65,1.68631e-15,3.37939e-13,10000
GCR_H,min,7,56234.13251903491,2.0,0,66,0.0,0.0,10000
GCR_H,min,7,56234.13251903491,2.0,0,67,4.29317e-16,5.88912e-14,10000
GCR_H,min,7,56234.13251903491,2.0,0,68,3.83595e-18,2.01892e-14,10000
GCR_H,min,7,56234.13251903491,2.0,0,69,1.50008e-15,2.04649e-13,10000
GCR_H,min,7,56234.13251903491,2.0,0,70,6.46105e-15,4.64156e-13,10000
GCR_H,min,7,56234.13251903491,2.0,0,71,2.23467e-14,4.13215e-13,10000
GCR_H,min,7,56234.13251903491,2.0,0,72,6.78422e-14,4.52311e-13,10000
GCR_H,min,7,56234.13251903491,2.0,0,73,1.03069e-13,4.12261e-13,10000
GCR_H,min,7,56234.13251903491,2.0,0,74,1.16153e-12,1.78697e-12,10000
GCR_H,min,7,56234.13251903491,2.0,0,75,3.48077e-13,9.94449e-13,10000
GCR_H,min,7,56234.13251903491,2.0,0,76,9.05229e-14,1.00592e-12,10000
GCR_H,min,7,56234.13251903491,2.0,0,77,6.23293e-14,1.13285e-12,10000
GCR_H,min,7,56234.13251903491,2.0,0,78,4.21448e-14,7.02413e-13,10000
GCR_H,min,7,56234.13251903491,2.0,0,79,5.7413e-14,6.04347e-13,10000
GCR_H,min,7,56234.13251903491,2.0,0,80,4.67199e-14,7.78665e-13,10000
GCR_H,min,7,56234.13251903491,2.0,0,81,4.4831e-14,1.12049e-12,10000
GCR_H,min,7,56234.13251903491,2.0,0,82,6.78197e-14,7.53636e-13,10000
GCR_H,min,7,56234.13251903491,2.0,0,83,1.98472e-14,5.67062e-13,10000
GCR_H,min,7,56234.13251903491,2.0,0,84,1.93999e-13,4.84875e-12,10000
GCR_H,min,7,56234.13251903491,2.0,0,85,3.19046e-13,4.25564e-12,10000
GCR_H,min,7,56234.13251903491,2.0,0,86,4.02098e-13,1.34122e-11,10000
GCR_H,min,7,56234.13251903491,2.0,0,87,7.10865e-14,2.15427e-13,10000
GCR_H,min,7,56234.13251903491,2.0,0,88,1.21512e-13,2.38255e-13,10000
GCR_H,min,7,56234.13251903491,2.0,0,89,4.11347e-14,3.84006e-13,10000
GCR_H,min,7,56234.13251903491,2.0,0,90,1.78277e-14,4.66083e-13,10000
GCR_H,min,7,56234.13251903491,2.0,0,91,6.06606e-15,7.95028e-13,10000
GCR_H,min,7,56234.13251903491,2.0,0,92,5.25631e-14,4.78194e-13,10000
GCR_H,min,7,56234.13251903491,2.0,0,93,1.3395e-14,3.41275e-13,10000
GCR_H,min,7,56234.13251903491,2.0,0,94,6.77329e-16,8.60647e-14,10000
GCR_H,min,7,56234.13251903491,2.0,0,95,7.3862e-13,4.10342e-13,10000
GCR_H,min,7,56234.13251903491,2.0,0,96,1.46927e-14,1.8596e-13,10000
GCR_H,min,7,56234.13251903491,2.0,0,97,3.29762e-13,6.90254e-13,10000
GCR_H,min,7,56234.13251903491,2.0,0,98,2.00435e-14,2.80171e-13,10000
GCR_H,min,7,56234.13251903491,2.0,0,99,4.2633e-13,7.3495e-13,10000
GCR_H,min,7,56234.13251903491,2.0,0,100,4.93298e-17,2.18273e-14,10000
GCR_H,min,7,56234.13251903491,2.0,0,101,2.382e-15,3.72187e-13,10000
GCR_H,min,7,56234.13251903491,2.0,0,102,1.30059e-15,2.1749e-13,10000
GCR_H,min,7,56234.13251903491,2.0,0,103,2.51816e-13,2.41203e-12,10000
GCR_H,min,7,56234.13251903491,2.0,0,104,3.15796e-15,4.03315e-13,10000
GCR_H,min,7,56234.13251903491,2.0,0,105,2.56623e-14,2.31192e-12,10000
GCR_H,min,7,56234.13251903491,2.0,0,106,2.23319e-13,1.83377e-13,10000
GCR_H,min,7,56234.13251903491,2.0,0,107,3.54247e-11,2.36057e-12,10000
GCR_H,min,7,56234.13251903491,2.0,0,108,1.46187e-12,5.31487e-13,10000
GCR_H,min,7,56234.13251903491,2.0,0,109,1.17065e-11,1.16773e-12,10000
GCR_H,min,7,56234.13251903491,2.0,0,110,1.62351e-14,4.05775e-13,10000
GCR_H,min,7,56234.13251903491,2.0,0,111,0.0,0.0,10000
GCR_H,min,7,56234.13251903491,2.0,0,112,0.0,0.0,10000
GCR_H,min,7,56234.13251903491,2.0,0,113,6.53289e-14,4.66635e-13,10000
GCR_H,min,7,56234.13251903491,2.0,0,114,0.0,0.0,10000
GCR_H,min,7,56234.13251903491,2.0,0,115,2.30798e-13,1.35684e-11,10000
GCR_H,min,7,56234.13251903491,2.0,0,116,1.69776e-13,1.61921e-13,10000
GCR_H,min,7,56234.13251903491,2.0,0,117,3.17105e-11,2.56349e-12,10000
GCR_H,min,7,56234.13251903491,2.0,0,118,1.00975e-12,6.14401e-13,10000
GCR_H,min,7,56234.13251903491,2.0,0,119,7.356e-12,1.36311e-12,10000
GCR_H,min,7,56234.13251903491,2.0,0,120,9.53206e-15,2.24336e-13,10000
GCR_H,min,7,56234.13251903491,2.0,0,121,1.35396e-14,3.18654e-13,10000
GCR_H,min,7,56234.13251903491,2.0,0,122,3.60013e-14,1.23571e-13,10000
GCR_H,min,7,56234.13251903491,2.0,0,123,2.36188e-12,1.61197e-12,10000
GCR_H,min,7,56234.13251903491,2.0,0,124,3.79762e-13,5.94278e-13,10000
GCR_H,min,7,56234.13251903491,2.0,0,125,9.77329e-13,7.33494e-13,10000
GCR_H,min,7,56234.13251903491,2.0,0,126,1.65322e-14,4.51453e-13,10000
GCR_H,min,7,56234.13251903491,2.0,0,127,3.78868e-14,2.52596e-13,10000
GCR_H,min,7,56234.13251903491,2.0,0,128,2.26332e-15,4.52301e-14,10000
GCR_H,min,7,56234.13251903491,2.0,0,129,8.81797e-14,5.0446e-12,10000
GCR_H,min,7,56234.13251903491,2.0,0,130,9.58185e-14,5.46909e-12,10000
GCR_H,min,7,56234.13251903491,2.0,0,131,8.63353e-15,3.4548e-13,10000
GCR_H,min,7,56234.13251903491,2.0,0,132,2.43744e-15,1.21933e-13,10000
GCR_H,min,7,56234.13251903491,2.0,0,133,3.11704e-15,7.37238e-14,10000
GCR_H,min,7,56234.13251903491,2.0,0,134,4.11304e-16,1.36646e-13,10000
GCR_H,min,7,56234.13251903491,2.0,0,135,1.63571e-14,1.92211e-12,10000
GCR_H,min,7,56234.13251903491,2.0,0,136,1.9242e-14,2.56902e-12,10000
GCR_H,min,7,56234.13251903491,2.0,0,137,5.79183e-13,1.15813e-11,10000
GCR_H,min,7,56234.13251903491,2.0,0,138,1.92406e-12,9.62032e-12,10000
GCR_H,min,7,56234.13251903491,2.0,0,139,0.0,0.0,10000
GCR_H,min,7,56234.13251903491,2.0,0,140,2.18484e-14,1.09242e-10,10000
GCR_H,min,7,56234.13251903491,2.0,0,141,1.45703e-14,9.44284e-14,10000
GCR_H,min,7,56234.13251903491,3.0,0,0,1.08673e-10,0.0,10000
GCR_H,min,7,56234.13251903491,3.0,0,1,7.4843e-15,1.06919e-12,10000
GCR_H,min,7,56234.13251903491,3.0,0,2,2.94715e-15,4.21022e-13,10000
GCR_H,min,7,56234.13251903491,3.0,0,3,2.32703e-15,2.10973e-13,10000
GCR_H,min,7,56234.13251903491,3.0,0,4,3.47798e-15,1.22421e-13,10000
GCR_H,min,7,56234.13251903491,3.0,0,5,4.2536e-15,1.38419e-13,10000
GCR_H,min,7,56234.13251903491,3.0,0,6,1.36122e-15,2.66906e-13,10000
GCR_H,min,7,56234.13251903491,3.0,0,7,1.71139e-15,1.70968e-13,10000
GCR_H,min,7,56234.13251903491,3.0,0,8,1.73149e-14,2.6112e-13,10000
GCR_H,min,7,56234.13251903491,3.0,0,9,0.0,0.0,10000
GCR_H,min,7,56234.13251903491,3.0,0,10,2.86786e-13,1.05463e-12,10000
GCR_H,min,7,56234.13251903491,3.0,0,11,9.10141e-15,5.7897e-13,10000
GCR_H,min,7,56234.13251903491,3.0,0,12,6.15328e-14,7.41002e-13,10000
GCR_H,min,7,56234.13251903491,3.0,0,13,1.30542e-14,9.65118e-14,10000
GCR_H,min,7,56234.13251903491,3.0,0,14,1.57525e-14,8.52133e-14,10000
GCR_H,min,7,56234.13251903491,3.0,0,15,6.88164e-15,2.05545e-13,10000
GCR_H,min,7,56234.13251903491,3.0,0,16,2.07239e-14,1.61867e-13,10000
GCR_H,min,7,56234.13251903491,3.0,0,17,1.70263e-14,2.85055e-13,10000
GCR_H,min,7,56234.13251903491,3.0,0,18,9.33314e-15,2.51364e-13,10000
GCR_H,min,7,56234.13251903491,3.0,0,19,8.81511e-14,3.25521e-13,10000
GCR_H,min,7,56234.13251903491,3.0,0,20,8.6238e-14,4.7407e-13,10000
GCR_H,min,7,56234.13251903491,3.0,0,21,1.69976e-14,7.49786e-13,10000
GCR_H,min,7,56234.13251903491,3.0,0,22,8.77645e-14,4.88286e-13,10000
GCR_H,min,7,56234.13251903491,3.0,0,23,1.15095e-13,8.24522e-13,10000
GCR_H,min,7,56234.13251903491,3.0,0,24,3.7455e-15,7.83906e-14,10000
GCR_H,min,7,56234.13251903491,3.0,0,25,8.59827e-15,1.62048e-13,10000
GCR_H,min,7,56234.13251903491,3.0,0,26,4.31541e-14,7.66706e-14,10000
GCR_H,min,7,56234.13251903491,3.0,0,27,6.04974e-14,1.34123e-13,10000
GCR_H,min,7,56234.13251903491,3.0,0,28,3.56976e-13,1.36417e-12,10000
GCR_H,min,7,56234.13251903491,3.0,0,29,1.32764e-12,2.8125e-12,10000
GCR_H,min,7,56234.13251903491,3.0,0,30,4.84517e-14,1.87943e-12,10000
GCR_H,min,7,56234.13251903491,3.0,0,31,1.22243e-13,4.15666e-13,10000
GCR_H,min,7,56234.13251903491,3.0,0,32,1.98426e-13,4.52438e-13,10000
GCR_H,min,7,56234.13251903491,3.0,0,33,7.08574e-14,8.75972e-13,10000
GCR_H,min,7,56234.13251903491,3.0,0,34,4.17226e-14,7.85218e-14,10000
GCR_H,min,7,56234.13251903491,3.0,0,35,1.26115e-13,1.72908e-13,10000
GCR_H,min,7,56234.13251903491,3.0,0,36,8.71456e-15,1.10774e-13,10000
GCR_H,min,7,56234.13251903491,3.0,0,37,1.81547e-14,7.80645e-14,10000
GCR_H,min,7,56234.13251903491,3.0,0,38,4.97724e-14,9.80196e-14,10000
GCR_H,min,7,56234.13251903491,3.0,0,39,8.77283e-15,1.1525e-13,10000
GCR_H,min,7,56234.13251903491,3.0,0,40,1.06756e-14,1.44459e-13,10000
GCR_H,min,7,56234.13251903491,3.0,0,41,9.5525e-13,2.39639e-12,10000
GCR_H,min,7,56234.13251903491,3.0,0,42,2.75224e-12,4.04041e-12,10000
GCR_H,min,7,56234.13251903491,3.0,0,43,7.7167e-14,2.11324e-13,10000
GCR_H,min,7,56234.13251903491,3.0,0,44,4.22994e-13,8.13355e-13,10000
GCR_H,min,7,56234.13251903491,3.0,0,45,2.01005e-14,9.08992e-14,10000
GCR_H,min,7,56234.13251903491,3.0,0,46,2.57128e-14,1.33775e-13,10000
GCR_H,min,7,56234.13251903491,3.0,0,47,1.29998e-14,1.2631e-13,10000
GCR_H,min,7,56234.13251903491,3.0,0,48,1.61668e-14,2.19807e-13,10000
GCR_H,min,7,56234.13251903491,3.0,0,49,4.42773e-14,1.54502e-13,10000
GCR_H,min,7,56234.13251903491,3.0,0,50,1.19345e-13,3.55892e-13,10000
GCR_H,min,7,56234.13251903491,3.0,0,51,1.06832e-13,5.73777e-13,10000
GCR_H,min,7,56234.13251903491,3.0,0,52,2.94529e-13,9.75037e-13,10000
GCR_H,min,7,56234.13251903491,3.0,0,53,1.38864e-13,1.2713e-12,10000
GCR_H,min,7,56234.13251903491,3.0,0,54,4.00073e-13,2.30576e-12,10000
GCR_H,min,7,56234.13251903491,3.0,0,55,7.91225e-16,8.00025e-14,10000
GCR_H,min,7,56234.13251903491,3.0,0,56,1.07225e-14,1.90418e-13,10000
GCR_H,min,7,56234.13251903491,3.0,0,57,2.09997e-15,1.31577e-13,10000
GCR_H,min,7,56234.13251903491,3.0,0,58,1.85007e-13,2.08647e-12,10000
GCR_H,min,7,56234.13251903491,3.0,0,59,5.42693e-15,9.18262e-13,10000
GCR_H,min,7,56234.13251903491,3.0,0,60,1.1257e-14,3.2413e-13,10000
GCR_H,min,7,56234.13251903491,3.0,0,61,2.15645e-13,1.48721e-13,10000
GCR_H,min,7,56234.13251903491,3.0,0,62,5.89365e-15,7.8582e-13,10000
GCR_H,min,7,56234.13251903491,3.0,0,63,6.11551e-16,1.22555e-13,10000
GCR_H,min,7,56234.13251903491,3.0,0,64,1.45569e-15,1.94091e-13,10000
GCR_H,min,7,56234.13251903491,3.0,0,65,1.21343e-15,2.43172e-13,10000
GCR_H,min,7,56234.13251903491,3.0,0,66,0.0,0.0,10000
GCR_H,min,7,56234.13251903491,3.0,0,67,3.3591e-15,4.60782e-13,10000
GCR_H,min,7,56234.13251903491,3.0,0,68,0.0,0.0,10000
GCR_H,min,7,56234.13251903491,3.0,0,69,5.85621e-16,7.98938e-14,10000
GCR_H,min,7,56234.13251903491,3.0,0,70,5.77991e-15,4.15223e-13,10000
GCR_H,min,7,56234.13251903491,3.0,0,71,2.05665e-14,3.80297e-13,10000
GCR_H,min,7,56234.13251903491,3.0,0,72,5.54743e-14,3.69854e-13,10000
GCR_H,min,7,56234.13251903491,3.0,0,73,9.06867e-14,3.62732e-13,10000
GCR_H,min,7,56234.13251903491,3.0,0,74,1.45926e-12,2.24501e-12,10000
GCR_H,min,7,56234.13251903491,3.0,0,75,4.41407e-13,1.26109e-12,10000
GCR_H,min,7,56234.13251903491,3.0,0,76,9.74716e-14,1.08314e-12,10000
GCR_H,min,7,56234.13251903491,3.0,0,77,5.24506e-14,9.533e-13,10000
GCR_H,min,7,56234.13251903491,3.0,0,78,3.23239e-14,5.38732e-13,10000
GCR_H,min,7,56234.13251903491,3.0,0,79,6.11555e-14,6.43743e-13,10000
GCR_H,min,7,56234.13251903491,3.0,0,80,4.00535e-14,6.67558e-13,10000
GCR_H,min,7,56234.13251903491,3.0,0,81,2.18044e-14,5.44974e-13,10000
GCR_H,min,7,56234.13251903491,3.0,0,82,4.91397e-14,5.46057e-13,10000
GCR_H,min,7,56234.13251903491,3.0,0,83,1.16055e-14,3.31585e-13,10000
GCR_H,min,7,56234.13251903491,3.0,0,84,1.73516e-13,4.33682e-12,10000
GCR_H,min,7,56234.13251903491,3.0,0,85,3.03113e-13,4.04312e-12,10000
GCR_H,min,7,56234.13251903491,3.0,0,86,4.12275e-13,1.37517e-11,10000
GCR_H,min,7,56234.13251903491,3.0,0,87,9.59864e-14,2.90885e-13,10000
GCR_H,min,7,56234.13251903491,3.0,0,88,1.49847e-13,2.93811e-13,10000
GCR_H,min,7,56234.13251903491,3.0,0,89,1.61496e-13,1.50762e-12,10000
GCR_H,min,7,56234.13251903491,3.0,0,90,1.74368e-14,4.55864e-13,10000
GCR_H,min,7,56234.13251903491,3.0,0,91,2.77415e-15,3.63585e-13,10000
GCR_H,min,7,56234.13251903491,3.0,0,92,4.28235e-14,3.89588e-13,10000
GCR_H,min,7,56234.13251903491,3.0,0,93,1.76759e-14,4.50341e-13,10000
GCR_H,min,7,56234.13251903491,3.0,0,94,2.05656e-15,2.61316e-13,10000
GCR_H,min,7,56234.13251903491,3.0,0,95,7.09751e-13,3.94304e-13,10000
GCR_H,min,7,56234.13251903491,3.0,0,96,2.26131e-14,2.86206e-13,10000
GCR_H,min,7,56234.13251903491,3.0,0,97,3.39249e-13,7.10112e-13,10000
GCR_H,min,7,56234.13251903491,3.0,0,98,1.35402e-14,1.89267e-13,10000
GCR_H,min,7,56234.13251903491,3.0,0,99,8.17589e-13,1.40944e-12,10000
GCR_H,min,7,56234.13251903491,3.0,0,100,1.23998e-16,5.48662e-14,10000
GCR_H,min,7,56234.13251903491,3.0,0,101,3.22158e-16,5.03371e-14,10000
GCR_H,min,7,56234.13251903491,3.0,0,102,1.28617e-15,2.15079e-13,10000
GCR_H,min,7,56234.13251903491,3.0,0,103,2.832e-13,2.71264e-12,10000
GCR_H,min,7,56234.13251903491,3.0,0,104,4.54029e-15,5.79858e-13,10000
GCR_H,min,7,56234.13251903491,3.0,0,105,2.14541e-14,1.9328e-12,10000
GCR_H,min,7,56234.13251903491,3.0,0,106,2.1515e-13,1.76669e-13,10000
GCR_H,min,7,56234.13251903491,3.0,0,107,3.33557e-11,2.2227e-12,10000
GCR_H,min,7,56234.13251903491,3.0,0,108,1.55291e-12,5.64587e-13,10000
GCR_H,min,7,56234.13251903491,3.0,0,109,1.10682e-11,1.10407e-12,10000
GCR_H,min,7,56234.13251903491,3.0,0,110,1.17117e-14,2.92721e-13,10000
GCR_H,min,7,56234.13251903491,3.0,0,111,0.0,0.0,10000
GCR_H,min,7,56234.13251903491,3.0,0,112,0.0,0.0,10000
GCR_H,min,7,56234.13251903491,3.0,0,113,7.66412e-14,5.47437e-13,10000
GCR_H,min,7,56234.13251903491,3.0,0,114,1.30024e-16,2.16707e-13,10000
GCR_H,min,7,56234.13251903491,3.0,0,115,1.49584e-13,8.79389e-12,10000
GCR_H,min,7,56234.13251903491,3.0,0,116,5.10607e-13,4.86983e-13,10000
GCR_H,min,7,56234.13251903491,3.0,0,117,3.32558e-11,2.68841e-12,10000
GCR_H,min,7,56234.13251903491,3.0,0,118,1.06919e-12,6.50568e-13,10000
GCR_H,min,7,56234.13251903491,3.0,0,119,7.23923e-12,1.34147e-12,10000
GCR_H,min,7,56234.13251903491,3.0,0,120,5.66035e-15,1.33216e-13,10000
GCR_H,min,7,56234.13251903491,3.0,0,121,6.24874e-15,1.47064e-13,10000
GCR_H,min,7,56234.13251903491,3.0,0,122,4.67045e-13,1.60309e-12,10000
GCR_H,min,7,56234.13251903491,3.0,0,123,2.26543e-12,1.54615e-12,10000
GCR_H,min,7,56234.13251903491,3.0,0,124,3.91451e-13,6.12571e-13,10000
GCR_H,min,7,56234.13251903491,3.0,0,125,1.15034e-12,8.63336e-13,10000
GCR_H,min,7,56234.13251903491,3.0,0,126,1.73763e-14,4.74503e-13,10000
GCR_H,min,7,56234.13251903491,3.0,0,127,4.2793e-14,2.85306e-13,10000
GCR_H,min,7,56234.13251903491,3.0,0,128,4.75154e-15,9.49549e-14,10000
GCR_H,min,7,56234.13251903491,3.0,0,129,9.98313e-14,5.71117e-12,10000
GCR_H,min,7,56234.13251903491,3.0,0,130,9.92419e-14,5.66449e-12,10000
GCR_H,min,7,56234.13251903491,3.0,0,131,1.30701e-14,5.23011e-13,10000
GCR_H,min,7,56234.13251903491,3.0,0,132,4.76019e-15,2.38128e-13,10000
GCR_H,min,7,56234.13251903491,3.0,0,133,5.91873e-15,1.39989e-13,10000
GCR_H,min,7,56234.13251903491,3.0,0,134,2.17252e-16,7.21768e-14,10000
GCR_H,min,7,56234.13251903491,3.0,0,135,2.03937e-14,2.39644e-12,10000
GCR_H,min,7,56234.13251903491,3.0,0,136,1.66614e-14,2.22448e-12,10000
GCR_H,min,7,56234.13251903491,3.0,0,137,6.08919e-13,1.2176e-11,10000
GCR_H,min,7,56234.13251903491,3.0,0,138,2.32161e-12,1.1608e-11,10000
GCR_H,min,7,56234.13251903491,3.0,0,139,0.0,0.0,10000
GCR_H,min,7,56234.13251903491,3.0,0,140,2.00135e-14,1.00068e-10,10000
GCR_H,min,7,56234.13251903491,3.0,0,141,1.26686e-14,8.21037e-14,10000
GCR_H,min,7,56234.13251903491,4.0,0,0,1.84698e-10,0.0,10000
GCR_H,min,7,56234.13251903491,4.0,0,1,4.95257e-15,7.0751e-13,10000
GCR_H,min,7,56234.13251903491,4.0,0,2,1.53517e-15,2.1931e-13,10000
GCR_H,min,7,56234.13251903491,4.0,0,3,1.28728e-15,1.16707e-13,10000
GCR_H,min,7,56234.13251903491,4.0,0,4,5.24272e-15,1.84538e-13,10000
GCR_H,min,7,56234.13251903491,4.0,0,5,3.64405e-15,1.18583e-13,10000
GCR_H,min,7,56234.13251903491,4.0,0,6,1.61247e-17,3.1617e-15,10000
GCR_H,min,7,56234.13251903491,4.0,0,7,8.37005e-16,8.36169e-14,10000
GCR_H,min,7,56234.13251903491,4.0,0,8,2.22402e-14,3.35398e-13,10000
GCR_H,min,7,56234.13251903491,4.0,0,9,0.0,0.0,10000
GCR_H,min,7,56234.13251903491,4.0,0,10,3.23194e-13,1.18852e-12,10000
GCR_H,min,7,56234.13251903491,4.0,0,11,6.72014e-15,4.2749e-13,10000
GCR_H,min,7,56234.13251903491,4.0,0,12,4.65413e-14,5.60469e-13,10000
GCR_H,min,7,56234.13251903491,4.0,0,13,1.84288e-14,1.36247e-13,10000
GCR_H,min,7,56234.13251903491,4.0,0,14,2.33949e-14,1.26555e-13,10000
GCR_H,min,7,56234.13251903491,4.0,0,15,1.50097e-14,4.48319e-13,10000
GCR_H,min,7,56234.13251903491,4.0,0,16,1.39341e-14,1.08835e-13,10000
GCR_H,min,7,56234.13251903491,4.0,0,17,1.47657e-14,2.47208e-13,10000
GCR_H,min,7,56234.13251903491,4.0,0,18,1.48663e-14,4.00386e-13,10000
GCR_H,min,7,56234.13251903491,4.0,0,19,9.99714e-14,3.6917e-13,10000
GCR_H,min,7,56234.13251903491,4.0,0,20,8.49989e-14,4.67258e-13,10000
GCR_H,min,7,56234.13251903491,4.0,0,21,1.63706e-14,7.22127e-13,10000
GCR_H,min,7,56234.13251903491,4.0,0,22,1.06479e-13,5.92404e-13,10000
GCR_H,min,7,56234.13251903491,4.0,0,23,1.36377e-13,9.76983e-13,10000
GCR_H,min,7,56234.13251903491,4.0,0,24,3.99316e-15,8.35738e-14,10000
GCR_H,min,7,56234.13251903491,4.0,0,25,8.00404e-15,1.50849e-13,10000
GCR_H,min,7,56234.13251903491,4.0,0,26,5.47326e-14,9.72419e-14,10000
GCR_H,min,7,56234.13251903491,4.0,0,27,1.19818e-13,2.65637e-13,10000
GCR_H,min,7,56234.13251903491,4.0,0,28,3.81151e-13,1.45656e-12,10000
GCR_H,min,7,56234.13251903491,4.0,0,29,1.44908e-12,3.06976e-12,10000
GCR_H,min,7,56234.13251903491,4.0,0,30,3.65388e-14,1.41733e-12,10000
GCR_H,min,7,56234.13251903491,4.0,0,31,1.33085e-13,4.52532e-13,10000
GCR_H,min,7,56234.13251903491,4.0,0,32,2.20334e-13,5.02392e-13,10000
GCR_H,min,7,56234.13251903491,4.0,0,33,8.59945e-14,1.0631e-12,10000
GCR_H,min,7,56234.13251903491,4.0,0,34,4.89491e-14,9.21222e-14,10000
GCR_H,min,7,56234.13251903491,4.0,0,35,1.68223e-13,2.30638e-13,10000
GCR_H,min,7,56234.13251903491,4.0,0,36,9.28642e-15,1.18043e-13,10000
GCR_H,min,7,56234.13251903491,4.0,0,37,1.60823e-14,6.91533e-14,10000
GCR_H,min,7,56234.13251903491,4.0,0,38,5.52293e-14,1.08766e-13,10000
GCR_H,min,7,56234.13251903491,4.0,0,39,4.23849e-15,5.56817e-14,10000
GCR_H,min,7,56234.13251903491,4.0,0,40,4.89914e-15,6.62942e-14,10000
GCR_H,min,7,56234.13251903491,4.0,0,41,9.39694e-13,2.35737e-12,10000
GCR_H,min,7,56234.13251903491,4.0,0,42,2.86348e-12,4.20371e-12,10000
GCR_H,min,7,56234.13251903491,4.0,0,43,6.05868e-14,1.65919e-13,10000
GCR_H,min,7,56234.13251903491,4.0,0,44,1.92629e-13,3.70398e-13,10000
GCR_H,min,7,56234.13251903491,4.0,0,45,1.82745e-14,8.26415e-14,10000
GCR_H,min,7,56234.13251903491,4.0,0,46,4.66353e-14,2.42627e-13,10000
GCR_H,min,7,56234.13251903491,4.0,0,47,6.19736e-14,6.02153e-13,10000
GCR_H,min,7,56234.13251903491,4.0,0,48,1.3704e-14,1.86322e-13,10000
GCR_H,min,7,56234.13251903491,4.0,0,49,7.08834e-14,2.47343e-13,10000
GCR_H,min,7,56234.13251903491,4.0,0,50,1.09208e-13,3.25664e-13,10000
GCR_H,min,7,56234.13251903491,4.0,0,51,9.92396e-14,5.33002e-13,10000
GCR_H,min,7,56234.13251903491,4.0,0,52,3.12272e-13,1.03377e-12,10000
GCR_H,min,7,56234.13251903491,4.0,0,53,1.38486e-13,1.26784e-12,10000
GCR_H,min,7,56234.13251903491,4.0,0,54,4.17717e-13,2.40745e-12,10000
GCR_H,min,7,56234.13251903491,4.0,0,55,1.05244e-15,1.06414e-13,10000
GCR_H,min,7,56234.13251903491,4.0,0,56,9.74665e-15,1.73089e-13,10000
GCR_H,min,7,56234.13251903491,4.0,0,57,2.49572e-15,1.56373e-13,10000
GCR_H,min,7,56234.13251903491,4.0,0,58,2.02419e-13,2.28283e-12,10000
GCR_H,min,7,56234.13251903491,4.0,0,59,6.25871e-15,1.059e-12,10000
GCR_H,min,7,56234.13251903491,4.0,0,60,7.82502e-15,2.2531e-13,10000
GCR_H,min,7,56234.13251903491,4.0,0,61,4.24357e-13,2.9266e-13,10000
GCR_H,min,7,56234.13251903491,4.0,0,62,9.0409e-16,1.20545e-13,10000
GCR_H,min,7,56234.13251903491,4.0,0,63,5.94277e-16,1.19094e-13,10000
GCR_H,min,7,56234.13251903491,4.0,0,64,6.19412e-16,8.25883e-14,10000
GCR_H,min,7,56234.13251903491,4.0,0,65,5.10459e-16,1.02296e-13,10000
GCR_H,min,7,56234.13251903491,4.0,0,66,0.0,0.0,10000
GCR_H,min,7,56234.13251903491,4.0,0,67,0.0,0.0,10000
GCR_H,min,7,56234.13251903491,4.0,0,68,0.0,0.0,10000
GCR_H,min,7,56234.13251903491,4.0,0,69,8.98629e-16,1.22596e-13,10000
GCR_H,min,7,56234.13251903491,4.0,0,70,8.51872e-15,6.11977e-13,10000
GCR_H,min,7,56234.13251903491,4.0,0,71,1.73663e-14,3.21122e-13,10000
GCR_H,min,7,56234.13251903491,4.0,0,72,7.86778e-14,5.24554e-13,10000
GCR_H,min,7,56234.13251903491,4.0,0,73,1.07466e-13,4.29846e-13,10000
GCR_H,min,7,56234.13251903491,4.0,0,74,1.18689e-12,1.82598e-12,10000
GCR_H,min,7,56234.13251903491,4.0,0,75,4.9655e-13,1.41863e-12,10000
GCR_H,min,7,56234.13251903491,4.0,0,76,1.00921e-13,1.12146e-12,10000
GCR_H,min,7,56234.13251903491,4.0,0,77,9.25567e-14,1.68224e-12,10000
GCR_H,min,7,56234.13251903491,4.0,0,78,2.24562e-14,3.7427e-13,10000
GCR_H,min,7,56234.13251903491,4.0,0,79,4.08859e-14,4.30378e-13,10000
GCR_H,min,7,56234.13251903491,4.0,0,80,2.95789e-14,4.92982e-13,10000
GCR_H,min,7,56234.13251903491,4.0,0,81,1.74265e-14,4.35555e-13,10000
GCR_H,min,7,56234.13251903491,4.0,0,82,1.08389e-13,1.20446e-12,10000
GCR_H,min,7,56234.13251903491,4.0,0,83,5.90001e-14,1.68572e-12,10000
GCR_H,min,7,56234.13251903491,4.0,0,84,1.82436e-13,4.55975e-12,10000
GCR_H,min,7,56234.13251903491,4.0,0,85,2.94965e-13,3.93444e-12,10000
GCR_H,min,7,56234.13251903491,4.0,0,86,4.20044e-13,1.40108e-11,10000
GCR_H,min,7,56234.13251903491,4.0,0,87,1.31134e-13,3.97401e-13,10000
GCR_H,min,7,56234.13251903491,4.0,0,88,2.2224e-13,4.35756e-13,10000
GCR_H,min,7,56234.13251903491,4.0,0,89,7.11216e-14,6.63943e-13,10000
GCR_H,min,7,56234.13251903491,4.0,0,90,2.63656e-14,6.89296e-13,10000
GCR_H,min,7,56234.13251903491,4.0,0,91,7.57865e-15,9.9327e-13,10000
GCR_H,min,7,56234.13251903491,4.0,0,92,6.15846e-14,5.60268e-13,10000
GCR_H,min,7,56234.13251903491,4.0,0,93,1.73988e-14,4.43283e-13,10000
GCR_H,min,7,56234.13251903491,4.0,0,94,4.38171e-15,5.56761e-13,10000
GCR_H,min,7,56234.13251903491,4.0,0,95,7.5298e-13,4.1832e-13,10000
GCR_H,min,7,56234.13251903491,4.0,0,96,1.9521e-14,2.4707e-13,10000
GCR_H,min,7,56234.13251903491,4.0,0,97,4.65451e-13,9.74278e-13,10000
GCR_H,min,7,56234.13251903491,4.0,0,98,2.70171e-14,3.77651e-13,10000
GCR_H,min,7,56234.13251903491,4.0,0,99,6.18084e-13,1.06551e-12,10000
GCR_H,min,7,56234.13251903491,4.0,0,100,6.29624e-17,2.78595e-14,10000
GCR_H,min,7,56234.13251903491,4.0,0,101,9.18623e-16,1.43535e-13,10000
GCR_H,min,7,56234.13251903491,4.0,0,102,3.5987e-16,6.0179e-14,10000
GCR_H,min,7,56234.13251903491,4.0,0,103,2.51421e-13,2.40825e-12,10000
GCR_H,min,7,56234.13251903491,4.0,0,104,1.81854e-15,2.32252e-13,10000
GCR_H,min,7,56234.13251903491,4.0,0,105,1.85302e-14,1.66939e-12,10000
GCR_H,min,7,56234.13251903491,4.0,0,106,5.41746e-13,4.44853e-13,10000
GCR_H,min,7,56234.13251903491,4.0,0,107,3.21752e-11,2.14404e-12,10000
GCR_H,min,7,56234.13251903491,4.0,0,108,1.49665e-12,5.44132e-13,10000
GCR_H,min,7,56234.13251903491,4.0,0,109,1.23858e-11,1.23549e-12,10000
GCR_H,min,7,56234.13251903491,4.0,0,110,9.89016e-15,2.47192e-13,10000
GCR_H,min,7,56234.13251903491,4.0,0,111,0.0,0.0,10000
GCR_H,min,7,56234.13251903491,4.0,0,112,0.0,0.0,10000
GCR_H,min,7,56234.13251903491,4.0,0,113,9.4265e-14,6.73321e-13,10000
GCR_H,min,7,56234.13251903491,4.0,0,114,0.0,0.0,10000
GCR_H,min,7,56234.13251903491,4.0,0,115,1.69049e-13,9.93823e-12,10000
GCR_H,min,7,56234.13251903491,4.0,0,116,1.55378e-13,1.4819e-13,10000
GCR_H,min,7,56234.13251903491,4.0,0,117,3.05708e-11,2.47136e-12,10000
GCR_H,min,7,56234.13251903491,4.0,0,118,1.0717e-12,6.52096e-13,10000
GCR_H,min,7,56234.13251903491,4.0,0,119,7.73389e-12,1.43314e-12,10000
GCR_H,min,7,56234.13251903491,4.0,0,120,4.97912e-15,1.17183e-13,10000
GCR_H,min,7,56234.13251903491,4.0,0,121,2.47055e-15,5.81442e-14,10000
GCR_H,min,7,56234.13251903491,4.0,0,122,3.472e-14,1.19174e-13,10000
GCR_H,min,7,56234.13251903491,4.0,0,123,2.00945e-12,1.37144e-12,10000
GCR_H,min,7,56234.13251903491,4.0,0,124,3.94286e-13,6.17007e-13,10000
GCR_H,min,7,56234.13251903491,4.0,0,125,9.38061e-13,7.04023e-13,10000
GCR_H,min,7,56234.13251903491,4.0,0,126,1.19266e-14,3.25685e-13,10000
GCR_H,min,7,56234.13251903491,4.0,0,127,6.74197e-14,4.49495e-13,10000
GCR_H,min,7,56234.13251903491,4.0,0,128,1.18832e-15,2.37475e-14,10000
GCR_H,min,7,56234.13251903491,4.0,0,129,1.0134e-13,5.79745e-12,10000
GCR_H,min,7,56234.13251903491,4.0,0,130,1.07522e-13,6.13709e-12,10000
GCR_H,min,7,56234.13251903491,4.0,0,131,8.60836e-15,3.44472e-13,10000
GCR_H,min,7,56234.13251903491,4.0,0,132,9.25345e-15,4.62904e-13,10000
GCR_H,min,7,56234.13251903491,4.0,0,133,4.69406e-15,1.11023e-13,10000
GCR_H,min,7,56234.13251903491,4.0,0,134,0.0,0.0,10000
GCR_H,min,7,56234.13251903491,4.0,0,135,1.41537e-14,1.66318e-12,10000
GCR_H,min,7,56234.13251903491,4.0,0,136,1.46971e-14,1.96223e-12,10000
GCR_H,min,7,56234.13251903491,4.0,0,137,5.3274e-13,1.06527e-11,10000
GCR_H,min,7,56234.13251903491,4.0,0,138,1.7458e-12,8.72902e-12,10000
GCR_H,min,7,56234.13251903491,4.0,0,139,0.0,0.0,10000
GCR_H,min,7,56234.13251903491,4.0,0,140,2.14652e-14,1.07326e-10,10000
GCR_H,min,7,56234.13251903491,4.0,0,141,3.13157e-14,2.02953e-13,10000
GCR_He,min,0,17.78279410038923,2.0,0,0,0.0,0.0,10000
GCR_He,min,0,17.78279410038923,2.0,0,1,0.0,0.0,10000
GCR_He,min,0,17.78279410038923,2.0,0,2,0.0,0.0,10000
GCR_He,min,0,17.78279410038923,2.0,0,3,0.0,0.0,10000
GCR_He,min,0,17.78279410038923,2.0,0,4,0.0,0.0,10000
GCR_He,min,0,17.78279410038923,2.0,0,5,0.0,0.0,10000
GCR_He,min,0,17.78279410038923,2.0,0,6,0.0,0.0,10000
GCR_He,min,0,17.78279410038923,2.0,0,7,0.0,0.0,10000
GCR_He,min,0,17.78279410038923,2.0,0,8,0.0,0.0,10000
GCR_He,min,0,17.78279410038923,2.0,0,9,0.0,0.0,10000
GCR_He,min,0,17.78279410038923,2.0,0,10,0.0,0.0,10000
GCR_He,min,0,17.78279410038923,2.0,0,11,0.0,0.0,10000
GCR_He,min,0,17.78279410038923,2.0,0,12,0.0,0.0,10000
GCR_He,min,0,17.78279410038923,2.0,0,13,0.0,0.0,10000
GCR_He,min,0,17.78279410038923,2.0,0,14,0.0,0.0,10000
GCR_He,min,0,17.78279410038923,2.0,0,15,0.0,0.0,10000
GCR_He,min,0,17.78279410038923,2.0,0,16,0.0,0.0,10000
GCR_He,min,0,17.78279410038923,2.0,0,17,0.0,0.0,10000
GCR_He,min,0,17.78279410038923,2.0,0,18,0.0,0.0,10000
GCR_He,min,0,17.78279410038923,2.0,0,19,0.0,0.0,10000
GCR_He,min,0,17.78279410038923,2.0,0,20,0.0,0.0,10000
GCR_He,min,0,17.78279410038923,2.0,0,21,0.0,0.0,10000
GCR_He,min,0,17.78279410038923,2.0,0,22,0.0,0.0,10000
GCR_He,min,0,17.78279410038923,2.0,0,23,0.0,0.0,10000
GCR_He,min,0,17.78279410038923,2.0,0,24,0.0,0.0,10000
GCR_He,min,0,17.78279410038923,2.0,0,25,0.0,0.0,10000
GCR_He,min,0,17.78279410038923,2.0,0,26,0.0,0.0,10000
GCR_He,min,0,17.78279410038923,2.0,0,27,0.0,0.0,10000
GCR_He,min,0,17.78279410038923,2.0,0,28,0.0,0.0,10000
GCR_He,min,0,17.78279410038923,2.0,0,29,0.0,0.0,10000
GCR_He,min,0,17.78279410038923,2.0,0,30,0.0,0.0,10000
GCR_He,min,0,17.78279410038923,2.0,0,31,0.0,0.0,10000
GCR_He,min,0,17.78279410038923,2.0,0,32,0.0,0.0,10000
GCR_He,min,0,17.78279410038923,2.0,0,33,0.0,0.0,10000
GCR_He,min,0,17.78279410038923,2.0,0,34,0.0,0.0,10000
GCR_He,min,0,17.78279410038923,2.0,0,35,0.0,0.0,10000
GCR_He,min,0,17.78279410038923,2.0,0,36,0.0,0.0,10000
GCR_He,min,0,17.78279410038923,2.0,0,37,0.0,0.0,10000
GCR_He,min,0,17.78279410038923,2.0,0,38,0.0,0.0,10000
GCR_He,min,0,17.78279410038923,2.0,0,39,0.0,0.0,10000
GCR_He,min,0,17.78279410038923,2.0,0,40,0.0,0.0,10000
GCR_He,min,0,17.78279410038923,2.0,0,41,0.0,0.0,10000
GCR_He,min,0,17.78279410038923,2.0,0,42,0.0,0.0,10000
GCR_He,min,0,17.78279410038923,2.0,0,43,0.0,0.0,10000
GCR_He,min,0,17.78279410038923,2.0,0,44,0.0,0.0,10000
GCR_He,min,0,17.78279410038923,2.0,0,45,0.0,0.0,10000
GCR_He,min,0,17.78279410038923,2.0,0,46,0.0,0.0,10000
GCR_He,min,0,17.78279410038923,2.0,0,47,0.0,0.0,10000
GCR_He,min,0,17.78279410038923,2.0,0,48,0.0,0.0,10000
GCR_He,min,0,17.78279410038923,2.0,0,49,0.0,0.0,10000
GCR_He,min,0,17.78279410038923,2.0,0,50,0.0,0.0,10000
GCR_He,min,0,17.78279410038923,2.0,0,51,0.0,0.0,10000
GCR_He,min,0,17.78279410038923,2.0,0,52,0.0,0.0,10000
GCR_He,min,0,17.78279410038923,2.0,0,53,0.0,0.0,10000
GCR_He,min,0,17.78279410038923,2.0,0,54,0.0,0.0,10000
GCR_He,min,0,17.78279410038923,2.0,0,55,0.0,0.0,10000
GCR_He,min,0,17.78279410038923,2.0,0,56,0.0,0.0,10000
GCR_He,min,0,17.78279410038923,2.0,0,57,0.0,0.0,10000
GCR_He,min,0,17.78279410038923,2.0,0,58,0.0,0.0,10000
GCR_He,min,0,17.78279410038923,2.0,0,59,0.0,0.0,10000
GCR_He,min,0,17.78279410038923,2.0,0,60,0.0,0.0,10000
GCR_He,min,0,17.78279410038923,2.0,0,61,0.0,0.0,10000
GCR_He,min,0,17.78279410038923,2.0,0,62,0.0,0.0,10000
GCR_He,min,0,17.78279410038923,2.0,0,63,0.0,0.0,10000
GCR_He,min,0,17.78279410038923,2.0,0,64,0.0,0.0,10000
GCR_He,min,0,17.78279410038923,2.0,0,65,0.0,0.0,10000
GCR_He,min,0,17.78279410038923,2.0,0,66,0.0,0.0,10000
GCR_He,min,0,17.78279410038923,2.0,0,67,0.0,0.0,10000
GCR_He,min,0,17.78279410038923,2.0,0,68,0.0,0.0,10000
GCR_He,min,0,17.78279410038923,2.0,0,69,0.0,0.0,10000
GCR_He,min,0,17.78279410038923,2.0,0,70,0.0,0.0,10000
GCR_He,min,0,17.78279410038923,2.0,0,71,0.0,0.0,10000
GCR_He,min,0,17.78279410038923,2.0,0,72,0.0,0.0,10000
GCR_He,min,0,17.78279410038923,2.0,0,73,0.0,0.0,10000
GCR_He,min,0,17.78279410038923,2.0,0,74,0.0,0.0,10000
GCR_He,min,0,17.78279410038923,2.0,0,75,0.0,0.0,10000
GCR_He,min,0,17.78279410038923,2.0,0,76,0.0,0.0,10000
GCR_He,min,0,17.78279410038923,2.0,0,77,0.0,0.0,10000
GCR_He,min,0,17.78279410038923,2.0,0,78,0.0,0.0,10000
GCR_He,min,0,17.78279410038923,2.0,0,79,0.0,0.0,10000
GCR_He,min,0,17.78279410038923,2.0,0,80,0.0,0.0,10000
GCR_He,min,0,17.78279410038923,2.0,0,81,0.0,0.0,10000
GCR_He,min,0,17.78279410038923,2.0,0,82,0.0,0.0,10000
GCR_He,min,0,17.78279410038923,2.0,0,83,0.0,0.0,10000
GCR_He,min,0,17.78279410038923,2.0,0,84,0.0,0.0,10000
GCR_He,min,0,17.78279410038923,2.0,0,85,0.0,0.0,10000
GCR_He,min,0,17.78279410038923,2.0,0,86,0.0,0.0,10000
GCR_He,min,0,17.78279410038923,2.0,0,87,0.0,0.0,10000
GCR_He,min,0,17.78279410038923,2.0,0,88,0.0,0.0,10000
GCR_He,min,0,17.78279410038923,2.0,0,89,0.0,0.0,10000
GCR_He,min,0,17.78279410038923,2.0,0,90,0.0,0.0,10000
GCR_He,min,0,17.78279410038923,2.0,0,91,0.0,0.0,10000
GCR_He,min,0,17.78279410038923,2.0,0,92,0.0,0.0,10000
GCR_He,min,0,17.78279410038923,2.0,0,93,0.0,0.0,10000
GCR_He,min,0,17.78279410038923,2.0,0,94,0.0,0.0,10000
GCR_He,min,0,17.78279410038923,2.0,0,95,0.0,0.0,10000
GCR_He,min,0,17.78279410038923,2.0,0,96,0.0,0.0,10000
GCR_He,min,0,17.78279410038923,2.0,0,97,0.0,0.0,10000
GCR_He,min,0,17.78279410038923,2.0,0,98,0.0,0.0,10000
GCR_He,min,0,17.78279410038923,2.0,0,99,0.0,0.0,10000
GCR_He,min,0,17.78279410038923,2.0,0,100,0.0,0.0,10000
GCR_He,min,0,17.78279410038923,2.0,0,101,0.0,0.0,10000
GCR_He,min,0,17.78279410038923,2.0,0,102,0.0,0.0,10000
GCR_He,min,0,17.78279410038923,2.0,0,103,0.0,0.0,10000
GCR_He,min,0,17.78279410038923,2.0,0,104,0.0,0.0,10000
GCR_He,min,0,17.78279410038923,2.0,0,105,0.0,0.0,10000
GCR_He,min,0,17.78279410038923,2.0,0,106,0.0,0.0,10000
GCR_He,min,0,17.78279410038923,2.0,0,107,0.0,0.0,10000
GCR_He,min,0,17.78279410038923,2.0,0,108,0.0,0.0,10000
GCR_He,min,0,17.78279410038923,2.0,0,109,0.0,0.0,10000
GCR_He,min,0,17.78279410038923,2.0,0,110,0.0,0.0,10000
GCR_He,min,0,17.78279410038923,2.0,0,111,0.0,0.0,10000
GCR_He,min,0,17.78279410038923,2.0,0,112,0.0,0.0,10000
GCR_He,min,0,17.78279410038923,2.0,0,113,0.0,0.0,10000
GCR_He,min,0,17.78279410038923,2.0,0,114,0.0,0.0,10000
GCR_He,min,0,17.78279410038923,2.0,0,115,0.0,0.0,10000
GCR_He,min,0,17.78279410038923,2.0,0,116,0.0,0.0,10000
GCR_He,min,0,17.78279410038923,2.0,0,117,0.0,0.0,10000
GCR_He,min,0,17.78279410038923,2.0,0,118,0.0,0.0,10000
GCR_He,min,0,17.78279410038923,2.0,0,119,0.0,0.0,10000
GCR_He,min,0,17.78279410038923,2.0,0,120,0.0,0.0,10000
GCR_He,min,0,17.78279410038923,2.0,0,121,0.0,0.0,10000
GCR_He,min,0,17.78279410038923,2.0,0,122,0.0,0.0,10000
GCR_He,min,0,17.78279410038923,2.0,0,123,0.0,0.0,10000
GCR_He,min,0,17.78279410038923,2.0,0,124,0.0,0.0,10000
GCR_He,min,0,17.78279410038923,2.0,0,125,0.0,0.0,10000
GCR_He,min,0,17.78279410038923,2.0,0,126,0.0,0.0,10000
GCR_He,min,0,17.78279410038923,2.0,0,127,0.0,0.0,10000
GCR_He,min,0,17.78279410038923,2.0,0,128,0.0,0.0,10000
GCR_He,min,0,17.78279410038923,2.0,0,129,0.0,0.0,10000
GCR_He,min,0,17.78279410038923,2.0,0,130,0.0,0.0,10000
GCR_He,min,0,17.78279410038923,2.0,0,131,0.0,0.0,10000
GCR_He,min,0,17.78279410038923,2.0,0,132,0.0,0.0,10000
GCR_He,min,0,17.78279410038923,2.0,0,133,0.0,0.0,10000
GCR_He,min,0,17.78279410038923,2.0,0,134,0.0,0.0,10000
GCR_He,min,0,17.78279410038923,2.0,0,135,0.0,0.0,10000
GCR_He,min,0,17.78279410038923,2.0,0,136,0.0,0.0,10000
GCR_He,min,0,17.78279410038923,2.0,0,137,0.0,0.0,10000
GCR_He,min,0,17.78279410038923,2.0,0,138,0.0,0.0,10000
GCR_He,min,0,17.78279410038923,2.0,0,139,0.0,0.0,10000
GCR_He,min,0,17.78279410038923,2.0,0,140,0.0,0.0,10000
GCR_He,min,0,17.78279410038923,2.0,0,141,0.0,0.0,10000
GCR_He,min,0,17.78279410038923,3.0,0,0,0.0,0.0,10000
GCR_He,min,0,17.78279410038923,3.0,0,1,0.0,0.0,10000
GCR_He,min,0,17.78279410038923,3.0,0,2,0.0,0.0,10000
GCR_He,min,0,17.78279410038923,3.0,0,3,0.0,0.0,10000
GCR_He,min,0,17.78279410038923,3.0,0,4,0.0,0.0,10000
GCR_He,min,0,17.78279410038923,3.0,0,5,0.0,0.0,10000
GCR_He,min,0,17.78279410038923,3.0,0,6,0.0,0.0,10000
GCR_He,min,0,17.78279410038923,3.0,0,7,0.0,0.0,10000
GCR_He,min,0,17.78279410038923,3.0,0,8,0.0,0.0,10000
GCR_He,min,0,17.78279410038923,3.0,0,9,0.0,0.0,10000
GCR_He,min,0,17.78279410038923,3.0,0,10,0.0,0.0,10000
GCR_He,min,0,17.78279410038923,3.0,0,11,0.0,0.0,10000
GCR_He,min,0,17.78279410038923,3.0,0,12,0.0,0.0,10000
GCR_He,min,0,17.78279410038923,3.0,0,13,0.0,0.0,10000
GCR_He,min,0,17.78279410038923,3.0,0,14,0.0,0.0,10000
GCR_He,min,0,17.78279410038923,3.0,0,15,0.0,0.0,10000
GCR_He,min,0,17.78279410038923,3.0,0,16,0.0,0.0,10000
GCR_He,min,0,17.78279410038923,3.0,0,17,0.0,0.0,10000
GCR_He,min,0,17.78279410038923,3.0,0,18,0.0,0.0,10000
GCR_He,min,0,17.78279410038923,3.0,0,19,0.0,0.0,10000
GCR_He,min,0,17.78279410038923,3.0,0,20,0.0,0.0,10000
GCR_He,min,0,17.78279410038923,3.0,0,21,0.0,0.0,10000
GCR_He,min,0,17.78279410038923,3.0,0,22,0.0,0.0,10000
GCR_He,min,0,17.78279410038923,3.0,0,23,0.0,0.0,10000
GCR_He,min,0,17.78279410038923,3.0,0,24,0.0,0.0,10000
GCR_He,min,0,17.78279410038923,3.0,0,25,0.0,0.0,10000
GCR_He,min,0,17.78279410038923,3.0,0,26,0.0,0.0,10000
GCR_He,min,0,17.78279410038923,3.0,0,27,0.0,0.0,10000
GCR_He,min,0,17.78279410038923,3.0,0,28,0.0,0.0,10000
GCR_He,min,0,17.78279410038923,3.0,0,29,0.0,0.0,10000
GCR_He,min,0,17.78279410038923,3.0,0,30,0.0,0.0,10000
GCR_He,min,0,17.78279410038923,3.0,0,31,0.0,0.0,10000
GCR_He,min,0,17.78279410038923,3.0,0,32,0.0,0.0,10000
GCR_He,min,0,17.78279410038923,3.0,0,33,0.0,0.0,10000
GCR_He,min,0,17.78279410038923,3.0,0,34,0.0,0.0,10000
GCR_He,min,0,17.78279410038923,3.0,0,35,0.0,0.0,10000
GCR_He,min,0,17.78279410038923,3.0,0,36,0.0,0.0,10000
GCR_He,min,0,17.78279410038923,3.0,0,37,0.0,0.0,10000
GCR_He,min,0,17.78279410038923,3.0,0,38,0.0,0.0,10000
GCR_He,min,0,17.78279410038923,3.0,0,39,0.0,0.0,10000
GCR_He,min,0,17.78279410038923,3.0,0,40,0.0,0.0,10000
GCR_He,min,0,17.78279410038923,3.0,0,41,0.0,0.0,10000
GCR_He,min,0,17.78279410038923,3.0,0,42,0.0,0.0,10000
GCR_He,min,0,17.78279410038923,3.0,0,43,0.0,0.0,10000
GCR_He,min,0,17.78279410038923,3.0,0,44,0.0,0.0,10000
GCR_He,min,0,17.78279410038923,3.0,0,45,0.0,0.0,10000
GCR_He,min,0,17.78279410038923,3.0,0,46,0.0,0.0,10000
GCR_He,min,0,17.78279410038923,3.0,0,47,0.0,0.0,10000
GCR_He,min,0,17.78279410038923,3.0,0,48,0.0,0.0,10000
GCR_He,min,0,17.78279410038923,3.0,0,49,0.0,0.0,10000
GCR_He,min,0,17.78279410038923,3.0,0,50,0.0,0.0,10000
GCR_He,min,0,17.78279410038923,3.0,0,51,0.0,0.0,10000
GCR_He,min,0,17.78279410038923,3.0,0,52,0.0,0.0,10000
GCR_He,min,0,17.78279410038923,3.0,0,53,0.0,0.0,10000
GCR_He,min,0,17.78279410038923,3.0,0,54,0.0,0.0,10000
GCR_He,min,0,17.78279410038923,3.0,0,55,0.0,0.0,10000
GCR_He,min,0,17.78279410038923,3.0,0,56,0.0,0.0,10000
GCR_He,min,0,17.78279410038923,3.0,0,57,0.0,0.0,10000
GCR_He,min,0,17.78279410038923,3.0,0,58,0.0,0.0,10000
GCR_He,min,0,17.78279410038923,3.0,0,59,0.0,0.0,10000
GCR_He,min,0,17.78279410038923,3.0,0,60,0.0,0.0,10000
GCR_He,min,0,17.78279410038923,3.0,0,61,0.0,0.0,10000
GCR_He,min,0,17.78279410038923,3.0,0,62,0.0,0.0,10000
GCR_He,min,0,17.78279410038923,3.0,0,63,0.0,0.0,10000
GCR_He,min,0,17.78279410038923,3.0,0,64,0.0,0.0,10000
GCR_He,min,0,17.78279410038923,3.0,0,65,0.0,0.0,10000
GCR_He,min,0,17.78279410038923,3.0,0,66,0.0,0.0,10000
GCR_He,min,0,17.78279410038923,3.0,0,67,0.0,0.0,10000
GCR_He,min,0,17.78279410038923,3.0,0,68,0.0,0.0,10000
GCR_He,min,0,17.78279410038923,3.0,0,69,0.0,0.0,10000
GCR_He,min,0,17.78279410038923,3.0,0,70,0.0,0.0,10000
GCR_He,min,0,17.78279410038923,3.0,0,71,0.0,0.0,10000
GCR_He,min,0,17.78279410038923,3.0,0,72,0.0,0.0,10000
GCR_He,min,0,17.78279410038923,3.0,0,73,0.0,0.0,10000
GCR_He,min,0,17.78279410038923,3.0,0,74,0.0,0.0,10000
GCR_He,min,0,17.78279410038923,3.0,0,75,0.0,0.0,10000
GCR_He,min,0,17.78279410038923,3.0,0,76,0.0,0.0,10000
GCR_He,min,0,17.78279410038923,3.0,0,77,0.0,0.0,10000
GCR_He,min,0,17.78279410038923,3.0,0,78,0.0,0.0,10000
GCR_He,min,0,17.78279410038923,3.0,0,79,0.0,0.0,10000
GCR_He,min,0,17.78279410038923,3.0,0,80,0.0,0.0,10000
GCR_He,min,0,17.78279410038923,3.0,0,81,0.0,0.0,10000
GCR_He,min,0,17.78279410038923,3.0,0,82,0.0,0.0,10000
GCR_He,min,0,17.78279410038923,3.0,0,83,0.0,0.0,10000
GCR_He,min,0,17.78279410038923,3.0,0,84,0.0,0.0,10000
GCR_He,min,0,17.78279410038923,3.0,0,85,0.0,0.0,10000
GCR_He,min,0,17.78279410038923,3.0,0,86,0.0,0.0,10000
GCR_He,min,0,17.78279410038923,3.0,0,87,0.0,0.0,10000
GCR_He,min,0,17.78279410038923,3.0,0,88,0.0,0.0,10000
GCR_He,min,0,17.78279410038923,3.0,0,89,0.0,0.0,10000
GCR_He,min,0,17.78279410038923,3.0,0,90,0.0,0.0,10000
GCR_He,min,0,17.78279410038923,3.0,0,91,0.0,0.0,10000
GCR_He,min,0,17.78279410038923,3.0,0,92,0.0,0.0,10000
GCR_He,min,0,17.78279410038923,3.0,0,93,0.0,0.0,10000
GCR_He,min,0,17.78279410038923,3.0,0,94,0.0,0.0,10000
GCR_He,min,0,17.78279410038923,3.0,0,95,0.0,0.0,10000
GCR_He,min,0,17.78279410038923,3.0,0,96,0.0,0.0,10000
GCR_He,min,0,17.78279410038923,3.0,0,97,0.0,0.0,10000
GCR_He,min,0,17.78279410038923,3.0,0,98,0.0,0.0,10000
GCR_He,min,0,17.78279410038923,3.0,0,99,0.0,0.0,10000
GCR_He,min,0,17.78279410038923,3.0,0,100,0.0,0.0,10000
GCR_He,min,0,17.78279410038923,3.0,0,101,0.0,0.0,10000
GCR_He,min,0,17.78279410038923,3.0,0,102,0.0,0.0,10000
GCR_He,min,0,17.78279410038923,3.0,0,103,0.0,0.0,10000
GCR_He,min,0,17.78279410038923,3.0,0,104,0.0,0.0,10000
GCR_He,min,0,17.78279410038923,3.0,0,105,0.0,0.0,10000
GCR_He,min,0,17.78279410038923,3.0,0,106,0.0,0.0,10000
GCR_He,min,0,17.78279410038923,3.0,0,107,0.0,0.0,10000
GCR_He,min,0,17.78279410038923,3.0,0,108,0.0,0.0,10000
GCR_He,min,0,17.78279410038923,3.0,0,109,0.0,0.0,10000
GCR_He,min,0,17.78279410038923,3.0,0,110,0.0,0.0,10000
GCR_He,min,0,17.78279410038923,3.0,0,111,0.0,0.0,10000
GCR_He,min,0,17.78279410038923,3.0,0,112,0.0,0.0,10000
GCR_He,min,0,17.78279410038923,3.0,0,113,0.0,0.0,10000
GCR_He,min,0,17.78279410038923,3.0,0,114,0.0,0.0,10000
GCR_He,min,0,17.78279410038923,3.0,0,115,0.0,0.0,10000
GCR_He,min,0,17.78279410038923,3.0,0,116,0.0,0.0,10000
GCR_He,min,0,17.78279410038923,3.0,0,117,0.0,0.0,10000
GCR_He,min,0,17.78279410038923,3.0,0,118,0.0,0.0,10000
GCR_He,min,0,17.78279410038923,3.0,0,119,0.0,0.0,10000
GCR_He,min,0,17.78279410038923,3.0,0,120,0.0,0.0,10000
GCR_He,min,0,17.78279410038923,3.0,0,121,0.0,0.0,10000
GCR_He,min,0,17.78279410038923,3.0,0,122,0.0,0.0,10000
GCR_He,min,0,17.78279410038923,3.0,0,123,0.0,0.0,10000
GCR_He,min,0,17.78279410038923,3.0,0,124,0.0,0.0,10000
GCR_He,min,0,17.78279410038923,3.0,0,125,0.0,0.0,10000
GCR_He,min,0,17.78279410038923,3.0,0,126,0.0,0.0,10000
GCR_He,min,0,17.78279410038923,3.0,0,127,0.0,0.0,10000
GCR_He,min,0,17.78279410038923,3.0,0,128,0.0,0.0,10000
GCR_He,min,0,17.78279410038923,3.0,0,129,0.0,0.0,10000
GCR_He,min,0,17.78279410038923,3.0,0,130,0.0,0.0,10000
GCR_He,min,0,17.78279410038923,3.0,0,131,0.0,0.0,10000
GCR_He,min,0,17.78279410038923,3.0,0,132,0.0,0.0,10000
GCR_He,min,0,17.78279410038923,3.0,0,133,0.0,0.0,10000
GCR_He,min,0,17.78279410038923,3.0,0,134,0.0,0.0,10000
GCR_He,min,0,17.78279410038923,3.0,0,135,0.0,0.0,10000
GCR_He,min,0,17.78279410038923,3.0,0,136,0.0,0.0,10000
GCR_He,min,0,17.78279410038923,3.0,0,137,0.0,0.0,10000
GCR_He,min,0,17.78279410038923,3.0,0,138,0.0,0.0,10000
GCR_He,min,0,17.78279410038923,3.0,0,139,0.0,0.0,10000
GCR_He,min,0,17.78279410038923,3.0,0,140,0.0,0.0,10000
GCR_He,min,0,17.78279410038923,3.0,0,141,0.0,0.0,10000
GCR_He,min,0,17.78279410038923,4.0,0,0,0.0,0.0,10000
GCR_He,min,0,17.78279410038923,4.0,0,1,0.0,0.0,10000
GCR_He,min,0,17.78279410038923,4.0,0,2,0.0,0.0,10000
GCR_He,min,0,17.78279410038923,4.0,0,3,0.0,0.0,10000
GCR_He,min,0,17.78279410038923,4.0,0,4,0.0,0.0,10000
GCR_He,min,0,17.78279410038923,4.0,0,5,0.0,0.0,10000
GCR_He,min,0,17.78279410038923,4.0,0,6,0.0,0.0,10000
GCR_He,min,0,17.78279410038923,4.0,0,7,0.0,0.0,10000
GCR_He,min,0,17.78279410038923,4.0,0,8,0.0,0.0,10000
GCR_He,min,0,17.78279410038923,4.0,0,9,0.0,0.0,10000
GCR_He,min,0,17.78279410038923,4.0,0,10,0.0,0.0,10000
GCR_He,min,0,17.78279410038923,4.0,0,11,0.0,0.0,10000
GCR_He,min,0,17.78279410038923,4.0,0,12,0.0,0.0,10000
GCR_He,min,0,17.78279410038923,4.0,0,13,0.0,0.0,10000
GCR_He,min,0,17.78279410038923,4.0,0,14,0.0,0.0,10000
GCR_He,min,0,17.78279410038923,4.0,0,15,0.0,0.0,10000
GCR_He,min,0,17.78279410038923,4.0,0,16,0.0,0.0,10000
GCR_He,min,0,17.78279410038923,4.0,0,17,0.0,0.0,10000
GCR_He,min,0,17.78279410038923,4.0,0,18,0.0,0.0,10000
GCR_He,min,0,17.78279410038923,4.0,0,19,0.0,0.0,10000
GCR_He,min,0,17.78279410038923,4.0,0,20,0.0,0.0,10000
GCR_He,min,0,17.78279410038923,4.0,0,21,0.0,0.0,10000
GCR_He,min,0,17.78279410038923,4.0,0,22,0.0,0.0,10000
GCR_He,min,0,17.78279410038923,4.0,0,23,0.0,0.0,10000
GCR_He,min,0,17.78279410038923,4.0,0,24,0.0,0.0,10000
GCR_He,min,0,17.78279410038923,4.0,0,25,0.0,0.0,10000
GCR_He,min,0,17.78279410038923,4.0,0,26,0.0,0.0,10000
GCR_He,min,0,17.78279410038923,4.0,0,27,0.0,0.0,10000
GCR_He,min,0,17.78279410038923,4.0,0,28,0.0,0.0,10000
GCR_He,min,0,17.78279410038923,4.0,0,29,0.0,0.0,10000
GCR_He,min,0,17.78279410038923,4.0,0,30,0.0,0.0,10000
GCR_He,min,0,17.78279410038923,4.0,0,31,0.0,0.0,10000
GCR_He,min,0,17.78279410038923,4.0,0,32,0.0,0.0,10000
GCR_He,min,0,17.78279410038923,4.0,0,33,0.0,0.0,10000
GCR_He,min,0,17.78279410038923,4.0,0,34,0.0,0.0,10000
GCR_He,min,0,17.78279410038923,4.0,0,35,0.0,0.0,10000
GCR_He,min,0,17.78279410038923,4.0,0,36,0.0,0.0,10000
GCR_He,min,0,17.78279410038923,4.0,0,37,0.0,0.0,10000
GCR_He,min,0,17.78279410038923,4.0,0,38,0.0,0.0,10000
GCR_He,min,0,17.78279410038923,4.0,0,39,0.0,0.0,10000
GCR_He,min,0,17.78279410038923,4.0,0,40,0.0,0.0,10000
GCR_He,min,0,17.78279410038923,4.0,0,41,0.0,0.0,10000
GCR_He,min,0,17.78279410038923,4.0,0,42,0.0,0.0,10000
GCR_He,min,0,17.78279410038923,4.0,0,43,0.0,0.0,10000
GCR_He,min,0,17.78279410038923,4.0,0,44,0.0,0.0,10000
GCR_He,min,0,17.78279410038923,4.0,0,45,0.0,0.0,10000
GCR_He,min,0,17.78279410038923,4.0,0,46,0.0,0.0,10000
GCR_He,min,0,17.78279410038923,4.0,0,47,0.0,0.0,10000
GCR_He,min,0,17.78279410038923,4.0,0,48,0.0,0.0,10000
GCR_He,min,0,17.78279410038923,4.0,0,49,0.0,0.0,10000
GCR_He,min,0,17.78279410038923,4.0,0,50,0.0,0.0,10000
GCR_He,min,0,17.78279410038923,4.0,0,51,0.0,0.0,10000
GCR_He,min,0,17.78279410038923,4.0,0,52,0.0,0.0,10000
GCR_He,min,0,17.78279410038923,4.0,0,53,0.0,0.0,10000
GCR_He,min,0,17.78279410038923,4.0,0,54,0.0,0.0,10000
GCR_He,min,0,17.78279410038923,4.0,0,55,0.0,0.0,10000
GCR_He,min,0,17.78279410038923,4.0,0,56,0.0,0.0,10000
GCR_He,min,0,17.78279410038923,4.0,0,57,0.0,0.0,10000
GCR_He,min,0,17.78279410038923,4.0,0,58,0.0,0.0,10000
GCR_He,min,0,17.78279410038923,4.0,0,59,0.0,0.0,10000
GCR_He,min,0,17.78279410038923,4.0,0,60,0.0,0.0,10000
GCR_He,min,0,17.78279410038923,4.0,0,61,0.0,0.0,10000
GCR_He,min,0,17.78279410038923,4.0,0,62,0.0,0.0,10000
GCR_He,min,0,17.78279410038923,4.0,0,63,0.0,0.0,10000
GCR_He,min,0,17.78279410038923,4.0,0,64,0.0,0.0,10000
GCR_He,min,0,17.78279410038923,4.0,0,65,0.0,0.0,10000
GCR_He,min,0,17.78279410038923,4.0,0,66,0.0,0.0,10000
GCR_He,min,0,17.78279410038923,4.0,0,67,0.0,0.0,10000
GCR_He,min,0,17.78279410038923,4.0,0,68,0.0,0.0,10000
GCR_He,min,0,17.78279410038923,4.0,0,69,0.0,0.0,10000
GCR_He,min,0,17.78279410038923,4.0,0,70,0.0,0.0,10000
GCR_He,min,0,17.78279410038923,4.0,0,71,0.0,0.0,10000
GCR_He,min,0,17.78279410038923,4.0,0,72,0.0,0.0,10000
GCR_He,min,0,17.78279410038923,4.0,0,73,0.0,0.0,10000
GCR_He,min,0,17.78279410038923,4.0,0,74,0.0,0.0,10000
GCR_He,min,0,17.78279410038923,4.0,0,75,0.0,0.0,10000
GCR_He,min,0,17.78279410038923,4.0,0,76,0.0,0.0,10000
GCR_He,min,0,17.78279410038923,4.0,0,77,0.0,0.0,10000
GCR_He,min,0,17.78279410038923,4.0,0,78,0.0,0.0,10000
GCR_He,min,0,17.78279410038923,4.0,0,79,0.0,0.0,10000
GCR_He,min,0,17.78279410038923,4.0,0,80,0.0,0.0,10000
GCR_He,min,0,17.78279410038923,4.0,0,81,0.0,0.0,10000
GCR_He,min,0,17.78279410038923,4.0,0,82,0.0,0.0,10000
GCR_He,min,0,17.78279410038923,4.0,0,83,0.0,0.0,10000
GCR_He,min,0,17.78279410038923,4.0,0,84,0.0,0.0,10000
GCR_He,min,0,17.78279410038923,4.0,0,85,0.0,0.0,10000
GCR_He,min,0,17.78279410038923,4.0,0,86,0.0,0.0,10000
GCR_He,min,0,17.78279410038923,4.0,0,87,0.0,0.0,10000
GCR_He,min,0,17.78279410038923,4.0,0,88,0.0,0.0,10000
GCR_He,min,0,17.78279410038923,4.0,0,89,0.0,0.0,10000
GCR_He,min,0,17.78279410038923,4.0,0,90,0.0,0.0,10000
GCR_He,min,0,17.78279410038923,4.0,0,91,0.0,0.0,10000
GCR_He,min,0,17.78279410038923,4.0,0,92,0.0,0.0,10000
GCR_He,min,0,17.78279410038923,4.0,0,93,0.0,0.0,10000
GCR_He,min,0,17.78279410038923,4.0,0,94,0.0,0.0,10000
GCR_He,min,0,17.78279410038923,4.0,0,95,0.0,0.0,10000
GCR_He,min,0,17.78279410038923,4.0,0,96,0.0,0.0,10000
GCR_He,min,0,17.78279410038923,4.0,0,97,0.0,0.0,10000
GCR_He,min,0,17.78279410038923,4.0,0,98,0.0,0.0,10000
GCR_He,min,0,17.78279410038923,4.0,0,99,0.0,0.0,10000
GCR_He,min,0,17.78279410038923,4.0,0,100,0.0,0.0,10000
GCR_He,min,0,17.78279410038923,4.0,0,101,0.0,0.0,10000
GCR_He,min,0,17.78279410038923,4.0,0,102,0.0,0.0,10000
GCR_He,min,0,17.78279410038923,4.0,0,103,0.0,0.0,10000
GCR_He,min,0,17.78279410038923,4.0,0,104,0.0,0.0,10000
GCR_He,min,0,17.78279410038923,4.0,0,105,0.0,0.0,10000
GCR_He,min,0,17.78279410038923,4.0,0,106,0.0,0.0,10000
GCR_He,min,0,17.78279410038923,4.0,0,107,0.0,0.0,10000
GCR_He,min,0,17.78279410038923,4.0,0,108,0.0,0.0,10000
GCR_He,min,0,17.78279410038923,4.0,0,109,0.0,0.0,10000
GCR_He,min,0,17.78279410038923,4.0,0,110,0.0,0.0,10000
GCR_He,min,0,17.78279410038923,4.0,0,111,0.0,0.0,10000
GCR_He,min,0,17.78279410038923,4.0,0,112,0.0,0.0,10000
GCR_He,min,0,17.78279410038923,4.0,0,113,0.0,0.0,10000
GCR_He,min,0,17.78279410038923,4.0,0,114,0.0,0.0,10000
GCR_He,min,0,17.78279410038923,4.0,0,115,0.0,0.0,10000
GCR_He,min,0,17.78279410038923,4.0,0,116,0.0,0.0,10000
GCR_He,min,0,17.78279410038923,4.0,0,117,0.0,0.0,10000
GCR_He,min,0,17.78279410038923,4.0,0,118,0.0,0.0,10000
GCR_He,min,0,17.78279410038923,4.0,0,119,0.0,0.0,10000
GCR_He,min,0,17.78279410038923,4.0,0,120,0.0,0.0,10000
GCR_He,min,0,17.78279410038923,4.0,0,121,0.0,0.0,10000
GCR_He,min,0,17.78279410038923,4.0,0,122,0.0,0.0,10000
GCR_He,min,0,17.78279410038923,4.0,0,123,0.0,0.0,10000
GCR_He,min,0,17.78279410038923,4.0,0,124,0.0,0.0,10000
GCR_He,min,0,17.78279410038923,4.0,0,125,0.0,0.0,10000
GCR_He,min,0,17.78279410038923,4.0,0,126,0.0,0.0,10000
GCR_He,min,0,17.78279410038923,4.0,0,127,0.0,0.0,10000
GCR_He,min,0,17.78279410038923,4.0,0,128,0.0,0.0,10000
GCR_He,min,0,17.78279410038923,4.0,0,129,0.0,0.0,10000
GCR_He,min,0,17.78279410038923,4.0,0,130,0.0,0.0,10000
GCR_He,min,0,17.78279410038923,4.0,0,131,0.0,0.0,10000
GCR_He,min,0,17.78279410038923,4.0,0,132,0.0,0.0,10000
GCR_He,min,0,17.78279410038923,4.0,0,133,0.0,0.0,10000
GCR_He,min,0,17.78279410038923,4.0,0,134,0.0,0.0,10000
GCR_He,min,0,17.78279410038923,4.0,0,135,0.0,0.0,10000
GCR_He,min,0,17.78279410038923,4.0,0,136,0.0,0.0,10000
GCR_He,min,0,17.78279410038923,4.0,0,137,0.0,0.0,10000
GCR_He,min,0,17.78279410038923,4.0,0,138,0.0,0.0,10000
GCR_He,min,0,17.78279410038923,4.0,0,139,0.0,0.0,10000
GCR_He,min,0,17.78279410038923,4.0,0,140,0.0,0.0,10000
GCR_He,min,0,17.78279410038923,4.0,0,141,0.0,0.0,10000
GCR_He,min,1,56.23413251903491,2.0,0,0,3.58715e-09,0.0,10000
GCR_He,min,1,56.23413251903491,2.0,0,1,0.0,0.0,10000
GCR_He,min,1,56.23413251903491,2.0,0,2,0.0,0.0,10000
GCR_He,min,1,56.23413251903491,2.0,0,3,0.0,0.0,10000
GCR_He,min,1,56.23413251903491,2.0,0,4,0.0,0.0,10000
GCR_He,min,1,56.23413251903491,2.0,0,5,0.0,0.0,10000
GCR_He,min,1,56.23413251903491,2.0,0,6,0.0,0.0,10000
GCR_He,min,1,56.23413251903491,2.0,0,7,0.0,0.0,10000
GCR_He,min,1,56.23413251903491,2.0,0,8,0.0,0.0,10000
GCR_He,min,1,56.23413251903491,2.0,0,9,0.0,0.0,10000
GCR_He,min,1,56.23413251903491,2.0,0,10,0.0,0.0,10000
GCR_He,min,1,56.23413251903491,2.0,0,11,0.0,0.0,10000
GCR_He,min,1,56.23413251903491,2.0,0,12,0.0,0.0,10000
GCR_He,min,1,56.23413251903491,2.0,0,13,0.0,0.0,10000
GCR_He,min,1,56.23413251903491,2.0,0,14,0.0,0.0,10000
GCR_He,min,1,56.23413251903491,2.0,0,15,0.0,0.0,10000
GCR_He,min,1,56.23413251903491,2.0,0,16,0.0,0.0,10000
GCR_He,min,1,56.23413251903491,2.0,0,17,0.0,0.0,10000
GCR_He,min,1,56.23413251903491,2.0,0,18,0.0,0.0,10000
GCR_He,min,1,56.23413251903491,2.0,0,19,0.0,0.0,10000
GCR_He,min,1,56.23413251903491,2.0,0,20,0.0,0.0,10000
GCR_He,min,1,56.23413251903491,2.0,0,21,0.0,0.0,10000
GCR_He,min,1,56.23413251903491,2.0,0,22,0.0,0.0,10000
GCR_He,min,1,56.23413251903491,2.0,0,23,0.0,0.0,10000
GCR_He,min,1,56.23413251903491,2.0,0,24,0.0,0.0,10000
GCR_He,min,1,56.23413251903491,2.0,0,25,0.0,0.0,10000
GCR_He,min,1,56.23413251903491,2.0,0,26,0.0,0.0,10000
GCR_He,min,1,56.23413251903491,2.0,0,27,0.0,0.0,10000
GCR_He,min,1,56.23413251903491,2.0,0,28,0.0,0.0,10000
GCR_He,min,1,56.23413251903491,2.0,0,29,0.0,0.0,10000
GCR_He,min,1,56.23413251903491,2.0,0,30,0.0,0.0,10000
GCR_He,min,1,56.23413251903491,2.0,0,31,0.0,0.0,10000
GCR_He,min,1,56.23413251903491,2.0,0,32,0.0,0.0,10000
GCR_He,min,1,56.23413251903491,2.0,0,33,0.0,0.0,10000
GCR_He,min,1,56.23413251903491,2.0,0,34,0.0,0.0,10000
GCR_He,min,1,56.23413251903491,2.0,0,35,0.0,0.0,10000
GCR_He,min,1,56.23413251903491,2.0,0,36,0.0,0.0,10000
GCR_He,min,1,56.23413251903491,2.0,0,37,0.0,0.0,10000
GCR_He,min,1,56.23413251903491,2.0,0,38,0.0,0.0,10000
GCR_He,min,1,56.23413251903491,2.0,0,39,0.0,0.0,10000
GCR_He,min,1,56.23413251903491,2.0,0,40,0.0,0.0,10000
GCR_He,min,1,56.23413251903491,2.0,0,41,0.0,0.0,10000
GCR_He,min,1,56.23413251903491,2.0,0,42,0.0,0.0,10000
GCR_He,min,1,56.23413251903491,2.0,0,43,0.0,0.0,10000
GCR_He,min,1,56.23413251903491,2.0,0,44,0.0,0.0,10000
GCR_He,min,1,56.23413251903491,2.0,0,45,0.0,0.0,10000
GCR_He,min,1,56.23413251903491,2.0,0,46,0.0,0.0,10000
GCR_He,min,1,56.23413251903491,2.0,0,47,0.0,0.0,10000
GCR_He,min,1,56.23413251903491,2.0,0,48,0.0,0.0,10000
GCR_He,min,1,56.23413251903491,2.0,0,49,0.0,0.0,10000
GCR_He,min,1,56.23413251903491,2.0,0,50,0.0,0.0,10000
GCR_He,min,1,56.23413251903491,2.0,0,51,0.0,0.0,10000
GCR_He,min,1,56.23413251903491,2.0,0,52,0.0,0.0,10000
GCR_He,min,1,56.23413251903491,2.0,0,53,0.0,0.0,10000
GCR_He,min,1,56.23413251903491,2.0,0,54,0.0,0.0,10000
GCR_He,min,1,56.23413251903491,2.0,0,55,0.0,0.0,10000
GCR_He,min,1,56.23413251903491,2.0,0,56,0.0,0.0,10000
GCR_He,min,1,56.23413251903491,2.0,0,57,0.0,0.0,10000
GCR_He,min,1,56.23413251903491,2.0,0,58,0.0,0.0,10000
GCR_He,min,1,56.23413251903491,2.0,0,59,0.0,0.0,10000
GCR_He,min,1,56.23413251903491,2.0,0,60,0.0,0.0,10000
GCR_He,min,1,56.23413251903491,2.0,0,61,0.0,0.0,10000
GCR_He,min,1,56.23413251903491,2.0,0,62,0.0,0.0,10000
GCR_He,min,1,56.23413251903491,2.0,0,63,0.0,0.0,10000
GCR_He,min,1,56.23413251903491,2.0,0,64,0.0,0.0,10000
GCR_He,min,1,56.23413251903491,2.0,0,65,0.0,0.0,10000
GCR_He,min,1,56.23413251903491,2.0,0,66,0.0,0.0,10000
GCR_He,min,1,56.23413251903491,2.0,0,67,0.0,0.0,10000
GCR_He,min,1,56.23413251903491,2.0,0,68,0.0,0.0,10000
GCR_He,min,1,56.23413251903491,2.0,0,69,0.0,0.0,10000
GCR_He,min,1,56.23413251903491,2.0,0,70,0.0,0.0,10000
GCR_He,min,1,56.23413251903491,2.0,0,71,0.0,0.0,10000
GCR_He,min,1,56.23413251903491,2.0,0,72,0.0,0.0,10000
GCR_He,min,1,56.23413251903491,2.0,0,73,0.0,0.0,10000
GCR_He,min,1,56.23413251903491,2.0,0,74,0.0,0.0,10000
GCR_He,min,1,56.23413251903491,2.0,0,75,0.0,0.0,10000
GCR_He,min,1,56.23413251903491,2.0,0,76,0.0,0.0,10000
GCR_He,min,1,56.23413251903491,2.0,0,77,0.0,0.0,10000
GCR_He,min,1,56.23413251903491,2.0,0,78,0.0,0.0,10000
GCR_He,min,1,56.23413251903491,2.0,0,79,0.0,0.0,10000
GCR_He,min,1,56.23413251903491,2.0,0,80,0.0,0.0,10000
GCR_He,min,1,56.23413251903491,2.0,0,81,0.0,0.0,10000
GCR_He,min,1,56.23413251903491,2.0,0,82,0.0,0.0,10000
GCR_He,min,1,56.23413251903491,2.0,0,83,0.0,0.0,10000
GCR_He,min,1,56.23413251903491,2.0,0,84,0.0,0.0,10000
GCR_He,min,1,56.23413251903491,2.0,0,85,0.0,0.0,10000
GCR_He,min,1,56.23413251903491,2.0,0,86,0.0,0.0,10000
GCR_He,min,1,56.23413251903491,2.0,0,87,0.0,0.0,10000
GCR_He,min,1,56.23413251903491,2.0,0,88,0.0,0.0,10000
GCR_He,min,1,56.23413251903491,2.0,0,89,0.0,0.0,10000
GCR_He,min,1,56.23413251903491,2.0,0,90,0.0,0.0,10000
GCR_He,min,1,56.23413251903491,2.0,0,91,0.0,0.0,10000
GCR_He,min,1,56.23413251903491,2.0,0,92,0.0,0.0,10000
GCR_He,min,1,56.23413251903491,2.0,0,93,0.0,0.0,10000
GCR_He,min,1,56.23413251903491,2.0,0,94,0.0,0.0,10000
GCR_He,min,1,56.23413251903491,2.0,0,95,0.0,0.0,10000
GCR_He,min,1,56.23413251903491,2.0,0,96,0.0,0.0,10000
GCR_He,min,1,56.23413251903491,2.0,0,97,0.0,0.0,10000
GCR_He,min,1,56.23413251903491,2.0,0,98,0.0,0.0,10000
GCR_He,min,1,56.23413251903491,2.0,0,99,0.0,0.0,10000
GCR_He,min,1,56.23413251903491,2.0,0,100,0.0,0.0,10000
GCR_He,min,1,56.23413251903491,2.0,0,101,0.0,0.0,10000
GCR_He,min,1,56.23413251903491,2.0,0,102,0.0,0.0,10000
GCR_He,min,1,56.23413251903491,2.0,0,103,0.0,0.0,10000
GCR_He,min,1,56.23413251903491,2.0,0,104,0.0,0.0,10000
GCR_He,min,1,56.23413251903491,2.0,0,105,0.0,0.0,10000
GCR_He,min,1,56.23413251903491,2.0,0,106,0.0,0.0,10000
GCR_He,min,1,56.23413251903491,2.0,0,107,8.23574e-15,5.488e-16,10000
GCR_He,min,1,56.23413251903491,2.0,0,108,8.16448e-15,2.96833e-15,10000
GCR_He,min,1,56.23413251903491,2.0,0,109,0.0,0.0,10000
GCR_He,min,1,56.23413251903491,2.0,0,110,0.0,0.0,10000
GCR_He,min,1,56.23413251903491,2.0,0,111,0.0,0.0,10000
GCR_He,min,1,56.23413251903491,2.0,0,112,0.0,0.0,10000
GCR_He,min,1,56.23413251903491,2.0,0,113,0.0,0.0,10000
GCR_He,min,1,56.23413251903491,2.0,0,114,0.0,0.0,10000
GCR_He,min,1,56.23413251903491,2.0,0,115,0.0,0.0,10000
GCR_He,min,1,56.23413251903491,2.0,0,116,0.0,0.0,10000
GCR_He,min,1,56.23413251903491,2.0,0,117,1.48537e-14,1.20078e-15,10000
GCR_He,min,1,56.23413251903491,2.0,0,118,1.53285e-15,9.32692e-16,10000
GCR_He,min,1,56.23413251903491,2.0,0,119,0.0,0.0,10000
GCR_He,min,1,56.23413251903491,2.0,0,120,0.0,0.0,10000
GCR_He,min,1,56.23413251903491,2.0,0,121,0.0,0.0,10000
GCR_He,min,1,56.23413251903491,2.0,0,122,0.0,0.0,10000
GCR_He,min,1,56.23413251903491,2.0,0,123,1.97584e-15,1.3485e-15,10000
GCR_He,min,1,56.23413251903491,2.0,0,124,8.49611e-16,1.32953e-15,10000
GCR_He,min,1,56.23413251903491,2.0,0,125,0.0,0.0,10000
GCR_He,min,1,56.23413251903491,2.0,0,126,0.0,0.0,10000
GCR_He,min,1,56.23413251903491,2.0,0,127,0.0,0.0,10000
GCR_He,min,1,56.23413251903491,2.0,0,128,0.0,0.0,10000
GCR_He,min,1,56.23413251903491,2.0,0,129,0.0,0.0,10000
GCR_He,min,1,56.23413251903491,2.0,0,130,0.0,0.0,10000
GCR_He,min,1,56.23413251903491,2.0,0,131,0.0,0.0,10000
GCR_He,min,1,56.23413251903491,2.0,0,132,0.0,0.0,10000
GCR_He,min,1,56.23413251903491,2.0,0,133,0.0,0.0,10000
GCR_He,min,1,56.23413251903491,2.0,0,134,0.0,0.0,10000
GCR_He,min,1,56.23413251903491,2.0,0,135,0.0,0.0,10000
GCR_He,min,1,56.23413251903491,2.0,0,136,0.0,0.0,10000
GCR_He,min,1,56.23413251903491,2.0,0,137,0.0,0.0,10000
GCR_He,min,1,56.23413251903491,2.0,0,138,0.0,0.0,10000
GCR_He,min,1,56.23413251903491,2.0,0,139,0.0,0.0,10000
GCR_He,min,1,56.23413251903491,2.0,0,140,0.0,0.0,10000
GCR_He,min,1,56.23413251903491,2.0,0,141,0.0,0.0,10000
GCR_He,min,1,56.23413251903491,3.0,0,0,0.0,0.0,10000
GCR_He,min,1,56.23413251903491,3.0,0,1,0.0,0.0,10000
GCR_He,min,1,56.23413251903491,3.0,0,2,0.0,0.0,10000
GCR_He,min,1,56.23413251903491,3.0,0,3,0.0,0.0,10000
GCR_He,min,1,56.23413251903491,3.0,0,4,0.0,0.0,10000
GCR_He,min,1,56.23413251903491,3.0,0,5,0.0,0.0,10000
GCR_He,min,1,56.23413251903491,3.0,0,6,0.0,0.0,10000
GCR_He,min,1,56.23413251903491,3.0,0,7,0.0,0.0,10000
GCR_He,min,1,56.23413251903491,3.0,0,8,0.0,0.0,10000
GCR_He,min,1,56.23413251903491,3.0,0,9,0.0,0.0,10000
GCR_He,min,1,56.23413251903491,3.0,0,10,0.0,0.0,10000
GCR_He,min,1,56.23413251903491,3.0,0,11,0.0,0.0,10000
GCR_He,min,1,56.23413251903491,3.0,0,12,0.0,0.0,10000
GCR_He,min,1,56.23413251903491,3.0,0,13,0.0,0.0,10000
GCR_He,min,1,56.23413251903491,3.0,0,14,0.0,0.0,10000
GCR_He,min,1,56.23413251903491,3.0,0,15,0.0,0.0,10000
GCR_He,min,1,56.23413251903491,3.0,0,16,0.0,0.0,10000
GCR_He,min,1,56.23413251903491,3.0,0,17,0.0,0.0,10000
GCR_He,min,1,56.23413251903491,3.0,0,18,0.0,0.0,10000
GCR_He,min,1,56.23413251903491,3.0,0,19,0.0,0.0,10000
GCR_He,min,1,56.23413251903491,3.0,0,20,0.0,0.0,10000
GCR_He,min,1,56.23413251903491,3.0,0,21,0.0,0.0,10000
GCR_He,min,1,56.23413251903491,3.0,0,22,0.0,0.0,10000
GCR_He,min,1,56.23413251903491,3.0,0,23,0.0,0.0,10000
GCR_He,min,1,56.23413251903491,3.0,0,24,0.0,0.0,10000
GCR_He,min,1,56.23413251903491,3.0,0,25,0.0,0.0,10000
GCR_He,min,1,56.23413251903491,3.0,0,26,0.0,0.0,10000
GCR_He,min,1,56.23413251903491,3.0,0,27,0.0,0.0,10000
GCR_He,min,1,56.23413251903491,3.0,0,28,0.0,0.0,10000
GCR_He,min,1,56.23413251903491,3.0,0,29,0.0,0.0,10000
GCR_He,min,1,56.23413251903491,3.0,0,30,0.0,0.0,10000
GCR_He,min,1,56.23413251903491,3.0,0,31,0.0,0.0,10000
GCR_He,min,1,56.23413251903491,3.0,0,32,0.0,0.0,10000
GCR_He,min,1,56.23413251903491,3.0,0,33,0.0,0.0,10000
GCR_He,min,1,56.23413251903491,3.0,0,34,0.0,0.0,10000
GCR_He,min,1,56.23413251903491,3.0,0,35,0.0,0.0,10000
GCR_He,min,1,56.23413251903491,3.0,0,36,0.0,0.0,10000
GCR_He,min,1,56.23413251903491,3.0,0,37,0.0,0.0,10000
GCR_He,min,1,56.23413251903491,3.0,0,38,0.0,0.0,10000
GCR_He,min,1,56.23413251903491,3.0,0,39,0.0,0.0,10000
GCR_He,min,1,56.23413251903491,3.0,0,40,0.0,0.0,10000
GCR_He,min,1,56.23413251903491,3.0,0,41,0.0,0.0,10000
GCR_He,min,1,56.23413251903491,3.0,0,42,0.0,0.0,10000
GCR_He,min,1,56.23413251903491,3.0,0,43,0.0,0.0,10000
GCR_He,min,1,56.23413251903491,3.0,0,44,0.0,0.0,10000
GCR_He,min,1,56.23413251903491,3.0,0,45,0.0,0.0,10000
GCR_He,min,1,56.23413251903491,3.0,0,46,0.0,0.0,10000
GCR_He,min,1,56.23413251903491,3.0,0,47,0.0,0.0,10000
GCR_He,min,1,56.23413251903491,3.0,0,48,0.0,0.0,10000
GCR_He,min,1,56.23413251903491,3.0,0,49,0.0,0.0,10000
GCR_He,min,1,56.23413251903491,3.0,0,50,0.0,0.0,10000
GCR_He,min,1,56.23413251903491,3.0,0,51,0.0,0.0,10000
GCR_He,min,1,56.23413251903491,3.0,0,52,0.0,0.0,10000
GCR_He,min,1,56.23413251903491,3.0,0,53,0.0,0.0,10000
GCR_He,min,1,56.23413251903491,3.0,0,54,0.0,0.0,10000
GCR_He,min,1,56.23413251903491,3.0,0,55,0.0,0.0,10000
GCR_He,min,1,56.23413251903491,3.0,0,56,0.0,0.0,10000
GCR_He,min,1,56.23413251903491,3.0,0,57,0.0,0.0,10000
GCR_He,min,1,56.23413251903491,3.0,0,58,0.0,0.0,10000
GCR_He,min,1,56.23413251903491,3.0,0,59,0.0,0.0,10000
GCR_He,min,1,56.23413251903491,3.0,0,60,0.0,0.0,10000
GCR_He,min,1,56.23413251903491,3.0,0,61,0.0,0.0,10000
GCR_He,min,1,56.23413251903491,3.0,0,62,0.0,0.0,10000
GCR_He,min,1,56.23413251903491,3.0,0,63,0.0,0.0,10000
GCR_He,min,1,56.23413251903491,3.0,0,64,0.0,0.0,10000
GCR_He,min,1,56.23413251903491,3.0,0,65,0.0,0.0,10000
GCR_He,min,1,56.23413251903491,3.0,0,66,0.0,0.0,10000
GCR_He,min,1,56.23413251903491,3.0,0,67,0.0,0.0,10000
GCR_He,min,1,56.23413251903491,3.0,0,68,0.0,0.0,10000
GCR_He,min,1,56.23413251903491,3.0,0,69,0.0,0.0,10000
GCR_He,min,1,56.23413251903491,3.0,0,70,0.0,0.0,10000
GCR_He,min,1,56.23413251903491,3.0,0,71,0.0,0.0,10000
GCR_He,min,1,56.23413251903491,3.0,0,72,0.0,0.0,10000
GCR_He,min,1,56.23413251903491,3.0,0,73,0.0,0.0,10000
GCR_He,min,1,56.23413251903491,3.0,0,74,0.0,0.0,10000
GCR_He,min,1,56.23413251903491,3.0,0,75,0.0,0.0,10000
GCR_He,min,1,56.23413251903491,3.0,0,76,0.0,0.0,10000
GCR_He,min,1,56.23413251903491,3.0,0,77,0.0,0.0,10000
GCR_He,min,1,56.23413251903491,3.0,0,78,0.0,0.0,10000
GCR_He,min,1,56.23413251903491,3.0,0,79,0.0,0.0,10000
GCR_He,min,1,56.23413251903491,3.0,0,80,0.0,0.0,10000
GCR_He,min,1,56.23413251903491,3.0,0,81,0.0,0.0,10000
GCR_He,min,1,56.23413251903491,3.0,0,82,0.0,0.0,10000
GCR_He,min,1,56.23413251903491,3.0,0,83,0.0,0.0,10000
GCR_He,min,1,56.23413251903491,3.0,0,84,0.0,0.0,10000
GCR_He,min,1,56.23413251903491,3.0,0,85,0.0,0.0,10000
GCR_He,min,1,56.23413251903491,3.0,0,86,0.0,0.0,10000
GCR_He,min,1,56.23413251903491,3.0,0,87,0.0,0.0,10000
GCR_He,min,1,56.23413251903491,3.0,0,88,0.0,0.0,10000
GCR_He,min,1,56.23413251903491,3.0,0,89,0.0,0.0,10000
GCR_He,min,1,56.23413251903491,3.0,0,90,0.0,0.0,10000
GCR_He,min,1,56.23413251903491,3.0,0,91,0.0,0.0,10000
GCR_He,min,1,56.23413251903491,3.0,0,92,0.0,0.0,10000
GCR_He,min,1,56.23413251903491,3.0,0,93,0.0,0.0,10000
GCR_He,min,1,56.23413251903491,3.0,0,94,0.0,0.0,10000
GCR_He,min,1,56.23413251903491,3.0,0,95,0.0,0.0,10000
GCR_He,min,1,56.23413251903491,3.0,0,96,0.0,0.0,10000
GCR_He,min,1,56.23413251903491,3.0,0,97,0.0,0.0,10000
GCR_He,min,1,56.23413251903491,3.0,0,98,0.0,0.0,10000
GCR_He,min,1,56.23413251903491,3.0,0,99,0.0,0.0,10000
GCR_He,min,1,56.23413251903491,3.0,0,100,0.0,0.0,10000
GCR_He,min,1,56.23413251903491,3.0,0,101,0.0,0.0,10000
GCR_He,min,1,56.23413251903491,3.0,0,102,0.0,0.0,10000
GCR_He,min,1,56.23413251903491,3.0,0,103,0.0,0.0,10000
GCR_He,min,1,56.23413251903491,3.0,0,104,0.0,0.0,10000
GCR_He,min,1,56.23413251903491,3.0,0,105,0.0,0.0,10000
GCR_He,min,1,56.23413251903491,3.0,0,106,0.0,0.0,10000
GCR_He,min,1,56.23413251903491,3.0,0,107,0.0,0.0,10000
GCR_He,min,1,56.23413251903491,3.0,0,108,0.0,0.0,10000
GCR_He,min,1,56.23413251903491,3.0,0,109,0.0,0.0,10000
GCR_He,min,1,56.23413251903491,3.0,0,110,0.0,0.0,10000
GCR_He,min,1,56.23413251903491,3.0,0,111,0.0,0.0,10000
GCR_He,min,1,56.23413251903491,3.0,0,112,0.0,0.0,10000
GCR_He,min,1,56.23413251903491,3.0,0,113,0.0,0.0,10000
GCR_He,min,1,56.23413251903491,3.0,0,114,0.0,0.0,10000
GCR_He,min,1,56.23413251903491,3.0,0,115,0.0,0.0,10000
GCR_He,min,1,56.23413251903491,3.0,0,116,0.0,0.0,10000
GCR_He,min,1,56.23413251903491,3.0,0,117,0.0,0.0,10000
GCR_He,min,1,56.23413251903491,3.0,0,118,0.0,0.0,10000
GCR_He,min,1,56.23413251903491,3.0,0,119,0.0,0.0,10000
GCR_He,min,1,56.23413251903491,3.0,0,120,0.0,0.0,10000
GCR_He,min,1,56.23413251903491,3.0,0,121,0.0,0.0,10000
GCR_He,min,1,56.23413251903491,3.0,0,122,0.0,0.0,10000
GCR_He,min,1,56.23413251903491,3.0,0,123,0.0,0.0,10000
GCR_He,min,1,56.23413251903491,3.0,0,124,0.0,0.0,10000
GCR_He,min,1,56.23413251903491,3.0,0,125,0.0,0.0,10000
GCR_He,min,1,56.23413251903491,3.0,0,126,0.0,0.0,10000
GCR_He,min,1,56.23413251903491,3.0,0,127,0.0,0.0,10000
GCR_He,min,1,56.23413251903491,3.0,0,128,0.0,0.0,10000
GCR_He,min,1,56.23413251903491,3.0,0,129,0.0,0.0,10000
GCR_He,min,1,56.23413251903491,3.0,0,130,0.0,0.0,10000
GCR_He,min,1,56.23413251903491,3.0,0,131,0.0,0.0,10000
GCR_He,min,1,56.23413251903491,3.0,0,132,0.0,0.0,10000
GCR_He,min,1,56.23413251903491,3.0,0,133,0.0,0.0,10000
GCR_He,min,1,56.23413251903491,3.0,0,134,0.0,0.0,10000
GCR_He,min,1,56.23413251903491,3.0,0,135,0.0,0.0,10000
GCR_He,min,1,56.23413251903491,3.0,0,136,0.0,0.0,10000
GCR_He,min,1,56.23413251903491,3.0,0,137,0.0,0.0,10000
GCR_He,min,1,56.23413251903491,3.0,0,138,0.0,0.0,10000
GCR_He,min,1,56.23413251903491,3.0,0,139,0.0,0.0,10000
GCR_He,min,1,56.23413251903491,3.0,0,140,0.0,0.0,10000
GCR_He,min,1,56.23413251903491,3.0,0,141,0.0,0.0,10000
GCR_He,min,1,56.23413251903491,4.0,0,0,2.6369e-09,0.0,10000
GCR_He,min,1,56.23413251903491,4.0,0,1,0.0,0.0,10000
GCR_He,min,1,56.23413251903491,4.0,0,2,0.0,0.0,10000
GCR_He,min,1,56.23413251903491,4.0,0,3,0.0,0.0,10000
GCR_He,min,1,56.23413251903491,4.0,0,4,0.0,0.0,10000
GCR_He,min,1,56.23413251903491,4.0,0,5,0.0,0.0,10000
GCR_He,min,1,56.23413251903491,4.0,0,6,0.0,0.0,10000
GCR_He,min,1,56.23413251903491,4.0,0,7,0.0,0.0,10000
GCR_He,min,1,56.23413251903491,4.0,0,8,0.0,0.0,10000
GCR_He,min,1,56.23413251903491,4.0,0,9,0.0,0.0,10000
GCR_He,min,1,56.23413251903491,4.0,0,10,7.67912e-15,2.82393e-14,10000
GCR_He,min,1,56.23413251903491,4.0,0,11,0.0,0.0,10000
GCR_He,min,1,56.23413251903491,4.0,0,12,0.0,0.0,10000
GCR_He,min,1,56.23413251903491,4.0,0,13,0.0,0.0,10000
GCR_He,min,1,56.23413251903491,4.0,0,14,0.0,0.0,10000
GCR_He,min,1,56.23413251903491,4.0,0,15,0.0,0.0,10000
GCR_He,min,1,56.23413251903491,4.0,0,16,0.0,0.0,10000
GCR_He,min,1,56.23413251903491,4.0,0,17,0.0,0.0,10000
GCR_He,min,1,56.23413251903491,4.0,0,18,0.0,0.0,10000
GCR_He,min,1,56.23413251903491,4.0,0,19,0.0,0.0,10000
GCR_He,min,1,56.23413251903491,4.0,0,20,0.0,0.0,10000
GCR_He,min,1,56.23413251903491,4.0,0,21,0.0,0.0,10000
GCR_He,min,1,56.23413251903491,4.0,0,22,0.0,0.0,10000
GCR_He,min,1,56.23413251903491,4.0,0,23,0.0,0.0,10000
GCR_He,min,1,56.23413251903491,4.0,0,24,0.0,0.0,10000
GCR_He,min,1,56.23413251903491,4.0,0,25,0.0,0.0,10000
GCR_He,min,1,56.23413251903491,4.0,0,26,0.0,0.0,10000
GCR_He,min,1,56.23413251903491,4.0,0,27,0.0,0.0,10000
GCR_He,min,1,56.23413251903491,4.0,0,28,0.0,0.0,10000
GCR_He,min,1,56.23413251903491,4.0,0,29,0.0,0.0,10000
GCR_He,min,1,56.23413251903491,4.0,0,30,0.0,0.0,10000
GCR_He,min,1,56.23413251903491,4.0,0,31,0.0,0.0,10000
GCR_He,min,1,56.23413251903491,4.0,0,32,0.0,0.0,10000
GCR_He,min,1,56.23413251903491,4.0,0,33,0.0,0.0,10000
GCR_He,min,1,56.23413251903491,4.0,0,34,0.0,0.0,10000
GCR_He,min,1,56.23413251903491,4.0,0,35,0.0,0.0,10000
GCR_He,min,1,56.23413251903491,4.0,0,36,0.0,0.0,10000
GCR_He,min,1,56.23413251903491,4.0,0,37,0.0,0.0,10000
GCR_He,min,1,56.23413251903491,4.0,0,38,0.0,0.0,10000
GCR_He,min,1,56.23413251903491,4.0,0,39,0.0,0.0,10000
GCR_He,min,1,56.23413251903491,4.0,0,40,0.0,0.0,10000
GCR_He,min,1,56.23413251903491,4.0,0,41,3.64078e-15,9.13346e-15,10000
GCR_He,min,1,56.23413251903491,4.0,0,42,8.82219e-15,1.29513e-14,10000
GCR_He,min,1,56.23413251903491,4.0,0,43,0.0,0.0,10000
GCR_He,min,1,56.23413251903491,4.0,0,44,0.0,0.0,10000
GCR_He,min,1,56.23413251903491,4.0,0,45,0.0,0.0,10000
GCR_He,min,1,56.23413251903491,4.0,0,46,0.0,0.0,10000
GCR_He,min,1,56.23413251903491,4.0,0,47,0.0,0.0,10000
GCR_He,min,1,56.23413251903491,4.0,0,48,0.0,0.0,10000
GCR_He,min,1,56.23413251903491,4.0,0,49,0.0,0.0,10000
GCR_He,min,1,56.23413251903491,4.0,0,50,0.0,0.0,10000
GCR_He,min,1,56.23413251903491,4.0,0,51,1.86752e-15,1.00302e-14,10000
GCR_He,min,1,56.23413251903491,4.0,0,52,1.99118e-14,6.59179e-14,10000
GCR_He,min,1,56.23413251903491,4.0,0,53,0.0,0.0,10000
GCR_He,min,1,56.23413251903491,4.0,0,54,0.0,0.0,10000
GCR_He,min,1,56.23413251903491,4.0,0,55,0.0,0.0,10000
GCR_He,min,1,56.23413251903491,4.0,0,56,0.0,0.0,10000
GCR_He,min,1,56.23413251903491,4.0,0,57,0.0,0.0,10000
GCR_He,min,1,56.23413251903491,4.0,0,58,0.0,0.0,10000
GCR_He,min,1,56.23413251903491,4.0,0,59,0.0,0.0,10000
GCR_He,min,1,56.23413251903491,4.0,0,60,0.0,0.0,10000
GCR_He,min,1,56.23413251903491,4.0,0,61,0.0,0.0,10000
GCR_He,min,1,56.23413251903491,4.0,0,62,0.0,0.0,10000
GCR_He,min,1,56.23413251903491,4.0,0,63,0.0,0.0,10000
GCR_He,min,1,56.23413251903491,4.0,0,64,0.0,0.0,10000
GCR_He,min,1,56.23413251903491,4.0,0,65,0.0,0.0,10000
GCR_He,min,1,56.23413251903491,4.0,0,66,0.0,0.0,10000
GCR_He,min,1,56.23413251903491,4.0,0,67,0.0,0.0,10000
GCR_He,min,1,56.23413251903491,4.0,0,68,0.0,0.0,10000
GCR_He,min,1,56.23413251903491,4.0,0,69,0.0,0.0,10000
GCR_He,min,1,56.23413251903491,4.0,0,70,0.0,0.0,10000
GCR_He,min,1,56.23413251903491,4.0,0,71,0.0,0.0,10000
GCR_He,min,1,56.23413251903491,4.0,0,72,0.0,0.0,10000
GCR_He,min,1,56.23413251903491,4.0,0,73,0.0,0.0,10000
GCR_He,min,1,56.23413251903491,4.0,0,74,8.38543e-15,1.29007e-14,10000
GCR_He,min,1,56.23413251903491,4.0,0,75,9.15238e-15,2.61482e-14,10000
GCR_He,min,1,56.23413251903491,4.0,0,76,0.0,0.0,10000
GCR_He,min,1,56.23413251903491,4.0,0,77,0.0,0.0,10000
GCR_He,min,1,56.23413251903491,4.0,0,78,0.0,0.0,10000
GCR_He,min,1,56.23413251903491,4.0,0,79,0.0,0.0,10000
GCR_He,min,1,56.23413251903491,4.0,0,80,0.0,0.0,10000
GCR_He,min,1,56.23413251903491,4.0,0,81,0.0,0.0,10000
GCR_He,min,1,56.23413251903491,4.0,0,82,0.0,0.0,10000
GCR_He,min,1,56.23413251903491,4.0,0,83,0.0,0.0,10000
GCR_He,min,1,56.23413251903491,4.0,0,84,0.0,0.0,10000
GCR_He,min,1,56.23413251903491,4.0,0,85,0.0,0.0,10000
GCR_He,min,1,56.23413251903491,4.0,0,86,0.0,0.0,10000
GCR_He,min,1,56.23413251903491,4.0,0,87,0.0,0.0,10000
GCR_He,min,1,56.23413251903491,4.0,0,88,0.0,0.0,10000
GCR_He,min,1,56.23413251903491,4.0,0,89,0.0,0.0,10000
GCR_He,min,1,56.23413251903491,4.0,0,90,0.0,0.0,10000
GCR_He,min,1,56.23413251903491,4.0,0,91,0.0,0.0,10000
GCR_He,min,1,56.23413251903491,4.0,0,92,0.0,0.0,10000
GCR_He,min,1,56.23413251903491,4.0,0,93,0.0,0.0,10000
GCR_He,min,1,56.23413251903491,4.0,0,94,0.0,0.0,10000
GCR_He,min,1,56.23413251903491,4.0,0,95,2.32545e-14,1.29191e-14,10000
GCR_He,min,1,56.23413251903491,4.0,0,96,0.0,0.0,10000
GCR_He,min,1,56.23413251903491,4.0,0,97,0.0,0.0,10000
GCR_He,min,1,56.23413251903491,4.0,0,98,0.0,0.0,10000
GCR_He,min,1,56.23413251903491,4.0,0,99,0.0,0.0,10000
GCR_He,min,1,56.23413251903491,4.0,0,100,0.0,0.0,10000
GCR_He,min,1,56.23413251903491,4.0,0,101,0.0,0.0,10000
GCR_He,min,1,56.23413251903491,4.0,0,102,0.0,0.0,10000
GCR_He,min,1,56.23413251903491,4.0,0,103,0.0,0.0,10000
GCR_He,min,1,56.23413251903491,4.0,0,104,0.0,0.0,10000
GCR_He,min,1,56.23413251903491,4.0,0,105,0.0,0.0,10000
GCR_He,min,1,56.23413251903491,4.0,0,106,0.0,0.0,10000
GCR_He,min,1,56.23413251903491,4.0,0,107,4.63547e-14,3.08891e-15,10000
GCR_He,min,1,56.23413251903491,4.0,0,108,0.0,0.0,10000
GCR_He,min,1,56.23413251903491,4.0,0,109,0.0,0.0,10000
GCR_He,min,1,56.23413251903491,4.0,0,110,0.0,0.0,10000
GCR_He,min,1,56.23413251903491,4.0,0,111,0.0,0.0,10000
GCR_He,min,1,56.23413251903491,4.0,0,112,0.0,0.0,10000
GCR_He,min,1,56.23413251903491,4.0,0,113,0.0,0.0,10000
GCR_He,min,1,56.23413251903491,4.0,0,114,0.0,0.0,10000
GCR_He,min,1,56.23413251903491,4.0,0,115,0.0,0.0,10000
GCR_He,min,1,56.23413251903491,4.0,0,116,0.0,0.0,10000
GCR_He,min,1,56.23413251903491,4.0,0,117,6.245e-14,5.04849e-15,10000
GCR_He,min,1,56.23413251903491,4.0,0,118,0.0,0.0,10000
GCR_He,min,1,56.23413251903491,4.0,0,119,0.0,0.0,10000
GCR_He,min,1,56.23413251903491,4.0,0,120,0.0,0.0,10000
GCR_He,min,1,56.23413251903491,4.0,0,121,0.0,0.0,10000
GCR_He,min,1,56.23413251903491,4.0,0,122,0.0,0.0,10000
GCR_He,min,1,56.23413251903491,4.0,0,123,4.76573e-15,3.25259e-15,10000
GCR_He,min,1,56.23413251903491,4.0,0,124,0.0,0.0,10000
GCR_He,min,1,56.23413251903491,4.0,0,125,0.0,0.0,10000
GCR_He,min,1,56.23413251903491,4.0,0,126,0.0,0.0,10000
GCR_He,min,1,56.23413251903491,4.0,0,127,0.0,0.0,10000
GCR_He,min,1,56.23413251903491,4.0,0,128,0.0,0.0,10000
GCR_He,min,1,56.23413251903491,4.0,0,129,0.0,0.0,10000
GCR_He,min,1,56.23413251903491,4.0,0,130,0.0,0.0,10000
GCR_He,min,1,56.23413251903491,4.0,0,131,0.0,0.0,10000
GCR_He,min,1,56.23413251903491,4.0,0,132,0.0,0.0,10000
GCR_He,min,1,56.23413251903491,4.0,0,133,0.0,0.0,10000
GCR_He,min,1,56.23413251903491,4.0,0,134,0.0,0.0,10000
GCR_He,min,1,56.23413251903491,4.0,0,135,0.0,0.0,10000
GCR_He,min,1,56.23413251903491,4.0,0,136,0.0,0.0,10000
GCR_He,min,1,56.23413251903491,4.0,0,137,0.0,0.0,10000
GCR_He,min,1,56.23413251903491,4.0,0,138,0.0,0.0,10000
GCR_He,min,1,56.23413251903491,4.0,0,139,0.0,0.0,10000
GCR_He,min,1,56.23413251903491,4.0,0,140,0.0,0.0,10000
GCR_He,min,1,56.23413251903491,4.0,0,141,0.0,0.0,10000
GCR_He,min,2,177.82794100389228,2.0,0,0,5.09374e-10,0.0,10000
GCR_He,min,2,177.82794100389228,2.0,0,1,0.0,0.0,10000
GCR_He,min,2,177.82794100389228,2.0,0,2,0.0,0.0,10000
GCR_He,min,2,177.82794100389228,2.0,0,3,2.70614e-15,2.45344e-13,10000
GCR_He,min,2,177.82794100389228,2.0,0,4,0.0,0.0,10000
GCR_He,min,2,177.82794100389228,2.0,0,5,0.0,0.0,10000
GCR_He,min,2,177.82794100389228,2.0,0,6,4.7636e-16,9.34038e-14,10000
GCR_He,min,2,177.82794100389228,2.0,0,7,0.0,0.0,10000
GCR_He,min,2,177.82794100389228,2.0,0,8,6.50935e-16,9.81654e-15,10000
GCR_He,min,2,177.82794100389228,2.0,0,9,0.0,0.0,10000
GCR_He,min,2,177.82794100389228,2.0,0,10,1.64897e-14,6.06396e-14,10000
GCR_He,min,2,177.82794100389228,2.0,0,11,7.27645e-16,4.62879e-14,10000
GCR_He,min,2,177.82794100389228,2.0,0,12,3.95203e-15,4.75919e-14,10000
GCR_He,min,2,177.82794100389228,2.0,0,13,7.04156e-15,5.20594e-14,10000
GCR_He,min,2,177.82794100389228,2.0,0,14,0.0,0.0,10000
GCR_He,min,2,177.82794100389228,2.0,0,15,8.82053e-16,2.63457e-14,10000
GCR_He,min,2,177.82794100389228,2.0,0,16,9.9708e-16,7.78786e-15,10000
GCR_He,min,2,177.82794100389228,2.0,0,17,0.0,0.0,10000
GCR_He,min,2,177.82794100389228,2.0,0,18,0.0,0.0,10000
GCR_He,min,2,177.82794100389228,2.0,0,19,1.16647e-14,4.30749e-14,10000
GCR_He,min,2,177.82794100389228,2.0,0,20,2.44338e-14,1.34318e-13,10000
GCR_He,min,2,177.82794100389228,2.0,0,21,0.0,0.0,10000
GCR_He,min,2,177.82794100389228,2.0,0,22,0.0,0.0,10000
GCR_He,min,2,177.82794100389228,2.0,0,23,0.0,0.0,10000
GCR_He,min,2,177.82794100389228,2.0,0,24,0.0,0.0,10000
GCR_He,min,2,177.82794100389228,2.0,0,25,0.0,0.0,10000
GCR_He,min,2,177.82794100389228,2.0,0,26,6.2243e-15,1.10585e-14,10000
GCR_He,min,2,177.82794100389228,2.0,0,27,8.89513e-15,1.97205e-14,10000
GCR_He,min,2,177.82794100389228,2.0,0,28,4.60502e-15,1.75979e-14,10000
GCR_He,min,2,177.82794100389228,2.0,0,29,4.7889e-16,1.01449e-15,10000
GCR_He,min,2,177.82794100389228,2.0,0,30,3.57524e-16,1.38683e-14,10000
GCR_He,min,2,177.82794100389228,2.0,0,31,7.12169e-15,2.4216e-14,10000
GCR_He,min,2,177.82794100389228,2.0,0,32,1.4617e-14,3.33288e-14,10000
GCR_He,min,2,177.82794100389228,2.0,0,33,9.91192e-15,1.22536e-13,10000
GCR_He,min,2,177.82794100389228,2.0,0,34,2.40043e-14,4.5176e-14,10000
GCR_He,min,2,177.82794100389228,2.0,0,35,6.13818e-14,8.41561e-14,10000
GCR_He,min,2,177.82794100389228,2.0,0,36,7.32222e-15,9.30751e-14,10000
GCR_He,min,2,177.82794100389228,2.0,0,37,4.45578e-15,1.91597e-14,10000
GCR_He,min,2,177.82794100389228,2.0,0,38,4.03231e-14,7.94106e-14,10000
GCR_He,min,2,177.82794100389228,2.0,0,39,0.0,0.0,10000
GCR_He,min,2,177.82794100389228,2.0,0,40,0.0,0.0,10000
GCR_He,min,2,177.82794100389228,2.0,0,41,7.67127e-15,1.92446e-14,10000
GCR_He,min,2,177.82794100389228,2.0,0,42,1.60105e-14,2.35041e-14,10000
GCR_He,min,2,177.82794100389228,2.0,0,43,8.18263e-15,2.24083e-14,10000
GCR_He,min,2,177.82794100389228,2.0,0,44,1.96858e-14,3.78529e-14,10000
GCR_He,min,2,177.82794100389228,2.0,0,45,2.69226e-15,1.2175e-14,10000
GCR_He,min,2,177.82794100389228,2.0,0,46,8.02588e-16,4.17558e-15,10000
GCR_He,min,2,177.82794100389228,2.0,0,47,0.0,0.0,10000
GCR_He,min,2,177.82794100389228,2.0,0,48,0.0,0.0,10000
GCR_He,min,2,177.82794100389228,2.0,0,49,7.75421e-15,2.70577e-14,10000
GCR_He,min,2,177.82794100389228,2.0,0,50,1.64195e-14,4.89636e-14,10000
GCR_He,min,2,177.82794100389228,2.0,0,51,1.44554e-15,7.76379e-15,10000
GCR_He,min,2,177.82794100389228,2.0,0,52,1.81467e-14,6.00744e-14,10000
GCR_He,min,2,177.82794100389228,2.0,0,53,5.43879e-15,4.97921e-14,10000
GCR_He,min,2,177.82794100389228,2.0,0,54,5.49185e-15,3.16515e-14,10000
GCR_He,min,2,177.82794100389228,2.0,0,55,0.0,0.0,10000
GCR_He,min,2,177.82794100389228,2.0,0,56,5.84034e-16,1.03718e-14,10000
GCR_He,min,2,177.82794100389228,2.0,0,57,0.0,0.0,10000
GCR_He,min,2,177.82794100389228,2.0,0,58,3.57463e-15,4.03138e-14,10000
GCR_He,min,2,177.82794100389228,2.0,0,59,0.0,0.0,10000
GCR_He,min,2,177.82794100389228,2.0,0,60,1.80501e-15,5.19726e-14,10000
GCR_He,min,2,177.82794100389228,2.0,0,61,1.46985e-14,1.01369e-14,10000
GCR_He,min,2,177.82794100389228,2.0,0,62,0.0,0.0,10000
GCR_He,min,2,177.82794100389228,2.0,0,63,0.0,0.0,10000
GCR_He,min,2,177.82794100389228,2.0,0,64,0.0,0.0,10000
GCR_He,min,2,177.82794100389228,2.0,0,65,0.0,0.0,10000
GCR_He,min,2,177.82794100389228,2.0,0,66,0.0,0.0,10000
GCR_He,min,2,177.82794100389228,2.0,0,67,0.0,0.0,10000
GCR_He,min,2,177.82794100389228,2.0,0,68,0.0,0.0,10000
GCR_He,min,2,177.82794100389228,2.0,0,69,0.0,0.0,10000
GCR_He,min,2,177.82794100389228,2.0,0,70,0.0,0.0,10000
GCR_He,min,2,177.82794100389228,2.0,0,71,0.0,0.0,10000
GCR_He,min,2,177.82794100389228,2.0,0,72,4.721e-15,3.14754e-14,10000
GCR_He,min,2,177.82794100389228,2.0,0,73,2.40656e-14,9.62586e-14,10000
GCR_He,min,2,177.82794100389228,2.0,0,74,2.98751e-14,4.59617e-14,10000
GCR_He,min,2,177.82794100389228,2.0,0,75,2.65764e-14,7.59283e-14,10000
GCR_He,min,2,177.82794100389228,2.0,0,76,1.14296e-15,1.2701e-14,10000
GCR_He,min,2,177.82794100389228,2.0,0,77,0.0,0.0,10000
GCR_He,min,2,177.82794100389228,2.0,0,78,1.99212e-15,3.32021e-14,10000
GCR_He,min,2,177.82794100389228,2.0,0,79,7.29549e-15,7.67946e-14,10000
GCR_He,min,2,177.82794100389228,2.0,0,80,1.30838e-14,2.18063e-13,10000
GCR_He,min,2,177.82794100389228,2.0,0,81,1.14947e-14,2.87295e-13,10000
GCR_He,min,2,177.82794100389228,2.0,0,82,1.96934e-15,2.1884e-14,10000
GCR_He,min,2,177.82794100389228,2.0,0,83,0.0,0.0,10000
GCR_He,min,2,177.82794100389228,2.0,0,84,0.0,0.0,10000
GCR_He,min,2,177.82794100389228,2.0,0,85,0.0,0.0,10000
GCR_He,min,2,177.82794100389228,2.0,0,86,0.0,0.0,10000
GCR_He,min,2,177.82794100389228,2.0,0,87,1.64791e-14,4.99396e-14,10000
GCR_He,min,2,177.82794100389228,2.0,0,88,3.57271e-14,7.00519e-14,10000
GCR_He,min,2,177.82794100389228,2.0,0,89,5.5275e-15,5.1601e-14,10000
GCR_He,min,2,177.82794100389228,2.0,0,90,0.0,0.0,10000
GCR_He,min,2,177.82794100389228,2.0,0,91,0.0,0.0,10000
GCR_He,min,2,177.82794100389228,2.0,0,92,7.67367e-15,6.98114e-14,10000
GCR_He,min,2,177.82794100389228,2.0,0,93,0.0,0.0,10000
GCR_He,min,2,177.82794100389228,2.0,0,94,0.0,0.0,10000
GCR_He,min,2,177.82794100389228,2.0,0,95,1.52727e-14,8.48478e-15,10000
GCR_He,min,2,177.82794100389228,2.0,0,96,7.82982e-15,9.90991e-14,10000
GCR_He,min,2,177.82794100389228,2.0,0,97,4.98426e-14,1.0433e-13,10000
GCR_He,min,2,177.82794100389228,2.0,0,98,7.67822e-17,1.07328e-15,10000
GCR_He,min,2,177.82794100389228,2.0,0,99,1.2018e-15,2.07179e-15,10000
GCR_He,min,2,177.82794100389228,2.0,0,100,0.0,0.0,10000
GCR_He,min,2,177.82794100389228,2.0,0,101,0.0,0.0,10000
GCR_He,min,2,177.82794100389228,2.0,0,102,0.0,0.0,10000
GCR_He,min,2,177.82794100389228,2.0,0,103,4.33162e-15,4.14907e-14,10000
GCR_He,min,2,177.82794100389228,2.0,0,104,0.0,0.0,10000
GCR_He,min,2,177.82794100389228,2.0,0,105,0.0,0.0,10000
GCR_He,min,2,177.82794100389228,2.0,0,106,4.62328e-14,3.79639e-14,10000
GCR_He,min,2,177.82794100389228,2.0,0,107,4.80744e-13,3.2035e-14,10000
GCR_He,min,2,177.82794100389228,2.0,0,108,1.13342e-13,4.12073e-14,10000
GCR_He,min,2,177.82794100389228,2.0,0,109,4.58634e-13,4.57492e-14,10000
GCR_He,min,2,177.82794100389228,2.0,0,110,4.01657e-15,1.00389e-13,10000
GCR_He,min,2,177.82794100389228,2.0,0,111,0.0,0.0,10000
GCR_He,min,2,177.82794100389228,2.0,0,112,0.0,0.0,10000
GCR_He,min,2,177.82794100389228,2.0,0,113,1.79245e-15,1.28032e-14,10000
GCR_He,min,2,177.82794100389228,2.0,0,114,0.0,0.0,10000
GCR_He,min,2,177.82794100389228,2.0,0,115,0.0,0.0,10000
GCR_He,min,2,177.82794100389228,2.0,0,116,4.32183e-14,4.12188e-14,10000
GCR_He,min,2,177.82794100389228,2.0,0,117,6.43106e-13,5.1989e-14,10000
GCR_He,min,2,177.82794100389228,2.0,0,118,7.15077e-14,4.35102e-14,10000
GCR_He,min,2,177.82794100389228,2.0,0,119,2.66837e-13,4.94466e-14,10000
GCR_He,min,2,177.82794100389228,2.0,0,120,8.58436e-15,2.02033e-13,10000
GCR_He,min,2,177.82794100389228,2.0,0,121,0.0,0.0,10000
GCR_He,min,2,177.82794100389228,2.0,0,122,1.52704e-14,5.24144e-14,10000
GCR_He,min,2,177.82794100389228,2.0,0,123,4.86428e-14,3.31985e-14,10000
GCR_He,min,2,177.82794100389228,2.0,0,124,2.62485e-14,4.10756e-14,10000
GCR_He,min,2,177.82794100389228,2.0,0,125,6.73994e-14,5.05838e-14,10000
GCR_He,min,2,177.82794100389228,2.0,0,126,2.01018e-15,5.4893e-14,10000
GCR_He,min,2,177.82794100389228,2.0,0,127,6.45808e-15,4.30567e-14,10000
GCR_He,min,2,177.82794100389228,2.0,0,128,0.0,0.0,10000
GCR_He,min,2,177.82794100389228,2.0,0,129,0.0,0.0,10000
GCR_He,min,2,177.82794100389228,2.0,0,130,0.0,0.0,10000
GCR_He,min,2,177.82794100389228,2.0,0,131,0.0,0.0,10000
GCR_He,min,2,177.82794100389228,2.0,0,132,0.0,0.0,10000
GCR_He,min,2,177.82794100389228,2.0,0,133,0.0,0.0,10000
GCR_He,min,2,177.82794100389228,2.0,0,134,0.0,0.0,10000
GCR_He,min,2,177.82794100389228,2.0,0,135,1.78325e-16,2.09547e-14,10000
GCR_He,min,2,177.82794100389228,2.0,0,136,0.0,0.0,10000
GCR_He,min,2,177.82794100389228,2.0,0,137,0.0,0.0,10000
GCR_He,min,2,177.82794100389228,2.0,0,138,0.0,0.0,10000
GCR_He,min,2,177.82794100389228,2.0,0,139,0.0,0.0,10000
GCR_He,min,2,177.82794100389228,2.0,0,140,0.0,0.0,10000
GCR_He,min,2,177.82794100389228,2.0,0,141,0.0,0.0,10000
GCR_He,min,2,177.82794100389228,3.0,0,0,4.04809e-09,0.0,10000
GCR_He,min,2,177.82794100389228,3.0,0,1,0.0,0.0,10000
GCR_He,min,2,177.82794100389228,3.0,0,2,5.15704e-16,7.3672e-14,10000
GCR_He,min,2,177.82794100389228,3.0,0,3,0.0,0.0,10000
GCR_He,min,2,177.82794100389228,3.0,0,4,0.0,0.0,10000
GCR_He,min,2,177.82794100389228,3.0,0,5,0.0,0.0,10000
GCR_He,min,2,177.82794100389228,3.0,0,6,0.0,0.0,10000
GCR_He,min,2,177.82794100389228,3.0,0,7,0.0,0.0,10000
GCR_He,min,2,177.82794100389228,3.0,0,8,9.08045e-16,1.36939e-14,10000
GCR_He,min,2,177.82794100389228,3.0,0,9,0.0,0.0,10000
GCR_He,min,2,177.82794100389228,3.0,0,10,1.59523e-14,5.86632e-14,10000
GCR_He,min,2,177.82794100389228,3.0,0,11,8.2785e-16,5.26622e-14,10000
GCR_He,min,2,177.82794100389228,3.0,0,12,3.47458e-15,4.18422e-14,10000
GCR_He,min,2,177.82794100389228,3.0,0,13,7.52452e-15,5.563e-14,10000
GCR_He,min,2,177.82794100389228,3.0,0,14,9.81273e-15,5.3082e-14,10000
GCR_He,min,2,177.82794100389228,3.0,0,15,9.63539e-15,2.87795e-13,10000
GCR_He,min,2,177.82794100389228,3.0,0,16,2.19247e-14,1.71247e-13,10000
GCR_He,min,2,177.82794100389228,3.0,0,17,2.22594e-15,3.72667e-14,10000
GCR_He,min,2,177.82794100389228,3.0,0,18,2.80599e-14,7.5572e-13,10000
GCR_He,min,2,177.82794100389228,3.0,0,19,4.94953e-15,1.82775e-14,10000
GCR_He,min,2,177.82794100389228,3.0,0,20,2.08899e-15,1.14837e-14,10000
GCR_He,min,2,177.82794100389228,3.0,0,21,3.10121e-15,1.36798e-13,10000
GCR_He,min,2,177.82794100389228,3.0,0,22,0.0,0.0,10000
GCR_He,min,2,177.82794100389228,3.0,0,23,0.0,0.0,10000
GCR_He,min,2,177.82794100389228,3.0,0,24,0.0,0.0,10000
GCR_He,min,2,177.82794100389228,3.0,0,25,0.0,0.0,10000
GCR_He,min,2,177.82794100389228,3.0,0,26,1.29933e-14,2.30849e-14,10000
GCR_He,min,2,177.82794100389228,3.0,0,27,1.50571e-14,3.33817e-14,10000
GCR_He,min,2,177.82794100389228,3.0,0,28,7.36543e-15,2.81467e-14,10000
GCR_He,min,2,177.82794100389228,3.0,0,29,6.99322e-14,1.48146e-13,10000
GCR_He,min,2,177.82794100389228,3.0,0,30,0.0,0.0,10000
GCR_He,min,2,177.82794100389228,3.0,0,31,1.75614e-14,5.97143e-14,10000
GCR_He,min,2,177.82794100389228,3.0,0,32,6.11998e-14,1.39544e-13,10000
GCR_He,min,2,177.82794100389228,3.0,0,33,9.12627e-15,1.12823e-13,10000
GCR_He,min,2,177.82794100389228,3.0,0,34,1.55631e-14,2.92898e-14,10000
GCR_He,min,2,177.82794100389228,3.0,0,35,7.24707e-14,9.93593e-14,10000
GCR_He,min,2,177.82794100389228,3.0,0,36,0.0,0.0,10000
GCR_He,min,2,177.82794100389228,3.0,0,37,3.13321e-15,1.34727e-14,10000
GCR_He,min,2,177.82794100389228,3.0,0,38,1.63952e-14,3.22881e-14,10000
GCR_He,min,2,177.82794100389228,3.0,0,39,2.11253e-15,2.77526e-14,10000
GCR_He,min,2,177.82794100389228,3.0,0,40,8.61897e-16,1.1663e-14,10000
GCR_He,min,2,177.82794100389228,3.0,0,41,1.38771e-14,3.48128e-14,10000
GCR_He,min,2,177.82794100389228,3.0,0,42,1.39327e-13,2.04538e-13,10000
GCR_He,min,2,177.82794100389228,3.0,0,43,3.19029e-15,8.73669e-15,10000
GCR_He,min,2,177.82794100389228,3.0,0,44,1.10554e-14,2.12579e-14,10000
GCR_He,min,2,177.82794100389228,3.0,0,45,5.18385e-15,2.34425e-14,10000
GCR_He,min,2,177.82794100389228,3.0,0,46,4.75693e-15,2.47486e-14,10000
GCR_He,min,2,177.82794100389228,3.0,0,47,5.63453e-16,5.47467e-15,10000
GCR_He,min,2,177.82794100389228,3.0,0,48,0.0,0.0,10000
GCR_He,min,2,177.82794100389228,3.0,0,49,1.12192e-14,3.91486e-14,10000
GCR_He,min,2,177.82794100389228,3.0,0,50,2.39302e-14,7.1361e-14,10000
GCR_He,min,2,177.82794100389228,3.0,0,51,5.891e-15,3.16397e-14,10000
GCR_He,min,2,177.82794100389228,3.0,0,52,1.62683e-14,5.38562e-14,10000
GCR_He,min,2,177.82794100389228,3.0,0,53,7.60779e-16,6.96493e-15,10000
GCR_He,min,2,177.82794100389228,3.0,0,54,8.09743e-15,4.66684e-14,10000
GCR_He,min,2,177.82794100389228,3.0,0,55,0.0,0.0,10000
GCR_He,min,2,177.82794100389228,3.0,0,56,8.53026e-15,1.51488e-13,10000
GCR_He,min,2,177.82794100389228,3.0,0,57,5.6564e-16,3.54411e-14,10000
GCR_He,min,2,177.82794100389228,3.0,0,58,2.11161e-14,2.38143e-13,10000
GCR_He,min,2,177.82794100389228,3.0,0,59,0.0,0.0,10000
GCR_He,min,2,177.82794100389228,3.0,0,60,2.65701e-15,7.65046e-14,10000
GCR_He,min,2,177.82794100389228,3.0,0,61,7.32413e-14,5.05112e-14,10000
GCR_He,min,2,177.82794100389228,3.0,0,62,0.0,0.0,10000
GCR_He,min,2,177.82794100389228,3.0,0,63,0.0,0.0,10000
GCR_He,min,2,177.82794100389228,3.0,0,64,0.0,0.0,10000
GCR_He,min,2,177.82794100389228,3.0,0,65,0.0,0.0,10000
GCR_He,min,2,177.82794100389228,3.0,0,66,0.0,0.0,10000
GCR_He,min,2,177.82794100389228,3.0,0,67,0.0,0.0,10000
GCR_He,min,2,177.82794100389228,3.0,0,68,0.0,0.0,10000
GCR_He,min,2,177.82794100389228,3.0,0,69,3.57559e-15,4.87803e-13,10000
GCR_He,min,2,177.82794100389228,3.0,0,70,4.26448e-15,3.06356e-13,10000
GCR_He,min,2,177.82794100389228,3.0,0,71,8.74627e-15,1.61728e-13,10000
GCR_He,min,2,177.82794100389228,3.0,0,72,1.1303e-14,7.53585e-14,10000
GCR_He,min,2,177.82794100389228,3.0,0,73,1.85763e-14,7.43023e-14,10000
GCR_He,min,2,177.82794100389228,3.0,0,74,5.2226e-14,8.03476e-14,10000
GCR_He,min,2,177.82794100389228,3.0,0,75,2.71268e-14,7.75008e-14,10000
GCR_He,min,2,177.82794100389228,3.0,0,76,3.99604e-15,4.44054e-14,10000
GCR_He,min,2,177.82794100389228,3.0,0,77,3.02718e-15,5.50197e-14,10000
GCR_He,min,2,177.82794100389228,3.0,0,78,5.74809e-15,9.58014e-14,10000
GCR_He,min,2,177.82794100389228,3.0,0,79,2.26213e-14,2.38119e-13,10000
GCR_He,min,2,177.82794100389228,3.0,0,80,5.38925e-15,8.98208e-14,10000
GCR_He,min,2,177.82794100389228,3.0,0,81,4.76739e-15,1.19155e-13,10000
GCR_He,min,2,177.82794100389228,3.0,0,82,2.883e-15,3.20369e-14,10000
GCR_He,min,2,177.82794100389228,3.0,0,83,0.0,0.0,10000
GCR_He,min,2,177.82794100389228,3.0,0,84,0.0,0.0,10000
GCR_He,min,2,177.82794100389228,3.0,0,85,0.0,0.0,10000
GCR_He,min,2,177.82794100389228,3.0,0,86,5.81427e-15,1.93938e-13,10000
GCR_He,min,2,177.82794100389228,3.0,0,87,1.70427e-15,5.16478e-15,10000
GCR_He,min,2,177.82794100389228,3.0,0,88,3.74487e-16,7.34274e-16,10000
GCR_He,min,2,177.82794100389228,3.0,0,89,0.0,0.0,10000
GCR_He,min,2,177.82794100389228,3.0,0,90,0.0,0.0,10000
GCR_He,min,2,177.82794100389228,3.0,0,91,0.0,0.0,10000
GCR_He,min,2,177.82794100389228,3.0,0,92,1.03181e-14,9.38696e-14,10000
GCR_He,min,2,177.82794100389228,3.0,0,93,9.11651e-15,2.32268e-13,10000
GCR_He,min,2,177.82794100389228,3.0,0,94,2.858e-15,3.63152e-13,10000
GCR_He,min,2,177.82794100389228,3.0,0,95,1.28702e-13,7.15007e-14,10000
GCR_He,min,2,177.82794100389228,3.0,0,96,7.91953e-16,1.00235e-14,10000
GCR_He,min,2,177.82794100389228,3.0,0,97,2.12514e-14,4.44831e-14,10000
GCR_He,min,2,177.82794100389228,3.0,0,98,2.30864e-15,3.22706e-14,10000
GCR_He,min,2,177.82794100389228,3.0,0,99,7.61967e-14,1.31356e-13,10000
GCR_He,min,2,177.82794100389228,3.0,0,100,0.0,0.0,10000
GCR_He,min,2,177.82794100389228,3.0,0,101,0.0,0.0,10000
GCR_He,min,2,177.82794100389228,3.0,0,102,0.0,0.0,10000
GCR_He,min,2,177.82794100389228,3.0,0,103,5.13755e-15,4.92103e-14,10000
GCR_He,min,2,177.82794100389228,3.0,0,104,5.91369e-16,7.55261e-14,10000
GCR_He,min,2,177.82794100389228,3.0,0,105,5.74203e-17,5.173e-15,10000
GCR_He,min,2,177.82794100389228,3.0,0,106,4.24738e-14,3.48772e-14,10000
GCR_He,min,2,177.82794100389228,3.0,0,107,8.62986e-13,5.75063e-14,10000
GCR_He,min,2,177.82794100389228,3.0,0,108,2.64909e-13,9.63119e-14,10000
GCR_He,min,2,177.82794100389228,3.0,0,109,4.08272e-13,4.07256e-14,10000
GCR_He,min,2,177.82794100389228,3.0,0,110,1.20015e-15,2.99964e-14,10000
GCR_He,min,2,177.82794100389228,3.0,0,111,0.0,0.0,10000
GCR_He,min,2,177.82794100389228,3.0,0,112,0.0,0.0,10000
GCR_He,min,2,177.82794100389228,3.0,0,113,8.09722e-15,5.78373e-14,10000
GCR_He,min,2,177.82794100389228,3.0,0,114,0.0,0.0,10000
GCR_He,min,2,177.82794100389228,3.0,0,115,0.0,0.0,10000
GCR_He,min,2,177.82794100389228,3.0,0,116,2.95363e-14,2.81698e-14,10000
GCR_He,min,2,177.82794100389228,3.0,0,117,7.06996e-13,5.71539e-14,10000
GCR_He,min,2,177.82794100389228,3.0,0,118,1.24743e-13,7.59022e-14,10000
GCR_He,min,2,177.82794100389228,3.0,0,119,1.63908e-13,3.03732e-14,10000
GCR_He,min,2,177.82794100389228,3.0,0,120,0.0,0.0,10000
GCR_He,min,2,177.82794100389228,3.0,0,121,0.0,0.0,10000
GCR_He,min,2,177.82794100389228,3.0,0,122,9.41641e-15,3.2321e-14,10000
GCR_He,min,2,177.82794100389228,3.0,0,123,6.21465e-14,4.24148e-14,10000
GCR_He,min,2,177.82794100389228,3.0,0,124,3.39184e-14,5.3078e-14,10000
GCR_He,min,2,177.82794100389228,3.0,0,125,4.63485e-14,3.4785e-14,10000
GCR_He,min,2,177.82794100389228,3.0,0,126,1.13143e-14,3.08966e-13,10000
GCR_He,min,2,177.82794100389228,3.0,0,127,5.81296e-15,3.87556e-14,10000
GCR_He,min,2,177.82794100389228,3.0,0,128,0.0,0.0,10000
GCR_He,min,2,177.82794100389228,3.0,0,129,0.0,0.0,10000
GCR_He,min,2,177.82794100389228,3.0,0,130,0.0,0.0,10000
GCR_He,min,2,177.82794100389228,3.0,0,131,0.0,0.0,10000
GCR_He,min,2,177.82794100389228,3.0,0,132,0.0,0.0,10000
GCR_He,min,2,177.82794100389228,3.0,0,133,0.0,0.0,10000
GCR_He,min,2,177.82794100389228,3.0,0,134,0.0,0.0,10000
GCR_He,min,2,177.82794100389228,3.0,0,135,3.05959e-15,3.59529e-13,10000
GCR_He,min,2,177.82794100389228,3.0,0,136,1.8012e-15,2.4048e-13,10000
GCR_He,min,2,177.82794100389228,3.0,0,137,1.40406e-15,2.80755e-14,10000
GCR_He,min,2,177.82794100389228,3.0,0,138,2.42235e-15,1.21118e-14,10000
GCR_He,min,2,177.82794100389228,3.0,0,139,0.0,0.0,10000
GCR_He,min,2,177.82794100389228,3.0,0,140,5.74768e-15,2.87384e-11,10000
GCR_He,min,2,177.82794100389228,3.0,0,141,0.0,0.0,10000
GCR_He,min,2,177.82794100389228,4.0,0,0,2.8559e-09,0.0,10000
GCR_He,min,2,177.82794100389228,4.0,0,1,0.0,0.0,10000
GCR_He,min,2,177.82794100389228,4.0,0,2,0.0,0.0,10000
GCR_He,min,2,177.82794100389228,4.0,0,3,0.0,0.0,10000
GCR_He,min,2,177.82794100389228,4.0,0,4,2.5268e-15,8.89403e-14,10000
GCR_He,min,2,177.82794100389228,4.0,0,5,0.0,0.0,10000
GCR_He,min,2,177.82794100389228,4.0,0,6,0.0,0.0,10000
GCR_He,min,2,177.82794100389228,4.0,0,7,0.0,0.0,10000
GCR_He,min,2,177.82794100389228,4.0,0,8,0.0,0.0,10000
GCR_He,min,2,177.82794100389228,4.0,0,9,0.0,0.0,10000
GCR_He,min,2,177.82794100389228,4.0,0,10,8.64186e-15,3.17797e-14,10000
GCR_He,min,2,177.82794100389228,4.0,0,11,0.0,0.0,10000
GCR_He,min,2,177.82794100389228,4.0,0,12,1.43404e-15,1.72693e-14,10000
GCR_He,min,2,177.82794100389228,4.0,0,13,0.0,0.0,10000
GCR_He,min,2,177.82794100389228,4.0,0,14,0.0,0.0,10000
GCR_He,min,2,177.82794100389228,4.0,0,15,0.0,0.0,10000
GCR_He,min,2,177.82794100389228,4.0,0,16,4.8653e-15,3.80012e-14,10000
GCR_He,min,2,177.82794100389228,4.0,0,17,4.05608e-15,6.79069e-14,10000
GCR_He,min,2,177.82794100389228,4.0,0,18,8.40327e-15,2.2632e-13,10000
GCR_He,min,2,177.82794100389228,4.0,0,19,6.40849e-15,2.3665e-14,10000
GCR_He,min,2,177.82794100389228,4.0,0,20,8.94982e-15,4.91992e-14,10000
GCR_He,min,2,177.82794100389228,4.0,0,21,1.25929e-15,5.55487e-14,10000
GCR_He,min,2,177.82794100389228,4.0,0,22,7.07292e-15,3.93509e-14,10000
GCR_He,min,2,177.82794100389228,4.0,0,23,7.18854e-15,5.14975e-14,10000
GCR_He,min,2,177.82794100389228,4.0,0,24,0.0,0.0,10000
GCR_He,min,2,177.82794100389228,4.0,0,25,0.0,0.0,10000
GCR_He,min,2,177.82794100389228,4.0,0,26,1.5601e-14,2.77179e-14,10000
GCR_He,min,2,177.82794100389228,4.0,0,27,2.43015e-14,5.38765e-14,10000
GCR_He,min,2,177.82794100389228,4.0,0,28,6.72232e-15,2.56891e-14,10000
GCR_He,min,2,177.82794100389228,4.0,0,29,2.29325e-15,4.85806e-15,10000
GCR_He,min,2,177.82794100389228,4.0,0,30,1.30979e-15,5.08063e-14,10000
GCR_He,min,2,177.82794100389228,4.0,0,31,1.03933e-14,3.53405e-14,10000
GCR_He,min,2,177.82794100389228,4.0,0,32,5.17131e-14,1.17913e-13,10000
GCR_He,min,2,177.82794100389228,4.0,0,33,6.98223e-16,8.63176e-15,10000
GCR_He,min,2,177.82794100389228,4.0,0,34,3.31413e-14,6.23719e-14,10000
GCR_He,min,2,177.82794100389228,4.0,0,35,9.51992e-14,1.30521e-13,10000
GCR_He,min,2,177.82794100389228,4.0,0,36,1.51542e-14,1.9263e-13,10000
GCR_He,min,2,177.82794100389228,4.0,0,37,3.13867e-15,1.34962e-14,10000
GCR_He,min,2,177.82794100389228,4.0,0,38,1.43052e-14,2.81721e-14,10000
GCR_He,min,2,177.82794100389228,4.0,0,39,1.13541e-15,1.49161e-14,10000
GCR_He,min,2,177.82794100389228,4.0,0,40,2.29005e-15,3.09885e-14,10000
GCR_He,min,2,177.82794100389228,4.0,0,41,1.02659e-14,2.57537e-14,10000
GCR_He,min,2,177.82794100389228,4.0,0,42,1.20835e-14,1.7739e-14,10000
GCR_He,min,2,177.82794100389228,4.0,0,43,9.45211e-15,2.58848e-14,10000
GCR_He,min,2,177.82794100389228,4.0,0,44,2.95747e-14,5.68679e-14,10000
GCR_He,min,2,177.82794100389228,4.0,0,45,8.93231e-15,4.03939e-14,10000
GCR_He,min,2,177.82794100389228,4.0,0,46,6.03375e-15,3.13915e-14,10000
GCR_He,min,2,177.82794100389228,4.0,0,47,4.35969e-15,4.236e-14,10000
GCR_He,min,2,177.82794100389228,4.0,0,48,0.0,0.0,10000
GCR_He,min,2,177.82794100389228,4.0,0,49,1.50759e-14,5.26063e-14,10000
GCR_He,min,2,177.82794100389228,4.0,0,50,1.92289e-14,5.73414e-14,10000
GCR_He,min,2,177.82794100389228,4.0,0,51,0.0,0.0,10000
GCR_He,min,2,177.82794100389228,4.0,0,52,0.0,0.0,10000
GCR_He,min,2,177.82794100389228,4.0,0,53,6.67375e-16,6.10981e-15,10000
GCR_He,min,2,177.82794100389228,4.0,0,54,3.07114e-15,1.77001e-14,10000
GCR_He,min,2,177.82794100389228,4.0,0,55,1.25554e-17,1.2695e-15,10000
GCR_He,min,2,177.82794100389228,4.0,0,56,1.75841e-15,3.12274e-14,10000
GCR_He,min,2,177.82794100389228,4.0,0,57,5.85909e-15,3.67111e-13,10000
GCR_He,min,2,177.82794100389228,4.0,0,58,2.58716e-15,2.91774e-14,10000
GCR_He,min,2,177.82794100389228,4.0,0,59,0.0,0.0,10000
GCR_He,min,2,177.82794100389228,4.0,0,60,1.78259e-15,5.13272e-14,10000
GCR_He,min,2,177.82794100389228,4.0,0,61,4.88292e-14,3.36753e-14,10000
GCR_He,min,2,177.82794100389228,4.0,0,62,0.0,0.0,10000
GCR_He,min,2,177.82794100389228,4.0,0,63,0.0,0.0,10000
GCR_He,min,2,177.82794100389228,4.0,0,64,0.0,0.0,10000
GCR_He,min,2,177.82794100389228,4.0,0,65,0.0,0.0,10000
GCR_He,min,2,177.82794100389228,4.0,0,66,0.0,0.0,10000
GCR_He,min,2,177.82794100389228,4.0,0,67,0.0,0.0,10000
GCR_He,min,2,177.82794100389228,4.0,0,68,0.0,0.0,10000
GCR_He,min,2,177.82794100389228,4.0,0,69,0.0,0.0,10000
GCR_He,min,2,177.82794100389228,4.0,0,70,1.84893e-15,1.32826e-13,10000
GCR_He,min,2,177.82794100389228,4.0,0,71,7.89638e-15,1.46013e-13,10000
GCR_He,min,2,177.82794100389228,4.0,0,72,6.45785e-15,4.30552e-14,10000
GCR_He,min,2,177.82794100389228,4.0,0,73,1.52038e-14,6.08128e-14,10000
GCR_He,min,2,177.82794100389228,4.0,0,74,1.95453e-14,3.00698e-14,10000
GCR_He,min,2,177.82794100389228,4.0,0,75,1.35977e-14,3.88483e-14,10000
GCR_He,min,2,177.82794100389228,4.0,0,76,0.0,0.0,10000
GCR_He,min,2,177.82794100389228,4.0,0,77,0.0,0.0,10000
GCR_He,min,2,177.82794100389228,4.0,0,78,0.0,0.0,10000
GCR_He,min,2,177.82794100389228,4.0,0,79,0.0,0.0,10000
GCR_He,min,2,177.82794100389228,4.0,0,80,4.83499e-15,8.05832e-14,10000
GCR_He,min,2,177.82794100389228,4.0,0,81,2.13845e-15,5.34479e-14,10000
GCR_He,min,2,177.82794100389228,4.0,0,82,3.88377e-15,4.31578e-14,10000
GCR_He,min,2,177.82794100389228,4.0,0,83,5.21021e-15,1.48863e-13,10000
GCR_He,min,2,177.82794100389228,4.0,0,84,0.0,0.0,10000
GCR_He,min,2,177.82794100389228,4.0,0,85,0.0,0.0,10000
GCR_He,min,2,177.82794100389228,4.0,0,86,0.0,0.0,10000
GCR_He,min,2,177.82794100389228,4.0,0,87,4.47718e-15,1.3568e-14,10000
GCR_He,min,2,177.82794100389228,4.0,0,88,2.41291e-14,4.73111e-14,10000
GCR_He,min,2,177.82794100389228,4.0,0,89,1.14852e-14,1.07218e-13,10000
GCR_He,min,2,177.82794100389228,4.0,0,90,2.14111e-15,5.59767e-14,10000
GCR_He,min,2,177.82794100389228,4.0,0,91,0.0,0.0,10000
GCR_He,min,2,177.82794100389228,4.0,0,92,8.04246e-16,7.31665e-15,10000
GCR_He,min,2,177.82794100389228,4.0,0,93,0.0,0.0,10000
GCR_He,min,2,177.82794100389228,4.0,0,94,0.0,0.0,10000
GCR_He,min,2,177.82794100389228,4.0,0,95,8.99414e-14,4.99671e-14,10000
GCR_He,min,2,177.82794100389228,4.0,0,96,1.93397e-15,2.44776e-14,10000
GCR_He,min,2,177.82794100389228,4.0,0,97,1.16142e-13,2.43107e-13,10000
GCR_He,min,2,177.82794100389228,4.0,0,98,0.0,0.0,10000
GCR_He,min,2,177.82794100389228,4.0,0,99,3.76536e-14,6.4911e-14,10000
GCR_He,min,2,177.82794100389228,4.0,0,100,0.0,0.0,10000
GCR_He,min,2,177.82794100389228,4.0,0,101,0.0,0.0,10000
GCR_He,min,2,177.82794100389228,4.0,0,102,0.0,0.0,10000
GCR_He,min,2,177.82794100389228,4.0,0,103,8.89588e-17,8.52096e-16,10000
GCR_He,min,2,177.82794100389228,4.0,0,104,0.0,0.0,10000
GCR_He,min,2,177.82794100389228,4.0,0,105,0.0,0.0,10000
GCR_He,min,2,177.82794100389228,4.0,0,106,6.80766e-14,5.59008e-14,10000
GCR_He,min,2,177.82794100389228,4.0,0,107,1.01473e-12,6.76181e-14,10000
GCR_He,min,2,177.82794100389228,4.0,0,108,1.64538e-13,5.98205e-14,10000
GCR_He,min,2,177.82794100389228,4.0,0,109,5.97751e-13,5.96263e-14,10000
GCR_He,min,2,177.82794100389228,4.0,0,110,0.0,0.0,10000
GCR_He,min,2,177.82794100389228,4.0,0,111,0.0,0.0,10000
GCR_He,min,2,177.82794100389228,4.0,0,112,0.0,0.0,10000
GCR_He,min,2,177.82794100389228,4.0,0,113,1.55723e-14,1.11231e-13,10000
GCR_He,min,2,177.82794100389228,4.0,0,114,0.0,0.0,10000
GCR_He,min,2,177.82794100389228,4.0,0,115,0.0,0.0,10000
GCR_He,min,2,177.82794100389228,4.0,0,116,3.7907e-14,3.61532e-14,10000
GCR_He,min,2,177.82794100389228,4.0,0,117,7.68918e-13,6.21597e-14,10000
GCR_He,min,2,177.82794100389228,4.0,0,118,9.30182e-14,5.65986e-14,10000
GCR_He,min,2,177.82794100389228,4.0,0,119,2.55255e-13,4.73003e-14,10000
GCR_He,min,2,177.82794100389228,4.0,0,120,0.0,0.0,10000
GCR_He,min,2,177.82794100389228,4.0,0,121,1.19612e-15,2.81506e-14,10000
GCR_He,min,2,177.82794100389228,4.0,0,122,6.86148e-15,2.35514e-14,10000
GCR_He,min,2,177.82794100389228,4.0,0,123,6.62892e-14,4.52421e-14,10000
GCR_He,min,2,177.82794100389228,4.0,0,124,4.27861e-14,6.69547e-14,10000
GCR_He,min,2,177.82794100389228,4.0,0,125,6.3005e-14,4.72858e-14,10000
GCR_He,min,2,177.82794100389228,4.0,0,126,0.0,0.0,10000
GCR_He,min,2,177.82794100389228,4.0,0,127,1.11801e-14,7.45387e-14,10000
GCR_He,min,2,177.82794100389228,4.0,0,128,0.0,0.0,10000
GCR_He,min,2,177.82794100389228,4.0,0,129,0.0,0.0,10000
GCR_He,min,2,177.82794100389228,4.0,0,130,0.0,0.0,10000
GCR_He,min,2,177.82794100389228,4.0,0,131,2.90053e-15,1.16068e-13,10000
GCR_He,min,2,177.82794100389228,4.0,0,132,0.0,0.0,10000
GCR_He,min,2,177.82794100389228,4.0,0,133,0.0,0.0,10000
GCR_He,min,2,177.82794100389228,4.0,0,134,0.0,0.0,10000
GCR_He,min,2,177.82794100389228,4.0,0,135,0.0,0.0,10000
GCR_He,min,2,177.82794100389228,4.0,0,136,3.1388e-15,4.19065e-13,10000
GCR_He,min,2,177.82794100389228,4.0,0,137,0.0,0.0,10000
GCR_He,min,2,177.82794100389228,4.0,0,138,0.0,0.0,10000
GCR_He,min,2,177.82794100389228,4.0,0,139,0.0,0.0,10000
GCR_He,min,2,177.82794100389228,4.0,0,140,5.6068e-15,2.8034e-11,10000
GCR_He,min,2,177.82794100389228,4.0,0,141,1.85436e-14,1.20179e-13,10000
GCR_He,min,3,562.341325190349,2.0,0,0,2.57631e-09,0.0,10000
GCR_He,min,3,562.341325190349,2.0,0,1,2.30793e-17,3.29704e-15,10000
GCR_He,min,3,562.341325190349,2.0,0,2,0.0,0.0,10000
GCR_He,min,3,562.341325190349,2.0,0,3,0.0,0.0,10000
GCR_He,min,3,562.341325190349,2.0,0,4,1.72522e-15,6.07257e-14,10000
GCR_He,min,3,562.341325190349,2.0,0,5,2.67641e-17,8.70942e-16,10000
GCR_He,min,3,562.341325190349,2.0,0,6,0.0,0.0,10000
GCR_He,min,3,562.341325190349,2.0,0,7,0.0,0.0,10000
GCR_He,min,3,562.341325190349,2.0,0,8,5.35943e-15,8.08238e-14,10000
GCR_He,min,3,562.341325190349,2.0,0,9,0.0,0.0,10000
GCR_He,min,3,562.341325190349,2.0,0,10,2.07046e-14,7.61396e-14,10000
GCR_He,min,3,562.341325190349,2.0,0,11,6.88023e-15,4.37674e-13,10000
GCR_He,min,3,562.341325190349,2.0,0,12,1.25317e-14,1.50911e-13,10000
GCR_He,min,3,562.341325190349,2.0,0,13,1.64478e-15,1.21601e-14,10000
GCR_He,min,3,562.341325190349,2.0,0,14,0.0,0.0,10000
GCR_He,min,3,562.341325190349,2.0,0,15,6.82422e-15,2.0383e-13,10000
GCR_He,min,3,562.341325190349,2.0,0,16,3.23519e-15,2.5269e-14,10000
GCR_He,min,3,562.341325190349,2.0,0,17,0.0,0.0,10000
GCR_He,min,3,562.341325190349,2.0,0,18,1.30041e-16,3.50233e-15,10000
GCR_He,min,3,562.341325190349,2.0,0,19,2.70592e-14,9.99231e-14,10000
GCR_He,min,3,562.341325190349,2.0,0,20,2.41458e-14,1.32735e-13,10000
GCR_He,min,3,562.341325190349,2.0,0,21,5.01073e-15,2.21029e-13,10000
GCR_He,min,3,562.341325190349,2.0,0,22,1.40704e-14,7.8282e-14,10000
GCR_He,min,3,562.341325190349,2.0,0,23,2.72967e-14,1.95549e-13,10000
GCR_He,min,3,562.341325190349,2.0,0,24,8.72435e-16,1.82594e-14,10000
GCR_He,min,3,562.341325190349,2.0,0,25,2.33484e-15,4.40038e-14,10000
GCR_He,min,3,562.341325190349,2.0,0,26,2.36973e-14,4.21024e-14,10000
GCR_He,min,3,562.341325190349,2.0,0,27,1.78153e-14,3.94965e-14,10000
GCR_He,min,3,562.341325190349,2.0,0,28,7.76413e-15,2.96703e-14,10000
GCR_He,min,3,562.341325190349,2.0,0,29,4.28675e-14,9.08114e-14,10000
GCR_He,min,3,562.341325190349,2.0,0,30,1.37718e-15,5.34206e-14,10000
GCR_He,min,3,562.341325190349,2.0,0,31,3.06928e-14,1.04365e-13,10000
GCR_He,min,3,562.341325190349,2.0,0,32,7.73417e-14,1.7635e-13,10000
GCR_He,min,3,562.341325190349,2.0,0,33,3.89818e-14,4.81911e-13,10000
GCR_He,min,3,562.341325190349,2.0,0,34,1.81601e-14,3.41773e-14,10000
GCR_He,min,3,562.341325190349,2.0,0,35,6.96151e-14,9.54442e-14,10000
GCR_He,min,3,562.341325190349,2.0,0,36,5.44187e-15,6.91734e-14,10000
GCR_He,min,3,562.341325190349,2.0,0,37,1.28666e-14,5.53261e-14,10000
GCR_He,min,3,562.341325190349,2.0,0,38,7.30435e-14,1.43849e-13,10000
GCR_He,min,3,562.341325190349,2.0,0,39,1.79778e-14,2.36177e-13,10000
GCR_He,min,3,562.341325190349,2.0,0,40,1.15699e-14,1.56562e-13,10000
GCR_He,min,3,562.341325190349,2.0,0,41,2.78749e-14,6.99284e-14,10000
GCR_He,min,3,562.341325190349,2.0,0,42,8.23253e-14,1.20857e-13,10000
GCR_He,min,3,562.341325190349,2.0,0,43,9.40159e-15,2.57465e-14,10000
GCR_He,min,3,562.341325190349,2.0,0,44,2.61035e-14,5.01932e-14,10000
GCR_He,min,3,562.341325190349,2.0,0,45,8.42855e-15,3.81158e-14,10000
GCR_He,min,3,562.341325190349,2.0,0,46,1.52555e-14,7.9369e-14,10000
GCR_He,min,3,562.341325190349,2.0,0,47,4.66528e-15,4.53292e-14,10000
GCR_He,min,3,562.341325190349,2.0,0,48,1.86396e-15,2.53428e-14,10000
GCR_He,min,3,562.341325190349,2.0,0,49,5.01102e-15,1.74856e-14,10000
GCR_He,min,3,562.341325190349,2.0,0,50,3.67637e-14,1.09631e-13,10000
GCR_He,min,3,562.341325190349,2.0,0,51,5.30656e-15,2.85008e-14,10000
GCR_He,min,3,562.341325190349,2.0,0,52,1.42276e-14,4.71004e-14,10000
GCR_He,min,3,562.341325190349,2.0,0,53,4.36007e-15,3.99164e-14,10000
GCR_He,min,3,562.341325190349,2.0,0,54,1.65392e-14,9.53211e-14,10000
GCR_He,min,3,562.341325190349,2.0,0,55,0.0,0.0,10000
GCR_He,min,3,562.341325190349,2.0,0,56,0.0,0.0,10000
GCR_He,min,3,562.341325190349,2.0,0,57,1.8694e-15,1.1713e-13,10000
GCR_He,min,3,562.341325190349,2.0,0,58,5.58846e-15,6.30254e-14,10000
GCR_He,min,3,562.341325190349,2.0,0,59,1.07707e-16,1.82245e-14,10000
GCR_He,min,3,562.341325190349,2.0,0,60,1.36594e-14,3.93303e-13,10000
GCR_He,min,3,562.341325190349,2.0,0,61,9.66082e-14,6.66263e-14,10000
GCR_He,min,3,562.341325190349,2.0,0,62,0.0,0.0,10000
GCR_He,min,3,562.341325190349,2.0,0,63,0.0,0.0,10000
GCR_He,min,3,562.341325190349,2.0,0,64,0.0,0.0,10000
GCR_He,min,3,562.341325190349,2.0,0,65,0.0,0.0,10000
GCR_He,min,3,562.341325190349,2.0,0,66,0.0,0.0,10000
GCR_He,min,3,562.341325190349,2.0,0,67,0.0,0.0,10000
GCR_He,min,3,562.341325190349,2.0,0,68,0.0,0.0,10000
GCR_He,min,3,562.341325190349,2.0,0,69,0.0,0.0,10000
GCR_He,min,3,562.341325190349,2.0,0,70,8.31401e-16,5.97271e-14,10000
GCR_He,min,3,562.341325190349,2.0,0,71,4.70549e-15,8.70098e-14,10000
GCR_He,min,3,562.341325190349,2.0,0,72,3.00086e-15,2.0007e-14,10000
GCR_He,min,3,562.341325190349,2.0,0,73,3.48061e-15,1.39219e-14,10000
GCR_He,min,3,562.341325190349,2.0,0,74,6.69288e-14,1.02967e-13,10000
GCR_He,min,3,562.341325190349,2.0,0,75,2.89903e-14,8.28246e-14,10000
GCR_He,min,3,562.341325190349,2.0,0,76,1.2876e-14,1.43083e-13,10000
GCR_He,min,3,562.341325190349,2.0,0,77,5.09714e-15,9.26417e-14,10000
GCR_He,min,3,562.341325190349,2.0,0,78,1.09275e-14,1.82125e-13,10000
GCR_He,min,3,562.341325190349,2.0,0,79,1.33948e-14,1.40997e-13,10000
GCR_He,min,3,562.341325190349,2.0,0,80,2.55082e-15,4.25137e-14,10000
GCR_He,min,3,562.341325190349,2.0,0,81,3.9487e-15,9.86927e-14,10000
GCR_He,min,3,562.341325190349,2.0,0,82,4.01801e-15,4.46495e-14,10000
GCR_He,min,3,562.341325190349,2.0,0,83,4.67632e-15,1.33609e-13,10000
GCR_He,min,3,562.341325190349,2.0,0,84,1.43044e-15,3.57522e-14,10000
GCR_He,min,3,562.341325190349,2.0,0,85,4.41522e-15,5.88931e-14,10000
GCR_He,min,3,562.341325190349,2.0,0,86,0.0,0.0,10000
GCR_He,min,3,562.341325190349,2.0,0,87,1.8569e-14,5.62732e-14,10000
GCR_He,min,3,562.341325190349,2.0,0,88,5.44872e-14,1.06836e-13,10000
GCR_He,min,3,562.341325190349,2.0,0,89,1.43209e-14,1.3369e-13,10000
GCR_He,min,3,562.341325190349,2.0,0,90,4.76975e-15,1.24699e-13,10000
GCR_He,min,3,562.341325190349,2.0,0,91,1.37794e-15,1.80594e-13,10000
GCR_He,min,3,562.341325190349,2.0,0,92,1.07108e-14,9.74421e-14,10000
GCR_He,min,3,562.341325190349,2.0,0,93,6.49359e-15,1.65442e-13,10000
GCR_He,min,3,562.341325190349,2.0,0,94,9.30258e-16,1.18203e-13,10000
GCR_He,min,3,562.341325190349,2.0,0,95,9.45117e-14,5.25062e-14,10000
GCR_He,min,3,562.341325190349,2.0,0,96,3.10915e-15,3.93513e-14,10000
GCR_He,min,3,562.341325190349,2.0,0,97,5.96903e-14,1.24943e-13,10000
GCR_He,min,3,562.341325190349,2.0,0,98,3.39326e-15,4.74317e-14,10000
GCR_He,min,3,562.341325190349,2.0,0,99,1.45929e-13,2.51567e-13,10000
GCR_He,min,3,562.341325190349,2.0,0,100,7.50181e-17,3.31939e-14,10000
GCR_He,min,3,562.341325190349,2.0,0,101,1.95932e-17,3.06144e-15,10000
GCR_He,min,3,562.341325190349,2.0,0,102,8.84073e-16,1.47838e-13,10000
GCR_He,min,3,562.341325190349,2.0,0,103,2.5514e-15,2.44387e-14,10000
GCR_He,min,3,562.341325190349,2.0,0,104,7.95673e-17,1.01619e-14,10000
GCR_He,min,3,562.341325190349,2.0,0,105,7.19358e-16,6.4807e-14,10000
GCR_He,min,3,562.341325190349,2.0,0,106,1.08469e-13,8.90686e-14,10000
GCR_He,min,3,562.341325190349,2.0,0,107,1.46414e-12,9.75649e-14,10000
GCR_He,min,3,562.341325190349,2.0,0,108,2.69835e-13,9.81029e-14,10000
GCR_He,min,3,562.341325190349,2.0,0,109,1.48626e-12,1.48256e-13,10000
GCR_He,min,3,562.341325190349,2.0,0,110,4.9911e-16,1.24746e-14,10000
GCR_He,min,3,562.341325190349,2.0,0,111,0.0,0.0,10000
GCR_He,min,3,562.341325190349,2.0,0,112,0.0,0.0,10000
GCR_He,min,3,562.341325190349,2.0,0,113,2.71447e-14,1.9389e-13,10000
GCR_He,min,3,562.341325190349,2.0,0,114,0.0,0.0,10000
GCR_He,min,3,562.341325190349,2.0,0,115,3.19592e-15,1.87885e-13,10000
GCR_He,min,3,562.341325190349,2.0,0,116,5.98394e-14,5.70709e-14,10000
GCR_He,min,3,562.341325190349,2.0,0,117,1.49573e-12,1.20916e-13,10000
GCR_He,min,3,562.341325190349,2.0,0,118,1.93462e-13,1.17715e-13,10000
GCR_He,min,3,562.341325190349,2.0,0,119,6.25969e-13,1.15996e-13,10000
GCR_He,min,3,562.341325190349,2.0,0,120,6.44494e-15,1.51681e-13,10000
GCR_He,min,3,562.341325190349,2.0,0,121,1.41959e-15,3.341e-14,10000
GCR_He,min,3,562.341325190349,2.0,0,122,1.92027e-14,6.59117e-14,10000
GCR_He,min,3,562.341325190349,2.0,0,123,1.69244e-13,1.15509e-13,10000
GCR_He,min,3,562.341325190349,2.0,0,124,8.62463e-14,1.34964e-13,10000
GCR_He,min,3,562.341325190349,2.0,0,125,9.91352e-14,7.44018e-14,10000
GCR_He,min,3,562.341325190349,2.0,0,126,1.53862e-16,4.2016e-15,10000
GCR_He,min,3,562.341325190349,2.0,0,127,1.44696e-15,9.64701e-15,10000
GCR_He,min,3,562.341325190349,2.0,0,128,0.0,0.0,10000
GCR_He,min,3,562.341325190349,2.0,0,129,1.02298e-15,5.8523e-14,10000
GCR_He,min,3,562.341325190349,2.0,0,130,4.79796e-15,2.73856e-13,10000
GCR_He,min,3,562.341325190349,2.0,0,131,0.0,0.0,10000
GCR_He,min,3,562.341325190349,2.0,0,132,1.49953e-16,7.50139e-15,10000
GCR_He,min,3,562.341325190349,2.0,0,133,1.29861e-15,3.07144e-14,10000
GCR_He,min,3,562.341325190349,2.0,0,134,0.0,0.0,10000
GCR_He,min,3,562.341325190349,2.0,0,135,1.0589e-15,1.2443e-13,10000
GCR_He,min,3,562.341325190349,2.0,0,136,1.94009e-15,2.59024e-13,10000
GCR_He,min,3,562.341325190349,2.0,0,137,3.83387e-15,7.6662e-14,10000
GCR_He,min,3,562.341325190349,2.0,0,138,6.97109e-15,3.48554e-14,10000
GCR_He,min,3,562.341325190349,2.0,0,139,0.0,0.0,10000
GCR_He,min,3,562.341325190349,2.0,0,140,2.26635e-15,1.13318e-11,10000
GCR_He,min,3,562.341325190349,2.0,0,141,8.56633e-15,5.55173e-14,10000
GCR_He,min,3,562.341325190349,3.0,0,0,1.93563e-10,0.0,10000
GCR_He,min,3,562.341325190349,3.0,0,1,0.0,0.0,10000
GCR_He,min,3,562.341325190349,3.0,0,2,0.0,0.0,10000
GCR_He,min,3,562.341325190349,3.0,0,3,1.96771e-16,1.78396e-14,10000
GCR_He,min,3,562.341325190349,3.0,0,4,0.0,0.0,10000
GCR_He,min,3,562.341325190349,3.0,0,5,4.16925e-15,1.35674e-13,10000
GCR_He,min,3,562.341325190349,3.0,0,6,4.32004e-16,8.47067e-14,10000
GCR_He,min,3,562.341325190349,3.0,0,7,4.29923e-16,4.29493e-14,10000
GCR_He,min,3,562.341325190349,3.0,0,8,2.76043e-15,4.16292e-14,10000
GCR_He,min,3,562.341325190349,3.0,0,9,2.89836e-16,3.40984e-13,10000
GCR_He,min,3,562.341325190349,3.0,0,10,1.53808e-14,5.65615e-14,10000
GCR_He,min,3,562.341325190349,3.0,0,11,6.42644e-16,4.08807e-14,10000
GCR_He,min,3,562.341325190349,3.0,0,12,5.49423e-15,6.61636e-14,10000
GCR_He,min,3,562.341325190349,3.0,0,13,5.39795e-15,3.99079e-14,10000
GCR_He,min,3,562.341325190349,3.0,0,14,6.0528e-15,3.27426e-14,10000
GCR_He,min,3,562.341325190349,3.0,0,15,9.82099e-16,2.93339e-14,10000
GCR_He,min,3,562.341325190349,3.0,0,16,1.64254e-15,1.28293e-14,10000
GCR_He,min,3,562.341325190349,3.0,0,17,1.28159e-15,2.14564e-14,10000
GCR_He,min,3,562.341325190349,3.0,0,18,1.69254e-15,4.55842e-14,10000
GCR_He,min,3,562.341325190349,3.0,0,19,1.96337e-14,7.25026e-14,10000
GCR_He,min,3,562.341325190349,3.0,0,20,1.6688e-14,9.17375e-14,10000
GCR_He,min,3,562.341325190349,3.0,0,21,1.80094e-15,7.94417e-14,10000
GCR_He,min,3,562.341325190349,3.0,0,22,6.39818e-15,3.55968e-14,10000
GCR_He,min,3,562.341325190349,3.0,0,23,7.52295e-15,5.38932e-14,10000
GCR_He,min,3,562.341325190349,3.0,0,24,2.1183e-15,4.43344e-14,10000
GCR_He,min,3,562.341325190349,3.0,0,25,6.15187e-15,1.15942e-13,10000
GCR_He,min,3,562.341325190349,3.0,0,26,7.67802e-15,1.36413e-14,10000
GCR_He,min,3,562.341325190349,3.0,0,27,8.12333e-15,1.80094e-14,10000
GCR_He,min,3,562.341325190349,3.0,0,28,2.83159e-14,1.08208e-13,10000
GCR_He,min,3,562.341325190349,3.0,0,29,5.67033e-14,1.20121e-13,10000
GCR_He,min,3,562.341325190349,3.0,0,30,4.02731e-15,1.56218e-13,10000
GCR_He,min,3,562.341325190349,3.0,0,31,1.03753e-14,3.52794e-14,10000
GCR_He,min,3,562.341325190349,3.0,0,32,2.71872e-14,6.19906e-14,10000
GCR_He,min,3,562.341325190349,3.0,0,33,9.84299e-15,1.21684e-13,10000
GCR_He,min,3,562.341325190349,3.0,0,34,2.08118e-14,3.91677e-14,10000
GCR_He,min,3,562.341325190349,3.0,0,35,3.9075e-14,5.35728e-14,10000
GCR_He,min,3,562.341325190349,3.0,0,36,1.71607e-14,2.18135e-13,10000
GCR_He,min,3,562.341325190349,3.0,0,37,8.69962e-15,3.7408e-14,10000
GCR_He,min,3,562.341325190349,3.0,0,38,3.48176e-14,6.85683e-14,10000
GCR_He,min,3,562.341325190349,3.0,0,39,1.51599e-15,1.99158e-14,10000
GCR_He,min,3,562.341325190349,3.0,0,40,2.11275e-15,2.85893e-14,10000
GCR_He,min,3,562.341325190349,3.0,0,41,1.7003e-14,4.26546e-14,10000
GCR_He,min,3,562.341325190349,3.0,0,42,5.95363e-14,8.74018e-14,10000
GCR_He,min,3,562.341325190349,3.0,0,43,1.17725e-14,3.22392e-14,10000
GCR_He,min,3,562.341325190349,3.0,0,44,2.99584e-14,5.76057e-14,10000
GCR_He,min,3,562.341325190349,3.0,0,45,5.8775e-15,2.65794e-14,10000
GCR_He,min,3,562.341325190349,3.0,0,46,7.94605e-15,4.13405e-14,10000
GCR_He,min,3,562.341325190349,3.0,0,47,1.7302e-16,1.68111e-15,10000
GCR_He,min,3,562.341325190349,3.0,0,48,0.0,0.0,10000
GCR_He,min,3,562.341325190349,3.0,0,49,3.61182e-15,1.26032e-14,10000
GCR_He,min,3,562.341325190349,3.0,0,50,1.44039e-14,4.29531e-14,10000
GCR_He,min,3,562.341325190349,3.0,0,51,9.41338e-15,5.05579e-14,10000
GCR_He,min,3,562.341325190349,3.0,0,52,3.01158e-14,9.96982e-14,10000
GCR_He,min,3,562.341325190349,3.0,0,53,4.10979e-15,3.76251e-14,10000
GCR_He,min,3,562.341325190349,3.0,0,54,1.27288e-14,7.33605e-14,10000
GCR_He,min,3,562.341325190349,3.0,0,55,3.68756e-16,3.72857e-14,10000
GCR_He,min,3,562.341325190349,3.0,0,56,4.85325e-15,8.61881e-14,10000
GCR_He,min,3,562.341325190349,3.0,0,57,0.0,0.0,10000
GCR_He,min,3,562.341325190349,3.0,0,58,2.37949e-15,2.68354e-14,10000
GCR_He,min,3,562.341325190349,3.0,0,59,2.78607e-16,4.71417e-14,10000
GCR_He,min,3,562.341325190349,3.0,0,60,1.23384e-15,3.55268e-14,10000
GCR_He,min,3,562.341325190349,3.0,0,61,3.98438e-14,2.74785e-14,10000
GCR_He,min,3,562.341325190349,3.0,0,62,0.0,0.0,10000
GCR_He,min,3,562.341325190349,3.0,0,63,0.0,0.0,10000
GCR_He,min,3,562.341325190349,3.0,0,64,0.0,0.0,10000
GCR_He,min,3,562.341325190349,3.0,0,65,0.0,0.0,10000
GCR_He,min,3,562.341325190349,3.0,0,66,0.0,0.0,10000
GCR_He,min,3,562.341325190349,3.0,0,67,0.0,0.0,10000
GCR_He,min,3,562.341325190349,3.0,0,68,0.0,0.0,10000
GCR_He,min,3,562.341325190349,3.0,0,69,0.0,0.0,10000
GCR_He,min,3,562.341325190349,3.0,0,70,2.19497e-15,1.57685e-13,10000
GCR_He,min,3,562.341325190349,3.0,0,71,3.67665e-15,6.79853e-14,10000
GCR_He,min,3,562.341325190349,3.0,0,72,1.29605e-14,8.6409e-14,10000
GCR_He,min,3,562.341325190349,3.0,0,73,1.39912e-14,5.59625e-14,10000
GCR_He,min,3,562.341325190349,3.0,0,74,7.58291e-14,1.1666e-13,10000
GCR_He,min,3,562.341325190349,3.0,0,75,4.36116e-14,1.24597e-13,10000
GCR_He,min,3,562.341325190349,3.0,0,76,8.48915e-15,9.43344e-14,10000
GCR_He,min,3,562.341325190349,3.0,0,77,6.33976e-15,1.15227e-13,10000
GCR_He,min,3,562.341325190349,3.0,0,78,5.62825e-15,9.38041e-14,10000
GCR_He,min,3,562.341325190349,3.0,0,79,1.19545e-14,1.25837e-13,10000
GCR_He,min,3,562.341325190349,3.0,0,80,8.18803e-15,1.36467e-13,10000
GCR_He,min,3,562.341325190349,3.0,0,81,4.08311e-15,1.02052e-13,10000
GCR_He,min,3,562.341325190349,3.0,0,82,1.40787e-14,1.56448e-13,10000
GCR_He,min,3,562.341325190349,3.0,0,83,2.39458e-15,6.84166e-14,10000
GCR_He,min,3,562.341325190349,3.0,0,84,6.42258e-15,1.60524e-13,10000
GCR_He,min,3,562.341325190349,3.0,0,85,8.22533e-15,1.09715e-13,10000
GCR_He,min,3,562.341325190349,3.0,0,86,3.80711e-15,1.26988e-13,10000
GCR_He,min,3,562.341325190349,3.0,0,87,2.26021e-14,6.84955e-14,10000
GCR_He,min,3,562.341325190349,3.0,0,88,5.90758e-14,1.15833e-13,10000
GCR_He,min,3,562.341325190349,3.0,0,89,5.62544e-15,5.25153e-14,10000
GCR_He,min,3,562.341325190349,3.0,0,90,1.63901e-15,4.28499e-14,10000
GCR_He,min,3,562.341325190349,3.0,0,91,0.0,0.0,10000
GCR_He,min,3,562.341325190349,3.0,0,92,5.92648e-15,5.39163e-14,10000
GCR_He,min,3,562.341325190349,3.0,0,93,4.04303e-15,1.03007e-13,10000
GCR_He,min,3,562.341325190349,3.0,0,94,0.0,0.0,10000
GCR_He,min,3,562.341325190349,3.0,0,95,5.20283e-14,2.89044e-14,10000
GCR_He,min,3,562.341325190349,3.0,0,96,2.10428e-15,2.66331e-14,10000
GCR_He,min,3,562.341325190349,3.0,0,97,9.69551e-14,2.02945e-13,10000
GCR_He,min,3,562.341325190349,3.0,0,98,3.43551e-15,4.80222e-14,10000
GCR_He,min,3,562.341325190349,3.0,0,99,1.19904e-13,2.06703e-13,10000
GCR_He,min,3,562.341325190349,3.0,0,100,0.0,0.0,10000
GCR_He,min,3,562.341325190349,3.0,0,101,1.54165e-15,2.40882e-13,10000
GCR_He,min,3,562.341325190349,3.0,0,102,4.53008e-16,7.57539e-14,10000
GCR_He,min,3,562.341325190349,3.0,0,103,6.39131e-15,6.12195e-14,10000
GCR_He,min,3,562.341325190349,3.0,0,104,4.92854e-16,6.29443e-14,10000
GCR_He,min,3,562.341325190349,3.0,0,105,1.08531e-15,9.77755e-14,10000
GCR_He,min,3,562.341325190349,3.0,0,106,4.799e-14,3.94068e-14,10000
GCR_He,min,3,562.341325190349,3.0,0,107,1.7177e-12,1.14461e-13,10000
GCR_He,min,3,562.341325190349,3.0,0,108,2.3671e-13,8.60598e-14,10000
GCR_He,min,3,562.341325190349,3.0,0,109,9.68646e-13,9.66234e-14,10000
GCR_He,min,3,562.341325190349,3.0,0,110,4.3935e-15,1.0981e-13,10000
GCR_He,min,3,562.341325190349,3.0,0,111,0.0,0.0,10000
GCR_He,min,3,562.341325190349,3.0,0,112,0.0,0.0,10000
GCR_He,min,3,562.341325190349,3.0,0,113,1.68409e-14,1.20292e-13,10000
GCR_He,min,3,562.341325190349,3.0,0,114,0.0,0.0,10000
GCR_He,min,3,562.341325190349,3.0,0,115,0.0,0.0,10000
GCR_He,min,3,562.341325190349,3.0,0,116,3.91231e-14,3.73131e-14,10000
GCR_He,min,3,562.341325190349,3.0,0,117,1.38791e-12,1.122e-13,10000
GCR_He,min,3,562.341325190349,3.0,0,118,1.25187e-13,7.61722e-14,10000
GCR_He,min,3,562.341325190349,3.0,0,119,6.28125e-13,1.16396e-13,10000
GCR_He,min,3,562.341325190349,3.0,0,120,0.0,0.0,10000
GCR_He,min,3,562.341325190349,3.0,0,121,0.0,0.0,10000
GCR_He,min,3,562.341325190349,3.0,0,122,1.22334e-14,4.19903e-14,10000
GCR_He,min,3,562.341325190349,3.0,0,123,1.35649e-13,9.25801e-14,10000
GCR_He,min,3,562.341325190349,3.0,0,124,5.34338e-14,8.3617e-14,10000
GCR_He,min,3,562.341325190349,3.0,0,125,1.11826e-13,8.39267e-14,10000
GCR_He,min,3,562.341325190349,3.0,0,126,2.07771e-15,5.6737e-14,10000
GCR_He,min,3,562.341325190349,3.0,0,127,2.26869e-14,1.51256e-13,10000
GCR_He,min,3,562.341325190349,3.0,0,128,9.98633e-16,1.99567e-14,10000
GCR_He,min,3,562.341325190349,3.0,0,129,2.9366e-15,1.67998e-13,10000
GCR_He,min,3,562.341325190349,3.0,0,130,2.69519e-16,1.53835e-14,10000
GCR_He,min,3,562.341325190349,3.0,0,131,1.78598e-15,7.14679e-14,10000
GCR_He,min,3,562.341325190349,3.0,0,132,0.0,0.0,10000
GCR_He,min,3,562.341325190349,3.0,0,133,0.0,0.0,10000
GCR_He,min,3,562.341325190349,3.0,0,134,0.0,0.0,10000
GCR_He,min,3,562.341325190349,3.0,0,135,1.70775e-15,2.00676e-13,10000
GCR_He,min,3,562.341325190349,3.0,0,136,1.60265e-15,2.13971e-13,10000
GCR_He,min,3,562.341325190349,3.0,0,137,3.06348e-15,6.12574e-14,10000
GCR_He,min,3,562.341325190349,3.0,0,138,1.87235e-14,9.36176e-14,10000
GCR_He,min,3,562.341325190349,3.0,0,139,0.0,0.0,10000
GCR_He,min,3,562.341325190349,3.0,0,140,3.00869e-15,1.50435e-11,10000
GCR_He,min,3,562.341325190349,3.0,0,141,7.44441e-15,4.82463e-14,10000
GCR_He,min,3,562.341325190349,4.0,0,0,3.61674e-11,0.0,10000
GCR_He,min,3,562.341325190349,4.0,0,1,0.0,0.0,10000
GCR_He,min,3,562.341325190349,4.0,0,2,0.0,0.0,10000
GCR_He,min,3,562.341325190349,4.0,0,3,0.0,0.0,10000
GCR_He,min,3,562.341325190349,4.0,0,4,3.2739e-15,1.15238e-13,10000
GCR_He,min,3,562.341325190349,4.0,0,5,0.0,0.0,10000
GCR_He,min,3,562.341325190349,4.0,0,6,5.76553e-17,1.1305e-14,10000
GCR_He,min,3,562.341325190349,4.0,0,7,1.34837e-15,1.34702e-13,10000
GCR_He,min,3,562.341325190349,4.0,0,8,2.86816e-15,4.32538e-14,10000
GCR_He,min,3,562.341325190349,4.0,0,9,0.0,0.0,10000
GCR_He,min,3,562.341325190349,4.0,0,10,1.80909e-14,6.65276e-14,10000
GCR_He,min,3,562.341325190349,4.0,0,11,1.30742e-15,8.31693e-14,10000
GCR_He,min,3,562.341325190349,4.0,0,12,4.37799e-15,5.27214e-14,10000
GCR_He,min,3,562.341325190349,4.0,0,13,2.53188e-15,1.87186e-14,10000
GCR_He,min,3,562.341325190349,4.0,0,14,1.60979e-14,8.70815e-14,10000
GCR_He,min,3,562.341325190349,4.0,0,15,0.0,0.0,10000
GCR_He,min,3,562.341325190349,4.0,0,16,2.71551e-15,2.12099e-14,10000
GCR_He,min,3,562.341325190349,4.0,0,17,7.37178e-16,1.23418e-14,10000
GCR_He,min,3,562.341325190349,4.0,0,18,3.71811e-15,1.00138e-13,10000
GCR_He,min,3,562.341325190349,4.0,0,19,1.24452e-14,4.59572e-14,10000
GCR_He,min,3,562.341325190349,4.0,0,20,6.00481e-15,3.30098e-14,10000
GCR_He,min,3,562.341325190349,4.0,0,21,3.96646e-15,1.74965e-13,10000
GCR_He,min,3,562.341325190349,4.0,0,22,8.34203e-15,4.64116e-14,10000
GCR_He,min,3,562.341325190349,4.0,0,23,1.33092e-14,9.53449e-14,10000
GCR_He,min,3,562.341325190349,4.0,0,24,0.0,0.0,10000
GCR_He,min,3,562.341325190349,4.0,0,25,0.0,0.0,10000
GCR_He,min,3,562.341325190349,4.0,0,26,2.83075e-14,5.02932e-14,10000
GCR_He,min,3,562.341325190349,4.0,0,27,3.86218e-14,8.56244e-14,10000
GCR_He,min,3,562.341325190349,4.0,0,28,2.17773e-14,8.3221e-14,10000
GCR_He,min,3,562.341325190349,4.0,0,29,6.94824e-14,1.47193e-13,10000
GCR_He,min,3,562.341325190349,4.0,0,30,2.79823e-15,1.08543e-13,10000
GCR_He,min,3,562.341325190349,4.0,0,31,2.45072e-14,8.33322e-14,10000
GCR_He,min,3,562.341325190349,4.0,0,32,2.37015e-14,5.40428e-14,10000
GCR_He,min,3,562.341325190349,4.0,0,33,1.77286e-14,2.19169e-13,10000
GCR_He,min,3,562.341325190349,4.0,0,34,1.29814e-14,2.4431e-14,10000
GCR_He,min,3,562.341325190349,4.0,0,35,2.81472e-14,3.85906e-14,10000
GCR_He,min,3,562.341325190349,4.0,0,36,1.84614e-15,2.34669e-14,10000
GCR_He,min,3,562.341325190349,4.0,0,37,3.66769e-15,1.57709e-14,10000
GCR_He,min,3,562.341325190349,4.0,0,38,2.01408e-14,3.96644e-14,10000
GCR_He,min,3,562.341325190349,4.0,0,39,6.30889e-15,8.28809e-14,10000
GCR_He,min,3,562.341325190349,4.0,0,40,8.1021e-15,1.09636e-13,10000
GCR_He,min,3,562.341325190349,4.0,0,41,3.17128e-14,7.95565e-14,10000
GCR_He,min,3,562.341325190349,4.0,0,42,6.38705e-14,9.37645e-14,10000
GCR_He,min,3,562.341325190349,4.0,0,43,1.40582e-14,3.84988e-14,10000
GCR_He,min,3,562.341325190349,4.0,0,44,3.17411e-14,6.10336e-14,10000
GCR_He,min,3,562.341325190349,4.0,0,45,1.35351e-14,6.12087e-14,10000
GCR_He,min,3,562.341325190349,4.0,0,46,6.27817e-15,3.26631e-14,10000
GCR_He,min,3,562.341325190349,4.0,0,47,7.118e-15,6.91605e-14,10000
GCR_He,min,3,562.341325190349,4.0,0,48,9.56716e-15,1.30077e-13,10000
GCR_He,min,3,562.341325190349,4.0,0,49,1.96159e-14,6.84482e-14,10000
GCR_He,min,3,562.341325190349,4.0,0,50,4.88804e-14,1.45764e-13,10000
GCR_He,min,3,562.341325190349,4.0,0,51,8.72553e-15,4.68636e-14,10000
GCR_He,min,3,562.341325190349,4.0,0,52,1.88685e-14,6.2464e-14,10000
GCR_He,min,3,562.341325190349,4.0,0,53,3.11038e-15,2.84755e-14,10000
GCR_He,min,3,562.341325190349,4.0,0,54,1.71998e-14,9.91287e-14,10000
GCR_He,min,3,562.341325190349,4.0,0,55,0.0,0.0,10000
GCR_He,min,3,562.341325190349,4.0,0,56,5.28464e-15,9.38491e-14,10000
GCR_He,min,3,562.341325190349,4.0,0,57,5.33064e-16,3.34e-14,10000
GCR_He,min,3,562.341325190349,4.0,0,58,6.43568e-15,7.25801e-14,10000
GCR_He,min,3,562.341325190349,4.0,0,59,4.04256e-15,6.84021e-13,10000
GCR_He,min,3,562.341325190349,4.0,0,60,0.0,0.0,10000
GCR_He,min,3,562.341325190349,4.0,0,61,1.30481e-13,8.9987e-14,10000
GCR_He,min,3,562.341325190349,4.0,0,62,1.61705e-17,2.15607e-15,10000
GCR_He,min,3,562.341325190349,4.0,0,63,0.0,0.0,10000
GCR_He,min,3,562.341325190349,4.0,0,64,0.0,0.0,10000
GCR_He,min,3,562.341325190349,4.0,0,65,0.0,0.0,10000
GCR_He,min,3,562.341325190349,4.0,0,66,0.0,0.0,10000
GCR_He,min,3,562.341325190349,4.0,0,67,3.04225e-15,4.17318e-13,10000
GCR_He,min,3,562.341325190349,4.0,0,68,0.0,0.0,10000
GCR_He,min,3,562.341325190349,4.0,0,69,0.0,0.0,10000
GCR_He,min,3,562.341325190349,4.0,0,70,7.19645e-16,5.16986e-14,10000
GCR_He,min,3,562.341325190349,4.0,0,71,4.04678e-15,7.48295e-14,10000
GCR_He,min,3,562.341325190349,4.0,0,72,1.34777e-14,8.98573e-14,10000
GCR_He,min,3,562.341325190349,4.0,0,73,2.32791e-14,9.31125e-14,10000
GCR_He,min,3,562.341325190349,4.0,0,74,4.4733e-14,6.882e-14,10000
GCR_He,min,3,562.341325190349,4.0,0,75,2.61667e-14,7.47577e-14,10000
GCR_He,min,3,562.341325190349,4.0,0,76,8.4607e-15,9.40182e-14,10000
GCR_He,min,3,562.341325190349,4.0,0,77,7.20804e-15,1.31008e-13,10000
GCR_He,min,3,562.341325190349,4.0,0,78,3.11891e-15,5.19819e-14,10000
GCR_He,min,3,562.341325190349,4.0,0,79,4.93239e-15,5.19199e-14,10000
GCR_He,min,3,562.341325190349,4.0,0,80,3.65708e-15,6.09513e-14,10000
GCR_He,min,3,562.341325190349,4.0,0,81,6.19126e-15,1.54743e-13,10000
GCR_He,min,3,562.341325190349,4.0,0,82,4.38632e-15,4.87423e-14,10000
GCR_He,min,3,562.341325190349,4.0,0,83,4.83701e-15,1.382e-13,10000
GCR_He,min,3,562.341325190349,4.0,0,84,9.20237e-15,2.30002e-13,10000
GCR_He,min,3,562.341325190349,4.0,0,85,1.15791e-14,1.54449e-13,10000
GCR_He,min,3,562.341325190349,4.0,0,86,0.0,0.0,10000
GCR_He,min,3,562.341325190349,4.0,0,87,2.22255e-15,6.7354e-15,10000
GCR_He,min,3,562.341325190349,4.0,0,88,1.97878e-15,3.87989e-15,10000
GCR_He,min,3,562.341325190349,4.0,0,89,4.85658e-15,4.53377e-14,10000
GCR_He,min,3,562.341325190349,4.0,0,90,5.78376e-18,1.51209e-16,10000
GCR_He,min,3,562.341325190349,4.0,0,91,0.0,0.0,10000
GCR_He,min,3,562.341325190349,4.0,0,92,6.1585e-16,5.60271e-15,10000
GCR_He,min,3,562.341325190349,4.0,0,93,0.0,0.0,10000
GCR_He,min,3,562.341325190349,4.0,0,94,0.0,0.0,10000
GCR_He,min,3,562.341325190349,4.0,0,95,2.16208e-13,1.20115e-13,10000
GCR_He,min,3,562.341325190349,4.0,0,96,1.66477e-15,2.10704e-14,10000
GCR_He,min,3,562.341325190349,4.0,0,97,4.32288e-14,9.0486e-14,10000
GCR_He,min,3,562.341325190349,4.0,0,98,1.9334e-15,2.70254e-14,10000
GCR_He,min,3,562.341325190349,4.0,0,99,1.26877e-13,2.18724e-13,10000
GCR_He,min,3,562.341325190349,4.0,0,100,2.41766e-16,1.06976e-13,10000
GCR_He,min,3,562.341325190349,4.0,0,101,5.2084e-16,8.13812e-14,10000
GCR_He,min,3,562.341325190349,4.0,0,102,0.0,0.0,10000
GCR_He,min,3,562.341325190349,4.0,0,103,1.16223e-14,1.11325e-13,10000
GCR_He,min,3,562.341325190349,4.0,0,104,0.0,0.0,10000
GCR_He,min,3,562.341325190349,4.0,0,105,5.83067e-16,5.25286e-14,10000
GCR_He,min,3,562.341325190349,4.0,0,106,7.57201e-14,6.21773e-14,10000
GCR_He,min,3,562.341325190349,4.0,0,107,1.60134e-12,1.06708e-13,10000
GCR_He,min,3,562.341325190349,4.0,0,108,1.80426e-13,6.55966e-14,10000
GCR_He,min,3,562.341325190349,4.0,0,109,8.83336e-13,8.81136e-14,10000
GCR_He,min,3,562.341325190349,4.0,0,110,5.09794e-15,1.27417e-13,10000
GCR_He,min,3,562.341325190349,4.0,0,111,0.0,0.0,10000
GCR_He,min,3,562.341325190349,4.0,0,112,0.0,0.0,10000
GCR_He,min,3,562.341325190349,4.0,0,113,2.7006e-15,1.929e-14,10000
GCR_He,min,3,562.341325190349,4.0,0,114,0.0,0.0,10000
GCR_He,min,3,562.341325190349,4.0,0,115,5.11954e-15,3.00972e-13,10000
GCR_He,min,3,562.341325190349,4.0,0,116,8.12587e-14,7.74992e-14,10000
GCR_He,min,3,562.341325190349,4.0,0,117,1.23393e-12,9.97513e-14,10000
GCR_He,min,3,562.341325190349,4.0,0,118,8.98268e-14,5.46568e-14,10000
GCR_He,min,3,562.341325190349,4.0,0,119,5.01951e-13,9.30146e-14,10000
GCR_He,min,3,562.341325190349,4.0,0,120,1.53497e-15,3.61255e-14,10000
GCR_He,min,3,562.341325190349,4.0,0,121,3.63283e-16,8.54986e-15,10000
GCR_He,min,3,562.341325190349,4.0,0,122,1.77375e-14,6.08826e-14,10000
GCR_He,min,3,562.341325190349,4.0,0,123,1.25675e-13,8.57727e-14,10000
GCR_He,min,3,562.341325190349,4.0,0,124,4.18242e-14,6.54494e-14,10000
GCR_He,min,3,562.341325190349,4.0,0,125,8.72218e-14,6.54607e-14,10000
GCR_He,min,3,562.341325190349,4.0,0,126,2.662e-15,7.26924e-14,10000
GCR_He,min,3,562.341325190349,4.0,0,127,2.03273e-14,1.35524e-13,10000
GCR_He,min,3,562.341325190349,4.0,0,128,4.9487e-16,9.88948e-15,10000
GCR_He,min,3,562.341325190349,4.0,0,129,9.8044e-15,5.60893e-13,10000
GCR_He,min,3,562.341325190349,4.0,0,130,2.89435e-15,1.65203e-13,10000
GCR_He,min,3,562.341325190349,4.0,0,131,8.20796e-16,3.2845e-14,10000
GCR_He,min,3,562.341325190349,4.0,0,132,2.98966e-15,1.49558e-13,10000
GCR_He,min,3,562.341325190349,4.0,0,133,0.0,0.0,10000
GCR_He,min,3,562.341325190349,4.0,0,134,0.0,0.0,10000
GCR_He,min,3,562.341325190349,4.0,0,135,0.0,0.0,10000
GCR_He,min,3,562.341325190349,4.0,0,136,4.69585e-16,6.2695e-14,10000
GCR_He,min,3,562.341325190349,4.0,0,137,2.203e-16,4.40512e-15,10000
GCR_He,min,3,562.341325190349,4.0,0,138,1.82588e-15,9.12942e-15,10000
GCR_He,min,3,562.341325190349,4.0,0,139,0.0,0.0,10000
GCR_He,min,3,562.341325190349,4.0,0,140,1.64874e-14,8.24371e-11,10000
GCR_He,min,3,562.341325190349,4.0,0,141,4.26812e-15,2.76612e-14,10000
GCR_He,min,4,1778.2794100389228,2.0,0,0,1.55416e-09,0.0,10000
GCR_He,min,4,1778.2794100389228,2.0,0,1,4.19719e-16,5.99599e-14,10000
GCR_He,min,4,1778.2794100389228,2.0,0,2,1.35081e-15,1.92973e-13,10000
GCR_He,min,4,1778.2794100389228,2.0,0,3,5.1202e-15,4.64207e-13,10000
GCR_He,min,4,1778.2794100389228,2.0,0,4,1.48944e-14,5.24266e-13,10000
GCR_He,min,4,1778.2794100389228,2.0,0,5,1.01795e-14,3.31257e-13,10000
GCR_He,min,4,1778.2794100389228,2.0,0,6,2.1312e-15,4.17882e-13,10000
GCR_He,min,4,1778.2794100389228,2.0,0,7,2.54523e-16,2.54268e-14,10000
GCR_He,min,4,1778.2794100389228,2.0,0,8,6.65819e-15,1.0041e-13,10000
GCR_He,min,4,1778.2794100389228,2.0,0,9,3.3615e-16,3.95471e-13,10000
GCR_He,min,4,1778.2794100389228,2.0,0,10,3.82146e-14,1.40531e-13,10000
GCR_He,min,4,1778.2794100389228,2.0,0,11,1.87834e-15,1.19487e-13,10000
GCR_He,min,4,1778.2794100389228,2.0,0,12,2.61002e-14,3.14308e-13,10000
GCR_He,min,4,1778.2794100389228,2.0,0,13,6.25015e-15,4.62084e-14,10000
GCR_He,min,4,1778.2794100389228,2.0,0,14,5.85666e-15,3.16816e-14,10000
GCR_He,min,4,1778.2794100389228,2.0,0,15,2.12377e-15,6.34341e-14,10000
GCR_He,min,4,1778.2794100389228,2.0,0,16,9.78394e-15,7.64191e-14,10000
GCR_He,min,4,1778.2794100389228,2.0,0,17,9.11446e-15,1.52594e-13,10000
GCR_He,min,4,1778.2794100389228,2.0,0,18,6.36636e-15,1.71461e-13,10000
GCR_He,min,4,1778.2794100389228,2.0,0,19,4.01293e-14,1.48188e-13,10000
GCR_He,min,4,1778.2794100389228,2.0,0,20,2.49914e-14,1.37383e-13,10000
GCR_He,min,4,1778.2794100389228,2.0,0,21,4.27758e-15,1.88689e-13,10000
GCR_He,min,4,1778.2794100389228,2.0,0,22,3.66953e-14,2.04158e-13,10000
GCR_He,min,4,1778.2794100389228,2.0,0,23,5.51209e-14,3.94877e-13,10000
GCR_He,min,4,1778.2794100389228,2.0,0,24,2.46697e-15,5.16318e-14,10000
GCR_He,min,4,1778.2794100389228,2.0,0,25,2.45067e-15,4.61867e-14,10000
GCR_He,min,4,1778.2794100389228,2.0,0,26,1.17389e-13,2.08562e-13,10000
GCR_He,min,4,1778.2794100389228,2.0,0,27,1.33761e-13,2.96549e-13,10000
GCR_He,min,4,1778.2794100389228,2.0,0,28,3.84932e-14,1.471e-13,10000
GCR_He,min,4,1778.2794100389228,2.0,0,29,1.35827e-13,2.87738e-13,10000
GCR_He,min,4,1778.2794100389228,2.0,0,30,4.30761e-15,1.67091e-13,10000
GCR_He,min,4,1778.2794100389228,2.0,0,31,2.28645e-14,7.77465e-14,10000
GCR_He,min,4,1778.2794100389228,2.0,0,32,1.46864e-13,3.3487e-13,10000
GCR_He,min,4,1778.2794100389228,2.0,0,33,1.24123e-14,1.53447e-13,10000
GCR_He,min,4,1778.2794100389228,2.0,0,34,9.16622e-14,1.72508e-13,10000
GCR_He,min,4,1778.2794100389228,2.0,0,35,2.44453e-13,3.35151e-13,10000
GCR_He,min,4,1778.2794100389228,2.0,0,36,1.27617e-14,1.62219e-13,10000
GCR_He,min,4,1778.2794100389228,2.0,0,37,4.99625e-14,2.14837e-13,10000
GCR_He,min,4,1778.2794100389228,2.0,0,38,1.67421e-13,3.29712e-13,10000
GCR_He,min,4,1778.2794100389228,2.0,0,39,1.00569e-14,1.3212e-13,10000
GCR_He,min,4,1778.2794100389228,2.0,0,40,1.56749e-14,2.12109e-13,10000
GCR_He,min,4,1778.2794100389228,2.0,0,41,7.88998e-14,1.97932e-13,10000
GCR_He,min,4,1778.2794100389228,2.0,0,42,2.29946e-13,3.37571e-13,10000
GCR_He,min,4,1778.2794100389228,2.0,0,43,2.1125e-14,5.78514e-14,10000
GCR_He,min,4,1778.2794100389228,2.0,0,44,5.40782e-14,1.03985e-13,10000
GCR_He,min,4,1778.2794100389228,2.0,0,45,8.63296e-15,3.90402e-14,10000
GCR_He,min,4,1778.2794100389228,2.0,0,46,1.49399e-14,7.77269e-14,10000
GCR_He,min,4,1778.2794100389228,2.0,0,47,5.53015e-15,5.37325e-14,10000
GCR_He,min,4,1778.2794100389228,2.0,0,48,6.72326e-15,9.14107e-14,10000
GCR_He,min,4,1778.2794100389228,2.0,0,49,2.62951e-14,9.17548e-14,10000
GCR_He,min,4,1778.2794100389228,2.0,0,50,5.38267e-14,1.60514e-13,10000
GCR_He,min,4,1778.2794100389228,2.0,0,51,2.21306e-14,1.1886e-13,10000
GCR_He,min,4,1778.2794100389228,2.0,0,52,3.8095e-14,1.26113e-13,10000
GCR_He,min,4,1778.2794100389228,2.0,0,53,2.13193e-14,1.95178e-13,10000
GCR_He,min,4,1778.2794100389228,2.0,0,54,5.32904e-14,3.07132e-13,10000
GCR_He,min,4,1778.2794100389228,2.0,0,55,0.0,0.0,10000
GCR_He,min,4,1778.2794100389228,2.0,0,56,1.58737e-14,2.81898e-13,10000
GCR_He,min,4,1778.2794100389228,2.0,0,57,2.67737e-15,1.67755e-13,10000
GCR_He,min,4,1778.2794100389228,2.0,0,58,1.3152e-14,1.48325e-13,10000
GCR_He,min,4,1778.2794100389228,2.0,0,59,1.55961e-15,2.63894e-13,10000
GCR_He,min,4,1778.2794100389228,2.0,0,60,6.87534e-15,1.97965e-13,10000
GCR_He,min,4,1778.2794100389228,2.0,0,61,5.32811e-13,3.67456e-13,10000
GCR_He,min,4,1778.2794100389228,2.0,0,62,0.0,0.0,10000
GCR_He,min,4,1778.2794100389228,2.0,0,63,0.0,0.0,10000
GCR_He,min,4,1778.2794100389228,2.0,0,64,3.22379e-15,4.29839e-13,10000
GCR_He,min,4,1778.2794100389228,2.0,0,65,3.60293e-15,7.2203e-13,10000
GCR_He,min,4,1778.2794100389228,2.0,0,66,0.0,0.0,10000
GCR_He,min,4,1778.2794100389228,2.0,0,67,4.58334e-15,6.28716e-13,10000
GCR_He,min,4,1778.2794100389228,2.0,0,68,0.0,0.0,10000
GCR_He,min,4,1778.2794100389228,2.0,0,69,2.08179e-15,2.8401e-13,10000
GCR_He,min,4,1778.2794100389228,2.0,0,70,6.35775e-16,4.56735e-14,10000
GCR_He,min,4,1778.2794100389228,2.0,0,71,1.90869e-14,3.52938e-13,10000
GCR_He,min,4,1778.2794100389228,2.0,0,72,4.48164e-14,2.98796e-13,10000
GCR_He,min,4,1778.2794100389228,2.0,0,73,4.83924e-14,1.93562e-13,10000
GCR_He,min,4,1778.2794100389228,2.0,0,74,1.39381e-13,2.14432e-13,10000
GCR_He,min,4,1778.2794100389228,2.0,0,75,5.40018e-14,1.54282e-13,10000
GCR_He,min,4,1778.2794100389228,2.0,0,76,6.39995e-15,7.11184e-14,10000
GCR_He,min,4,1778.2794100389228,2.0,0,77,1.27396e-14,2.31546e-13,10000
GCR_He,min,4,1778.2794100389228,2.0,0,78,1.19636e-14,1.99394e-13,10000
GCR_He,min,4,1778.2794100389228,2.0,0,79,1.7453e-14,1.83716e-13,10000
GCR_He,min,4,1778.2794100389228,2.0,0,80,2.95757e-15,4.92929e-14,10000
GCR_He,min,4,1778.2794100389228,2.0,0,81,7.37976e-17,1.84448e-15,10000
GCR_He,min,4,1778.2794100389228,2.0,0,82,1.65275e-14,1.83659e-13,10000
GCR_He,min,4,1778.2794100389228,2.0,0,83,3.04298e-15,8.69424e-14,10000
GCR_He,min,4,1778.2794100389228,2.0,0,84,1.76377e-14,4.40832e-13,10000
GCR_He,min,4,1778.2794100389228,2.0,0,85,2.81878e-14,3.75988e-13,10000
GCR_He,min,4,1778.2794100389228,2.0,0,86,1.29542e-14,4.32094e-13,10000
GCR_He,min,4,1778.2794100389228,2.0,0,87,6.81819e-14,2.06624e-13,10000
GCR_He,min,4,1778.2794100389228,2.0,0,88,1.00249e-13,1.96562e-13,10000
GCR_He,min,4,1778.2794100389228,2.0,0,89,1.93198e-14,1.80357e-13,10000
GCR_He,min,4,1778.2794100389228,2.0,0,90,6.63496e-15,1.73463e-13,10000
GCR_He,min,4,1778.2794100389228,2.0,0,91,4.60227e-16,6.03181e-14,10000
GCR_He,min,4,1778.2794100389228,2.0,0,92,3.33855e-14,3.03726e-13,10000
GCR_He,min,4,1778.2794100389228,2.0,0,93,6.51468e-15,1.65979e-13,10000
GCR_He,min,4,1778.2794100389228,2.0,0,94,2.99422e-15,3.8046e-13,10000
GCR_He,min,4,1778.2794100389228,2.0,0,95,2.42816e-13,1.34897e-13,10000
GCR_He,min,4,1778.2794100389228,2.0,0,96,2.17381e-14,2.75131e-13,10000
GCR_He,min,4,1778.2794100389228,2.0,0,97,2.13622e-13,4.47151e-13,10000
GCR_He,min,4,1778.2794100389228,2.0,0,98,4.94438e-15,6.91135e-14,10000
GCR_He,min,4,1778.2794100389228,2.0,0,99,1.71521e-13,2.95686e-13,10000
GCR_He,min,4,1778.2794100389228,2.0,0,100,2.54009e-16,1.12394e-13,10000
GCR_He,min,4,1778.2794100389228,2.0,0,101,5.90288e-16,9.22325e-14,10000
GCR_He,min,4,1778.2794100389228,2.0,0,102,4.70948e-16,7.87538e-14,10000
GCR_He,min,4,1778.2794100389228,2.0,0,103,2.00165e-14,1.91729e-13,10000
GCR_He,min,4,1778.2794100389228,2.0,0,104,9.78915e-16,1.25021e-13,10000
GCR_He,min,4,1778.2794100389228,2.0,0,105,4.06422e-15,3.66146e-13,10000
GCR_He,min,4,1778.2794100389228,2.0,0,106,2.40341e-13,1.97355e-13,10000
GCR_He,min,4,1778.2794100389228,2.0,0,107,3.65833e-12,2.43778e-13,10000
GCR_He,min,4,1778.2794100389228,2.0,0,108,5.72376e-13,2.08097e-13,10000
GCR_He,min,4,1778.2794100389228,2.0,0,109,2.35416e-12,2.3483e-13,10000
GCR_He,min,4,1778.2794100389228,2.0,0,110,2.54647e-15,6.36458e-14,10000
GCR_He,min,4,1778.2794100389228,2.0,0,111,0.0,0.0,10000
GCR_He,min,4,1778.2794100389228,2.0,0,112,0.0,0.0,10000
GCR_He,min,4,1778.2794100389228,2.0,0,113,2.27879e-14,1.62771e-13,10000
GCR_He,min,4,1778.2794100389228,2.0,0,114,7.00846e-16,1.16808e-12,10000
GCR_He,min,4,1778.2794100389228,2.0,0,115,6.75352e-15,3.97032e-13,10000
GCR_He,min,4,1778.2794100389228,2.0,0,116,3.03482e-13,2.89441e-13,10000
GCR_He,min,4,1778.2794100389228,2.0,0,117,3.07506e-12,2.4859e-13,10000
GCR_He,min,4,1778.2794100389228,2.0,0,118,4.41901e-13,2.68883e-13,10000
GCR_He,min,4,1778.2794100389228,2.0,0,119,1.75719e-12,3.25618e-13,10000
GCR_He,min,4,1778.2794100389228,2.0,0,120,9.45564e-15,2.22538e-13,10000
GCR_He,min,4,1778.2794100389228,2.0,0,121,7.7634e-15,1.82711e-13,10000
GCR_He,min,4,1778.2794100389228,2.0,0,122,7.51637e-14,2.57993e-13,10000
GCR_He,min,4,1778.2794100389228,2.0,0,123,3.12283e-13,2.13132e-13,10000
GCR_He,min,4,1778.2794100389228,2.0,0,124,1.46016e-13,2.28496e-13,10000
GCR_He,min,4,1778.2794100389228,2.0,0,125,3.29569e-13,2.47344e-13,10000
GCR_He,min,4,1778.2794100389228,2.0,0,126,8.04348e-15,2.19647e-13,10000
GCR_He,min,4,1778.2794100389228,2.0,0,127,3.17183e-14,2.11469e-13,10000
GCR_He,min,4,1778.2794100389228,2.0,0,128,2.41458e-14,4.82531e-13,10000
GCR_He,min,4,1778.2794100389228,2.0,0,129,1.68367e-14,9.632e-13,10000
GCR_He,min,4,1778.2794100389228,2.0,0,130,1.20238e-14,6.86292e-13,10000
GCR_He,min,4,1778.2794100389228,2.0,0,131,0.0,0.0,10000
GCR_He,min,4,1778.2794100389228,2.0,0,132,1.97354e-15,9.87261e-14,10000
GCR_He,min,4,1778.2794100389228,2.0,0,133,1.48602e-14,3.51471e-13,10000
GCR_He,min,4,1778.2794100389228,2.0,0,134,4.8252e-17,1.60306e-14,10000
GCR_He,min,4,1778.2794100389228,2.0,0,135,1.5367e-15,1.80575e-13,10000
GCR_He,min,4,1778.2794100389228,2.0,0,136,4.89676e-16,6.53773e-14,10000
GCR_He,min,4,1778.2794100389228,2.0,0,137,1.36243e-14,2.72432e-13,10000
GCR_He,min,4,1778.2794100389228,2.0,0,138,6.3981e-14,3.19905e-13,10000
GCR_He,min,4,1778.2794100389228,2.0,0,139,0.0,0.0,10000
GCR_He,min,4,1778.2794100389228,2.0,0,140,6.52512e-14,3.26256e-10,10000
GCR_He,min,4,1778.2794100389228,2.0,0,141,4.57209e-14,2.96312e-13,10000
GCR_He,min,4,1778.2794100389228,3.0,0,0,1.31768e-09,0.0,10000
GCR_He,min,4,1778.2794100389228,3.0,0,1,2.98118e-15,4.25882e-13,10000
GCR_He,min,4,1778.2794100389228,3.0,0,2,1.50746e-15,2.15352e-13,10000
GCR_He,min,4,1778.2794100389228,3.0,0,3,8.75741e-15,7.93963e-13,10000
GCR_He,min,4,1778.2794100389228,3.0,0,4,5.51458e-15,1.94107e-13,10000
GCR_He,min,4,1778.2794100389228,3.0,0,5,1.87048e-14,6.08681e-13,10000
GCR_He,min,4,1778.2794100389228,3.0,0,6,3.22057e-15,6.31485e-13,10000
GCR_He,min,4,1778.2794100389228,3.0,0,7,8.89772e-16,8.88883e-14,10000
GCR_He,min,4,1778.2794100389228,3.0,0,8,1.2404e-14,1.87061e-13,10000
GCR_He,min,4,1778.2794100389228,3.0,0,9,0.0,0.0,10000
GCR_He,min,4,1778.2794100389228,3.0,0,10,4.30609e-14,1.58353e-13,10000
GCR_He,min,4,1778.2794100389228,3.0,0,11,4.28844e-14,2.72801e-12,10000
GCR_He,min,4,1778.2794100389228,3.0,0,12,1.90722e-14,2.29675e-13,10000
GCR_He,min,4,1778.2794100389228,3.0,0,13,9.99973e-15,7.39297e-14,10000
GCR_He,min,4,1778.2794100389228,3.0,0,14,9.82726e-15,5.31606e-14,10000
GCR_He,min,4,1778.2794100389228,3.0,0,15,4.1008e-15,1.22485e-13,10000
GCR_He,min,4,1778.2794100389228,3.0,0,16,1.66816e-14,1.30294e-13,10000
GCR_He,min,4,1778.2794100389228,3.0,0,17,8.69068e-15,1.45499e-13,10000
GCR_He,min,4,1778.2794100389228,3.0,0,18,6.57872e-15,1.77181e-13,10000
GCR_He,min,4,1778.2794100389228,3.0,0,19,3.33341e-14,1.23095e-13,10000
GCR_He,min,4,1778.2794100389228,3.0,0,20,5.24642e-14,2.88407e-13,10000
GCR_He,min,4,1778.2794100389228,3.0,0,21,7.00407e-15,3.08958e-13,10000
GCR_He,min,4,1778.2794100389228,3.0,0,22,3.94147e-14,2.19287e-13,10000
GCR_He,min,4,1778.2794100389228,3.0,0,23,4.11309e-14,2.94655e-13,10000
GCR_He,min,4,1778.2794100389228,3.0,0,24,1.25023e-16,2.61665e-15,10000
GCR_He,min,4,1778.2794100389228,3.0,0,25,1.45043e-16,2.73356e-15,10000
GCR_He,min,4,1778.2794100389228,3.0,0,26,9.6034e-14,1.70621e-13,10000
GCR_He,min,4,1778.2794100389228,3.0,0,27,1.21263e-13,2.68841e-13,10000
GCR_He,min,4,1778.2794100389228,3.0,0,28,3.8686e-14,1.47837e-13,10000
GCR_He,min,4,1778.2794100389228,3.0,0,29,1.87266e-13,3.96708e-13,10000
GCR_He,min,4,1778.2794100389228,3.0,0,30,4.11444e-15,1.59598e-13,10000
GCR_He,min,4,1778.2794100389228,3.0,0,31,4.12252e-14,1.40179e-13,10000
GCR_He,min,4,1778.2794100389228,3.0,0,32,1.04068e-13,2.37289e-13,10000
GCR_He,min,4,1778.2794100389228,3.0,0,33,2.35801e-14,2.91509e-13,10000
GCR_He,min,4,1778.2794100389228,3.0,0,34,5.01597e-14,9.44004e-14,10000
GCR_He,min,4,1778.2794100389228,3.0,0,35,1.66158e-13,2.27807e-13,10000
GCR_He,min,4,1778.2794100389228,3.0,0,36,1.25933e-14,1.60077e-13,10000
GCR_He,min,4,1778.2794100389228,3.0,0,37,4.66705e-14,2.00682e-13,10000
GCR_He,min,4,1778.2794100389228,3.0,0,38,1.5116e-13,2.97688e-13,10000
GCR_He,min,4,1778.2794100389228,3.0,0,39,9.51568e-15,1.25009e-13,10000
GCR_He,min,4,1778.2794100389228,3.0,0,40,1.47785e-14,1.9998e-13,10000
GCR_He,min,4,1778.2794100389228,3.0,0,41,7.30006e-14,1.83133e-13,10000
GCR_He,min,4,1778.2794100389228,3.0,0,42,1.89386e-13,2.78027e-13,10000
GCR_He,min,4,1778.2794100389228,3.0,0,43,3.10377e-14,8.49975e-14,10000
GCR_He,min,4,1778.2794100389228,3.0,0,44,7.62683e-14,1.46653e-13,10000
GCR_He,min,4,1778.2794100389228,3.0,0,45,7.20768e-15,3.25948e-14,10000
GCR_He,min,4,1778.2794100389228,3.0,0,46,3.78733e-15,1.97041e-14,10000
GCR_He,min,4,1778.2794100389228,3.0,0,47,6.48234e-15,6.29843e-14,10000
GCR_He,min,4,1778.2794100389228,3.0,0,48,7.45517e-15,1.01362e-13,10000
GCR_He,min,4,1778.2794100389228,3.0,0,49,1.39921e-14,4.88243e-14,10000
GCR_He,min,4,1778.2794100389228,3.0,0,50,5.28726e-14,1.57669e-13,10000
GCR_He,min,4,1778.2794100389228,3.0,0,51,2.24137e-14,1.20381e-13,10000
GCR_He,min,4,1778.2794100389228,3.0,0,52,6.99034e-14,2.31415e-13,10000
GCR_He,min,4,1778.2794100389228,3.0,0,53,1.42597e-14,1.30547e-13,10000
GCR_He,min,4,1778.2794100389228,3.0,0,54,4.447e-14,2.56296e-13,10000
GCR_He,min,4,1778.2794100389228,3.0,0,55,0.0,0.0,10000
GCR_He,min,4,1778.2794100389228,3.0,0,56,1.58233e-14,2.81004e-13,10000
GCR_He,min,4,1778.2794100389228,3.0,0,57,1.30856e-16,8.19901e-15,10000
GCR_He,min,4,1778.2794100389228,3.0,0,58,2.60735e-14,2.94051e-13,10000
GCR_He,min,4,1778.2794100389228,3.0,0,59,9.5473e-16,1.61545e-13,10000
GCR_He,min,4,1778.2794100389228,3.0,0,60,1.32525e-14,3.81587e-13,10000
GCR_He,min,4,1778.2794100389228,3.0,0,61,5.31343e-13,3.66444e-13,10000
GCR_He,min,4,1778.2794100389228,3.0,0,62,7.66251e-16,1.02167e-13,10000
GCR_He,min,4,1778.2794100389228,3.0,0,63,1.61581e-15,3.2381e-13,10000
GCR_He,min,4,1778.2794100389228,3.0,0,64,1.15928e-15,1.54571e-13,10000
GCR_He,min,4,1778.2794100389228,3.0,0,65,7.11375e-16,1.4256e-13,10000
GCR_He,min,4,1778.2794100389228,3.0,0,66,0.0,0.0,10000
GCR_He,min,4,1778.2794100389228,3.0,0,67,1.89943e-15,2.60553e-13,10000
GCR_He,min,4,1778.2794100389228,3.0,0,68,0.0,0.0,10000
GCR_He,min,4,1778.2794100389228,3.0,0,69,3.82054e-16,5.2122e-14,10000
GCR_He,min,4,1778.2794100389228,3.0,0,70,1.03223e-15,7.41541e-14,10000
GCR_He,min,4,1778.2794100389228,3.0,0,71,4.96549e-15,9.18174e-14,10000
GCR_He,min,4,1778.2794100389228,3.0,0,72,2.14074e-14,1.42726e-13,10000
GCR_He,min,4,1778.2794100389228,3.0,0,73,2.69436e-14,1.0777e-13,10000
GCR_He,min,4,1778.2794100389228,3.0,0,74,1.32853e-13,2.04389e-13,10000
GCR_He,min,4,1778.2794100389228,3.0,0,75,4.99238e-14,1.42631e-13,10000
GCR_He,min,4,1778.2794100389228,3.0,0,76,2.31345e-14,2.57078e-13,10000
GCR_He,min,4,1778.2794100389228,3.0,0,77,5.70779e-15,1.0374e-13,10000
GCR_He,min,4,1778.2794100389228,3.0,0,78,2.37702e-15,3.9617e-14,10000
GCR_He,min,4,1778.2794100389228,3.0,0,79,0.0,0.0,10000
GCR_He,min,4,1778.2794100389228,3.0,0,80,7.46523e-15,1.24421e-13,10000
GCR_He,min,4,1778.2794100389228,3.0,0,81,5.0619e-15,1.26516e-13,10000
GCR_He,min,4,1778.2794100389228,3.0,0,82,2.63204e-14,2.92481e-13,10000
GCR_He,min,4,1778.2794100389228,3.0,0,83,6.02026e-15,1.72008e-13,10000
GCR_He,min,4,1778.2794100389228,3.0,0,84,2.87249e-14,7.17943e-13,10000
GCR_He,min,4,1778.2794100389228,3.0,0,85,2.09522e-14,2.79475e-13,10000
GCR_He,min,4,1778.2794100389228,3.0,0,86,1.90144e-14,6.34237e-13,10000
GCR_He,min,4,1778.2794100389228,3.0,0,87,6.05015e-14,1.83349e-13,10000
GCR_He,min,4,1778.2794100389228,3.0,0,88,1.06153e-13,2.0814e-13,10000
GCR_He,min,4,1778.2794100389228,3.0,0,89,2.05026e-14,1.91399e-13,10000
GCR_He,min,4,1778.2794100389228,3.0,0,90,5.05128e-15,1.3206e-13,10000
GCR_He,min,4,1778.2794100389228,3.0,0,91,9.31225e-17,1.22048e-14,10000
GCR_He,min,4,1778.2794100389228,3.0,0,92,2.48096e-14,2.25706e-13,10000
GCR_He,min,4,1778.2794100389228,3.0,0,93,1.2103e-14,3.08357e-13,10000
GCR_He,min,4,1778.2794100389228,3.0,0,94,8.32221e-16,1.05746e-13,10000
GCR_He,min,4,1778.2794100389228,3.0,0,95,2.50171e-13,1.38983e-13,10000
GCR_He,min,4,1778.2794100389228,3.0,0,96,2.20246e-14,2.78758e-13,10000
GCR_He,min,4,1778.2794100389228,3.0,0,97,1.9741e-13,4.13217e-13,10000
GCR_He,min,4,1778.2794100389228,3.0,0,98,1.83633e-14,2.56686e-13,10000
GCR_He,min,4,1778.2794100389228,3.0,0,99,2.3646e-13,4.07633e-13,10000
GCR_He,min,4,1778.2794100389228,3.0,0,100,0.0,0.0,10000
GCR_He,min,4,1778.2794100389228,3.0,0,101,4.40156e-16,6.87744e-14,10000
GCR_He,min,4,1778.2794100389228,3.0,0,102,3.08692e-16,5.16208e-14,10000
GCR_He,min,4,1778.2794100389228,3.0,0,103,2.24374e-14,2.14917e-13,10000
GCR_He,min,4,1778.2794100389228,3.0,0,104,4.716e-14,6.02299e-12,10000
GCR_He,min,4,1778.2794100389228,3.0,0,105,5.02455e-15,4.52662e-13,10000
GCR_He,min,4,1778.2794100389228,3.0,0,106,2.4665e-13,2.02535e-13,10000
GCR_He,min,4,1778.2794100389228,3.0,0,107,3.91449e-12,2.60848e-13,10000
GCR_He,min,4,1778.2794100389228,3.0,0,108,8.95848e-13,3.257e-13,10000
GCR_He,min,4,1778.2794100389228,3.0,0,109,2.52579e-12,2.51949e-13,10000
GCR_He,min,4,1778.2794100389228,3.0,0,110,4.4503e-15,1.1123e-13,10000
GCR_He,min,4,1778.2794100389228,3.0,0,111,0.0,0.0,10000
GCR_He,min,4,1778.2794100389228,3.0,0,112,0.0,0.0,10000
GCR_He,min,4,1778.2794100389228,3.0,0,113,2.77578e-14,1.9827e-13,10000
GCR_He,min,4,1778.2794100389228,3.0,0,114,0.0,0.0,10000
GCR_He,min,4,1778.2794100389228,3.0,0,115,1.12902e-14,6.63741e-13,10000
GCR_He,min,4,1778.2794100389228,3.0,0,116,3.38249e-13,3.22599e-13,10000
GCR_He,min,4,1778.2794100389228,3.0,0,117,4.04609e-12,3.27088e-13,10000
GCR_He,min,4,1778.2794100389228,3.0,0,118,6.79545e-13,4.13482e-13,10000
GCR_He,min,4,1778.2794100389228,3.0,0,119,1.7832e-12,3.30438e-13,10000
GCR_He,min,4,1778.2794100389228,3.0,0,120,1.02469e-14,2.41159e-13,10000
GCR_He,min,4,1778.2794100389228,3.0,0,121,1.17029e-14,2.75428e-13,10000
GCR_He,min,4,1778.2794100389228,3.0,0,122,8.64015e-14,2.96566e-13,10000
GCR_He,min,4,1778.2794100389228,3.0,0,123,2.94708e-13,2.01137e-13,10000
GCR_He,min,4,1778.2794100389228,3.0,0,124,1.98125e-13,3.10041e-13,10000
GCR_He,min,4,1778.2794100389228,3.0,0,125,3.22571e-13,2.42093e-13,10000
GCR_He,min,4,1778.2794100389228,3.0,0,126,5.85874e-15,1.59987e-13,10000
GCR_He,min,4,1778.2794100389228,3.0,0,127,1.50599e-14,1.00406e-13,10000
GCR_He,min,4,1778.2794100389228,3.0,0,128,9.84648e-15,1.96772e-13,10000
GCR_He,min,4,1778.2794100389228,3.0,0,129,5.26929e-15,3.01447e-13,10000
GCR_He,min,4,1778.2794100389228,3.0,0,130,2.83357e-15,1.61733e-13,10000
GCR_He,min,4,1778.2794100389228,3.0,0,131,1.202e-15,4.80994e-14,10000
GCR_He,min,4,1778.2794100389228,3.0,0,132,4.70012e-15,2.35124e-13,10000
GCR_He,min,4,1778.2794100389228,3.0,0,133,1.99254e-14,4.71273e-13,10000
GCR_He,min,4,1778.2794100389228,3.0,0,134,3.66348e-15,1.2171e-12,10000
GCR_He,min,4,1778.2794100389228,3.0,0,135,2.03194e-15,2.38771e-13,10000
GCR_He,min,4,1778.2794100389228,3.0,0,136,0.0,0.0,10000
GCR_He,min,4,1778.2794100389228,3.0,0,137,1.56509e-14,3.12955e-13,10000
GCR_He,min,4,1778.2794100389228,3.0,0,138,1.20192e-13,6.00962e-13,10000
GCR_He,min,4,1778.2794100389228,3.0,0,139,0.0,0.0,10000
GCR_He,min,4,1778.2794100389228,3.0,0,140,6.63715e-14,3.31858e-10,10000
GCR_He,min,4,1778.2794100389228,3.0,0,141,4.11938e-14,2.66972e-13,10000
GCR_He,min,4,1778.2794100389228,4.0,0,0,3.84414e-10,0.0,10000
GCR_He,min,4,1778.2794100389228,4.0,0,1,6.63601e-16,9.48001e-14,10000
GCR_He,min,4,1778.2794100389228,4.0,0,2,3.82398e-15,5.46283e-13,10000
GCR_He,min,4,1778.2794100389228,4.0,0,3,1.03956e-15,9.42484e-14,10000
GCR_He,min,4,1778.2794100389228,4.0,0,4,1.65498e-14,5.82533e-13,10000
GCR_He,min,4,1778.2794100389228,4.0,0,5,1.53079e-14,4.98142e-13,10000
GCR_He,min,4,1778.2794100389228,4.0,0,6,2.4698e-15,4.84275e-13,10000
GCR_He,min,4,1778.2794100389228,4.0,0,7,5.82756e-16,5.82174e-14,10000
GCR_He,min,4,1778.2794100389228,4.0,0,8,6.14692e-15,9.26997e-14,10000
GCR_He,min,4,1778.2794100389228,4.0,0,9,0.0,0.0,10000
GCR_He,min,4,1778.2794100389228,4.0,0,10,5.18647e-14,1.90728e-13,10000
GCR_He,min,4,1778.2794100389228,4.0,0,11,2.25974e-15,1.43749e-13,10000
GCR_He,min,4,1778.2794100389228,4.0,0,12,1.43651e-14,1.7299e-13,10000
GCR_He,min,4,1778.2794100389228,4.0,0,13,5.10896e-15,3.77714e-14,10000
GCR_He,min,4,1778.2794100389228,4.0,0,14,6.76271e-15,3.65829e-14,10000
GCR_He,min,4,1778.2794100389228,4.0,0,15,1.01929e-14,3.04447e-13,10000
GCR_He,min,4,1778.2794100389228,4.0,0,16,1.60929e-14,1.25696e-13,10000
GCR_He,min,4,1778.2794100389228,4.0,0,17,1.05666e-14,1.76906e-13,10000
GCR_He,min,4,1778.2794100389228,4.0,0,18,5.81989e-15,1.56744e-13,10000
GCR_He,min,4,1778.2794100389228,4.0,0,19,3.72388e-14,1.37514e-13,10000
GCR_He,min,4,1778.2794100389228,4.0,0,20,3.28795e-14,1.80746e-13,10000
GCR_He,min,4,1778.2794100389228,4.0,0,21,7.93626e-15,3.50078e-13,10000
GCR_He,min,4,1778.2794100389228,4.0,0,22,2.24263e-14,1.24771e-13,10000
GCR_He,min,4,1778.2794100389228,4.0,0,23,3.16815e-14,2.26961e-13,10000
GCR_He,min,4,1778.2794100389228,4.0,0,24,2.74802e-15,5.7514e-14,10000
GCR_He,min,4,1778.2794100389228,4.0,0,25,3.64343e-15,6.86662e-14,10000
GCR_He,min,4,1778.2794100389228,4.0,0,26,1.21614e-13,2.16068e-13,10000
GCR_He,min,4,1778.2794100389228,4.0,0,27,1.49582e-13,3.31622e-13,10000
GCR_He,min,4,1778.2794100389228,4.0,0,28,5.5649e-14,2.1266e-13,10000
GCR_He,min,4,1778.2794100389228,4.0,0,29,2.17682e-13,4.61143e-13,10000
GCR_He,min,4,1778.2794100389228,4.0,0,30,1.0986e-14,4.26143e-13,10000
GCR_He,min,4,1778.2794100389228,4.0,0,31,2.05687e-14,6.99402e-14,10000
GCR_He,min,4,1778.2794100389228,4.0,0,32,5.9008e-14,1.34546e-13,10000
GCR_He,min,4,1778.2794100389228,4.0,0,33,1.28964e-14,1.59432e-13,10000
GCR_He,min,4,1778.2794100389228,4.0,0,34,6.16023e-14,1.15935e-13,10000
GCR_He,min,4,1778.2794100389228,4.0,0,35,2.03094e-13,2.78448e-13,10000
GCR_He,min,4,1778.2794100389228,4.0,0,36,5.63529e-15,7.1632e-14,10000
GCR_He,min,4,1778.2794100389228,4.0,0,37,4.79073e-14,2.06e-13,10000
GCR_He,min,4,1778.2794100389228,4.0,0,38,1.64943e-13,3.24832e-13,10000
GCR_He,min,4,1778.2794100389228,4.0,0,39,1.43683e-14,1.88758e-13,10000
GCR_He,min,4,1778.2794100389228,4.0,0,40,2.33635e-14,3.1615e-13,10000
GCR_He,min,4,1778.2794100389228,4.0,0,41,9.13865e-14,2.29257e-13,10000
GCR_He,min,4,1778.2794100389228,4.0,0,42,2.51259e-13,3.68859e-13,10000
GCR_He,min,4,1778.2794100389228,4.0,0,43,1.74636e-14,4.78244e-14,10000
GCR_He,min,4,1778.2794100389228,4.0,0,44,4.90896e-14,9.43922e-14,10000
GCR_He,min,4,1778.2794100389228,4.0,0,45,1.26983e-14,5.74244e-14,10000
GCR_He,min,4,1778.2794100389228,4.0,0,46,1.83221e-14,9.53235e-14,10000
GCR_He,min,4,1778.2794100389228,4.0,0,47,1.01512e-14,9.86316e-14,10000
GCR_He,min,4,1778.2794100389228,4.0,0,48,1.2638e-14,1.71829e-13,10000
GCR_He,min,4,1778.2794100389228,4.0,0,49,3.06231e-14,1.06857e-13,10000
GCR_He,min,4,1778.2794100389228,4.0,0,50,4.44436e-14,1.32533e-13,10000
GCR_He,min,4,1778.2794100389228,4.0,0,51,3.32593e-14,1.78631e-13,10000
GCR_He,min,4,1778.2794100389228,4.0,0,52,6.75047e-14,2.23474e-13,10000
GCR_He,min,4,1778.2794100389228,4.0,0,53,1.86383e-14,1.70634e-13,10000
GCR_He,min,4,1778.2794100389228,4.0,0,54,1.05282e-13,6.0678e-13,10000
GCR_He,min,4,1778.2794100389228,4.0,0,55,2.23378e-16,2.25863e-14,10000
GCR_He,min,4,1778.2794100389228,4.0,0,56,5.63866e-15,1.00136e-13,10000
GCR_He,min,4,1778.2794100389228,4.0,0,57,9.14229e-16,5.72825e-14,10000
GCR_He,min,4,1778.2794100389228,4.0,0,58,2.54657e-14,2.87197e-13,10000
GCR_He,min,4,1778.2794100389228,4.0,0,59,5.73726e-16,9.70771e-14,10000
GCR_He,min,4,1778.2794100389228,4.0,0,60,9.93641e-15,2.86105e-13,10000
GCR_He,min,4,1778.2794100389228,4.0,0,61,6.39187e-13,4.40818e-13,10000
GCR_He,min,4,1778.2794100389228,4.0,0,62,0.0,0.0,10000
GCR_He,min,4,1778.2794100389228,4.0,0,63,0.0,0.0,10000
GCR_He,min,4,1778.2794100389228,4.0,0,64,2.21193e-15,2.94924e-13,10000
GCR_He,min,4,1778.2794100389228,4.0,0,65,1.76369e-15,3.53445e-13,10000
GCR_He,min,4,1778.2794100389228,4.0,0,66,0.0,0.0,10000
GCR_He,min,4,1778.2794100389228,4.0,0,67,1.71129e-15,2.34745e-13,10000
GCR_He,min,4,1778.2794100389228,4.0,0,68,3.04641e-16,1.60337e-12,10000
GCR_He,min,4,1778.2794100389228,4.0,0,69,3.92596e-15,5.35601e-13,10000
GCR_He,min,4,1778.2794100389228,4.0,0,70,1.57647e-15,1.13252e-13,10000
GCR_He,min,4,1778.2794100389228,4.0,0,71,7.79663e-15,1.44168e-13,10000
GCR_He,min,4,1778.2794100389228,4.0,0,72,1.90395e-14,1.26939e-13,10000
GCR_He,min,4,1778.2794100389228,4.0,0,73,2.73156e-14,1.09258e-13,10000
GCR_He,min,4,1778.2794100389228,4.0,0,74,1.39176e-13,2.14117e-13,10000
GCR_He,min,4,1778.2794100389228,4.0,0,75,7.54753e-14,2.15632e-13,10000
GCR_He,min,4,1778.2794100389228,4.0,0,76,1.54436e-14,1.71615e-13,10000
GCR_He,min,4,1778.2794100389228,4.0,0,77,5.95612e-15,1.08254e-13,10000
GCR_He,min,4,1778.2794100389228,4.0,0,78,2.16215e-14,3.60359e-13,10000
GCR_He,min,4,1778.2794100389228,4.0,0,79,5.50984e-14,5.79983e-13,10000
GCR_He,min,4,1778.2794100389228,4.0,0,80,9.9045e-15,1.65075e-13,10000
GCR_He,min,4,1778.2794100389228,4.0,0,81,6.00909e-15,1.5019e-13,10000
GCR_He,min,4,1778.2794100389228,4.0,0,82,2.44874e-14,2.72112e-13,10000
GCR_He,min,4,1778.2794100389228,4.0,0,83,9.47757e-15,2.70788e-13,10000
GCR_He,min,4,1778.2794100389228,4.0,0,84,1.26672e-14,3.166e-13,10000
GCR_He,min,4,1778.2794100389228,4.0,0,85,3.6642e-14,4.88755e-13,10000
GCR_He,min,4,1778.2794100389228,4.0,0,86,8.15662e-15,2.72069e-13,10000
GCR_He,min,4,1778.2794100389228,4.0,0,87,4.4908e-14,1.36093e-13,10000
GCR_He,min,4,1778.2794100389228,4.0,0,88,1.20823e-13,2.36903e-13,10000
GCR_He,min,4,1778.2794100389228,4.0,0,89,4.55883e-14,4.25582e-13,10000
GCR_He,min,4,1778.2794100389228,4.0,0,90,6.95254e-15,1.81766e-13,10000
GCR_He,min,4,1778.2794100389228,4.0,0,91,7.97051e-16,1.04463e-13,10000
GCR_He,min,4,1778.2794100389228,4.0,0,92,3.47177e-14,3.15845e-13,10000
GCR_He,min,4,1778.2794100389228,4.0,0,93,1.21963e-14,3.10733e-13,10000
GCR_He,min,4,1778.2794100389228,4.0,0,94,1.02168e-15,1.29819e-13,10000
GCR_He,min,4,1778.2794100389228,4.0,0,95,2.58596e-13,1.43663e-13,10000
GCR_He,min,4,1778.2794100389228,4.0,0,96,7.87149e-15,9.96266e-14,10000
GCR_He,min,4,1778.2794100389228,4.0,0,97,1.45692e-13,3.0496e-13,10000
GCR_He,min,4,1778.2794100389228,4.0,0,98,1.0348e-14,1.44647e-13,10000
GCR_He,min,4,1778.2794100389228,4.0,0,99,1.54827e-13,2.66906e-13,10000
GCR_He,min,4,1778.2794100389228,4.0,0,100,5.61198e-16,2.48318e-13,10000
GCR_He,min,4,1778.2794100389228,4.0,0,101,6.59511e-17,1.03049e-14,10000
GCR_He,min,4,1778.2794100389228,4.0,0,102,1.618e-17,2.70569e-15,10000
GCR_He,min,4,1778.2794100389228,4.0,0,103,2.38433e-14,2.28384e-13,10000
GCR_He,min,4,1778.2794100389228,4.0,0,104,7.35364e-16,9.39162e-14,10000
GCR_He,min,4,1778.2794100389228,4.0,0,105,2.0697e-15,1.8646e-13,10000
GCR_He,min,4,1778.2794100389228,4.0,0,106,2.80686e-13,2.30484e-13,10000
GCR_He,min,4,1778.2794100389228,4.0,0,107,4.14572e-12,2.76256e-13,10000
GCR_He,min,4,1778.2794100389228,4.0,0,108,5.47984e-13,1.99228e-13,10000
GCR_He,min,4,1778.2794100389228,4.0,0,109,2.18291e-12,2.17748e-13,10000
GCR_He,min,4,1778.2794100389228,4.0,0,110,1.83699e-15,4.59133e-14,10000
GCR_He,min,4,1778.2794100389228,4.0,0,111,0.0,0.0,10000
GCR_He,min,4,1778.2794100389228,4.0,0,112,0.0,0.0,10000
GCR_He,min,4,1778.2794100389228,4.0,0,113,3.06923e-14,2.19231e-13,10000
GCR_He,min,4,1778.2794100389228,4.0,0,114,5.90852e-16,9.84753e-13,10000
GCR_He,min,4,1778.2794100389228,4.0,0,115,2.7727e-15,1.63004e-13,10000
GCR_He,min,4,1778.2794100389228,4.0,0,116,3.10689e-13,2.96315e-13,10000
GCR_He,min,4,1778.2794100389228,4.0,0,117,3.36403e-12,2.7195e-13,10000
GCR_He,min,4,1778.2794100389228,4.0,0,118,3.85738e-13,2.3471e-13,10000
GCR_He,min,4,1778.2794100389228,4.0,0,119,1.52895e-12,2.83324e-13,10000
GCR_He,min,4,1778.2794100389228,4.0,0,120,3.49886e-15,8.23455e-14,10000
GCR_He,min,4,1778.2794100389228,4.0,0,121,1.54021e-15,3.62487e-14,10000
GCR_He,min,4,1778.2794100389228,4.0,0,122,6.63911e-14,2.27882e-13,10000
GCR_He,min,4,1778.2794100389228,4.0,0,123,3.24813e-13,2.21684e-13,10000
GCR_He,min,4,1778.2794100389228,4.0,0,124,1.34874e-13,2.11061e-13,10000
GCR_He,min,4,1778.2794100389228,4.0,0,125,3.01594e-13,2.26348e-13,10000
GCR_He,min,4,1778.2794100389228,4.0,0,126,4.14092e-15,1.13078e-13,10000
GCR_He,min,4,1778.2794100389228,4.0,0,127,1.55645e-14,1.0377e-13,10000
GCR_He,min,4,1778.2794100389228,4.0,0,128,1.3132e-14,2.6243e-13,10000
GCR_He,min,4,1778.2794100389228,4.0,0,129,6.84368e-15,3.91515e-13,10000
GCR_He,min,4,1778.2794100389228,4.0,0,130,6.73899e-15,3.84645e-13,10000
GCR_He,min,4,1778.2794100389228,4.0,0,131,2.00752e-15,8.03328e-14,10000
GCR_He,min,4,1778.2794100389228,4.0,0,132,0.0,0.0,10000
GCR_He,min,4,1778.2794100389228,4.0,0,133,7.54471e-15,1.78446e-13,10000
GCR_He,min,4,1778.2794100389228,4.0,0,134,0.0,0.0,10000
GCR_He,min,4,1778.2794100389228,4.0,0,135,1.36883e-15,1.6085e-13,10000
GCR_He,min,4,1778.2794100389228,4.0,0,136,3.56372e-15,4.75797e-13,10000
GCR_He,min,4,1778.2794100389228,4.0,0,137,2.29659e-14,4.59227e-13,10000
GCR_He,min,4,1778.2794100389228,4.0,0,138,7.04963e-14,3.52482e-13,10000
GCR_He,min,4,1778.2794100389228,4.0,0,139,0.0,0.0,10000
GCR_He,min,4,1778.2794100389228,4.0,0,140,5.59894e-14,2.79947e-10,10000
GCR_He,min,4,1778.2794100389228,4.0,0,141,3.11613e-14,2.01952e-13,10000
GCR_He,min,5,5623.413251903491,2.0,0,0,3.18822e-10,0.0,10000
GCR_He,min,5,5623.413251903491,2.0,0,1,9.06813e-15,1.29545e-12,10000
GCR_He,min,5,5623.413251903491,2.0,0,2,1.50412e-14,2.14874e-12,10000
GCR_He,min,5,5623.413251903491,2.0,0,3,2.96915e-15,2.69188e-13,10000
GCR_He,min,5,5623.413251903491,2.0,0,4,5.85364e-15,2.06041e-13,10000
GCR_He,min,5,5623.413251903491,2.0,0,5,3.95553e-15,1.28719e-13,10000
GCR_He,min,5,5623.413251903491,2.0,0,6,2.11051e-15,4.13825e-13,10000
GCR_He,min,5,5623.413251903491,2.0,0,7,2.5379e-15,2.53537e-13,10000
GCR_He,min,5,5623.413251903491,2.0,0,8,6.64169e-14,1.00161e-12,10000
GCR_He,min,5,5623.413251903491,2.0,0,9,0.0,0.0,10000
GCR_He,min,5,5623.413251903491,2.0,0,10,3.38623e-13,1.24526e-12,10000
GCR_He,min,5,5623.413251903491,2.0,0,11,1.33982e-14,8.52301e-13,10000
GCR_He,min,5,5623.413251903491,2.0,0,12,9.06396e-14,1.09152e-12,10000
GCR_He,min,5,5623.413251903491,2.0,0,13,3.42063e-14,2.52893e-13,10000
GCR_He,min,5,5623.413251903491,2.0,0,14,6.17924e-14,3.34266e-13,10000
GCR_He,min,5,5623.413251903491,2.0,0,15,2.42343e-14,7.23843e-13,10000
GCR_He,min,5,5623.413251903491,2.0,0,16,1.04868e-13,8.19087e-13,10000
GCR_He,min,5,5623.413251903491,2.0,0,17,7.93607e-14,1.32866e-12,10000
GCR_He,min,5,5623.413251903491,2.0,0,18,6.7273e-14,1.81182e-12,10000
GCR_He,min,5,5623.413251903491,2.0,0,19,1.3419e-13,4.9553e-13,10000
GCR_He,min,5,5623.413251903491,2.0,0,20,1.03323e-13,5.67987e-13,10000
GCR_He,min,5,5623.413251903491,2.0,0,21,2.38183e-14,1.05065e-12,10000
GCR_He,min,5,5623.413251903491,2.0,0,22,1.26039e-13,7.01232e-13,10000
GCR_He,min,5,5623.413251903491,2.0,0,23,1.74038e-13,1.24678e-12,10000
GCR_He,min,5,5623.413251903491,2.0,0,24,1.46303e-14,3.06201e-13,10000
GCR_He,min,5,5623.413251903491,2.0,0,25,3.05799e-14,5.76327e-13,10000
GCR_He,min,5,5623.413251903491,2.0,0,26,8.39898e-14,1.49222e-13,10000
GCR_He,min,5,5623.413251903491,2.0,0,27,9.17591e-14,2.0343e-13,10000
GCR_He,min,5,5623.413251903491,2.0,0,28,2.33435e-13,8.92064e-13,10000
GCR_He,min,5,5623.413251903491,2.0,0,29,8.46121e-13,1.79244e-12,10000
GCR_He,min,5,5623.413251903491,2.0,0,30,3.76852e-14,1.4618e-12,10000
GCR_He,min,5,5623.413251903491,2.0,0,31,1.87402e-13,6.37226e-13,10000
GCR_He,min,5,5623.413251903491,2.0,0,32,5.36951e-13,1.22432e-12,10000
GCR_He,min,5,5623.413251903491,2.0,0,33,7.29127e-14,9.01381e-13,10000
GCR_He,min,5,5623.413251903491,2.0,0,34,2.60261e-13,4.89811e-13,10000
GCR_He,min,5,5623.413251903491,2.0,0,35,8.13667e-13,1.11556e-12,10000
GCR_He,min,5,5623.413251903491,2.0,0,36,5.08064e-14,6.45816e-13,10000
GCR_He,min,5,5623.413251903491,2.0,0,37,3.62353e-14,1.55811e-13,10000
GCR_He,min,5,5623.413251903491,2.0,0,38,1.54881e-13,3.05015e-13,10000
GCR_He,min,5,5623.413251903491,2.0,0,39,1.26502e-14,1.66187e-13,10000
GCR_He,min,5,5623.413251903491,2.0,0,40,1.99384e-14,2.69802e-13,10000
GCR_He,min,5,5623.413251903491,2.0,0,41,3.58694e-13,8.9984e-13,10000
GCR_He,min,5,5623.413251903491,2.0,0,42,9.81842e-13,1.44138e-12,10000
GCR_He,min,5,5623.413251903491,2.0,0,43,2.48094e-13,6.79412e-13,10000
GCR_He,min,5,5623.413251903491,2.0,0,44,7.14525e-13,1.37393e-12,10000
GCR_He,min,5,5623.413251903491,2.0,0,45,9.45232e-14,4.27456e-13,10000
GCR_He,min,5,5623.413251903491,2.0,0,46,1.25891e-13,6.54967e-13,10000
GCR_He,min,5,5623.413251903491,2.0,0,47,2.55129e-14,2.4789e-13,10000
GCR_He,min,5,5623.413251903491,2.0,0,48,3.71334e-14,5.04874e-13,10000
GCR_He,min,5,5623.413251903491,2.0,0,49,2.45144e-13,8.55414e-13,10000
GCR_He,min,5,5623.413251903491,2.0,0,50,4.55402e-13,1.35803e-12,10000
GCR_He,min,5,5623.413251903491,2.0,0,51,7.89205e-14,4.23871e-13,10000
GCR_He,min,5,5623.413251903491,2.0,0,52,1.74445e-13,5.77499e-13,10000
GCR_He,min,5,5623.413251903491,2.0,0,53,7.13263e-14,6.52992e-13,10000
GCR_He,min,5,5623.413251903491,2.0,0,54,2.34056e-13,1.34895e-12,10000
GCR_He,min,5,5623.413251903491,2.0,0,55,4.68218e-15,4.73425e-13,10000
GCR_He,min,5,5623.413251903491,2.0,0,56,4.77615e-14,8.48189e-13,10000
GCR_He,min,5,5623.413251903491,2.0,0,57,7.8804e-15,4.93759e-13,10000
GCR_He,min,5,5623.413251903491,2.0,0,58,8.8307e-14,9.95906e-13,10000
GCR_He,min,5,5623.413251903491,2.0,0,59,6.28361e-15,1.06322e-12,10000
GCR_He,min,5,5623.413251903491,2.0,0,60,4.3817e-14,1.26165e-12,10000
GCR_He,min,5,5623.413251903491,2.0,0,61,3.58761e-13,2.47421e-13,10000
GCR_He,min,5,5623.413251903491,2.0,0,62,9.48238e-15,1.26432e-12,10000
GCR_He,min,5,5623.413251903491,2.0,0,63,2.18036e-15,4.36945e-13,10000
GCR_He,min,5,5623.413251903491,2.0,0,64,8.27531e-15,1.10337e-12,10000
GCR_He,min,5,5623.413251903491,2.0,0,65,5.26672e-15,1.05545e-12,10000
GCR_He,min,5,5623.413251903491,2.0,0,66,0.0,0.0,10000
GCR_He,min,5,5623.413251903491,2.0,0,67,6.04041e-16,8.28589e-14,10000
GCR_He,min,5,5623.413251903491,2.0,0,68,3.54013e-16,1.86323e-12,10000
GCR_He,min,5,5623.413251903491,2.0,0,69,3.17487e-15,4.33134e-13,10000
GCR_He,min,5,5623.413251903491,2.0,0,70,3.00658e-14,2.1599e-12,10000
GCR_He,min,5,5623.413251903491,2.0,0,71,9.29525e-14,1.7188e-12,10000
GCR_He,min,5,5623.413251903491,2.0,0,72,2.62713e-13,1.75153e-12,10000
GCR_He,min,5,5623.413251903491,2.0,0,73,4.07796e-13,1.63112e-12,10000
GCR_He,min,5,5623.413251903491,2.0,0,74,5.92909e-13,9.12168e-13,10000
GCR_He,min,5,5623.413251903491,2.0,0,75,3.05398e-13,8.72515e-13,10000
GCR_He,min,5,5623.413251903491,2.0,0,76,6.69866e-14,7.44378e-13,10000
GCR_He,min,5,5623.413251903491,2.0,0,77,2.05856e-14,3.74147e-13,10000
GCR_He,min,5,5623.413251903491,2.0,0,78,1.56844e-13,2.61407e-12,10000
GCR_He,min,5,5623.413251903491,2.0,0,79,3.11847e-13,3.2826e-12,10000
GCR_He,min,5,5623.413251903491,2.0,0,80,1.34712e-13,2.2452e-12,10000
GCR_He,min,5,5623.413251903491,2.0,0,81,1.13264e-13,2.83088e-12,10000
GCR_He,min,5,5623.413251903491,2.0,0,82,1.71134e-13,1.9017e-12,10000
GCR_He,min,5,5623.413251903491,2.0,0,83,8.62092e-14,2.46312e-12,10000
GCR_He,min,5,5623.413251903491,2.0,0,84,5.91145e-14,1.47749e-12,10000
GCR_He,min,5,5623.413251903491,2.0,0,85,1.14198e-13,1.52325e-12,10000
GCR_He,min,5,5623.413251903491,2.0,0,86,6.78479e-14,2.26311e-12,10000
GCR_He,min,5,5623.413251903491,2.0,0,87,3.71577e-13,1.12606e-12,10000
GCR_He,min,5,5623.413251903491,2.0,0,88,6.28835e-13,1.23299e-12,10000
GCR_He,min,5,5623.413251903491,2.0,0,89,1.68622e-13,1.57414e-12,10000
GCR_He,min,5,5623.413251903491,2.0,0,90,5.58138e-14,1.45918e-12,10000
GCR_He,min,5,5623.413251903491,2.0,0,91,1.09888e-14,1.44021e-12,10000
GCR_He,min,5,5623.413251903491,2.0,0,92,1.18636e-13,1.07929e-12,10000
GCR_He,min,5,5623.413251903491,2.0,0,93,5.77198e-14,1.47057e-12,10000
GCR_He,min,5,5623.413251903491,2.0,0,94,3.56736e-15,4.53286e-13,10000
GCR_He,min,5,5623.413251903491,2.0,0,95,3.2312e-12,1.7951e-12,10000
GCR_He,min,5,5623.413251903491,2.0,0,96,5.79728e-14,7.3374e-13,10000
GCR_He,min,5,5623.413251903491,2.0,0,97,1.2577e-12,2.6326e-12,10000
GCR_He,min,5,5623.413251903491,2.0,0,98,7.5665e-14,1.05766e-12,10000
GCR_He,min,5,5623.413251903491,2.0,0,99,1.75689e-12,3.0287e-12,10000
GCR_He,min,5,5623.413251903491,2.0,0,100,3.26102e-15,1.44293e-12,10000
GCR_He,min,5,5623.413251903491,2.0,0,101,4.05129e-15,6.33014e-13,10000
GCR_He,min,5,5623.413251903491,2.0,0,102,2.12769e-15,3.558e-13,10000
GCR_He,min,5,5623.413251903491,2.0,0,103,1.37959e-13,1.32145e-12,10000
GCR_He,min,5,5623.413251903491,2.0,0,104,1.24373e-14,1.58841e-12,10000
GCR_He,min,5,5623.413251903491,2.0,0,105,1.24747e-14,1.12385e-12,10000
GCR_He,min,5,5623.413251903491,2.0,0,106,4.70836e-13,3.86625e-13,10000
GCR_He,min,5,5623.413251903491,2.0,0,107,1.99208e-11,1.32745e-12,10000
GCR_He,min,5,5623.413251903491,2.0,0,108,3.20487e-12,1.16518e-12,10000
GCR_He,min,5,5623.413251903491,2.0,0,109,1.03848e-11,1.0359e-12,10000
GCR_He,min,5,5623.413251903491,2.0,0,110,4.25017e-14,1.06228e-12,10000
GCR_He,min,5,5623.413251903491,2.0,0,111,0.0,0.0,10000
GCR_He,min,5,5623.413251903491,2.0,0,112,0.0,0.0,10000
GCR_He,min,5,5623.413251903491,2.0,0,113,2.77632e-13,1.98309e-12,10000
GCR_He,min,5,5623.413251903491,2.0,0,114,5.3809e-16,8.96816e-13,10000
GCR_He,min,5,5623.413251903491,2.0,0,115,3.2112e-14,1.88783e-12,10000
GCR_He,min,5,5623.413251903491,2.0,0,116,4.31729e-13,4.11755e-13,10000
GCR_He,min,5,5623.413251903491,2.0,0,117,1.91515e-11,1.54821e-12,10000
GCR_He,min,5,5623.413251903491,2.0,0,118,2.48306e-12,1.51087e-12,10000
GCR_He,min,5,5623.413251903491,2.0,0,119,6.57042e-12,1.21754e-12,10000
GCR_He,min,5,5623.413251903491,2.0,0,120,4.93037e-15,1.16036e-13,10000
GCR_He,min,5,5623.413251903491,2.0,0,121,1.13574e-14,2.67297e-13,10000
GCR_He,min,5,5623.413251903491,2.0,0,122,8.49147e-14,2.91463e-13,10000
GCR_He,min,5,5623.413251903491,2.0,0,123,2.09473e-12,1.42964e-12,10000
GCR_He,min,5,5623.413251903491,2.0,0,124,7.5085e-13,1.17498e-12,10000
GCR_He,min,5,5623.413251903491,2.0,0,125,1.22822e-12,9.21793e-13,10000
GCR_He,min,5,5623.413251903491,2.0,0,126,3.41127e-14,9.31532e-13,10000
GCR_He,min,5,5623.413251903491,2.0,0,127,3.64994e-13,2.43345e-12,10000
GCR_He,min,5,5623.413251903491,2.0,0,128,8.01475e-15,1.60167e-13,10000
GCR_He,min,5,5623.413251903491,2.0,0,129,2.51449e-14,1.4385e-12,10000
GCR_He,min,5,5623.413251903491,2.0,0,130,2.82567e-14,1.61282e-12,10000
GCR_He,min,5,5623.413251903491,2.0,0,131,1.4012e-14,5.60703e-13,10000
GCR_He,min,5,5623.413251903491,2.0,0,132,1.12979e-14,5.6518e-13,10000
GCR_He,min,5,5623.413251903491,2.0,0,133,7.83986e-15,1.85427e-13,10000
GCR_He,min,5,5623.413251903491,2.0,0,134,0.0,0.0,10000
GCR_He,min,5,5623.413251903491,2.0,0,135,5.99389e-15,7.04335e-13,10000
GCR_He,min,5,5623.413251903491,2.0,0,136,6.90928e-15,9.22467e-13,10000
GCR_He,min,5,5623.413251903491,2.0,0,137,7.31498e-14,1.4627e-12,10000
GCR_He,min,5,5623.413251903491,2.0,0,138,3.28215e-13,1.64108e-12,10000
GCR_He,min,5,5623.413251903491,2.0,0,139,0.0,0.0,10000
GCR_He,min,5,5623.413251903491,2.0,0,140,4.53609e-14,2.26804e-10,10000
GCR_He,min,5,5623.413251903491,2.0,0,141,2.47253e-13,1.60241e-12,10000
GCR_He,min,5,5623.413251903491,3.0,0,0,2.66668e-10,0.0,10000
GCR_He,min,5,5623.413251903491,3.0,0,1,1.54661e-14,2.20944e-12,10000
GCR_He,min,5,5623.413251903491,3.0,0,2,8.75718e-15,1.25103e-12,10000
GCR_He,min,5,5623.413251903491,3.0,0,3,1.39308e-15,1.26299e-13,10000
GCR_He,min,5,5623.413251903491,3.0,0,4,8.8486e-15,3.11461e-13,10000
GCR_He,min,5,5623.413251903491,3.0,0,5,1.07257e-14,3.49031e-13,10000
GCR_He,min,5,5623.413251903491,3.0,0,6,4.93336e-15,9.67326e-13,10000
GCR_He,min,5,5623.413251903491,3.0,0,7,3.03349e-15,3.03046e-13,10000
GCR_He,min,5,5623.413251903491,3.0,0,8,6.6678e-14,1.00555e-12,10000
GCR_He,min,5,5623.413251903491,3.0,0,9,2.11158e-16,2.48421e-13,10000
GCR_He,min,5,5623.413251903491,3.0,0,10,2.92382e-13,1.07521e-12,10000
GCR_He,min,5,5623.413251903491,3.0,0,11,1.42683e-14,9.07654e-13,10000
GCR_He,min,5,5623.413251903491,3.0,0,12,9.31357e-14,1.12158e-12,10000
GCR_He,min,5,5623.413251903491,3.0,0,13,5.30072e-14,3.91891e-13,10000
GCR_He,min,5,5623.413251903491,3.0,0,14,7.75964e-14,4.19757e-13,10000
GCR_He,min,5,5623.413251903491,3.0,0,15,3.47448e-14,1.03778e-12,10000
GCR_He,min,5,5623.413251903491,3.0,0,16,8.71375e-14,6.80602e-13,10000
GCR_He,min,5,5623.413251903491,3.0,0,17,7.06377e-14,1.18262e-12,10000
GCR_He,min,5,5623.413251903491,3.0,0,18,4.93686e-14,1.32962e-12,10000
GCR_He,min,5,5623.413251903491,3.0,0,19,9.68052e-14,3.57478e-13,10000
GCR_He,min,5,5623.413251903491,3.0,0,20,7.79655e-14,4.28594e-13,10000
GCR_He,min,5,5623.413251903491,3.0,0,21,2.02253e-14,8.92163e-13,10000
GCR_He,min,5,5623.413251903491,3.0,0,22,1.16236e-13,6.46687e-13,10000
GCR_He,min,5,5623.413251903491,3.0,0,23,1.63565e-13,1.17175e-12,10000
GCR_He,min,5,5623.413251903491,3.0,0,24,1.54885e-14,3.24162e-13,10000
GCR_He,min,5,5623.413251903491,3.0,0,25,2.69564e-14,5.08037e-13,10000
GCR_He,min,5,5623.413251903491,3.0,0,26,1.11822e-13,1.98672e-13,10000
GCR_He,min,5,5623.413251903491,3.0,0,27,2.27797e-13,5.05027e-13,10000
GCR_He,min,5,5623.413251903491,3.0,0,28,2.33667e-13,8.9295e-13,10000
GCR_He,min,5,5623.413251903491,3.0,0,29,9.01006e-13,1.90871e-12,10000
GCR_He,min,5,5623.413251903491,3.0,0,30,2.28971e-14,8.88172e-13,10000
GCR_He,min,5,5623.413251903491,3.0,0,31,1.77679e-13,6.04166e-13,10000
GCR_He,min,5,5623.413251903491,3.0,0,32,5.89087e-13,1.3432e-12,10000
GCR_He,min,5,5623.413251903491,3.0,0,33,4.48105e-14,5.53969e-13,10000
GCR_He,min,5,5623.413251903491,3.0,0,34,2.76518e-13,5.20407e-13,10000
GCR_He,min,5,5623.413251903491,3.0,0,35,8.95366e-13,1.22757e-12,10000
GCR_He,min,5,5623.413251903491,3.0,0,36,4.94223e-14,6.28223e-13,10000
GCR_He,min,5,5623.413251903491,3.0,0,37,2.91657e-14,1.25412e-13,10000
GCR_He,min,5,5623.413251903491,3.0,0,38,1.61747e-13,3.18537e-13,10000
GCR_He,min,5,5623.413251903491,3.0,0,39,2.25473e-14,2.96207e-13,10000
GCR_He,min,5,5623.413251903491,3.0,0,40,2.52778e-14,3.42055e-13,10000
GCR_He,min,5,5623.413251903491,3.0,0,41,3.66637e-13,9.19766e-13,10000
GCR_He,min,5,5623.413251903491,3.0,0,42,1.43134e-12,2.10127e-12,10000
GCR_He,min,5,5623.413251903491,3.0,0,43,2.23105e-13,6.10979e-13,10000
GCR_He,min,5,5623.413251903491,3.0,0,44,7.17969e-13,1.38055e-12,10000
GCR_He,min,5,5623.413251903491,3.0,0,45,8.79935e-14,3.97926e-13,10000
GCR_He,min,5,5623.413251903491,3.0,0,46,1.29155e-13,6.71947e-13,10000
GCR_He,min,5,5623.413251903491,3.0,0,47,2.87733e-14,2.79569e-13,10000
GCR_He,min,5,5623.413251903491,3.0,0,48,2.66518e-14,3.62363e-13,10000
GCR_He,min,5,5623.413251903491,3.0,0,49,1.64451e-13,5.73839e-13,10000
GCR_He,min,5,5623.413251903491,3.0,0,50,4.20209e-13,1.25308e-12,10000
GCR_He,min,5,5623.413251903491,3.0,0,51,9.8193e-14,5.27381e-13,10000
GCR_He,min,5,5623.413251903491,3.0,0,52,2.54538e-13,8.42644e-13,10000
GCR_He,min,5,5623.413251903491,3.0,0,53,7.75867e-14,7.10306e-13,10000
GCR_He,min,5,5623.413251903491,3.0,0,54,1.57284e-13,9.06485e-13,10000
GCR_He,min,5,5623.413251903491,3.0,0,55,6.67516e-15,6.74941e-13,10000
GCR_He,min,5,5623.413251903491,3.0,0,56,4.93669e-14,8.76699e-13,10000
GCR_He,min,5,5623.413251903491,3.0,0,57,5.90342e-15,3.69888e-13,10000
GCR_He,min,5,5623.413251903491,3.0,0,58,8.38384e-14,9.4551e-13,10000
GCR_He,min,5,5623.413251903491,3.0,0,59,4.33054e-15,7.32749e-13,10000
GCR_He,min,5,5623.413251903491,3.0,0,60,3.48588e-14,1.00371e-12,10000
GCR_He,min,5,5623.413251903491,3.0,0,61,3.39926e-13,2.34431e-13,10000
GCR_He,min,5,5623.413251903491,3.0,0,62,4.80821e-15,6.41095e-13,10000
GCR_He,min,5,5623.413251903491,3.0,0,63,2.57091e-15,5.15212e-13,10000
GCR_He,min,5,5623.413251903491,3.0,0,64,6.90814e-15,9.21085e-13,10000
GCR_He,min,5,5623.413251903491,3.0,0,65,7.57e-15,1.51703e-12,10000
GCR_He,min,5,5623.413251903491,3.0,0,66,0.0,0.0,10000
GCR_He,min,5,5623.413251903491,3.0,0,67,1.8878e-15,2.58958e-13,10000
GCR_He,min,5,5623.413251903491,3.0,0,68,0.0,0.0,10000
GCR_He,min,5,5623.413251903491,3.0,0,69,3.57809e-15,4.88143e-13,10000
GCR_He,min,5,5623.413251903491,3.0,0,70,2.81917e-14,2.02527e-12,10000
GCR_He,min,5,5623.413251903491,3.0,0,71,1.62436e-13,3.00362e-12,10000
GCR_He,min,5,5623.413251903491,3.0,0,72,2.37901e-13,1.58611e-12,10000
GCR_He,min,5,5623.413251903491,3.0,0,73,4.19126e-13,1.67644e-12,10000
GCR_He,min,5,5623.413251903491,3.0,0,74,8.60986e-13,1.32459e-12,10000
GCR_He,min,5,5623.413251903491,3.0,0,75,3.64652e-13,1.0418e-12,10000
GCR_He,min,5,5623.413251903491,3.0,0,76,2.39423e-13,2.66056e-12,10000
GCR_He,min,5,5623.413251903491,3.0,0,77,3.3673e-14,6.12014e-13,10000
GCR_He,min,5,5623.413251903491,3.0,0,78,1.57596e-13,2.6266e-12,10000
GCR_He,min,5,5623.413251903491,3.0,0,79,3.04999e-13,3.21052e-12,10000
GCR_He,min,5,5623.413251903491,3.0,0,80,1.89858e-13,3.16431e-12,10000
GCR_He,min,5,5623.413251903491,3.0,0,81,1.48644e-13,3.71516e-12,10000
GCR_He,min,5,5623.413251903491,3.0,0,82,1.63142e-13,1.81289e-12,10000
GCR_He,min,5,5623.413251903491,3.0,0,83,7.2876e-14,2.08217e-12,10000
GCR_He,min,5,5623.413251903491,3.0,0,84,3.89934e-14,9.7459e-13,10000
GCR_He,min,5,5623.413251903491,3.0,0,85,9.38e-14,1.25117e-12,10000
GCR_He,min,5,5623.413251903491,3.0,0,86,6.10655e-14,2.03687e-12,10000
GCR_He,min,5,5623.413251903491,3.0,0,87,3.07749e-13,9.32628e-13,10000
GCR_He,min,5,5623.413251903491,3.0,0,88,5.3523e-13,1.04945e-12,10000
GCR_He,min,5,5623.413251903491,3.0,0,89,1.67189e-13,1.56076e-12,10000
GCR_He,min,5,5623.413251903491,3.0,0,90,4.78045e-14,1.24979e-12,10000
GCR_He,min,5,5623.413251903491,3.0,0,91,7.1166e-15,9.32713e-13,10000
GCR_He,min,5,5623.413251903491,3.0,0,92,1.0214e-13,9.29226e-13,10000
GCR_He,min,5,5623.413251903491,3.0,0,93,2.91782e-14,7.43392e-13,10000
GCR_He,min,5,5623.413251903491,3.0,0,94,2.23898e-15,2.84495e-13,10000
GCR_He,min,5,5623.413251903491,3.0,0,95,3.10465e-12,1.72479e-12,10000
GCR_He,min,5,5623.413251903491,3.0,0,96,8.45404e-14,1.07e-12,10000
GCR_He,min,5,5623.413251903491,3.0,0,97,1.32002e-12,2.76305e-12,10000
GCR_He,min,5,5623.413251903491,3.0,0,98,9.3517e-14,1.3072e-12,10000
GCR_He,min,5,5623.413251903491,3.0,0,99,1.6076e-12,2.77135e-12,10000
GCR_He,min,5,5623.413251903491,3.0,0,100,2.43099e-15,1.07566e-12,10000
GCR_He,min,5,5623.413251903491,3.0,0,101,5.33293e-15,8.33271e-13,10000
GCR_He,min,5,5623.413251903491,3.0,0,102,3.69504e-15,6.179e-13,10000
GCR_He,min,5,5623.413251903491,3.0,0,103,1.6097e-13,1.54186e-12,10000
GCR_He,min,5,5623.413251903491,3.0,0,104,1.05459e-14,1.34686e-12,10000
GCR_He,min,5,5623.413251903491,3.0,0,105,1.27676e-14,1.15023e-12,10000
GCR_He,min,5,5623.413251903491,3.0,0,106,5.03941e-13,4.13809e-13,10000
GCR_He,min,5,5623.413251903491,3.0,0,107,2.06391e-11,1.37532e-12,10000
GCR_He,min,5,5623.413251903491,3.0,0,108,2.83721e-12,1.03151e-12,10000
GCR_He,min,5,5623.413251903491,3.0,0,109,1.0524e-11,1.04978e-12,10000
GCR_He,min,5,5623.413251903491,3.0,0,110,2.73302e-14,6.83083e-13,10000
GCR_He,min,5,5623.413251903491,3.0,0,111,0.0,0.0,10000
GCR_He,min,5,5623.413251903491,3.0,0,112,0.0,0.0,10000
GCR_He,min,5,5623.413251903491,3.0,0,113,2.4067e-13,1.71907e-12,10000
GCR_He,min,5,5623.413251903491,3.0,0,114,0.0,0.0,10000
GCR_He,min,5,5623.413251903491,3.0,0,115,3.8099e-14,2.2398e-12,10000
GCR_He,min,5,5623.413251903491,3.0,0,116,5.08648e-13,4.85115e-13,10000
GCR_He,min,5,5623.413251903491,3.0,0,117,1.98877e-11,1.60773e-12,10000
GCR_He,min,5,5623.413251903491,3.0,0,118,2.19194e-12,1.33373e-12,10000
GCR_He,min,5,5623.413251903491,3.0,0,119,7.02913e-12,1.30254e-12,10000
GCR_He,min,5,5623.413251903491,3.0,0,120,2.51079e-14,5.90914e-13,10000
GCR_He,min,5,5623.413251903491,3.0,0,121,1.37634e-14,3.23921e-13,10000
GCR_He,min,5,5623.413251903491,3.0,0,122,1.53745e-13,5.27715e-13,10000
GCR_He,min,5,5623.413251903491,3.0,0,123,1.96683e-12,1.34235e-12,10000
GCR_He,min,5,5623.413251903491,3.0,0,124,7.33167e-13,1.14731e-12,10000
GCR_He,min,5,5623.413251903491,3.0,0,125,1.31053e-12,9.83567e-13,10000
GCR_He,min,5,5623.413251903491,3.0,0,126,2.94449e-14,8.04066e-13,10000
GCR_He,min,5,5623.413251903491,3.0,0,127,2.73246e-13,1.82176e-12,10000
GCR_He,min,5,5623.413251903491,3.0,0,128,7.01967e-15,1.40281e-13,10000
GCR_He,min,5,5623.413251903491,3.0,0,129,2.34483e-14,1.34144e-12,10000
GCR_He,min,5,5623.413251903491,3.0,0,130,1.67479e-14,9.55933e-13,10000
GCR_He,min,5,5623.413251903491,3.0,0,131,2.16806e-14,8.6757e-13,10000
GCR_He,min,5,5623.413251903491,3.0,0,132,1.08055e-14,5.40543e-13,10000
GCR_He,min,5,5623.413251903491,3.0,0,133,1.96314e-14,4.64318e-13,10000
GCR_He,min,5,5623.413251903491,3.0,0,134,4.65378e-16,1.54611e-13,10000
GCR_He,min,5,5623.413251903491,3.0,0,135,7.34773e-15,8.63423e-13,10000
GCR_He,min,5,5623.413251903491,3.0,0,136,7.18607e-15,9.59422e-13,10000
GCR_He,min,5,5623.413251903491,3.0,0,137,9.41215e-14,1.88205e-12,10000
GCR_He,min,5,5623.413251903491,3.0,0,138,3.52711e-13,1.76356e-12,10000
GCR_He,min,5,5623.413251903491,3.0,0,139,0.0,0.0,10000
GCR_He,min,5,5623.413251903491,3.0,0,140,7.13123e-14,3.56561e-10,10000
GCR_He,min,5,5623.413251903491,3.0,0,141,3.19523e-14,2.07079e-13,10000
GCR_He,min,5,5623.413251903491,4.0,0,0,9.18476e-10,0.0,10000
GCR_He,min,5,5623.413251903491,4.0,0,1,1.00582e-14,1.43689e-12,10000
GCR_He,min,5,5623.413251903491,4.0,0,2,1.17762e-14,1.68231e-12,10000
GCR_He,min,5,5623.413251903491,4.0,0,3,9.74866e-15,8.83832e-13,10000
GCR_He,min,5,5623.413251903491,4.0,0,4,2.04248e-14,7.18929e-13,10000
GCR_He,min,5,5623.413251903491,4.0,0,5,1.5771e-14,5.13213e-13,10000
GCR_He,min,5,5623.413251903491,4.0,0,6,1.10806e-16,2.17266e-14,10000
GCR_He,min,5,5623.413251903491,4.0,0,7,5.98313e-15,5.97715e-13,10000
GCR_He,min,5,5623.413251903491,4.0,0,8,6.34068e-14,9.56217e-13,10000
GCR_He,min,5,5623.413251903491,4.0,0,9,5.49298e-16,6.46233e-13,10000
GCR_He,min,5,5623.413251903491,4.0,0,10,2.72875e-13,1.00348e-12,10000
GCR_He,min,5,5623.413251903491,4.0,0,11,1.59923e-14,1.01732e-12,10000
GCR_He,min,5,5623.413251903491,4.0,0,12,6.8037e-14,8.19328e-13,10000
GCR_He,min,5,5623.413251903491,4.0,0,13,6.51357e-14,4.81559e-13,10000
GCR_He,min,5,5623.413251903491,4.0,0,14,9.96348e-14,5.38975e-13,10000
GCR_He,min,5,5623.413251903491,4.0,0,15,4.82246e-14,1.4404e-12,10000
GCR_He,min,5,5623.413251903491,4.0,0,16,1.07352e-13,8.38487e-13,10000
GCR_He,min,5,5623.413251903491,4.0,0,17,9.56787e-14,1.60185e-12,10000
GCR_He,min,5,5623.413251903491,4.0,0,18,4.64671e-14,1.25147e-12,10000
GCR_He,min,5,5623.413251903491,4.0,0,19,1.32924e-13,4.90857e-13,10000
GCR_He,min,5,5623.413251903491,4.0,0,20,8.89709e-14,4.89093e-13,10000
GCR_He,min,5,5623.413251903491,4.0,0,21,3.03354e-14,1.33813e-12,10000
GCR_He,min,5,5623.413251903491,4.0,0,22,8.0335e-14,4.46951e-13,10000
GCR_He,min,5,5623.413251903491,4.0,0,23,1.26472e-13,9.06027e-13,10000
GCR_He,min,5,5623.413251903491,4.0,0,24,1.69084e-14,3.5388e-13,10000
GCR_He,min,5,5623.413251903491,4.0,0,25,3.25088e-14,6.12679e-13,10000
GCR_He,min,5,5623.413251903491,4.0,0,26,8.5297e-14,1.51545e-13,10000
GCR_He,min,5,5623.413251903491,4.0,0,27,1.27107e-13,2.81796e-13,10000
GCR_He,min,5,5623.413251903491,4.0,0,28,2.24097e-13,8.56379e-13,10000
GCR_He,min,5,5623.413251903491,4.0,0,29,7.50171e-13,1.58918e-12,10000
GCR_He,min,5,5623.413251903491,4.0,0,30,3.85017e-14,1.49347e-12,10000
GCR_He,min,5,5623.413251903491,4.0,0,31,1.86836e-13,6.35303e-13,10000
GCR_He,min,5,5623.413251903491,4.0,0,32,5.71042e-13,1.30205e-12,10000
GCR_He,min,5,5623.413251903491,4.0,0,33,5.72748e-14,7.08058e-13,10000
GCR_He,min,5,5623.413251903491,4.0,0,34,2.58203e-13,4.85938e-13,10000
GCR_He,min,5,5623.413251903491,4.0,0,35,7.29244e-13,9.99814e-13,10000
GCR_He,min,5,5623.413251903491,4.0,0,36,3.16366e-14,4.02143e-13,10000
GCR_He,min,5,5623.413251903491,4.0,0,37,3.05878e-14,1.31526e-13,10000
GCR_He,min,5,5623.413251903491,4.0,0,38,1.10168e-13,2.16959e-13,10000
GCR_He,min,5,5623.413251903491,4.0,0,39,1.18888e-14,1.56185e-13,10000
GCR_He,min,5,5623.413251903491,4.0,0,40,2.04308e-14,2.76466e-13,10000
GCR_He,min,5,5623.413251903491,4.0,0,41,3.38205e-13,8.48439e-13,10000
GCR_He,min,5,5623.413251903491,4.0,0,42,9.37373e-13,1.3761e-12,10000
GCR_He,min,5,5623.413251903491,4.0,0,43,2.16666e-13,5.93346e-13,10000
GCR_He,min,5,5623.413251903491,4.0,0,44,6.60312e-13,1.26968e-12,10000
GCR_He,min,5,5623.413251903491,4.0,0,45,8.37957e-14,3.78943e-13,10000
GCR_He,min,5,5623.413251903491,4.0,0,46,9.72298e-14,5.05852e-13,10000
GCR_He,min,5,5623.413251903491,4.0,0,47,2.52638e-14,2.45471e-13,10000
GCR_He,min,5,5623.413251903491,4.0,0,48,3.20493e-14,4.35748e-13,10000
GCR_He,min,5,5623.413251903491,4.0,0,49,2.06203e-13,7.19531e-13,10000
GCR_He,min,5,5623.413251903491,4.0,0,50,5.61441e-13,1.67425e-12,10000
GCR_He,min,5,5623.413251903491,4.0,0,51,1.61747e-13,8.68717e-13,10000
GCR_He,min,5,5623.413251903491,4.0,0,52,2.93698e-13,9.72283e-13,10000
GCR_He,min,5,5623.413251903491,4.0,0,53,6.34736e-14,5.81101e-13,10000
GCR_He,min,5,5623.413251903491,4.0,0,54,2.4811e-13,1.42995e-12,10000
GCR_He,min,5,5623.413251903491,4.0,0,55,7.04196e-15,7.12028e-13,10000
GCR_He,min,5,5623.413251903491,4.0,0,56,6.18089e-14,1.09765e-12,10000
GCR_He,min,5,5623.413251903491,4.0,0,57,1.39421e-14,8.73568e-13,10000
GCR_He,min,5,5623.413251903491,4.0,0,58,9.09758e-14,1.026e-12,10000
GCR_He,min,5,5623.413251903491,4.0,0,59,2.48928e-15,4.21198e-13,10000
GCR_He,min,5,5623.413251903491,4.0,0,60,3.73396e-14,1.07514e-12,10000
GCR_He,min,5,5623.413251903491,4.0,0,61,4.12879e-13,2.84744e-13,10000
GCR_He,min,5,5623.413251903491,4.0,0,62,1.08497e-14,1.44663e-12,10000
GCR_He,min,5,5623.413251903491,4.0,0,63,8.52063e-15,1.70754e-12,10000
GCR_He,min,5,5623.413251903491,4.0,0,64,9.10921e-15,1.21456e-12,10000
GCR_He,min,5,5623.413251903491,4.0,0,65,8.92886e-15,1.78935e-12,10000
GCR_He,min,5,5623.413251903491,4.0,0,66,0.0,0.0,10000
GCR_He,min,5,5623.413251903491,4.0,0,67,1.5004e-15,2.05817e-13,10000
GCR_He,min,5,5623.413251903491,4.0,0,68,0.0,0.0,10000
GCR_He,min,5,5623.413251903491,4.0,0,69,2.28645e-17,3.1193e-15,10000
GCR_He,min,5,5623.413251903491,4.0,0,70,3.78817e-14,2.72138e-12,10000
GCR_He,min,5,5623.413251903491,4.0,0,71,1.60898e-13,2.97518e-12,10000
GCR_He,min,5,5623.413251903491,4.0,0,72,2.4672e-13,1.64491e-12,10000
GCR_He,min,5,5623.413251903491,4.0,0,73,4.44884e-13,1.77947e-12,10000
GCR_He,min,5,5623.413251903491,4.0,0,74,6.29301e-13,9.68156e-13,10000
GCR_He,min,5,5623.413251903491,4.0,0,75,3.64081e-13,1.04017e-12,10000
GCR_He,min,5,5623.413251903491,4.0,0,76,6.23905e-14,6.93305e-13,10000
GCR_He,min,5,5623.413251903491,4.0,0,77,2.00923e-14,3.65182e-13,10000
GCR_He,min,5,5623.413251903491,4.0,0,78,2.14518e-13,3.57531e-12,10000
GCR_He,min,5,5623.413251903491,4.0,0,79,4.09167e-13,4.30702e-12,10000
GCR_He,min,5,5623.413251903491,4.0,0,80,1.4444e-13,2.40733e-12,10000
GCR_He,min,5,5623.413251903491,4.0,0,81,1.14724e-13,2.86737e-12,10000
GCR_He,min,5,5623.413251903491,4.0,0,82,1.57577e-13,1.75105e-12,10000
GCR_He,min,5,5623.413251903491,4.0,0,83,7.24066e-14,2.06876e-12,10000
GCR_He,min,5,5623.413251903491,4.0,0,84,3.74338e-14,9.3561e-13,10000
GCR_He,min,5,5623.413251903491,4.0,0,85,6.33612e-14,8.45154e-13,10000
GCR_He,min,5,5623.413251903491,4.0,0,86,6.09882e-14,2.0343e-12,10000
GCR_He,min,5,5623.413251903491,4.0,0,87,4.12374e-13,1.2497e-12,10000
GCR_He,min,5,5623.413251903491,4.0,0,88,6.56922e-13,1.28806e-12,10000
GCR_He,min,5,5623.413251903491,4.0,0,89,1.46411e-13,1.36679e-12,10000
GCR_He,min,5,5623.413251903491,4.0,0,90,5.91732e-14,1.54701e-12,10000
GCR_He,min,5,5623.413251903491,4.0,0,91,9.39752e-15,1.23165e-12,10000
GCR_He,min,5,5623.413251903491,4.0,0,92,1.14658e-13,1.0431e-12,10000
GCR_He,min,5,5623.413251903491,4.0,0,93,3.87635e-14,9.87606e-13,10000
GCR_He,min,5,5623.413251903491,4.0,0,94,5.06616e-15,6.4373e-13,10000
GCR_He,min,5,5623.413251903491,4.0,0,95,3.46465e-12,1.9248e-12,10000
GCR_He,min,5,5623.413251903491,4.0,0,96,6.91522e-14,8.75234e-13,10000
GCR_He,min,5,5623.413251903491,4.0,0,97,1.33363e-12,2.79153e-12,10000
GCR_He,min,5,5623.413251903491,4.0,0,98,1.54566e-13,2.16056e-12,10000
GCR_He,min,5,5623.413251903491,4.0,0,99,2.10238e-12,3.62429e-12,10000
GCR_He,min,5,5623.413251903491,4.0,0,100,3.16895e-15,1.40219e-12,10000
GCR_He,min,5,5623.413251903491,4.0,0,101,2.71258e-15,4.2384e-13,10000
GCR_He,min,5,5623.413251903491,4.0,0,102,8.13884e-16,1.36101e-13,10000
GCR_He,min,5,5623.413251903491,4.0,0,103,1.29516e-13,1.24058e-12,10000
GCR_He,min,5,5623.413251903491,4.0,0,104,1.18742e-14,1.5165e-12,10000
GCR_He,min,5,5623.413251903491,4.0,0,105,1.3751e-14,1.23883e-12,10000
GCR_He,min,5,5623.413251903491,4.0,0,106,7.90611e-13,6.49207e-13,10000
GCR_He,min,5,5623.413251903491,4.0,0,107,2.21036e-11,1.47291e-12,10000
GCR_He,min,5,5623.413251903491,4.0,0,108,3.63753e-12,1.32248e-12,10000
GCR_He,min,5,5623.413251903491,4.0,0,109,1.00158e-11,9.9909e-13,10000
GCR_He,min,5,5623.413251903491,4.0,0,110,5.30643e-14,1.32628e-12,10000
GCR_He,min,5,5623.413251903491,4.0,0,111,0.0,0.0,10000
GCR_He,min,5,5623.413251903491,4.0,0,112,0.0,0.0,10000
GCR_He,min,5,5623.413251903491,4.0,0,113,2.67663e-13,1.91188e-12,10000
GCR_He,min,5,5623.413251903491,4.0,0,114,2.94304e-15,4.90507e-12,10000
GCR_He,min,5,5623.413251903491,4.0,0,115,4.10378e-14,2.41257e-12,10000
GCR_He,min,5,5623.413251903491,4.0,0,116,4.45012e-13,4.24423e-13,10000
GCR_He,min,5,5623.413251903491,4.0,0,117,1.97101e-11,1.59337e-12,10000
GCR_He,min,5,5623.413251903491,4.0,0,118,2.08904e-12,1.27111e-12,10000
GCR_He,min,5,5623.413251903491,4.0,0,119,6.40894e-12,1.18762e-12,10000
GCR_He,min,5,5623.413251903491,4.0,0,120,1.63961e-14,3.85882e-13,10000
GCR_He,min,5,5623.413251903491,4.0,0,121,2.79477e-14,6.57748e-13,10000
GCR_He,min,5,5623.413251903491,4.0,0,122,1.08965e-13,3.74012e-13,10000
GCR_He,min,5,5623.413251903491,4.0,0,123,2.17193e-12,1.48233e-12,10000
GCR_He,min,5,5623.413251903491,4.0,0,124,6.5949e-13,1.03202e-12,10000
GCR_He,min,5,5623.413251903491,4.0,0,125,1.40543e-12,1.05479e-12,10000
GCR_He,min,5,5623.413251903491,4.0,0,126,2.81562e-14,7.68874e-13,10000
GCR_He,min,5,5623.413251903491,4.0,0,127,3.40163e-13,2.26791e-12,10000
GCR_He,min,5,5623.413251903491,4.0,0,128,3.06301e-15,6.12112e-14,10000
GCR_He,min,5,5623.413251903491,4.0,0,129,2.6935e-14,1.5409e-12,10000
GCR_He,min,5,5623.413251903491,4.0,0,130,2.20521e-14,1.25868e-12,10000
GCR_He,min,5,5623.413251903491,4.0,0,131,2.30042e-14,9.20537e-13,10000
GCR_He,min,5,5623.413251903491,4.0,0,132,1.88301e-14,9.41976e-13,10000
GCR_He,min,5,5623.413251903491,4.0,0,133,2.49527e-14,5.90178e-13,10000
GCR_He,min,5,5623.413251903491,4.0,0,134,1.92936e-15,6.40982e-13,10000
GCR_He,min,5,5623.413251903491,4.0,0,135,9.80517e-15,1.15219e-12,10000
GCR_He,min,5,5623.413251903491,4.0,0,136,6.21825e-15,8.30207e-13,10000
GCR_He,min,5,5623.413251903491,4.0,0,137,7.11142e-14,1.422e-12,10000
GCR_He,min,5,5623.413251903491,4.0,0,138,2.97517e-13,1.48759e-12,10000
GCR_He,min,5,5623.413251903491,4.0,0,139,0.0,0.0,10000
GCR_He,min,5,5623.413251903491,4.0,0,140,5.68052e-14,2.84026e-10,10000
GCR_He,min,5,5623.413251903491,4.0,0,141,3.12045e-14,2.02233e-13,10000
GCR_He,min,6,17782.79410038923,2.0,0,0,6.20905e-10,0.0,10000
GCR_He,min,6,17782.79410038923,2.0,0,1,1.43595e-14,2.05136e-12,10000
GCR_He,min,6,17782.79410038923,2.0,0,2,1.08261e-14,1.54659e-12,10000
GCR_He,min,6,17782.79410038923,2.0,0,3,2.33228e-15,2.11449e-13,10000
GCR_He,min,6,17782.79410038923,2.0,0,4,1.35974e-14,4.78613e-13,10000
GCR_He,min,6,17782.79410038923,2.0,0,5,2.08226e-14,6.77597e-13,10000
GCR_He,min,6,17782.79410038923,2.0,0,6,2.80251e-15,5.49512e-13,10000
GCR_He,min,6,17782.79410038923,2.0,0,7,2.67269e-15,2.67002e-13,10000
GCR_He,min,6,17782.79410038923,2.0,0,8,7.05108e-14,1.06335e-12,10000
GCR_He,min,6,17782.79410038923,2.0,0,9,4.49653e-17,5.29003e-14,10000
GCR_He,min,6,17782.79410038923,2.0,0,10,9.62352e-13,3.53897e-12,10000
GCR_He,min,6,17782.79410038923,2.0,0,11,3.7426e-14,2.38079e-12,10000
GCR_He,min,6,17782.79410038923,2.0,0,12,2.3858e-13,2.87307e-12,10000
GCR_He,min,6,17782.79410038923,2.0,0,13,5.98883e-14,4.42764e-13,10000
GCR_He,min,6,17782.79410038923,2.0,0,14,1.0367e-13,5.60805e-13,10000
GCR_He,min,6,17782.79410038923,2.0,0,15,2.53274e-14,7.56492e-13,10000
GCR_He,min,6,17782.79410038923,2.0,0,16,7.29993e-14,5.70173e-13,10000
GCR_He,min,6,17782.79410038923,2.0,0,17,4.81793e-14,8.06618e-13,10000
GCR_He,min,6,17782.79410038923,2.0,0,18,4.2202e-14,1.1366e-12,10000
GCR_He,min,6,17782.79410038923,2.0,0,19,3.81211e-13,1.40772e-12,10000
GCR_He,min,6,17782.79410038923,2.0,0,20,5.55599e-13,3.05425e-12,10000
GCR_He,min,6,17782.79410038923,2.0,0,21,5.73985e-14,2.53192e-12,10000
GCR_He,min,6,17782.79410038923,2.0,0,22,3.65838e-13,2.03537e-12,10000
GCR_He,min,6,17782.79410038923,2.0,0,23,4.33671e-13,3.10675e-12,10000
GCR_He,min,6,17782.79410038923,2.0,0,24,1.86017e-14,3.89319e-13,10000
GCR_He,min,6,17782.79410038923,2.0,0,25,3.87581e-14,7.30458e-13,10000
GCR_He,min,6,17782.79410038923,2.0,0,26,8.35335e-14,1.48412e-13,10000
GCR_He,min,6,17782.79410038923,2.0,0,27,9.94182e-14,2.2041e-13,10000
GCR_He,min,6,17782.79410038923,2.0,0,28,9.98888e-13,3.81721e-12,10000
GCR_He,min,6,17782.79410038923,2.0,0,29,2.65315e-12,5.62049e-12,10000
GCR_He,min,6,17782.79410038923,2.0,0,30,2.62089e-13,1.01664e-11,10000
GCR_He,min,6,17782.79410038923,2.0,0,31,4.71628e-13,1.60369e-12,10000
GCR_He,min,6,17782.79410038923,2.0,0,32,6.52519e-13,1.48783e-12,10000
GCR_He,min,6,17782.79410038923,2.0,0,33,3.24903e-13,4.0166e-12,10000
GCR_He,min,6,17782.79410038923,2.0,0,34,1.78283e-13,3.35528e-13,10000
GCR_He,min,6,17782.79410038923,2.0,0,35,6.16554e-13,8.45312e-13,10000
GCR_He,min,6,17782.79410038923,2.0,0,36,6.79767e-14,8.64074e-13,10000
GCR_He,min,6,17782.79410038923,2.0,0,37,2.90714e-14,1.25006e-13,10000
GCR_He,min,6,17782.79410038923,2.0,0,38,1.42765e-13,2.81156e-13,10000
GCR_He,min,6,17782.79410038923,2.0,0,39,4.86377e-14,6.3896e-13,10000
GCR_He,min,6,17782.79410038923,2.0,0,40,5.40271e-14,7.31083e-13,10000
GCR_He,min,6,17782.79410038923,2.0,0,41,2.09292e-12,5.25043e-12,10000
GCR_He,min,6,17782.79410038923,2.0,0,42,5.81575e-12,8.53775e-12,10000
GCR_He,min,6,17782.79410038923,2.0,0,43,2.02081e-13,5.53404e-13,10000
GCR_He,min,6,17782.79410038923,2.0,0,44,6.50015e-13,1.24988e-12,10000
GCR_He,min,6,17782.79410038923,2.0,0,45,9.87367e-14,4.4651e-13,10000
GCR_He,min,6,17782.79410038923,2.0,0,46,1.39639e-13,7.2649e-13,10000
GCR_He,min,6,17782.79410038923,2.0,0,47,2.11295e-14,2.053e-13,10000
GCR_He,min,6,17782.79410038923,2.0,0,48,4.27729e-14,5.81549e-13,10000
GCR_He,min,6,17782.79410038923,2.0,0,49,1.58446e-13,5.52886e-13,10000
GCR_He,min,6,17782.79410038923,2.0,0,50,2.47035e-13,7.36671e-13,10000
GCR_He,min,6,17782.79410038923,2.0,0,51,4.2416e-13,2.2781e-12,10000
GCR_He,min,6,17782.79410038923,2.0,0,52,1.24433e-12,4.11935e-12,10000
GCR_He,min,6,17782.79410038923,2.0,0,53,6.67053e-13,6.10686e-12,10000
GCR_He,min,6,17782.79410038923,2.0,0,54,1.4671e-12,8.4554e-12,10000
GCR_He,min,6,17782.79410038923,2.0,0,55,8.79708e-15,8.89493e-13,10000
GCR_He,min,6,17782.79410038923,2.0,0,56,5.88824e-14,1.04568e-12,10000
GCR_He,min,6,17782.79410038923,2.0,0,57,7.58175e-15,4.75047e-13,10000
GCR_He,min,6,17782.79410038923,2.0,0,58,5.26138e-13,5.93367e-12,10000
GCR_He,min,6,17782.79410038923,2.0,0,59,2.77221e-14,4.69072e-12,10000
GCR_He,min,6,17782.79410038923,2.0,0,60,2.25258e-14,6.48599e-13,10000
GCR_He,min,6,17782.79410038923,2.0,0,61,3.19929e-13,2.20641e-13,10000
GCR_He,min,6,17782.79410038923,2.0,0,62,3.46958e-15,4.6261e-13,10000
GCR_He,min,6,17782.79410038923,2.0,0,63,6.02462e-16,1.20734e-13,10000
GCR_He,min,6,17782.79410038923,2.0,0,64,2.5401e-14,3.3868e-12,10000
GCR_He,min,6,17782.79410038923,2.0,0,65,8.11799e-15,1.62685e-12,10000
GCR_He,min,6,17782.79410038923,2.0,0,66,0.0,0.0,10000
GCR_He,min,6,17782.79410038923,2.0,0,67,3.67999e-15,5.048e-13,10000
GCR_He,min,6,17782.79410038923,2.0,0,68,0.0,0.0,10000
GCR_He,min,6,17782.79410038923,2.0,0,69,7.36699e-15,1.00505e-12,10000
GCR_He,min,6,17782.79410038923,2.0,0,70,2.60652e-14,1.8725e-12,10000
GCR_He,min,6,17782.79410038923,2.0,0,71,8.1706e-14,1.51084e-12,10000
GCR_He,min,6,17782.79410038923,2.0,0,72,2.0718e-13,1.38129e-12,10000
GCR_He,min,6,17782.79410038923,2.0,0,73,3.67379e-13,1.46946e-12,10000
GCR_He,min,6,17782.79410038923,2.0,0,74,4.04942e-12,6.22987e-12,10000
GCR_He,min,6,17782.79410038923,2.0,0,75,1.22822e-12,3.50899e-12,10000
GCR_He,min,6,17782.79410038923,2.0,0,76,3.55287e-13,3.94807e-12,10000
GCR_He,min,6,17782.79410038923,2.0,0,77,1.53032e-13,2.78138e-12,10000
GCR_He,min,6,17782.79410038923,2.0,0,78,1.17361e-13,1.95601e-12,10000
GCR_He,min,6,17782.79410038923,2.0,0,79,1.88106e-13,1.98007e-12,10000
GCR_He,min,6,17782.79410038923,2.0,0,80,1.31999e-13,2.19999e-12,10000
GCR_He,min,6,17782.79410038923,2.0,0,81,8.21441e-14,2.05309e-12,10000
GCR_He,min,6,17782.79410038923,2.0,0,82,1.68833e-13,1.87613e-12,10000
GCR_He,min,6,17782.79410038923,2.0,0,83,4.71921e-14,1.34835e-12,10000
GCR_He,min,6,17782.79410038923,2.0,0,84,9.1105e-13,2.27706e-11,10000
GCR_He,min,6,17782.79410038923,2.0,0,85,1.15913e-12,1.54612e-11,10000
GCR_He,min,6,17782.79410038923,2.0,0,86,2.06262e-12,6.87998e-11,10000
GCR_He,min,6,17782.79410038923,2.0,0,87,4.21279e-13,1.27668e-12,10000
GCR_He,min,6,17782.79410038923,2.0,0,88,7.74704e-13,1.519e-12,10000
GCR_He,min,6,17782.79410038923,2.0,0,89,2.15685e-13,2.01349e-12,10000
GCR_He,min,6,17782.79410038923,2.0,0,90,6.44176e-14,1.68412e-12,10000
GCR_He,min,6,17782.79410038923,2.0,0,91,1.5615e-14,2.04653e-12,10000
GCR_He,min,6,17782.79410038923,2.0,0,92,1.7375e-13,1.5807e-12,10000
GCR_He,min,6,17782.79410038923,2.0,0,93,5.262e-14,1.34064e-12,10000
GCR_He,min,6,17782.79410038923,2.0,0,94,1.92717e-14,2.44876e-12,10000
GCR_He,min,6,17782.79410038923,2.0,0,95,2.62362e-12,1.45756e-12,10000
GCR_He,min,6,17782.79410038923,2.0,0,96,7.38954e-14,9.35266e-13,10000
GCR_He,min,6,17782.79410038923,2.0,0,97,1.38246e-12,2.89376e-12,10000
GCR_He,min,6,17782.79410038923,2.0,0,98,5.65426e-14,7.90364e-13,10000
GCR_He,min,6,17782.79410038923,2.0,0,99,1.43602e-12,2.47556e-12,10000
GCR_He,min,6,17782.79410038923,2.0,0,100,2.60692e-16,1.1535e-13,10000
GCR_He,min,6,17782.79410038923,2.0,0,101,5.97294e-15,9.33272e-13,10000
GCR_He,min,6,17782.79410038923,2.0,0,102,8.19914e-15,1.37109e-12,10000
GCR_He,min,6,17782.79410038923,2.0,0,103,6.36258e-13,6.09443e-12,10000
GCR_He,min,6,17782.79410038923,2.0,0,104,8.36592e-15,1.06844e-12,10000
GCR_He,min,6,17782.79410038923,2.0,0,105,7.388e-14,6.65586e-12,10000
GCR_He,min,6,17782.79410038923,2.0,0,106,6.19969e-13,5.09085e-13,10000
GCR_He,min,6,17782.79410038923,2.0,0,107,8.89336e-11,5.92621e-12,10000
GCR_He,min,6,17782.79410038923,2.0,0,108,5.78073e-12,2.10168e-12,10000
GCR_He,min,6,17782.79410038923,2.0,0,109,3.61872e-11,3.60971e-12,10000
GCR_He,min,6,17782.79410038923,2.0,0,110,2.68677e-14,6.71525e-13,10000
GCR_He,min,6,17782.79410038923,2.0,0,111,0.0,0.0,10000
GCR_He,min,6,17782.79410038923,2.0,0,112,0.0,0.0,10000
GCR_He,min,6,17782.79410038923,2.0,0,113,2.6678e-13,1.90557e-12,10000
GCR_He,min,6,17782.79410038923,2.0,0,114,2.39857e-16,3.99761e-13,10000
GCR_He,min,6,17782.79410038923,2.0,0,115,3.20568e-13,1.88459e-11,10000
GCR_He,min,6,17782.79410038923,2.0,0,116,5.28021e-13,5.03591e-13,10000
GCR_He,min,6,17782.79410038923,2.0,0,117,9.26751e-11,7.4919e-12,10000
GCR_He,min,6,17782.79410038923,2.0,0,118,3.8396e-12,2.33627e-12,10000
GCR_He,min,6,17782.79410038923,2.0,0,119,2.92359e-11,5.4176e-12,10000
GCR_He,min,6,17782.79410038923,2.0,0,120,5.19875e-14,1.22352e-12,10000
GCR_He,min,6,17782.79410038923,2.0,0,121,2.43875e-14,5.73958e-13,10000
GCR_He,min,6,17782.79410038923,2.0,0,122,1.33792e-13,4.59231e-13,10000
GCR_He,min,6,17782.79410038923,2.0,0,123,7.36193e-12,5.02449e-12,10000
GCR_He,min,6,17782.79410038923,2.0,0,124,1.33341e-12,2.08662e-12,10000
GCR_He,min,6,17782.79410038923,2.0,0,125,3.59635e-12,2.69909e-12,10000
GCR_He,min,6,17782.79410038923,2.0,0,126,2.34311e-14,6.39845e-13,10000
GCR_He,min,6,17782.79410038923,2.0,0,127,2.18415e-13,1.4562e-12,10000
GCR_He,min,6,17782.79410038923,2.0,0,128,1.30934e-14,2.61658e-13,10000
GCR_He,min,6,17782.79410038923,2.0,0,129,7.25989e-13,4.15326e-11,10000
GCR_He,min,6,17782.79410038923,2.0,0,130,8.38271e-13,4.78465e-11,10000
GCR_He,min,6,17782.79410038923,2.0,0,131,2.33243e-14,9.33345e-13,10000
GCR_He,min,6,17782.79410038923,2.0,0,132,2.27869e-14,1.13991e-12,10000
GCR_He,min,6,17782.79410038923,2.0,0,133,1.69937e-14,4.01932e-13,10000
GCR_He,min,6,17782.79410038923,2.0,0,134,0.0,0.0,10000
GCR_He,min,6,17782.79410038923,2.0,0,135,7.17818e-14,8.43499e-12,10000
GCR_He,min,6,17782.79410038923,2.0,0,136,5.91663e-14,7.89937e-12,10000
GCR_He,min,6,17782.79410038923,2.0,0,137,5.82044e-13,1.16385e-11,10000
GCR_He,min,6,17782.79410038923,2.0,0,138,3.7713e-12,1.88565e-11,10000
GCR_He,min,6,17782.79410038923,2.0,0,139,0.0,0.0,10000
GCR_He,min,6,17782.79410038923,2.0,0,140,8.55788e-14,4.27894e-10,10000
GCR_He,min,6,17782.79410038923,2.0,0,141,6.39563e-14,4.14493e-13,10000
GCR_He,min,6,17782.79410038923,3.0,0,0,3.7251e-10,0.0,10000
GCR_He,min,6,17782.79410038923,3.0,0,1,5.42334e-15,7.74763e-13,10000
GCR_He,min,6,17782.79410038923,3.0,0,2,1.37756e-14,1.96795e-12,10000
GCR_He,min,6,17782.79410038923,3.0,0,3,8.53065e-15,7.73404e-13,10000
GCR_He,min,6,17782.79410038923,3.0,0,4,1.80902e-14,6.36754e-13,10000
GCR_He,min,6,17782.79410038923,3.0,0,5,1.51663e-14,4.93533e-13,10000
GCR_He,min,6,17782.79410038923,3.0,0,6,4.79802e-15,9.40789e-13,10000
GCR_He,min,6,17782.79410038923,3.0,0,7,7.07905e-15,7.07197e-13,10000
GCR_He,min,6,17782.79410038923,3.0,0,8,5.43019e-14,8.18909e-13,10000
GCR_He,min,6,17782.79410038923,3.0,0,9,5.64888e-17,6.64574e-14,10000
GCR_He,min,6,17782.79410038923,3.0,0,10,9.44304e-13,3.4726e-12,10000
GCR_He,min,6,17782.79410038923,3.0,0,11,3.06731e-14,1.95122e-12,10000
GCR_He,min,6,17782.79410038923,3.0,0,12,1.90705e-13,2.29655e-12,10000
GCR_He,min,6,17782.79410038923,3.0,0,13,4.2039e-14,3.10802e-13,10000
GCR_He,min,6,17782.79410038923,3.0,0,14,6.7936e-14,3.675e-13,10000
GCR_He,min,6,17782.79410038923,3.0,0,15,2.78723e-14,8.32506e-13,10000
GCR_He,min,6,17782.79410038923,3.0,0,16,8.41999e-14,6.57658e-13,10000
GCR_He,min,6,17782.79410038923,3.0,0,17,7.5409e-14,1.2625e-12,10000
GCR_He,min,6,17782.79410038923,3.0,0,18,2.78613e-14,7.50372e-13,10000
GCR_He,min,6,17782.79410038923,3.0,0,19,3.69267e-13,1.36362e-12,10000
GCR_He,min,6,17782.79410038923,3.0,0,20,4.58689e-13,2.52151e-12,10000
GCR_He,min,6,17782.79410038923,3.0,0,21,5.82199e-14,2.56815e-12,10000
GCR_He,min,6,17782.79410038923,3.0,0,22,3.23891e-13,1.802e-12,10000
GCR_He,min,6,17782.79410038923,3.0,0,23,4.00758e-13,2.87097e-12,10000
GCR_He,min,6,17782.79410038923,3.0,0,24,1.98589e-14,4.15632e-13,10000
GCR_He,min,6,17782.79410038923,3.0,0,25,5.30398e-14,9.99619e-13,10000
GCR_He,min,6,17782.79410038923,3.0,0,26,1.04097e-13,1.84946e-13,10000
GCR_He,min,6,17782.79410038923,3.0,0,27,1.41177e-13,3.1299e-13,10000
GCR_He,min,6,17782.79410038923,3.0,0,28,1.0649e-12,4.06948e-12,10000
GCR_He,min,6,17782.79410038923,3.0,0,29,2.9227e-12,6.1915e-12,10000
GCR_He,min,6,17782.79410038923,3.0,0,30,2.56473e-13,9.94852e-12,10000
GCR_He,min,6,17782.79410038923,3.0,0,31,4.56749e-13,1.55309e-12,10000
GCR_He,min,6,17782.79410038923,3.0,0,32,5.59781e-13,1.27638e-12,10000
GCR_He,min,6,17782.79410038923,3.0,0,33,2.70578e-13,3.34501e-12,10000
GCR_He,min,6,17782.79410038923,3.0,0,34,2.44073e-13,4.59345e-13,10000
GCR_He,min,6,17782.79410038923,3.0,0,35,4.9962e-13,6.84993e-13,10000
GCR_He,min,6,17782.79410038923,3.0,0,36,8.75746e-14,1.11319e-12,10000
GCR_He,min,6,17782.79410038923,3.0,0,37,4.31596e-14,1.85585e-13,10000
GCR_He,min,6,17782.79410038923,3.0,0,38,1.72931e-13,3.40562e-13,10000
GCR_He,min,6,17782.79410038923,3.0,0,39,1.90301e-14,2.50002e-13,10000
GCR_He,min,6,17782.79410038923,3.0,0,40,3.07038e-14,4.15478e-13,10000
GCR_He,min,6,17782.79410038923,3.0,0,41,2.02612e-12,5.08284e-12,10000
GCR_He,min,6,17782.79410038923,3.0,0,42,5.48248e-12,8.04851e-12,10000
GCR_He,min,6,17782.79410038923,3.0,0,43,1.84509e-13,5.05283e-13,10000
GCR_He,min,6,17782.79410038923,3.0,0,44,5.19821e-13,9.9954e-13,10000
GCR_He,min,6,17782.79410038923,3.0,0,45,6.63497e-14,3.00049e-13,10000
GCR_He,min,6,17782.79410038923,3.0,0,46,6.69711e-14,3.48427e-13,10000
GCR_He,min,6,17782.79410038923,3.0,0,47,2.34285e-14,2.27638e-13,10000
GCR_He,min,6,17782.79410038923,3.0,0,48,3.25522e-14,4.42586e-13,10000
GCR_He,min,6,17782.79410038923,3.0,0,49,1.63565e-13,5.70747e-13,10000
GCR_He,min,6,17782.79410038923,3.0,0,50,3.93859e-13,1.17451e-12,10000
GCR_He,min,6,17782.79410038923,3.0,0,51,4.33853e-13,2.33016e-12,10000
GCR_He,min,6,17782.79410038923,3.0,0,52,1.23346e-12,4.08337e-12,10000
GCR_He,min,6,17782.79410038923,3.0,0,53,5.93106e-13,5.42989e-12,10000
GCR_He,min,6,17782.79410038923,3.0,0,54,1.49897e-12,8.63907e-12,10000
GCR_He,min,6,17782.79410038923,3.0,0,55,2.0566e-15,2.07947e-13,10000
GCR_He,min,6,17782.79410038923,3.0,0,56,6.66482e-14,1.18359e-12,10000
GCR_He,min,6,17782.79410038923,3.0,0,57,1.46436e-14,9.17518e-13,10000
GCR_He,min,6,17782.79410038923,3.0,0,58,4.58163e-13,5.16705e-12,10000
GCR_He,min,6,17782.79410038923,3.0,0,59,2.11595e-14,3.58028e-12,10000
GCR_He,min,6,17782.79410038923,3.0,0,60,2.79181e-14,8.03861e-13,10000
GCR_He,min,6,17782.79410038923,3.0,0,61,3.7677e-13,2.59841e-13,10000
GCR_He,min,6,17782.79410038923,3.0,0,62,3.07723e-15,4.10297e-13,10000
GCR_He,min,6,17782.79410038923,3.0,0,63,8.31204e-15,1.66574e-12,10000
GCR_He,min,6,17782.79410038923,3.0,0,64,9.83184e-15,1.31091e-12,10000
GCR_He,min,6,17782.79410038923,3.0,0,65,4.50836e-15,9.0348e-13,10000
GCR_He,min,6,17782.79410038923,3.0,0,66,1.87612e-17,9.87432e-14,10000
GCR_He,min,6,17782.79410038923,3.0,0,67,3.87429e-15,5.31452e-13,10000
GCR_He,min,6,17782.79410038923,3.0,0,68,0.0,0.0,10000
GCR_He,min,6,17782.79410038923,3.0,0,69,5.17022e-15,7.0535e-13,10000
GCR_He,min,6,17782.79410038923,3.0,0,70,2.79215e-14,2.00585e-12,10000
GCR_He,min,6,17782.79410038923,3.0,0,71,1.13594e-13,2.10049e-12,10000
GCR_He,min,6,17782.79410038923,3.0,0,72,2.14965e-13,1.4332e-12,10000
GCR_He,min,6,17782.79410038923,3.0,0,73,3.0096e-13,1.20379e-12,10000
GCR_He,min,6,17782.79410038923,3.0,0,74,4.20363e-12,6.46713e-12,10000
GCR_He,min,6,17782.79410038923,3.0,0,75,1.20825e-12,3.45195e-12,10000
GCR_He,min,6,17782.79410038923,3.0,0,76,3.63665e-13,4.04117e-12,10000
GCR_He,min,6,17782.79410038923,3.0,0,77,1.75547e-13,3.1906e-12,10000
GCR_He,min,6,17782.79410038923,3.0,0,78,1.60768e-13,2.67947e-12,10000
GCR_He,min,6,17782.79410038923,3.0,0,79,2.20005e-13,2.31584e-12,10000
GCR_He,min,6,17782.79410038923,3.0,0,80,1.18432e-13,1.97387e-12,10000
GCR_He,min,6,17782.79410038923,3.0,0,81,9.88671e-14,2.47106e-12,10000
GCR_He,min,6,17782.79410038923,3.0,0,82,1.81284e-13,2.01449e-12,10000
GCR_He,min,6,17782.79410038923,3.0,0,83,3.96721e-14,1.13349e-12,10000
GCR_He,min,6,17782.79410038923,3.0,0,84,7.53533e-13,1.88336e-11,10000
GCR_He,min,6,17782.79410038923,3.0,0,85,1.10589e-12,1.47511e-11,10000
GCR_He,min,6,17782.79410038923,3.0,0,86,1.37571e-12,4.58874e-11,10000
GCR_He,min,6,17782.79410038923,3.0,0,87,3.0783e-13,9.32873e-13,10000
GCR_He,min,6,17782.79410038923,3.0,0,88,4.13073e-13,8.09931e-13,10000
GCR_He,min,6,17782.79410038923,3.0,0,89,1.65871e-13,1.54846e-12,10000
GCR_He,min,6,17782.79410038923,3.0,0,90,7.2157e-14,1.88646e-12,10000
GCR_He,min,6,17782.79410038923,3.0,0,91,9.30874e-15,1.22002e-12,10000
GCR_He,min,6,17782.79410038923,3.0,0,92,2.25611e-13,2.0525e-12,10000
GCR_He,min,6,17782.79410038923,3.0,0,93,6.38833e-14,1.6276e-12,10000
GCR_He,min,6,17782.79410038923,3.0,0,94,1.02369e-14,1.30074e-12,10000
GCR_He,min,6,17782.79410038923,3.0,0,95,2.59129e-12,1.4396e-12,10000
GCR_He,min,6,17782.79410038923,3.0,0,96,5.07232e-14,6.41985e-13,10000
GCR_He,min,6,17782.79410038923,3.0,0,97,9.82795e-13,2.05718e-12,10000
GCR_He,min,6,17782.79410038923,3.0,0,98,6.23023e-14,8.70874e-13,10000
GCR_He,min,6,17782.79410038923,3.0,0,99,1.59537e-12,2.75026e-12,10000
GCR_He,min,6,17782.79410038923,3.0,0,100,1.23519e-15,5.46546e-13,10000
GCR_He,min,6,17782.79410038923,3.0,0,101,2.76321e-15,4.31751e-13,10000
GCR_He,min,6,17782.79410038923,3.0,0,102,3.20154e-15,5.35375e-13,10000
GCR_He,min,6,17782.79410038923,3.0,0,103,5.65797e-13,5.41951e-12,10000
GCR_He,min,6,17782.79410038923,3.0,0,104,1.48994e-14,1.90286e-12,10000
GCR_He,min,6,17782.79410038923,3.0,0,105,7.94286e-14,7.15573e-12,10000
GCR_He,min,6,17782.79410038923,3.0,0,106,5.45525e-13,4.47956e-13,10000
GCR_He,min,6,17782.79410038923,3.0,0,107,8.16581e-11,5.4414e-12,10000
GCR_He,min,6,17782.79410038923,3.0,0,108,5.29003e-12,1.92328e-12,10000
GCR_He,min,6,17782.79410038923,3.0,0,109,3.62784e-11,3.61881e-12,10000
GCR_He,min,6,17782.79410038923,3.0,0,110,4.98349e-14,1.24556e-12,10000
GCR_He,min,6,17782.79410038923,3.0,0,111,0.0,0.0,10000
GCR_He,min,6,17782.79410038923,3.0,0,112,0.0,0.0,10000
GCR_He,min,6,17782.79410038923,3.0,0,113,2.84041e-13,2.02886e-12,10000
GCR_He,min,6,17782.79410038923,3.0,0,114,0.0,0.0,10000
GCR_He,min,6,17782.79410038923,3.0,0,115,3.44816e-13,2.02714e-11,10000
GCR_He,min,6,17782.79410038923,3.0,0,116,5.2087e-13,4.96771e-13,10000
GCR_He,min,6,17782.79410038923,3.0,0,117,8.89058e-11,7.18719e-12,10000
GCR_He,min,6,17782.79410038923,3.0,0,118,3.45582e-12,2.10276e-12,10000
GCR_He,min,6,17782.79410038923,3.0,0,119,2.66977e-11,4.94726e-12,10000
GCR_He,min,6,17782.79410038923,3.0,0,120,2.8046e-14,6.60062e-13,10000
GCR_He,min,6,17782.79410038923,3.0,0,121,2.21197e-14,5.20587e-13,10000
GCR_He,min,6,17782.79410038923,3.0,0,122,1.38013e-13,4.73718e-13,10000
GCR_He,min,6,17782.79410038923,3.0,0,123,6.56272e-12,4.47903e-12,10000
GCR_He,min,6,17782.79410038923,3.0,0,124,1.23626e-12,1.93459e-12,10000
GCR_He,min,6,17782.79410038923,3.0,0,125,3.37066e-12,2.52971e-12,10000
GCR_He,min,6,17782.79410038923,3.0,0,126,3.95364e-14,1.07964e-12,10000
GCR_He,min,6,17782.79410038923,3.0,0,127,1.61592e-13,1.07735e-12,10000
GCR_He,min,6,17782.79410038923,3.0,0,128,1.63546e-14,3.26831e-13,10000
GCR_He,min,6,17782.79410038923,3.0,0,129,2.92472e-13,1.67318e-11,10000
GCR_He,min,6,17782.79410038923,3.0,0,130,2.41889e-13,1.38064e-11,10000
GCR_He,min,6,17782.79410038923,3.0,0,131,4.10679e-14,1.64337e-12,10000
GCR_He,min,6,17782.79410038923,3.0,0,132,8.94271e-15,4.47359e-13,10000
GCR_He,min,6,17782.79410038923,3.0,0,133,2.19808e-14,5.19886e-13,10000
GCR_He,min,6,17782.79410038923,3.0,0,134,2.20251e-15,7.31731e-13,10000
GCR_He,min,6,17782.79410038923,3.0,0,135,6.11345e-14,7.18385e-12,10000
GCR_He,min,6,17782.79410038923,3.0,0,136,4.29445e-14,5.73357e-12,10000
GCR_He,min,6,17782.79410038923,3.0,0,137,4.74023e-13,9.47856e-12,10000
GCR_He,min,6,17782.79410038923,3.0,0,138,1.47812e-12,7.39062e-12,10000
GCR_He,min,6,17782.79410038923,3.0,0,139,0.0,0.0,10000
GCR_He,min,6,17782.79410038923,3.0,0,140,8.17843e-14,4.08922e-10,10000
GCR_He,min,6,17782.79410038923,3.0,0,141,3.46089e-14,2.24296e-13,10000
GCR_He,min,6,17782.79410038923,4.0,0,0,9.57086e-10,0.0,10000
GCR_He,min,6,17782.79410038923,4.0,0,1,1.02091e-14,1.45845e-12,10000
GCR_He,min,6,17782.79410038923,4.0,0,2,1.24912e-14,1.78446e-12,10000
GCR_He,min,6,17782.79410038923,4.0,0,3,4.36409e-16,3.95656e-14,10000
GCR_He,min,6,17782.79410038923,4.0,0,4,6.3973e-15,2.25178e-13,10000
GCR_He,min,6,17782.79410038923,4.0,0,5,6.29831e-15,2.04956e-13,10000
GCR_He,min,6,17782.79410038923,4.0,0,6,5.18499e-16,1.01666e-13,10000
GCR_He,min,6,17782.79410038923,4.0,0,7,8.49982e-15,8.49133e-13,10000
GCR_He,min,6,17782.79410038923,4.0,0,8,4.5268e-14,6.82672e-13,10000
GCR_He,min,6,17782.79410038923,4.0,0,9,4.37425e-17,5.14618e-14,10000
GCR_He,min,6,17782.79410038923,4.0,0,10,1.11936e-12,4.11634e-12,10000
GCR_He,min,6,17782.79410038923,4.0,0,11,2.52104e-14,1.60371e-12,10000
GCR_He,min,6,17782.79410038923,4.0,0,12,1.97609e-13,2.37968e-12,10000
GCR_He,min,6,17782.79410038923,4.0,0,13,6.25499e-14,4.62442e-13,10000
GCR_He,min,6,17782.79410038923,4.0,0,14,8.61699e-14,4.66136e-13,10000
GCR_He,min,6,17782.79410038923,4.0,0,15,1.49478e-14,4.46471e-13,10000
GCR_He,min,6,17782.79410038923,4.0,0,16,8.45498e-14,6.6039e-13,10000
GCR_He,min,6,17782.79410038923,4.0,0,17,7.23634e-14,1.21151e-12,10000
GCR_He,min,6,17782.79410038923,4.0,0,18,3.98637e-14,1.07362e-12,10000
GCR_He,min,6,17782.79410038923,4.0,0,19,3.66192e-13,1.35226e-12,10000
GCR_He,min,6,17782.79410038923,4.0,0,20,4.29412e-13,2.36057e-12,10000
GCR_He,min,6,17782.79410038923,4.0,0,21,4.46745e-14,1.97064e-12,10000
GCR_He,min,6,17782.79410038923,4.0,0,22,2.9175e-13,1.62318e-12,10000
GCR_He,min,6,17782.79410038923,4.0,0,23,3.49165e-13,2.50136e-12,10000
GCR_He,min,6,17782.79410038923,4.0,0,24,1.61152e-14,3.3728e-13,10000
GCR_He,min,6,17782.79410038923,4.0,0,25,2.95262e-14,5.56469e-13,10000
GCR_He,min,6,17782.79410038923,4.0,0,26,8.60801e-14,1.52936e-13,10000
GCR_He,min,6,17782.79410038923,4.0,0,27,1.05957e-13,2.34906e-13,10000
GCR_He,min,6,17782.79410038923,4.0,0,28,1.08578e-12,4.14928e-12,10000
GCR_He,min,6,17782.79410038923,4.0,0,29,3.1377e-12,6.64697e-12,10000
GCR_He,min,6,17782.79410038923,4.0,0,30,2.49299e-13,9.67023e-12,10000
GCR_He,min,6,17782.79410038923,4.0,0,31,4.77711e-13,1.62437e-12,10000
GCR_He,min,6,17782.79410038923,4.0,0,32,7.45521e-13,1.69989e-12,10000
GCR_He,min,6,17782.79410038923,4.0,0,33,3.2736e-13,4.04698e-12,10000
GCR_He,min,6,17782.79410038923,4.0,0,34,2.2526e-13,4.23938e-13,10000
GCR_He,min,6,17782.79410038923,4.0,0,35,6.3627e-13,8.72343e-13,10000
GCR_He,min,6,17782.79410038923,4.0,0,36,6.87766e-14,8.74242e-13,10000
GCR_He,min,6,17782.79410038923,4.0,0,37,3.63313e-14,1.56223e-13,10000
GCR_He,min,6,17782.79410038923,4.0,0,38,1.20356e-13,2.37023e-13,10000
GCR_He,min,6,17782.79410038923,4.0,0,39,1.16591e-14,1.53167e-13,10000
GCR_He,min,6,17782.79410038923,4.0,0,40,2.30722e-14,3.12208e-13,10000
GCR_He,min,6,17782.79410038923,4.0,0,41,2.03578e-12,5.10708e-12,10000
GCR_He,min,6,17782.79410038923,4.0,0,42,5.78778e-12,8.4967e-12,10000
GCR_He,min,6,17782.79410038923,4.0,0,43,1.86737e-13,5.11385e-13,10000
GCR_He,min,6,17782.79410038923,4.0,0,44,5.28473e-13,1.01618e-12,10000
GCR_He,min,6,17782.79410038923,4.0,0,45,7.69064e-14,3.47788e-13,10000
GCR_He,min,6,17782.79410038923,4.0,0,46,1.10613e-13,5.75482e-13,10000
GCR_He,min,6,17782.79410038923,4.0,0,47,1.34629e-14,1.30809e-13,10000
GCR_He,min,6,17782.79410038923,4.0,0,48,3.33334e-14,4.53207e-13,10000
GCR_He,min,6,17782.79410038923,4.0,0,49,1.46192e-13,5.10127e-13,10000
GCR_He,min,6,17782.79410038923,4.0,0,50,5.93987e-13,1.7713e-12,10000
GCR_He,min,6,17782.79410038923,4.0,0,51,3.84185e-13,2.0634e-12,10000
GCR_He,min,6,17782.79410038923,4.0,0,52,1.12828e-12,3.73517e-12,10000
GCR_He,min,6,17782.79410038923,4.0,0,53,5.78684e-13,5.29785e-12,10000
GCR_He,min,6,17782.79410038923,4.0,0,54,1.57696e-12,9.08861e-12,10000
GCR_He,min,6,17782.79410038923,4.0,0,55,1.92622e-15,1.94765e-13,10000
GCR_He,min,6,17782.79410038923,4.0,0,56,3.16453e-14,5.61984e-13,10000
GCR_He,min,6,17782.79410038923,4.0,0,57,5.24288e-15,3.28501e-13,10000
GCR_He,min,6,17782.79410038923,4.0,0,58,4.89972e-13,5.52579e-12,10000
GCR_He,min,6,17782.79410038923,4.0,0,59,1.25945e-14,2.13105e-12,10000
GCR_He,min,6,17782.79410038923,4.0,0,60,4.88911e-14,1.40775e-12,10000
GCR_He,min,6,17782.79410038923,4.0,0,61,4.5938e-13,3.16814e-13,10000
GCR_He,min,6,17782.79410038923,4.0,0,62,1.11433e-14,1.48578e-12,10000
GCR_He,min,6,17782.79410038923,4.0,0,63,7.11599e-15,1.42605e-12,10000
GCR_He,min,6,17782.79410038923,4.0,0,64,4.42478e-15,5.89971e-13,10000
GCR_He,min,6,17782.79410038923,4.0,0,65,4.12661e-15,8.26977e-13,10000
GCR_He,min,6,17782.79410038923,4.0,0,66,0.0,0.0,10000
GCR_He,min,6,17782.79410038923,4.0,0,67,6.0859e-16,8.34829e-14,10000
GCR_He,min,6,17782.79410038923,4.0,0,68,0.0,0.0,10000
GCR_He,min,6,17782.79410038923,4.0,0,69,1.25624e-15,1.71384e-13,10000
GCR_He,min,6,17782.79410038923,4.0,0,70,2.58864e-14,1.85966e-12,10000
GCR_He,min,6,17782.79410038923,4.0,0,71,9.37021e-14,1.73266e-12,10000
GCR_He,min,6,17782.79410038923,4.0,0,72,2.34247e-13,1.56175e-12,10000
GCR_He,min,6,17782.79410038923,4.0,0,73,3.39451e-13,1.35775e-12,10000
GCR_He,min,6,17782.79410038923,4.0,0,74,4.28294e-12,6.58913e-12,10000
GCR_He,min,6,17782.79410038923,4.0,0,75,1.28658e-12,3.67574e-12,10000
GCR_He,min,6,17782.79410038923,4.0,0,76,3.49061e-13,3.87888e-12,10000
GCR_He,min,6,17782.79410038923,4.0,0,77,1.64761e-13,2.99457e-12,10000
GCR_He,min,6,17782.79410038923,4.0,0,78,1.12081e-13,1.86802e-12,10000
GCR_He,min,6,17782.79410038923,4.0,0,79,1.97116e-13,2.07491e-12,10000
GCR_He,min,6,17782.79410038923,4.0,0,80,1.46554e-13,2.44257e-12,10000
GCR_He,min,6,17782.79410038923,4.0,0,81,1.01117e-13,2.5273e-12,10000
GCR_He,min,6,17782.79410038923,4.0,0,82,2.11332e-13,2.34839e-12,10000
GCR_He,min,6,17782.79410038923,4.0,0,83,5.8102e-14,1.66006e-12,10000
GCR_He,min,6,17782.79410038923,4.0,0,84,7.58016e-13,1.89457e-11,10000
GCR_He,min,6,17782.79410038923,4.0,0,85,1.08736e-12,1.4504e-11,10000
GCR_He,min,6,17782.79410038923,4.0,0,86,1.30569e-12,4.3552e-11,10000
GCR_He,min,6,17782.79410038923,4.0,0,87,2.31544e-13,7.01691e-13,10000
GCR_He,min,6,17782.79410038923,4.0,0,88,4.16794e-13,8.17228e-13,10000
GCR_He,min,6,17782.79410038923,4.0,0,89,1.69054e-13,1.57817e-12,10000
GCR_He,min,6,17782.79410038923,4.0,0,90,7.37936e-14,1.92924e-12,10000
GCR_He,min,6,17782.79410038923,4.0,0,91,1.56799e-14,2.05503e-12,10000
GCR_He,min,6,17782.79410038923,4.0,0,92,2.07049e-13,1.88363e-12,10000
GCR_He,min,6,17782.79410038923,4.0,0,93,7.57136e-14,1.92901e-12,10000
GCR_He,min,6,17782.79410038923,4.0,0,94,1.61305e-14,2.04961e-12,10000
GCR_He,min,6,17782.79410038923,4.0,0,95,2.32751e-12,1.29305e-12,10000
GCR_He,min,6,17782.79410038923,4.0,0,96,6.2672e-14,7.93216e-13,10000
GCR_He,min,6,17782.79410038923,4.0,0,97,1.04755e-12,2.19272e-12,10000
GCR_He,min,6,17782.79410038923,4.0,0,98,6.23567e-14,8.71634e-13,10000
GCR_He,min,6,17782.79410038923,4.0,0,99,1.92891e-12,3.32525e-12,10000
GCR_He,min,6,17782.79410038923,4.0,0,100,1.33735e-16,5.91748e-14,10000
GCR_He,min,6,17782.79410038923,4.0,0,101,7.39197e-15,1.15499e-12,10000
GCR_He,min,6,17782.79410038923,4.0,0,102,3.62933e-15,6.06911e-13,10000
GCR_He,min,6,17782.79410038923,4.0,0,103,5.99223e-13,5.73968e-12,10000
GCR_He,min,6,17782.79410038923,4.0,0,104,9.4477e-15,1.2066e-12,10000
GCR_He,min,6,17782.79410038923,4.0,0,105,8.00284e-14,7.20977e-12,10000
GCR_He,min,6,17782.79410038923,4.0,0,106,4.35642e-13,3.57726e-13,10000
GCR_He,min,6,17782.79410038923,4.0,0,107,8.62772e-11,5.7492e-12,10000
GCR_He,min,6,17782.79410038923,4.0,0,108,5.33003e-12,1.93782e-12,10000
GCR_He,min,6,17782.79410038923,4.0,0,109,3.58481e-11,3.57588e-12,10000
GCR_He,min,6,17782.79410038923,4.0,0,110,2.45392e-14,6.13327e-13,10000
GCR_He,min,6,17782.79410038923,4.0,0,111,0.0,0.0,10000
GCR_He,min,6,17782.79410038923,4.0,0,112,0.0,0.0,10000
GCR_He,min,6,17782.79410038923,4.0,0,113,2.73354e-13,1.95253e-12,10000
GCR_He,min,6,17782.79410038923,4.0,0,114,0.0,0.0,10000
GCR_He,min,6,17782.79410038923,4.0,0,115,3.95675e-13,2.32613e-11,10000
GCR_He,min,6,17782.79410038923,4.0,0,116,4.01937e-13,3.83341e-13,10000
GCR_He,min,6,17782.79410038923,4.0,0,117,9.28196e-11,7.50358e-12,10000
GCR_He,min,6,17782.79410038923,4.0,0,118,3.47006e-12,2.11142e-12,10000
GCR_He,min,6,17782.79410038923,4.0,0,119,2.60811e-11,4.83299e-12,10000
GCR_He,min,6,17782.79410038923,4.0,0,120,1.64084e-14,3.8617e-13,10000
GCR_He,min,6,17782.79410038923,4.0,0,121,9.27253e-15,2.18229e-13,10000
GCR_He,min,6,17782.79410038923,4.0,0,122,8.9237e-14,3.06299e-13,10000
GCR_He,min,6,17782.79410038923,4.0,0,123,7.03468e-12,4.80114e-12,10000
GCR_He,min,6,17782.79410038923,4.0,0,124,1.24975e-12,1.95569e-12,10000
GCR_He,min,6,17782.79410038923,4.0,0,125,3.2087e-12,2.40815e-12,10000
GCR_He,min,6,17782.79410038923,4.0,0,126,2.46219e-14,6.72363e-13,10000
GCR_He,min,6,17782.79410038923,4.0,0,127,2.17916e-13,1.45287e-12,10000
GCR_He,min,6,17782.79410038923,4.0,0,128,3.77448e-15,7.54293e-14,10000
GCR_He,min,6,17782.79410038923,4.0,0,129,2.31496e-13,1.32435e-11,10000
GCR_He,min,6,17782.79410038923,4.0,0,130,2.2657e-13,1.29321e-11,10000
GCR_He,min,6,17782.79410038923,4.0,0,131,1.09991e-14,4.40141e-13,10000
GCR_He,min,6,17782.79410038923,4.0,0,132,8.40816e-15,4.20618e-13,10000
GCR_He,min,6,17782.79410038923,4.0,0,133,1.48443e-14,3.51096e-13,10000
GCR_He,min,6,17782.79410038923,4.0,0,134,8.16661e-16,2.71316e-13,10000
GCR_He,min,6,17782.79410038923,4.0,0,135,7.0874e-14,8.32832e-12,10000
GCR_He,min,6,17782.79410038923,4.0,0,136,5.83246e-14,7.787e-12,10000
GCR_He,min,6,17782.79410038923,4.0,0,137,4.35016e-13,8.69857e-12,10000
GCR_He,min,6,17782.79410038923,4.0,0,138,1.45409e-12,7.27045e-12,10000
GCR_He,min,6,17782.79410038923,4.0,0,139,0.0,0.0,10000
GCR_He,min,6,17782.79410038923,4.0,0,140,6.018e-14,3.009e-10,10000
GCR_He,min,6,17782.79410038923,4.0,0,141,3.73167e-14,2.41845e-13,10000
SEP_p,max,0,0.019046714781460566,2.0,0,0,0.0,0.0,10000
SEP_p,max,0,0.019046714781460566,2.0,0,1,0.0,0.0,10000
SEP_p,max,0,0.019046714781460566,2.0,0,2,0.0,0.0,10000
SEP_p,max,0,0.019046714781460566,2.0,0,3,0.0,0.0,10000
SEP_p,max,0,0.019046714781460566,2.0,0,4,0.0,0.0,10000
SEP_p,max,0,0.019046714781460566,2.0,0,5,0.0,0.0,10000
SEP_p,max,0,0.019046714781460566,2.0,0,6,0.0,0.0,10000
SEP_p,max,0,0.019046714781460566,2.0,0,7,0.0,0.0,10000
SEP_p,max,0,0.019046714781460566,2.0,0,8,0.0,0.0,10000
SEP_p,max,0,0.019046714781460566,2.0,0,9,0.0,0.0,10000
SEP_p,max,0,0.019046714781460566,2.0,0,10,0.0,0.0,10000
SEP_p,max,0,0.019046714781460566,2.0,0,11,0.0,0.0,10000
SEP_p,max,0,0.019046714781460566,2.0,0,12,0.0,0.0,10000
SEP_p,max,0,0.019046714781460566,2.0,0,13,0.0,0.0,10000
SEP_p,max,0,0.019046714781460566,2.0,0,14,0.0,0.0,10000
SEP_p,max,0,0.019046714781460566,2.0,0,15,0.0,0.0,10000
SEP_p,max,0,0.019046714781460566,2.0,0,16,0.0,0.0,10000
SEP_p,max,0,0.019046714781460566,2.0,0,17,0.0,0.0,10000
SEP_p,max,0,0.019046714781460566,2.0,0,18,0.0,0.0,10000
SEP_p,max,0,0.019046714781460566,2.0,0,19,0.0,0.0,10000
SEP_p,max,0,0.019046714781460566,2.0,0,20,0.0,0.0,10000
SEP_p,max,0,0.019046714781460566,2.0,0,21,0.0,0.0,10000
SEP_p,max,0,0.019046714781460566,2.0,0,22,0.0,0.0,10000
SEP_p,max,0,0.019046714781460566,2.0,0,23,0.0,0.0,10000
SEP_p,max,0,0.019046714781460566,2.0,0,24,0.0,0.0,10000
SEP_p,max,0,0.019046714781460566,2.0,0,25,0.0,0.0,10000
SEP_p,max,0,0.019046714781460566,2.0,0,26,0.0,0.0,10000
SEP_p,max,0,0.019046714781460566,2.0,0,27,0.0,0.0,10000
SEP_p,max,0,0.019046714781460566,2.0,0,28,0.0,0.0,10000
SEP_p,max,0,0.019046714781460566,2.0,0,29,0.0,0.0,10000
SEP_p,max,0,0.019046714781460566,2.0,0,30,0.0,0.0,10000
SEP_p,max,0,0.019046714781460566,2.0,0,31,0.0,0.0,10000
SEP_p,max,0,0.019046714781460566,2.0,0,32,0.0,0.0,10000
SEP_p,max,0,0.019046714781460566,2.0,0,33,0.0,0.0,10000
SEP_p,max,0,0.019046714781460566,2.0,0,34,0.0,0.0,10000
SEP_p,max,0,0.019046714781460566,2.0,0,35,0.0,0.0,10000
SEP_p,max,0,0.019046714781460566,2.0,0,36,0.0,0.0,10000
SEP_p,max,0,0.019046714781460566,2.0,0,37,0.0,0.0,10000
SEP_p,max,0,0.019046714781460566,2.0,0,38,0.0,0.0,10000
SEP_p,max,0,0.019046714781460566,2.0,0,39,0.0,0.0,10000
SEP_p,max,0,0.019046714781460566,2.0,0,40,0.0,0.0,10000
SEP_p,max,0,0.019046714781460566,2.0,0,41,0.0,0.0,10000
SEP_p,max,0,0.019046714781460566,2.0,0,42,0.0,0.0,10000
SEP_p,max,0,0.019046714781460566,2.0,0,43,0.0,0.0,10000
SEP_p,max,0,0.019046714781460566,2.0,0,44,0.0,0.0,10000
SEP_p,max,0,0.019046714781460566,2.0,0,45,0.0,0.0,10000
SEP_p,max,0,0.019046714781460566,2.0,0,46,0.0,0.0,10000
SEP_p,max,0,0.019046714781460566,2.0,0,47,0.0,0.0,10000
SEP_p,max,0,0.019046714781460566,2.0,0,48,0.0,0.0,10000
SEP_p,max,0,0.019046714781460566,2.0,0,49,0.0,0.0,10000
SEP_p,max,0,0.019046714781460566,2.0,0,50,0.0,0.0,10000
SEP_p,max,0,0.019046714781460566,2.0,0,51,0.0,0.0,10000
SEP_p,max,0,0.019046714781460566,2.0,0,52,0.0,0.0,10000
SEP_p,max,0,0.019046714781460566,2.0,0,53,0.0,0.0,10000
SEP_p,max,0,0.019046714781460566,2.0,0,54,0.0,0.0,10000
SEP_p,max,0,0.019046714781460566,2.0,0,55,0.0,0.0,10000
SEP_p,max,0,0.019046714781460566,2.0,0,56,0.0,0.0,10000
SEP_p,max,0,0.019046714781460566,2.0,0,57,0.0,0.0,10000
SEP_p,max,0,0.019046714781460566,2.0,0,58,0.0,0.0,10000
SEP_p,max,0,0.019046714781460566,2.0,0,59,0.0,0.0,10000
SEP_p,max,0,0.019046714781460566,2.0,0,60,0.0,0.0,10000
SEP_p,max,0,0.019046714781460566,2.0,0,61,0.0,0.0,10000
SEP_p,max,0,0.019046714781460566,2.0,0,62,0.0,0.0,10000
SEP_p,max,0,0.019046714781460566,2.0,0,63,0.0,0.0,10000
SEP_p,max,0,0.019046714781460566,2.0,0,64,0.0,0.0,10000
SEP_p,max,0,0.019046714781460566,2.0,0,65,0.0,0.0,10000
SEP_p,max,0,0.019046714781460566,2.0,0,66,0.0,0.0,10000
SEP_p,max,0,0.019046714781460566,2.0,0,67,0.0,0.0,10000
SEP_p,max,0,0.019046714781460566,2.0,0,68,0.0,0.0,10000
SEP_p,max,0,0.019046714781460566,2.0,0,69,0.0,0.0,10000
SEP_p,max,0,0.019046714781460566,2.0,0,70,0.0,0.0,10000
SEP_p,max,0,0.019046714781460566,2.0,0,71,0.0,0.0,10000
SEP_p,max,0,0.019046714781460566,2.0,0,72,0.0,0.0,10000
SEP_p,max,0,0.019046714781460566,2.0,0,73,0.0,0.0,10000
SEP_p,max,0,0.019046714781460566,2.0,0,74,0.0,0.0,10000
SEP_p,max,0,0.019046714781460566,2.0,0,75,0.0,0.0,10000
SEP_p,max,0,0.019046714781460566,2.0,0,76,0.0,0.0,10000
SEP_p,max,0,0.019046714781460566,2.0,0,77,0.0,0.0,10000
SEP_p,max,0,0.019046714781460566,2.0,0,78,0.0,0.0,10000
SEP_p,max,0,0.019046714781460566,2.0,0,79,0.0,0.0,10000
SEP_p,max,0,0.019046714781460566,2.0,0,80,0.0,0.0,10000
SEP_p,max,0,0.019046714781460566,2.0,0,81,0.0,0.0,10000
SEP_p,max,0,0.019046714781460566,2.0,0,82,0.0,0.0,10000
SEP_p,max,0,0.019046714781460566,2.0,0,83,0.0,0.0,10000
SEP_p,max,0,0.019046714781460566,2.0,0,84,0.0,0.0,10000
SEP_p,max,0,0.019046714781460566,2.0,0,85,0.0,0.0,10000
SEP_p,max,0,0.019046714781460566,2.0,0,86,0.0,0.0,10000
SEP_p,max,0,0.019046714781460566,2.0,0,87,0.0,0.0,10000
SEP_p,max,0,0.019046714781460566,2.0,0,88,0.0,0.0,10000
SEP_p,max,0,0.019046714781460566,2.0,0,89,0.0,0.0,10000
SEP_p,max,0,0.019046714781460566,2.0,0,90,0.0,0.0,10000
SEP_p,max,0,0.019046714781460566,2.0,0,91,0.0,0.0,10000
SEP_p,max,0,0.019046714781460566,2.0,0,92,0.0,0.0,10000
SEP_p,max,0,0.019046714781460566,2.0,0,93,0.0,0.0,10000
SEP_p,max,0,0.019046714781460566,2.0,0,94,0.0,0.0,10000
SEP_p,max,0,0.019046714781460566,2.0,0,95,0.0,0.0,10000
SEP_p,max,0,0.019046714781460566,2.0,0,96,0.0,0.0,10000
SEP_p,max,0,0.019046714781460566,2.0,0,97,0.0,0.0,10000
SEP_p,max,0,0.019046714781460566,2.0,0,98,0.0,0.0,10000
SEP_p,max,0,0.019046714781460566,2.0,0,99,0.0,0.0,10000
SEP_p,max,0,0.019046714781460566,2.0,0,100,0.0,0.0,10000
SEP_p,max,0,0.019046714781460566,2.0,0,101,0.0,0.0,10000
SEP_p,max,0,0.019046714781460566,2.0,0,102,0.0,0.0,10000
SEP_p,max,0,0.019046714781460566,2.0,0,103,0.0,0.0,10000
SEP_p,max,0,0.019046714781460566,2.0,0,104,0.0,0.0,10000
SEP_p,max,0,0.019046714781460566,2.0,0,105,0.0,0.0,10000
SEP_p,max,0,0.019046714781460566,2.0,0,106,0.0,0.0,10000
SEP_p,max,0,0.019046714781460566,2.0,0,107,0.0,0.0,10000
SEP_p,max,0,0.019046714781460566,2.0,0,108,0.0,0.0,10000
SEP_p,max,0,0.019046714781460566,2.0,0,109,0.0,0.0,10000
SEP_p,max,0,0.019046714781460566,2.0,0,110,0.0,0.0,10000
SEP_p,max,0,0.019046714781460566,2.0,0,111,0.0,0.0,10000
SEP_p,max,0,0.019046714781460566,2.0,0,112,0.0,0.0,10000
SEP_p,max,0,0.019046714781460566,2.0,0,113,0.0,0.0,10000
SEP_p,max,0,0.019046714781460566,2.0,0,114,0.0,0.0,10000
SEP_p,max,0,0.019046714781460566,2.0,0,115,0.0,0.0,10000
SEP_p,max,0,0.019046714781460566,2.0,0,116,0.0,0.0,10000
SEP_p,max,0,0.019046714781460566,2.0,0,117,0.0,0.0,10000
SEP_p,max,0,0.019046714781460566,2.0,0,118,0.0,0.0,10000
SEP_p,max,0,0.019046714781460566,2.0,0,119,0.0,0.0,10000
SEP_p,max,0,0.019046714781460566,2.0,0,120,0.0,0.0,10000
SEP_p,max,0,0.019046714781460566,2.0,0,121,0.0,0.0,10000
SEP_p,max,0,0.019046714781460566,2.0,0,122,0.0,0.0,10000
SEP_p,max,0,0.019046714781460566,2.0,0,123,0.0,0.0,10000
SEP_p,max,0,0.019046714781460566,2.0,0,124,0.0,0.0,10000
SEP_p,max,0,0.019046714781460566,2.0,0,125,0.0,0.0,10000
SEP_p,max,0,0.019046714781460566,2.0,0,126,0.0,0.0,10000
SEP_p,max,0,0.019046714781460566,2.0,0,127,0.0,0.0,10000
SEP_p,max,0,0.019046714781460566,2.0,0,128,0.0,0.0,10000
SEP_p,max,0,0.019046714781460566,2.0,0,129,0.0,0.0,10000
SEP_p,max,0,0.019046714781460566,2.0,0,130,0.0,0.0,10000
SEP_p,max,0,0.019046714781460566,2.0,0,131,0.0,0.0,10000
SEP_p,max,0,0.019046714781460566,2.0,0,132,0.0,0.0,10000
SEP_p,max,0,0.019046714781460566,2.0,0,133,0.0,0.0,10000
SEP_p,max,0,0.019046714781460566,2.0,0,134,0.0,0.0,10000
SEP_p,max,0,0.019046714781460566,2.0,0,135,0.0,0.0,10000
SEP_p,max,0,0.019046714781460566,2.0,0,136,0.0,0.0,10000
SEP_p,max,0,0.019046714781460566,2.0,0,137,0.0,0.0,10000
SEP_p,max,0,0.019046714781460566,2.0,0,138,0.0,0.0,10000
SEP_p,max,0,0.019046714781460566,2.0,0,139,0.0,0.0,10000
SEP_p,max,0,0.019046714781460566,2.0,0,140,0.0,0.0,10000
SEP_p,max,0,0.019046714781460566,2.0,0,141,0.0,0.0,10000
SEP_p,max,0,0.019046714781460566,3.0,0,0,0.0,0.0,10000
SEP_p,max,0,0.019046714781460566,3.0,0,1,0.0,0.0,10000
SEP_p,max,0,0.019046714781460566,3.0,0,2,0.0,0.0,10000
SEP_p,max,0,0.019046714781460566,3.0,0,3,0.0,0.0,10000
SEP_p,max,0,0.019046714781460566,3.0,0,4,0.0,0.0,10000
SEP_p,max,0,0.019046714781460566,3.0,0,5,0.0,0.0,10000
SEP_p,max,0,0.019046714781460566,3.0,0,6,0.0,0.0,10000
SEP_p,max,0,0.019046714781460566,3.0,0,7,0.0,0.0,10000
SEP_p,max,0,0.019046714781460566,3.0,0,8,0.0,0.0,10000
SEP_p,max,0,0.019046714781460566,3.0,0,9,0.0,0.0,10000
SEP_p,max,0,0.019046714781460566,3.0,0,10,0.0,0.0,10000
SEP_p,max,0,0.019046714781460566,3.0,0,11,0.0,0.0,10000
SEP_p,max,0,0.019046714781460566,3.0,0,12,0.0,0.0,10000
SEP_p,max,0,0.019046714781460566,3.0,0,13,0.0,0.0,10000
SEP_p,max,0,0.019046714781460566,3.0,0,14,0.0,0.0,10000
SEP_p,max,0,0.019046714781460566,3.0,0,15,0.0,0.0,10000
SEP_p,max,0,0.019046714781460566,3.0,0,16,0.0,0.0,10000
SEP_p,max,0,0.019046714781460566,3.0,0,17,0.0,0.0,10000
SEP_p,max,0,0.019046714781460566,3.0,0,18,0.0,0.0,10000
SEP_p,max,0,0.019046714781460566,3.0,0,19,0.0,0.0,10000
SEP_p,max,0,0.019046714781460566,3.0,0,20,0.0,0.0,10000
SEP_p,max,0,0.019046714781460566,3.0,0,21,0.0,0.0,10000
SEP_p,max,0,0.019046714781460566,3.0,0,22,0.0,0.0,10000
SEP_p,max,0,0.019046714781460566,3.0,0,23,0.0,0.0,10000
SEP_p,max,0,0.019046714781460566,3.0,0,24,0.0,0.0,10000
SEP_p,max,0,0.019046714781460566,3.0,0,25,0.0,0.0,10000
SEP_p,max,0,0.019046714781460566,3.0,0,26,0.0,0.0,10000
SEP_p,max,0,0.019046714781460566,3.0,0,27,0.0,0.0,10000
SEP_p,max,0,0.019046714781460566,3.0,0,28,0.0,0.0,10000
SEP_p,max,0,0.019046714781460566,3.0,0,29,0.0,0.0,10000
SEP_p,max,0,0.019046714781460566,3.0,0,30,0.0,0.0,10000
SEP_p,max,0,0.019046714781460566,3.0,0,31,0.0,0.0,10000
SEP_p,max,0,0.019046714781460566,3.0,0,32,0.0,0.0,10000
SEP_p,max,0,0.019046714781460566,3.0,0,33,0.0,0.0,10000
SEP_p,max,0,0.019046714781460566,3.0,0,34,0.0,0.0,10000
SEP_p,max,0,0.019046714781460566,3.0,0,35,0.0,0.0,10000
SEP_p,max,0,0.019046714781460566,3.0,0,36,0.0,0.0,10000
SEP_p,max,0,0.019046714781460566,3.0,0,37,0.0,0.0,10000
SEP_p,max,0,0.019046714781460566,3.0,0,38,0.0,0.0,10000
SEP_p,max,0,0.019046714781460566,3.0,0,39,0.0,0.0,10000
SEP_p,max,0,0.019046714781460566,3.0,0,40,0.0,0.0,10000
SEP_p,max,0,0.019046714781460566,3.0,0,41,0.0,0.0,10000
SEP_p,max,0,0.019046714781460566,3.0,0,42,0.0,0.0,10000
SEP_p,max,0,0.019046714781460566,3.0,0,43,0.0,0.0,10000
SEP_p,max,0,0.019046714781460566,3.0,0,44,0.0,0.0,10000
SEP_p,max,0,0.019046714781460566,3.0,0,45,0.0,0.0,10000
SEP_p,max,0,0.019046714781460566,3.0,0,46,0.0,0.0,10000
SEP_p,max,0,0.019046714781460566,3.0,0,47,0.0,0.0,10000
SEP_p,max,0,0.019046714781460566,3.0,0,48,0.0,0.0,10000
SEP_p,max,0,0.019046714781460566,3.0,0,49,0.0,0.0,10000
SEP_p,max,0,0.019046714781460566,3.0,0,50,0.0,0.0,10000
SEP_p,max,0,0.019046714781460566,3.0,0,51,0.0,0.0,10000
SEP_p,max,0,0.019046714781460566,3.0,0,52,0.0,0.0,10000
SEP_p,max,0,0.019046714781460566,3.0,0,53,0.0,0.0,10000
SEP_p,max,0,0.019046714781460566,3.0,0,54,0.0,0.0,10000
SEP_p,max,0,0.019046714781460566,3.0,0,55,0.0,0.0,10000
SEP_p,max,0,0.019046714781460566,3.0,0,56,0.0,0.0,10000
SEP_p,max,0,0.019046714781460566,3.0,0,57,0.0,0.0,10000
SEP_p,max,0,0.019046714781460566,3.0,0,58,0.0,0.0,10000
SEP_p,max,0,0.019046714781460566,3.0,0,59,0.0,0.0,10000
SEP_p,max,0,0.019046714781460566,3.0,0,60,0.0,0.0,10000
SEP_p,max,0,0.019046714781460566,3.0,0,61,0.0,0.0,10000
SEP_p,max,0,0.019046714781460566,3.0,0,62,0.0,0.0,10000
SEP_p,max,0,0.019046714781460566,3.0,0,63,0.0,0.0,10000
SEP_p,max,0,0.019046714781460566,3.0,0,64,0.0,0.0,10000
SEP_p,max,0,0.019046714781460566,3.0,0,65,0.0,0.0,10000
SEP_p,max,0,0.019046714781460566,3.0,0,66,0.0,0.0,10000
SEP_p,max,0,0.019046714781460566,3.0,0,67,0.0,0.0,10000
SEP_p,max,0,0.019046714781460566,3.0,0,68,0.0,0.0,10000
SEP_p,max,0,0.019046714781460566,3.0,0,69,0.0,0.0,10000
SEP_p,max,0,0.019046714781460566,3.0,0,70,0.0,0.0,10000
SEP_p,max,0,0.019046714781460566,3.0,0,71,0.0,0.0,10000
SEP_p,max,0,0.019046714781460566,3.0,0,72,0.0,0.0,10000
SEP_p,max,0,0.019046714781460566,3.0,0,73,0.0,0.0,10000
SEP_p,max,0,0.019046714781460566,3.0,0,74,0.0,0.0,10000
SEP_p,max,0,0.019046714781460566,3.0,0,75,0.0,0.0,10000
SEP_p,max,0,0.019046714781460566,3.0,0,76,0.0,0.0,10000
SEP_p,max,0,0.019046714781460566,3.0,0,77,0.0,0.0,10000
SEP_p,max,0,0.019046714781460566,3.0,0,78,0.0,0.0,10000
SEP_p,max,0,0.019046714781460566,3.0,0,79,0.0,0.0,10000
SEP_p,max,0,0.019046714781460566,3.0,0,80,0.0,0.0,10000
SEP_p,max,0,0.019046714781460566,3.0,0,81,0.0,0.0,10000
SEP_p,max,0,0.019046714781460566,3.0,0,82,0.0,0.0,10000
SEP_p,max,0,0.019046714781460566,3.0,0,83,0.0,0.0,10000
SEP_p,max,0,0.019046714781460566,3.0,0,84,0.0,0.0,10000
SEP_p,max,0,0.019046714781460566,3.0,0,85,0.0,0.0,10000
SEP_p,max,0,0.019046714781460566,3.0,0,86,0.0,0.0,10000
SEP_p,max,0,0.019046714781460566,3.0,0,87,0.0,0.0,10000
SEP_p,max,0,0.019046714781460566,3.0,0,88,0.0,0.0,10000
SEP_p,max,0,0.019046714781460566,3.0,0,89,0.0,0.0,10000
SEP_p,max,0,0.019046714781460566,3.0,0,90,0.0,0.0,10000
SEP_p,max,0,0.019046714781460566,3.0,0,91,0.0,0.0,10000
SEP_p,max,0,0.019046714781460566,3.0,0,92,0.0,0.0,10000
SEP_p,max,0,0.019046714781460566,3.0,0,93,0.0,0.0,10000
SEP_p,max,0,0.019046714781460566,3.0,0,94,0.0,0.0,10000
SEP_p,max,0,0.019046714781460566,3.0,0,95,0.0,0.0,10000
SEP_p,max,0,0.019046714781460566,3.0,0,96,0.0,0.0,10000
SEP_p,max,0,0.019046714781460566,3.0,0,97,0.0,0.0,10000
SEP_p,max,0,0.019046714781460566,3.0,0,98,0.0,0.0,10000
SEP_p,max,0,0.019046714781460566,3.0,0,99,0.0,0.0,10000
SEP_p,max,0,0.019046714781460566,3.0,0,100,0.0,0.0,10000
SEP_p,max,0,0.019046714781460566,3.0,0,101,0.0,0.0,10000
SEP_p,max,0,0.019046714781460566,3.0,0,102,0.0,0.0,10000
SEP_p,max,0,0.019046714781460566,3.0,0,103,0.0,0.0,10000
SEP_p,max,0,0.019046714781460566,3.0,0,104,0.0,0.0,10000
SEP_p,max,0,0.019046714781460566,3.0,0,105,0.0,0.0,10000
SEP_p,max,0,0.019046714781460566,3.0,0,106,0.0,0.0,10000
SEP_p,max,0,0.019046714781460566,3.0,0,107,0.0,0.0,10000
SEP_p,max,0,0.019046714781460566,3.0,0,108,0.0,0.0,10000
SEP_p,max,0,0.019046714781460566,3.0,0,109,0.0,0.0,10000
SEP_p,max,0,0.019046714781460566,3.0,0,110,0.0,0.0,10000
SEP_p,max,0,0.019046714781460566,3.0,0,111,0.0,0.0,10000
SEP_p,max,0,0.019046714781460566,3.0,0,112,0.0,0.0,10000
SEP_p,max,0,0.019046714781460566,3.0,0,113,0.0,0.0,10000
SEP_p,max,0,0.019046714781460566,3.0,0,114,0.0,0.0,10000
SEP_p,max,0,0.019046714781460566,3.0,0,115,0.0,0.0,10000
SEP_p,max,0,0.019046714781460566,3.0,0,116,0.0,0.0,10000
SEP_p,max,0,0.019046714781460566,3.0,0,117,0.0,0.0,10000
SEP_p,max,0,0.019046714781460566,3.0,0,118,0.0,0.0,10000
SEP_p,max,0,0.019046714781460566,3.0,0,119,0.0,0.0,10000
SEP_p,max,0,0.019046714781460566,3.0,0,120,0.0,0.0,10000
SEP_p,max,0,0.019046714781460566,3.0,0,121,0.0,0.0,10000
SEP_p,max,0,0.019046714781460566,3.0,0,122,0.0,0.0,10000
SEP_p,max,0,0.019046714781460566,3.0,0,123,0.0,0.0,10000
SEP_p,max,0,0.019046714781460566,3.0,0,124,0.0,0.0,10000
SEP_p,max,0,0.019046714781460566,3.0,0,125,0.0,0.0,10000
SEP_p,max,0,0.019046714781460566,3.0,0,126,0.0,0.0,10000
SEP_p,max,0,0.019046714781460566,3.0,0,127,0.0,0.0,10000
SEP_p,max,0,0.019046714781460566,3.0,0,128,0.0,0.0,10000
SEP_p,max,0,0.019046714781460566,3.0,0,129,0.0,0.0,10000
SEP_p,max,0,0.019046714781460566,3.0,0,130,0.0,0.0,10000
SEP_p,max,0,0.019046714781460566,3.0,0,131,0.0,0.0,10000
SEP_p,max,0,0.019046714781460566,3.0,0,132,0.0,0.0,10000
SEP_p,max,0,0.019046714781460566,3.0,0,133,0.0,0.0,10000
SEP_p,max,0,0.019046714781460566,3.0,0,134,0.0,0.0,10000
SEP_p,max,0,0.019046714781460566,3.0,0,135,0.0,0.0,10000
SEP_p,max,0,0.019046714781460566,3.0,0,136,0.0,0.0,10000
SEP_p,max,0,0.019046714781460566,3.0,0,137,0.0,0.0,10000
SEP_p,max,0,0.019046714781460566,3.0,0,138,0.0,0.0,10000
SEP_p,max,0,0.019046714781460566,3.0,0,139,0.0,0.0,10000
SEP_p,max,0,0.019046714781460566,3.0,0,140,0.0,0.0,10000
SEP_p,max,0,0.019046714781460566,3.0,0,141,0.0,0.0,10000
SEP_p,max,0,0.019046714781460566,4.0,0,0,0.0,0.0,10000
SEP_p,max,0,0.019046714781460566,4.0,0,1,0.0,0.0,10000
SEP_p,max,0,0.019046714781460566,4.0,0,2,0.0,0.0,10000
SEP_p,max,0,0.019046714781460566,4.0,0,3,0.0,0.0,10000
SEP_p,max,0,0.019046714781460566,4.0,0,4,0.0,0.0,10000
SEP_p,max,0,0.019046714781460566,4.0,0,5,0.0,0.0,10000
SEP_p,max,0,0.019046714781460566,4.0,0,6,0.0,0.0,10000
SEP_p,max,0,0.019046714781460566,4.0,0,7,0.0,0.0,10000
SEP_p,max,0,0.019046714781460566,4.0,0,8,0.0,0.0,10000
SEP_p,max,0,0.019046714781460566,4.0,0,9,0.0,0.0,10000
SEP_p,max,0,0.019046714781460566,4.0,0,10,0.0,0.0,10000
SEP_p,max,0,0.019046714781460566,4.0,0,11,0.0,0.0,10000
SEP_p,max,0,0.019046714781460566,4.0,0,12,0.0,0.0,10000
SEP_p,max,0,0.019046714781460566,4.0,0,13,0.0,0.0,10000
SEP_p,max,0,0.019046714781460566,4.0,0,14,0.0,0.0,10000
SEP_p,max,0,0.019046714781460566,4.0,0,15,0.0,0.0,10000
SEP_p,max,0,0.019046714781460566,4.0,0,16,0.0,0.0,10000
SEP_p,max,0,0.019046714781460566,4.0,0,17,0.0,0.0,10000
SEP_p,max,0,0.019046714781460566,4.0,0,18,0.0,0.0,10000
SEP_p,max,0,0.019046714781460566,4.0,0,19,0.0,0.0,10000
SEP_p,max,0,0.019046714781460566,4.0,0,20,0.0,0.0,10000
SEP_p,max,0,0.019046714781460566,4.0,0,21,0.0,0.0,10000
SEP_p,max,0,0.019046714781460566,4.0,0,22,0.0,0.0,10000
SEP_p,max,0,0.019046714781460566,4.0,0,23,0.0,0.0,10000
SEP_p,max,0,0.019046714781460566,4.0,0,24,0.0,0.0,10000
SEP_p,max,0,0.019046714781460566,4.0,0,25,0.0,0.0,10000
SEP_p,max,0,0.019046714781460566,4.0,0,26,0.0,0.0,10000
SEP_p,max,0,0.019046714781460566,4.0,0,27,0.0,0.0,10000
SEP_p,max,0,0.019046714781460566,4.0,0,28,0.0,0.0,10000
SEP_p,max,0,0.019046714781460566,4.0,0,29,0.0,0.0,10000
SEP_p,max,0,0.019046714781460566,4.0,0,30,0.0,0.0,10000
SEP_p,max,0,0.019046714781460566,4.0,0,31,0.0,0.0,10000
SEP_p,max,0,0.019046714781460566,4.0,0,32,0.0,0.0,10000
SEP_p,max,0,0.019046714781460566,4.0,0,33,0.0,0.0,10000
SEP_p,max,0,0.019046714781460566,4.0,0,34,0.0,0.0,10000
SEP_p,max,0,0.019046714781460566,4.0,0,35,0.0,0.0,10000
SEP_p,max,0,0.019046714781460566,4.0,0,36,0.0,0.0,10000
SEP_p,max,0,0.019046714781460566,4.0,0,37,0.0,0.0,10000
SEP_p,max,0,0.019046714781460566,4.0,0,38,0.0,0.0,10000
SEP_p,max,0,0.019046714781460566,4.0,0,39,0.0,0.0,10000
SEP_p,max,0,0.019046714781460566,4.0,0,40,0.0,0.0,10000
SEP_p,max,0,0.019046714781460566,4.0,0,41,0.0,0.0,10000
SEP_p,max,0,0.019046714781460566,4.0,0,42,0.0,0.0,10000
SEP_p,max,0,0.019046714781460566,4.0,0,43,0.0,0.0,10000
SEP_p,max,0,0.019046714781460566,4.0,0,44,0.0,0.0,10000
SEP_p,max,0,0.019046714781460566,4.0,0,45,0.0,0.0,10000
SEP_p,max,0,0.019046714781460566,4.0,0,46,0.0,0.0,10000
SEP_p,max,0,0.019046714781460566,4.0,0,47,0.0,0.0,10000
SEP_p,max,0,0.019046714781460566,4.0,0,48,0.0,0.0,10000
SEP_p,max,0,0.019046714781460566,4.0,0,49,0.0,0.0,10000
SEP_p,max,0,0.019046714781460566,4.0,0,50,0.0,0.0,10000
SEP_p,max,0,0.019046714781460566,4.0,0,51,0.0,0.0,10000
SEP_p,max,0,0.019046714781460566,4.0,0,52,0.0,0.0,10000
SEP_p,max,0,0.019046714781460566,4.0,0,53,0.0,0.0,10000
SEP_p,max,0,0.019046714781460566,4.0,0,54,0.0,0.0,10000
SEP_p,max,0,0.019046714781460566,4.0,0,55,0.0,0.0,10000
SEP_p,max,0,0.019046714781460566,4.0,0,56,0.0,0.0,10000
SEP_p,max,0,0.019046714781460566,4.0,0,57,0.0,0.0,10000
SEP_p,max,0,0.019046714781460566,4.0,0,58,0.0,0.0,10000
SEP_p,max,0,0.019046714781460566,4.0,0,59,0.0,0.0,10000
SEP_p,max,0,0.019046714781460566,4.0,0,60,0.0,0.0,10000
SEP_p,max,0,0.019046714781460566,4.0,0,61,0.0,0.0,10000
SEP_p,max,0,0.019046714781460566,4.0,0,62,0.0,0.0,10000
SEP_p,max,0,0.019046714781460566,4.0,0,63,0.0,0.0,10000
SEP_p,max,0,0.019046714781460566,4.0,0,64,0.0,0.0,10000
SEP_p,max,0,0.019046714781460566,4.0,0,65,0.0,0.0,10000
SEP_p,max,0,0.019046714781460566,4.0,0,66,0.0,0.0,10000
SEP_p,max,0,0.019046714781460566,4.0,0,67,0.0,0.0,10000
SEP_p,max,0,0.019046714781460566,4.0,0,68,0.0,0.0,10000
SEP_p,max,0,0.019046714781460566,4.0,0,69,0.0,0.0,10000
SEP_p,max,0,0.019046714781460566,4.0,0,70,0.0,0.0,10000
SEP_p,max,0,0.019046714781460566,4.0,0,71,0.0,0.0,10000
SEP_p,max,0,0.019046714781460566,4.0,0,72,0.0,0.0,10000
SEP_p,max,0,0.019046714781460566,4.0,0,73,0.0,0.0,10000
SEP_p,max,0,0.019046714781460566,4.0,0,74,0.0,0.0,10000
SEP_p,max,0,0.019046714781460566,4.0,0,75,0.0,0.0,10000
SEP_p,max,0,0.019046714781460566,4.0,0,76,0.0,0.0,10000
SEP_p,max,0,0.019046714781460566,4.0,0,77,0.0,0.0,10000
SEP_p,max,0,0.019046714781460566,4.0,0,78,0.0,0.0,10000
SEP_p,max,0,0.019046714781460566,4.0,0,79,0.0,0.0,10000
SEP_p,max,0,0.019046714781460566,4.0,0,80,0.0,0.0,10000
SEP_p,max,0,0.019046714781460566,4.0,0,81,0.0,0.0,10000
SEP_p,max,0,0.019046714781460566,4.0,0,82,0.0,0.0,10000
SEP_p,max,0,0.019046714781460566,4.0,0,83,0.0,0.0,10000
SEP_p,max,0,0.019046714781460566,4.0,0,84,0.0,0.0,10000
SEP_p,max,0,0.019046714781460566,4.0,0,85,0.0,0.0,10000
SEP_p,max,0,0.019046714781460566,4.0,0,86,0.0,0.0,10000
SEP_p,max,0,0.019046714781460566,4.0,0,87,0.0,0.0,10000
SEP_p,max,0,0.019046714781460566,4.0,0,88,0.0,0.0,10000
SEP_p,max,0,0.019046714781460566,4.0,0,89,0.0,0.0,10000
SEP_p,max,0,0.019046714781460566,4.0,0,90,0.0,0.0,10000
SEP_p,max,0,0.019046714781460566,4.0,0,91,0.0,0.0,10000
SEP_p,max,0,0.019046714781460566,4.0,0,92,0.0,0.0,10000
SEP_p,max,0,0.019046714781460566,4.0,0,93,0.0,0.0,10000
SEP_p,max,0,0.019046714781460566,4.0,0,94,0.0,0.0,10000
SEP_p,max,0,0.019046714781460566,4.0,0,95,0.0,0.0,10000
SEP_p,max,0,0.019046714781460566,4.0,0,96,0.0,0.0,10000
SEP_p,max,0,0.019046714781460566,4.0,0,97,0.0,0.0,10000
SEP_p,max,0,0.019046714781460566,4.0,0,98,0.0,0.0,10000
SEP_p,max,0,0.019046714781460566,4.0,0,99,0.0,0.0,10000
SEP_p,max,0,0.019046714781460566,4.0,0,100,0.0,0.0,10000
SEP_p,max,0,0.019046714781460566,4.0,0,101,0.0,0.0,10000
SEP_p,max,0,0.019046714781460566,4.0,0,102,0.0,0.0,10000
SEP_p,max,0,0.019046714781460566,4.0,0,103,0.0,0.0,10000
SEP_p,max,0,0.019046714781460566,4.0,0,104,0.0,0.0,10000
SEP_p,max,0,0.019046714781460566,4.0,0,105,0.0,0.0,10000
SEP_p,max,0,0.019046714781460566,4.0,0,106,0.0,0.0,10000
SEP_p,max,0,0.019046714781460566,4.0,0,107,0.0,0.0,10000
SEP_p,max,0,0.019046714781460566,4.0,0,108,0.0,0.0,10000
SEP_p,max,0,0.019046714781460566,4.0,0,109,0.0,0.0,10000
SEP_p,max,0,0.019046714781460566,4.0,0,110,0.0,0.0,10000
SEP_p,max,0,0.019046714781460566,4.0,0,111,0.0,0.0,10000
SEP_p,max,0,0.019046714781460566,4.0,0,112,0.0,0.0,10000
SEP_p,max,0,0.019046714781460566,4.0,0,113,0.0,0.0,10000
SEP_p,max,0,0.019046714781460566,4.0,0,114,0.0,0.0,10000
SEP_p,max,0,0.019046714781460566,4.0,0,115,0.0,0.0,10000
SEP_p,max,0,0.019046714781460566,4.0,0,116,0.0,0.0,10000
SEP_p,max,0,0.019046714781460566,4.0,0,117,0.0,0.0,10000
SEP_p,max,0,0.019046714781460566,4.0,0,118,0.0,0.0,10000
SEP_p,max,0,0.019046714781460566,4.0,0,119,0.0,0.0,10000
SEP_p,max,0,0.019046714781460566,4.0,0,120,0.0,0.0,10000
SEP_p,max,0,0.019046714781460566,4.0,0,121,0.0,0.0,10000
SEP_p,max,0,0.019046714781460566,4.0,0,122,0.0,0.0,10000
SEP_p,max,0,0.019046714781460566,4.0,0,123,0.0,0.0,10000
SEP_p,max,0,0.019046714781460566,4.0,0,124,0.0,0.0,10000
SEP_p,max,0,0.019046714781460566,4.0,0,125,0.0,0.0,10000
SEP_p,max,0,0.019046714781460566,4.0,0,126,0.0,0.0,10000
SEP_p,max,0,0.019046714781460566,4.0,0,127,0.0,0.0,10000
SEP_p,max,0,0.019046714781460566,4.0,0,128,0.0,0.0,10000
SEP_p,max,0,0.019046714781460566,4.0,0,129,0.0,0.0,10000
SEP_p,max,0,0.019046714781460566,4.0,0,130,0.0,0.0,10000
SEP_p,max,0,0.019046714781460566,4.0,0,131,0.0,0.0,10000
SEP_p,max,0,0.019046714781460566,4.0,0,132,0.0,0.0,10000
SEP_p,max,0,0.019046714781460566,4.0,0,133,0.0,0.0,10000
SEP_p,max,0,0.019046714781460566,4.0,0,134,0.0,0.0,10000
SEP_p,max,0,0.019046714781460566,4.0,0,135,0.0,0.0,10000
SEP_p,max,0,0.019046714781460566,4.0,0,136,0.0,0.0,10000
SEP_p,max,0,0.019046714781460566,4.0,0,137,0.0,0.0,10000
SEP_p,max,0,0.019046714781460566,4.0,0,138,0.0,0.0,10000
SEP_p,max,0,0.019046714781460566,4.0,0,139,0.0,0.0,10000
SEP_p,max,0,0.019046714781460566,4.0,0,140,0.0,0.0,10000
SEP_p,max,0,0.019046714781460566,4.0,0,141,0.0,0.0,10000
SEP_p,max,1,0.0690971659970209,2.0,0,0,0.0,0.0,10000
SEP_p,max,1,0.0690971659970209,2.0,0,1,0.0,0.0,10000
SEP_p,max,1,0.0690971659970209,2.0,0,2,0.0,0.0,10000
SEP_p,max,1,0.0690971659970209,2.0,0,3,0.0,0.0,10000
SEP_p,max,1,0.0690971659970209,2.0,0,4,0.0,0.0,10000
SEP_p,max,1,0.0690971659970209,2.0,0,5,0.0,0.0,10000
SEP_p,max,1,0.0690971659970209,2.0,0,6,0.0,0.0,10000
SEP_p,max,1,0.0690971659970209,2.0,0,7,0.0,0.0,10000
SEP_p,max,1,0.0690971659970209,2.0,0,8,0.0,0.0,10000
SEP_p,max,1,0.0690971659970209,2.0,0,9,0.0,0.0,10000
SEP_p,max,1,0.0690971659970209,2.0,0,10,0.0,0.0,10000
SEP_p,max,1,0.0690971659970209,2.0,0,11,0.0,0.0,10000
SEP_p,max,1,0.0690971659970209,2.0,0,12,0.0,0.0,10000
SEP_p,max,1,0.0690971659970209,2.0,0,13,0.0,0.0,10000
SEP_p,max,1,0.0690971659970209,2.0,0,14,0.0,0.0,10000
SEP_p,max,1,0.0690971659970209,2.0,0,15,0.0,0.0,10000
SEP_p,max,1,0.0690971659970209,2.0,0,16,0.0,0.0,10000
SEP_p,max,1,0.0690971659970209,2.0,0,17,0.0,0.0,10000
SEP_p,max,1,0.0690971659970209,2.0,0,18,0.0,0.0,10000
SEP_p,max,1,0.0690971659970209,2.0,0,19,0.0,0.0,10000
SEP_p,max,1,0.0690971659970209,2.0,0,20,0.0,0.0,10000
SEP_p,max,1,0.0690971659970209,2.0,0,21,0.0,0.0,10000
SEP_p,max,1,0.0690971659970209,2.0,0,22,0.0,0.0,10000
SEP_p,max,1,0.0690971659970209,2.0,0,23,0.0,0.0,10000
SEP_p,max,1,0.0690971659970209,2.0,0,24,0.0,0.0,10000
SEP_p,max,1,0.0690971659970209,2.0,0,25,0.0,0.0,10000
SEP_p,max,1,0.0690971659970209,2.0,0,26,0.0,0.0,10000
SEP_p,max,1,0.0690971659970209,2.0,0,27,0.0,0.0,10000
SEP_p,max,1,0.0690971659970209,2.0,0,28,0.0,0.0,10000
SEP_p,max,1,0.0690971659970209,2.0,0,29,0.0,0.0,10000
SEP_p,max,1,0.0690971659970209,2.0,0,30,0.0,0.0,10000
SEP_p,max,1,0.0690971659970209,2.0,0,31,0.0,0.0,10000
SEP_p,max,1,0.0690971659970209,2.0,0,32,0.0,0.0,10000
SEP_p,max,1,0.0690971659970209,2.0,0,33,0.0,0.0,10000
SEP_p,max,1,0.0690971659970209,2.0,0,34,0.0,0.0,10000
SEP_p,max,1,0.0690971659970209,2.0,0,35,0.0,0.0,10000
SEP_p,max,1,0.0690971659970209,2.0,0,36,0.0,0.0,10000
SEP_p,max,1,0.0690971659970209,2.0,0,37,0.0,0.0,10000
SEP_p,max,1,0.0690971659970209,2.0,0,38,0.0,0.0,10000
SEP_p,max,1,0.0690971659970209,2.0,0,39,0.0,0.0,10000
SEP_p,max,1,0.0690971659970209,2.0,0,40,0.0,0.0,10000
SEP_p,max,1,0.0690971659970209,2.0,0,41,0.0,0.0,10000
SEP_p,max,1,0.0690971659970209,2.0,0,42,0.0,0.0,10000
SEP_p,max,1,0.0690971659970209,2.0,0,43,0.0,0.0,10000
SEP_p,max,1,0.0690971659970209,2.0,0,44,0.0,0.0,10000
SEP_p,max,1,0.0690971659970209,2.0,0,45,0.0,0.0,10000
SEP_p,max,1,0.0690971659970209,2.0,0,46,0.0,0.0,10000
SEP_p,max,1,0.0690971659970209,2.0,0,47,0.0,0.0,10000
SEP_p,max,1,0.0690971659970209,2.0,0,48,0.0,0.0,10000
SEP_p,max,1,0.0690971659970209,2.0,0,49,0.0,0.0,10000
SEP_p,max,1,0.0690971659970209,2.0,0,50,0.0,0.0,10000
SEP_p,max,1,0.0690971659970209,2.0,0,51,0.0,0.0,10000
SEP_p,max,1,0.0690971659970209,2.0,0,52,0.0,0.0,10000
SEP_p,max,1,0.0690971659970209,2.0,0,53,0.0,0.0,10000
SEP_p,max,1,0.0690971659970209,2.0,0,54,0.0,0.0,10000
SEP_p,max,1,0.0690971659970209,2.0,0,55,0.0,0.0,10000
SEP_p,max,1,0.0690971659970209,2.0,0,56,0.0,0.0,10000
SEP_p,max,1,0.0690971659970209,2.0,0,57,0.0,0.0,10000
SEP_p,max,1,0.0690971659970209,2.0,0,58,0.0,0.0,10000
SEP_p,max,1,0.0690971659970209,2.0,0,59,0.0,0.0,10000
SEP_p,max,1,0.0690971659970209,2.0,0,60,0.0,0.0,10000
SEP_p,max,1,0.0690971659970209,2.0,0,61,0.0,0.0,10000
SEP_p,max,1,0.0690971659970209,2.0,0,62,0.0,0.0,10000
SEP_p,max,1,0.0690971659970209,2.0,0,63,0.0,0.0,10000
SEP_p,max,1,0.0690971659970209,2.0,0,64,0.0,0.0,10000
SEP_p,max,1,0.0690971659970209,2.0,0,65,0.0,0.0,10000
SEP_p,max,1,0.0690971659970209,2.0,0,66,0.0,0.0,10000
SEP_p,max,1,0.0690971659970209,2.0,0,67,0.0,0.0,10000
SEP_p,max,1,0.0690971659970209,2.0,0,68,0.0,0.0,10000
SEP_p,max,1,0.0690971659970209,2.0,0,69,0.0,0.0,10000
SEP_p,max,1,0.0690971659970209,2.0,0,70,0.0,0.0,10000
SEP_p,max,1,0.0690971659970209,2.0,0,71,0.0,0.0,10000
SEP_p,max,1,0.0690971659970209,2.0,0,72,0.0,0.0,10000
SEP_p,max,1,0.0690971659970209,2.0,0,73,0.0,0.0,10000
SEP_p,max,1,0.0690971659970209,2.0,0,74,0.0,0.0,10000
SEP_p,max,1,0.0690971659970209,2.0,0,75,0.0,0.0,10000
SEP_p,max,1,0.0690971659970209,2.0,0,76,0.0,0.0,10000
SEP_p,max,1,0.0690971659970209,2.0,0,77,0.0,0.0,10000
SEP_p,max,1,0.0690971659970209,2.0,0,78,0.0,0.0,10000
SEP_p,max,1,0.0690971659970209,2.0,0,79,0.0,0.0,10000
SEP_p,max,1,0.0690971659970209,2.0,0,80,0.0,0.0,10000
SEP_p,max,1,0.0690971659970209,2.0,0,81,0.0,0.0,10000
SEP_p,max,1,0.0690971659970209,2.0,0,82,0.0,0.0,10000
SEP_p,max,1,0.0690971659970209,2.0,0,83,0.0,0.0,10000
SEP_p,max,1,0.0690971659970209,2.0,0,84,0.0,0.0,10000
SEP_p,max,1,0.0690971659970209,2.0,0,85,0.0,0.0,10000
SEP_p,max,1,0.0690971659970209,2.0,0,86,0.0,0.0,10000
SEP_p,max,1,0.0690971659970209,2.0,0,87,0.0,0.0,10000
SEP_p,max,1,0.0690971659970209,2.0,0,88,0.0,0.0,10000
SEP_p,max,1,0.0690971659970209,2.0,0,89,0.0,0.0,10000
SEP_p,max,1,0.0690971659970209,2.0,0,90,0.0,0.0,10000
SEP_p,max,1,0.0690971659970209,2.0,0,91,0.0,0.0,10000
SEP_p,max,1,0.0690971659970209,2.0,0,92,0.0,0.0,10000
SEP_p,max,1,0.0690971659970209,2.0,0,93,0.0,0.0,10000
SEP_p,max,1,0.0690971659970209,2.0,0,94,0.0,0.0,10000
SEP_p,max,1,0.0690971659970209,2.0,0,95,0.0,0.0,10000
SEP_p,max,1,0.0690971659970209,2.0,0,96,0.0,0.0,10000
SEP_p,max,1,0.0690971659970209,2.0,0,97,0.0,0.0,10000
SEP_p,max,1,0.0690971659970209,2.0,0,98,0.0,0.0,10000
SEP_p,max,1,0.0690971659970209,2.0,0,99,0.0,0.0,10000
SEP_p,max,1,0.0690971659970209,2.0,0,100,0.0,0.0,10000
SEP_p,max,1,0.0690971659970209,2.0,0,101,0.0,0.0,10000
SEP_p,max,1,0.0690971659970209,2.0,0,102,0.0,0.0,10000
SEP_p,max,1,0.0690971659970209,2.0,0,103,0.0,0.0,10000
SEP_p,max,1,0.0690971659970209,2.0,0,104,0.0,0.0,10000
SEP_p,max,1,0.0690971659970209,2.0,0,105,0.0,0.0,10000
SEP_p,max,1,0.0690971659970209,2.0,0,106,0.0,0.0,10000
SEP_p,max,1,0.0690971659970209,2.0,0,107,0.0,0.0,10000
SEP_p,max,1,0.0690971659970209,2.0,0,108,0.0,0.0,10000
SEP_p,max,1,0.0690971659970209,2.0,0,109,0.0,0.0,10000
SEP_p,max,1,0.0690971659970209,2.0,0,110,0.0,0.0,10000
SEP_p,max,1,0.0690971659970209,2.0,0,111,0.0,0.0,10000
SEP_p,max,1,0.0690971659970209,2.0,0,112,0.0,0.0,10000
SEP_p,max,1,0.0690971659970209,2.0,0,113,0.0,0.0,10000
SEP_p,max,1,0.0690971659970209,2.0,0,114,0.0,0.0,10000
SEP_p,max,1,0.0690971659970209,2.0,0,115,0.0,0.0,10000
SEP_p,max,1,0.0690971659970209,2.0,0,116,0.0,0.0,10000
SEP_p,max,1,0.0690971659970209,2.0,0,117,0.0,0.0,10000
SEP_p,max,1,0.0690971659970209,2.0,0,118,0.0,0.0,10000
SEP_p,max,1,0.0690971659970209,2.0,0,119,0.0,0.0,10000
SEP_p,max,1,0.0690971659970209,2.0,0,120,0.0,0.0,10000
SEP_p,max,1,0.0690971659970209,2.0,0,121,0.0,0.0,10000
SEP_p,max,1,0.0690971659970209,2.0,0,122,0.0,0.0,10000
SEP_p,max,1,0.0690971659970209,2.0,0,123,0.0,0.0,10000
SEP_p,max,1,0.0690971659970209,2.0,0,124,0.0,0.0,10000
SEP_p,max,1,0.0690971659970209,2.0,0,125,0.0,0.0,10000
SEP_p,max,1,0.0690971659970209,2.0,0,126,0.0,0.0,10000
SEP_p,max,1,0.0690971659970209,2.0,0,127,0.0,0.0,10000
SEP_p,max,1,0.0690971659970209,2.0,0,128,0.0,0.0,10000
SEP_p,max,1,0.0690971659970209,2.0,0,129,0.0,0.0,10000
SEP_p,max,1,0.0690971659970209,2.0,0,130,0.0,0.0,10000
SEP_p,max,1,0.0690971659970209,2.0,0,131,0.0,0.0,10000
SEP_p,max,1,0.0690971659970209,2.0,0,132,0.0,0.0,10000
SEP_p,max,1,0.0690971659970209,2.0,0,133,0.0,0.0,10000
SEP_p,max,1,0.0690971659970209,2.0,0,134,0.0,0.0,10000
SEP_p,max,1,0.0690971659970209,2.0,0,135,0.0,0.0,10000
SEP_p,max,1,0.0690971659970209,2.0,0,136,0.0,0.0,10000
SEP_p,max,1,0.0690971659970209,2.0,0,137,0.0,0.0,10000
SEP_p,max,1,0.0690971659970209,2.0,0,138,0.0,0.0,10000
SEP_p,max,1,0.0690971659970209,2.0,0,139,0.0,0.0,10000
SEP_p,max,1,0.0690971659970209,2.0,0,140,0.0,0.0,10000
SEP_p,max,1,0.0690971659970209,2.0,0,141,0.0,0.0,10000
SEP_p,max,1,0.0690971659970209,3.0,0,0,0.0,0.0,10000
SEP_p,max,1,0.0690971659970209,3.0,0,1,0.0,0.0,10000
SEP_p,max,1,0.0690971659970209,3.0,0,2,0.0,0.0,10000
SEP_p,max,1,0.0690971659970209,3.0,0,3,0.0,0.0,10000
SEP_p,max,1,0.0690971659970209,3.0,0,4,0.0,0.0,10000
SEP_p,max,1,0.0690971659970209,3.0,0,5,0.0,0.0,10000
SEP_p,max,1,0.0690971659970209,3.0,0,6,0.0,0.0,10000
SEP_p,max,1,0.0690971659970209,3.0,0,7,0.0,0.0,10000
SEP_p,max,1,0.0690971659970209,3.0,0,8,0.0,0.0,10000
SEP_p,max,1,0.0690971659970209,3.0,0,9,0.0,0.0,10000
SEP_p,max,1,0.0690971659970209,3.0,0,10,0.0,0.0,10000
SEP_p,max,1,0.0690971659970209,3.0,0,11,0.0,0.0,10000
SEP_p,max,1,0.0690971659970209,3.0,0,12,0.0,0.0,10000
SEP_p,max,1,0.0690971659970209,3.0,0,13,0.0,0.0,10000
SEP_p,max,1,0.0690971659970209,3.0,0,14,0.0,0.0,10000
SEP_p,max,1,0.0690971659970209,3.0,0,15,0.0,0.0,10000
SEP_p,max,1,0.0690971659970209,3.0,0,16,0.0,0.0,10000
SEP_p,max,1,0.0690971659970209,3.0,0,17,0.0,0.0,10000
SEP_p,max,1,0.0690971659970209,3.0,0,18,0.0,0.0,10000
SEP_p,max,1,0.0690971659970209,3.0,0,19,0.0,0.0,10000
SEP_p,max,1,0.0690971659970209,3.0,0,20,0.0,0.0,10000
SEP_p,max,1,0.0690971659970209,3.0,0,21,0.0,0.0,10000
SEP_p,max,1,0.0690971659970209,3.0,0,22,0.0,0.0,10000
SEP_p,max,1,0.0690971659970209,3.0,0,23,0.0,0.0,10000
SEP_p,max,1,0.0690971659970209,3.0,0,24,0.0,0.0,10000
SEP_p,max,1,0.0690971659970209,3.0,0,25,0.0,0.0,10000
SEP_p,max,1,0.0690971659970209,3.0,0,26,0.0,0.0,10000
SEP_p,max,1,0.0690971659970209,3.0,0,27,0.0,0.0,10000
SEP_p,max,1,0.0690971659970209,3.0,0,28,0.0,0.0,10000
SEP_p,max,1,0.0690971659970209,3.0,0,29,0.0,0.0,10000
SEP_p,max,1,0.0690971659970209,3.0,0,30,0.0,0.0,10000
SEP_p,max,1,0.0690971659970209,3.0,0,31,0.0,0.0,10000
SEP_p,max,1,0.0690971659970209,3.0,0,32,0.0,0.0,10000
SEP_p,max,1,0.0690971659970209,3.0,0,33,0.0,0.0,10000
SEP_p,max,1,0.0690971659970209,3.0,0,34,0.0,0.0,10000
SEP_p,max,1,0.0690971659970209,3.0,0,35,0.0,0.0,10000
SEP_p,max,1,0.0690971659970209,3.0,0,36,0.0,0.0,10000
SEP_p,max,1,0.0690971659970209,3.0,0,37,0.0,0.0,10000
SEP_p,max,1,0.0690971659970209,3.0,0,38,0.0,0.0,10000
SEP_p,max,1,0.0690971659970209,3.0,0,39,0.0,0.0,10000
SEP_p,max,1,0.0690971659970209,3.0,0,40,0.0,0.0,10000
SEP_p,max,1,0.0690971659970209,3.0,0,41,0.0,0.0,10000
SEP_p,max,1,0.0690971659970209,3.0,0,42,0.0,0.0,10000
SEP_p,max,1,0.0690971659970209,3.0,0,43,0.0,0.0,10000
SEP_p,max,1,0.0690971659970209,3.0,0,44,0.0,0.0,10000
SEP_p,max,1,0.0690971659970209,3.0,0,45,0.0,0.0,10000
SEP_p,max,1,0.0690971659970209,3.0,0,46,0.0,0.0,10000
SEP_p,max,1,0.0690971659970209,3.0,0,47,0.0,0.0,10000
SEP_p,max,1,0.0690971659970209,3.0,0,48,0.0,0.0,10000
SEP_p,max,1,0.0690971659970209,3.0,0,49,0.0,0.0,10000
SEP_p,max,1,0.0690971659970209,3.0,0,50,0.0,0.0,10000
SEP_p,max,1,0.0690971659970209,3.0,0,51,0.0,0.0,10000
SEP_p,max,1,0.0690971659970209,3.0,0,52,0.0,0.0,10000
SEP_p,max,1,0.0690971659970209,3.0,0,53,0.0,0.0,10000
SEP_p,max,1,0.0690971659970209,3.0,0,54,0.0,0.0,10000
SEP_p,max,1,0.0690971659970209,3.0,0,55,0.0,0.0,10000
SEP_p,max,1,0.0690971659970209,3.0,0,56,0.0,0.0,10000
SEP_p,max,1,0.0690971659970209,3.0,0,57,0.0,0.0,10000
SEP_p,max,1,0.0690971659970209,3.0,0,58,0.0,0.0,10000
SEP_p,max,1,0.0690971659970209,3.0,0,59,0.0,0.0,10000
SEP_p,max,1,0.0690971659970209,3.0,0,60,0.0,0.0,10000
SEP_p,max,1,0.0690971659970209,3.0,0,61,0.0,0.0,10000
SEP_p,max,1,0.0690971659970209,3.0,0,62,0.0,0.0,10000
SEP_p,max,1,0.0690971659970209,3.0,0,63,0.0,0.0,10000
SEP_p,max,1,0.0690971659970209,3.0,0,64,0.0,0.0,10000
SEP_p,max,1,0.0690971659970209,3.0,0,65,0.0,0.0,10000
SEP_p,max,1,0.0690971659970209,3.0,0,66,0.0,0.0,10000
SEP_p,max,1,0.0690971659970209,3.0,0,67,0.0,0.0,10000
SEP_p,max,1,0.0690971659970209,3.0,0,68,0.0,0.0,10000
SEP_p,max,1,0.0690971659970209,3.0,0,69,0.0,0.0,10000
SEP_p,max,1,0.0690971659970209,3.0,0,70,0.0,0.0,10000
SEP_p,max,1,0.0690971659970209,3.0,0,71,0.0,0.0,10000
SEP_p,max,1,0.0690971659970209,3.0,0,72,0.0,0.0,10000
SEP_p,max,1,0.0690971659970209,3.0,0,73,0.0,0.0,10000
SEP_p,max,1,0.0690971659970209,3.0,0,74,0.0,0.0,10000
SEP_p,max,1,0.0690971659970209,3.0,0,75,0.0,0.0,10000
SEP_p,max,1,0.0690971659970209,3.0,0,76,0.0,0.0,10000
SEP_p,max,1,0.0690971659970209,3.0,0,77,0.0,0.0,10000
SEP_p,max,1,0.0690971659970209,3.0,0,78,0.0,0.0,10000
SEP_p,max,1,0.0690971659970209,3.0,0,79,0.0,0.0,10000
SEP_p,max,1,0.0690971659970209,3.0,0,80,0.0,0.0,10000
SEP_p,max,1,0.0690971659970209,3.0,0,81,0.0,0.0,10000
SEP_p,max,1,0.0690971659970209,3.0,0,82,0.0,0.0,10000
SEP_p,max,1,0.0690971659970209,3.0,0,83,0.0,0.0,10000
SEP_p,max,1,0.0690971659970209,3.0,0,84,0.0,0.0,10000
SEP_p,max,1,0.0690971659970209,3.0,0,85,0.0,0.0,10000
SEP_p,max,1,0.0690971659970209,3.0,0,86,0.0,0.0,10000
SEP_p,max,1,0.0690971659970209,3.0,0,87,0.0,0.0,10000
SEP_p,max,1,0.0690971659970209,3.0,0,88,0.0,0.0,10000
SEP_p,max,1,0.0690971659970209,3.0,0,89,0.0,0.0,10000
SEP_p,max,1,0.0690971659970209,3.0,0,90,0.0,0.0,10000
SEP_p,max,1,0.0690971659970209,3.0,0,91,0.0,0.0,10000
SEP_p,max,1,0.0690971659970209,3.0,0,92,0.0,0.0,10000
SEP_p,max,1,0.0690971659970209,3.0,0,93,0.0,0.0,10000
SEP_p,max,1,0.0690971659970209,3.0,0,94,0.0,0.0,10000
SEP_p,max,1,0.0690971659970209,3.0,0,95,0.0,0.0,10000
SEP_p,max,1,0.0690971659970209,3.0,0,96,0.0,0.0,10000
SEP_p,max,1,0.0690971659970209,3.0,0,97,0.0,0.0,10000
SEP_p,max,1,0.0690971659970209,3.0,0,98,0.0,0.0,10000
SEP_p,max,1,0.0690971659970209,3.0,0,99,0.0,0.0,10000
SEP_p,max,1,0.0690971659970209,3.0,0,100,0.0,0.0,10000
SEP_p,max,1,0.0690971659970209,3.0,0,101,0.0,0.0,10000
SEP_p,max,1,0.0690971659970209,3.0,0,102,0.0,0.0,10000
SEP_p,max,1,0.0690971659970209,3.0,0,103,0.0,0.0,10000
SEP_p,max,1,0.0690971659970209,3.0,0,104,0.0,0.0,10000
SEP_p,max,1,0.0690971659970209,3.0,0,105,0.0,0.0,10000
SEP_p,max,1,0.0690971659970209,3.0,0,106,0.0,0.0,10000
SEP_p,max,1,0.0690971659970209,3.0,0,107,0.0,0.0,10000
SEP_p,max,1,0.0690971659970209,3.0,0,108,0.0,0.0,10000
SEP_p,max,1,0.0690971659970209,3.0,0,109,0.0,0.0,10000
SEP_p,max,1,0.0690971659970209,3.0,0,110,0.0,0.0,10000
SEP_p,max,1,0.0690971659970209,3.0,0,111,0.0,0.0,10000
SEP_p,max,1,0.0690971659970209,3.0,0,112,0.0,0.0,10000
SEP_p,max,1,0.0690971659970209,3.0,0,113,0.0,0.0,10000
SEP_p,max,1,0.0690971659970209,3.0,0,114,0.0,0.0,10000
SEP_p,max,1,0.0690971659970209,3.0,0,115,0.0,0.0,10000
SEP_p,max,1,0.0690971659970209,3.0,0,116,0.0,0.0,10000
SEP_p,max,1,0.0690971659970209,3.0,0,117,0.0,0.0,10000
SEP_p,max,1,0.0690971659970209,3.0,0,118,0.0,0.0,10000
SEP_p,max,1,0.0690971659970209,3.0,0,119,0.0,0.0,10000
SEP_p,max,1,0.0690971659970209,3.0,0,120,0.0,0.0,10000
SEP_p,max,1,0.0690971659970209,3.0,0,121,0.0,0.0,10000
SEP_p,max,1,0.0690971659970209,3.0,0,122,0.0,0.0,10000
SEP_p,max,1,0.0690971659970209,3.0,0,123,0.0,0.0,10000
SEP_p,max,1,0.0690971659970209,3.0,0,124,0.0,0.0,10000
SEP_p,max,1,0.0690971659970209,3.0,0,125,0.0,0.0,10000
SEP_p,max,1,0.0690971659970209,3.0,0,126,0.0,0.0,10000
SEP_p,max,1,0.0690971659970209,3.0,0,127,0.0,0.0,10000
SEP_p,max,1,0.0690971659970209,3.0,0,128,0.0,0.0,10000
SEP_p,max,1,0.0690971659970209,3.0,0,129,0.0,0.0,10000
SEP_p,max,1,0.0690971659970209,3.0,0,130,0.0,0.0,10000
SEP_p,max,1,0.0690971659970209,3.0,0,131,0.0,0.0,10000
SEP_p,max,1,0.0690971659970209,3.0,0,132,0.0,0.0,10000
SEP_p,max,1,0.0690971659970209,3.0,0,133,0.0,0.0,10000
SEP_p,max,1,0.0690971659970209,3.0,0,134,0.0,0.0,10000
SEP_p,max,1,0.0690971659970209,3.0,0,135,0.0,0.0,10000
SEP_p,max,1,0.0690971659970209,3.0,0,136,0.0,0.0,10000
SEP_p,max,1,0.0690971659970209,3.0,0,137,0.0,0.0,10000
SEP_p,max,1,0.0690971659970209,3.0,0,138,0.0,0.0,10000
SEP_p,max,1,0.0690971659970209,3.0,0,139,0.0,0.0,10000
SEP_p,max,1,0.0690971659970209,3.0,0,140,0.0,0.0,10000
SEP_p,max,1,0.0690971659970209,3.0,0,141,0.0,0.0,10000
SEP_p,max,1,0.0690971659970209,4.0,0,0,0.0,0.0,10000
SEP_p,max,1,0.0690971659970209,4.0,0,1,0.0,0.0,10000
SEP_p,max,1,0.0690971659970209,4.0,0,2,0.0,0.0,10000
SEP_p,max,1,0.0690971659970209,4.0,0,3,0.0,0.0,10000
SEP_p,max,1,0.0690971659970209,4.0,0,4,0.0,0.0,10000
SEP_p,max,1,0.0690971659970209,4.0,0,5,0.0,0.0,10000
SEP_p,max,1,0.0690971659970209,4.0,0,6,0.0,0.0,10000
SEP_p,max,1,0.0690971659970209,4.0,0,7,0.0,0.0,10000
SEP_p,max,1,0.0690971659970209,4.0,0,8,0.0,0.0,10000
SEP_p,max,1,0.0690971659970209,4.0,0,9,0.0,0.0,10000
SEP_p,max,1,0.0690971659970209,4.0,0,10,0.0,0.0,10000
SEP_p,max,1,0.0690971659970209,4.0,0,11,0.0,0.0,10000
SEP_p,max,1,0.0690971659970209,4.0,0,12,0.0,0.0,10000
SEP_p,max,1,0.0690971659970209,4.0,0,13,0.0,0.0,10000
SEP_p,max,1,0.0690971659970209,4.0,0,14,0.0,0.0,10000
SEP_p,max,1,0.0690971659970209,4.0,0,15,0.0,0.0,10000
SEP_p,max,1,0.0690971659970209,4.0,0,16,0.0,0.0,10000
SEP_p,max,1,0.0690971659970209,4.0,0,17,0.0,0.0,10000
SEP_p,max,1,0.0690971659970209,4.0,0,18,0.0,0.0,10000
SEP_p,max,1,0.0690971659970209,4.0,0,19,0.0,0.0,10000
SEP_p,max,1,0.0690971659970209,4.0,0,20,0.0,0.0,10000
SEP_p,max,1,0.0690971659970209,4.0,0,21,0.0,0.0,10000
SEP_p,max,1,0.0690971659970209,4.0,0,22,0.0,0.0,10000
SEP_p,max,1,0.0690971659970209,4.0,0,23,0.0,0.0,10000
SEP_p,max,1,0.0690971659970209,4.0,0,24,0.0,0.0,10000
SEP_p,max,1,0.0690971659970209,4.0,0,25,0.0,0.0,10000
SEP_p,max,1,0.0690971659970209,4.0,0,26,0.0,0.0,10000
SEP_p,max,1,0.0690971659970209,4.0,0,27,0.0,0.0,10000
SEP_p,max,1,0.0690971659970209,4.0,0,28,0.0,0.0,10000
SEP_p,max,1,0.0690971659970209,4.0,0,29,0.0,0.0,10000
SEP_p,max,1,0.0690971659970209,4.0,0,30,0.0,0.0,10000
SEP_p,max,1,0.0690971659970209,4.0,0,31,0.0,0.0,10000
SEP_p,max,1,0.0690971659970209,4.0,0,32,0.0,0.0,10000
SEP_p,max,1,0.0690971659970209,4.0,0,33,0.0,0.0,10000
SEP_p,max,1,0.0690971659970209,4.0,0,34,0.0,0.0,10000
SEP_p,max,1,0.0690971659970209,4.0,0,35,0.0,0.0,10000
SEP_p,max,1,0.0690971659970209,4.0,0,36,0.0,0.0,10000
SEP_p,max,1,0.0690971659970209,4.0,0,37,0.0,0.0,10000
SEP_p,max,1,0.0690971659970209,4.0,0,38,0.0,0.0,10000
SEP_p,max,1,0.0690971659970209,4.0,0,39,0.0,0.0,10000
SEP_p,max,1,0.0690971659970209,4.0,0,40,0.0,0.0,10000
SEP_p,max,1,0.0690971659970209,4.0,0,41,0.0,0.0,10000
SEP_p,max,1,0.0690971659970209,4.0,0,42,0.0,0.0,10000
SEP_p,max,1,0.0690971659970209,4.0,0,43,0.0,0.0,10000
SEP_p,max,1,0.0690971659970209,4.0,0,44,0.0,0.0,10000
SEP_p,max,1,0.0690971659970209,4.0,0,45,0.0,0.0,10000
SEP_p,max,1,0.0690971659970209,4.0,0,46,0.0,0.0,10000
SEP_p,max,1,0.0690971659970209,4.0,0,47,0.0,0.0,10000
SEP_p,max,1,0.0690971659970209,4.0,0,48,0.0,0.0,10000
SEP_p,max,1,0.0690971659970209,4.0,0,49,0.0,0.0,10000
SEP_p,max,1,0.0690971659970209,4.0,0,50,0.0,0.0,10000
SEP_p,max,1,0.0690971659970209,4.0,0,51,0.0,0.0,10000
SEP_p,max,1,0.0690971659970209,4.0,0,52,0.0,0.0,10000
SEP_p,max,1,0.0690971659970209,4.0,0,53,0.0,0.0,10000
SEP_p,max,1,0.0690971659970209,4.0,0,54,0.0,0.0,10000
SEP_p,max,1,0.0690971659970209,4.0,0,55,0.0,0.0,10000
SEP_p,max,1,0.0690971659970209,4.0,0,56,0.0,0.0,10000
SEP_p,max,1,0.0690971659970209,4.0,0,57,0.0,0.0,10000
SEP_p,max,1,0.0690971659970209,4.0,0,58,0.0,0.0,10000
SEP_p,max,1,0.0690971659970209,4.0,0,59,0.0,0.0,10000
SEP_p,max,1,0.0690971659970209,4.0,0,60,0.0,0.0,10000
SEP_p,max,1,0.0690971659970209,4.0,0,61,0.0,0.0,10000
SEP_p,max,1,0.0690971659970209,4.0,0,62,0.0,0.0,10000
SEP_p,max,1,0.0690971659970209,4.0,0,63,0.0,0.0,10000
SEP_p,max,1,0.0690971659970209,4.0,0,64,0.0,0.0,10000
SEP_p,max,1,0.0690971659970209,4.0,0,65,0.0,0.0,10000
SEP_p,max,1,0.0690971659970209,4.0,0,66,0.0,0.0,10000
SEP_p,max,1,0.0690971659970209,4.0,0,67,0.0,0.0,10000
SEP_p,max,1,0.0690971659970209,4.0,0,68,0.0,0.0,10000
SEP_p,max,1,0.0690971659970209,4.0,0,69,0.0,0.0,10000
SEP_p,max,1,0.0690971659970209,4.0,0,70,0.0,0.0,10000
SEP_p,max,1,0.0690971659970209,4.0,0,71,0.0,0.0,10000
SEP_p,max,1,0.0690971659970209,4.0,0,72,0.0,0.0,10000
SEP_p,max,1,0.0690971659970209,4.0,0,73,0.0,0.0,10000
SEP_p,max,1,0.0690971659970209,4.0,0,74,0.0,0.0,10000
SEP_p,max,1,0.0690971659970209,4.0,0,75,0.0,0.0,10000
SEP_p,max,1,0.0690971659970209,4.0,0,76,0.0,0.0,10000
SEP_p,max,1,0.0690971659970209,4.0,0,77,0.0,0.0,10000
SEP_p,max,1,0.0690971659970209,4.0,0,78,0.0,0.0,10000
SEP_p,max,1,0.0690971659970209,4.0,0,79,0.0,0.0,10000
SEP_p,max,1,0.0690971659970209,4.0,0,80,0.0,0.0,10000
SEP_p,max,1,0.0690971659970209,4.0,0,81,0.0,0.0,10000
SEP_p,max,1,0.0690971659970209,4.0,0,82,0.0,0.0,10000
SEP_p,max,1,0.0690971659970209,4.0,0,83,0.0,0.0,10000
SEP_p,max,1,0.0690971659970209,4.0,0,84,0.0,0.0,10000
SEP_p,max,1,0.0690971659970209,4.0,0,85,0.0,0.0,10000
SEP_p,max,1,0.0690971659970209,4.0,0,86,0.0,0.0,10000
SEP_p,max,1,0.0690971659970209,4.0,0,87,0.0,0.0,10000
SEP_p,max,1,0.0690971659970209,4.0,0,88,0.0,0.0,10000
SEP_p,max,1,0.0690971659970209,4.0,0,89,0.0,0.0,10000
SEP_p,max,1,0.0690971659970209,4.0,0,90,0.0,0.0,10000
SEP_p,max,1,0.0690971659970209,4.0,0,91,0.0,0.0,10000
SEP_p,max,1,0.0690971659970209,4.0,0,92,0.0,0.0,10000
SEP_p,max,1,0.0690971659970209,4.0,0,93,0.0,0.0,10000
SEP_p,max,1,0.0690971659970209,4.0,0,94,0.0,0.0,10000
SEP_p,max,1,0.0690971659970209,4.0,0,95,0.0,0.0,10000
SEP_p,max,1,0.0690971659970209,4.0,0,96,0.0,0.0,10000
SEP_p,max,1,0.0690971659970209,4.0,0,97,0.0,0.0,10000
SEP_p,max,1,0.0690971659970209,4.0,0,98,0.0,0.0,10000
SEP_p,max,1,0.0690971659970209,4.0,0,99,0.0,0.0,10000
SEP_p,max,1,0.0690971659970209,4.0,0,100,0.0,0.0,10000
SEP_p,max,1,0.0690971659970209,4.0,0,101,0.0,0.0,10000
SEP_p,max,1,0.0690971659970209,4.0,0,102,0.0,0.0,10000
SEP_p,max,1,0.0690971659970209,4.0,0,103,0.0,0.0,10000
SEP_p,max,1,0.0690971659970209,4.0,0,104,0.0,0.0,10000
SEP_p,max,1,0.0690971659970209,4.0,0,105,0.0,0.0,10000
SEP_p,max,1,0.0690971659970209,4.0,0,106,0.0,0.0,10000
SEP_p,max,1,0.0690971659970209,4.0,0,107,0.0,0.0,10000
SEP_p,max,1,0.0690971659970209,4.0,0,108,0.0,0.0,10000
SEP_p,max,1,0.0690971659970209,4.0,0,109,0.0,0.0,10000
SEP_p,max,1,0.0690971659970209,4.0,0,110,0.0,0.0,10000
SEP_p,max,1,0.0690971659970209,4.0,0,111,0.0,0.0,10000
SEP_p,max,1,0.0690971659970209,4.0,0,112,0.0,0.0,10000
SEP_p,max,1,0.0690971659970209,4.0,0,113,0.0,0.0,10000
SEP_p,max,1,0.0690971659970209,4.0,0,114,0.0,0.0,10000
SEP_p,max,1,0.0690971659970209,4.0,0,115,0.0,0.0,10000
SEP_p,max,1,0.0690971659970209,4.0,0,116,0.0,0.0,10000
SEP_p,max,1,0.0690971659970209,4.0,0,117,0.0,0.0,10000
SEP_p,max,1,0.0690971659970209,4.0,0,118,0.0,0.0,10000
SEP_p,max,1,0.0690971659970209,4.0,0,119,0.0,0.0,10000
SEP_p,max,1,0.0690971659970209,4.0,0,120,0.0,0.0,10000
SEP_p,max,1,0.0690971659970209,4.0,0,121,0.0,0.0,10000
SEP_p,max,1,0.0690971659970209,4.0,0,122,0.0,0.0,10000
SEP_p,max,1,0.0690971659970209,4.0,0,123,0.0,0.0,10000
SEP_p,max,1,0.0690971659970209,4.0,0,124,0.0,0.0,10000
SEP_p,max,1,0.0690971659970209,4.0,0,125,0.0,0.0,10000
SEP_p,max,1,0.0690971659970209,4.0,0,126,0.0,0.0,10000
SEP_p,max,1,0.0690971659970209,4.0,0,127,0.0,0.0,10000
SEP_p,max,1,0.0690971659970209,4.0,0,128,0.0,0.0,10000
SEP_p,max,1,0.0690971659970209,4.0,0,129,0.0,0.0,10000
SEP_p,max,1,0.0690971659970209,4.0,0,130,0.0,0.0,10000
SEP_p,max,1,0.0690971659970209,4.0,0,131,0.0,0.0,10000
SEP_p,max,1,0.0690971659970209,4.0,0,132,0.0,0.0,10000
SEP_p,max,1,0.0690971659970209,4.0,0,133,0.0,0.0,10000
SEP_p,max,1,0.0690971659970209,4.0,0,134,0.0,0.0,10000
SEP_p,max,1,0.0690971659970209,4.0,0,135,0.0,0.0,10000
SEP_p,max,1,0.0690971659970209,4.0,0,136,0.0,0.0,10000
SEP_p,max,1,0.0690971659970209,4.0,0,137,0.0,0.0,10000
SEP_p,max,1,0.0690971659970209,4.0,0,138,0.0,0.0,10000
SEP_p,max,1,0.0690971659970209,4.0,0,139,0.0,0.0,10000
SEP_p,max,1,0.0690971659970209,4.0,0,140,0.0,0.0,10000
SEP_p,max,1,0.0690971659970209,4.0,0,141,0.0,0.0,10000
SEP_p,max,2,0.25066886355998363,2.0,0,0,0.0,0.0,10000
SEP_p,max,2,0.25066886355998363,2.0,0,1,0.0,0.0,10000
SEP_p,max,2,0.25066886355998363,2.0,0,2,0.0,0.0,10000
SEP_p,max,2,0.25066886355998363,2.0,0,3,0.0,0.0,10000
SEP_p,max,2,0.25066886355998363,2.0,0,4,0.0,0.0,10000
SEP_p,max,2,0.25066886355998363,2.0,0,5,0.0,0.0,10000
SEP_p,max,2,0.25066886355998363,2.0,0,6,0.0,0.0,10000
SEP_p,max,2,0.25066886355998363,2.0,0,7,0.0,0.0,10000
SEP_p,max,2,0.25066886355998363,2.0,0,8,0.0,0.0,10000
SEP_p,max,2,0.25066886355998363,2.0,0,9,0.0,0.0,10000
SEP_p,max,2,0.25066886355998363,2.0,0,10,0.0,0.0,10000
SEP_p,max,2,0.25066886355998363,2.0,0,11,0.0,0.0,10000
SEP_p,max,2,0.25066886355998363,2.0,0,12,0.0,0.0,10000
SEP_p,max,2,0.25066886355998363,2.0,0,13,0.0,0.0,10000
SEP_p,max,2,0.25066886355998363,2.0,0,14,0.0,0.0,10000
SEP_p,max,2,0.25066886355998363,2.0,0,15,0.0,0.0,10000
SEP_p,max,2,0.25066886355998363,2.0,0,16,0.0,0.0,10000
SEP_p,max,2,0.25066886355998363,2.0,0,17,0.0,0.0,10000
SEP_p,max,2,0.25066886355998363,2.0,0,18,0.0,0.0,10000
SEP_p,max,2,0.25066886355998363,2.0,0,19,0.0,0.0,10000
SEP_p,max,2,0.25066886355998363,2.0,0,20,0.0,0.0,10000
SEP_p,max,2,0.25066886355998363,2.0,0,21,0.0,0.0,10000
SEP_p,max,2,0.25066886355998363,2.0,0,22,0.0,0.0,10000
SEP_p,max,2,0.25066886355998363,2.0,0,23,0.0,0.0,10000
SEP_p,max,2,0.25066886355998363,2.0,0,24,0.0,0.0,10000
SEP_p,max,2,0.25066886355998363,2.0,0,25,0.0,0.0,10000
SEP_p,max,2,0.25066886355998363,2.0,0,26,0.0,0.0,10000
SEP_p,max,2,0.25066886355998363,2.0,0,27,0.0,0.0,10000
SEP_p,max,2,0.25066886355998363,2.0,0,28,0.0,0.0,10000
SEP_p,max,2,0.25066886355998363,2.0,0,29,0.0,0.0,10000
SEP_p,max,2,0.25066886355998363,2.0,0,30,0.0,0.0,10000
SEP_p,max,2,0.25066886355998363,2.0,0,31,0.0,0.0,10000
SEP_p,max,2,0.25066886355998363,2.0,0,32,0.0,0.0,10000
SEP_p,max,2,0.25066886355998363,2.0,0,33,0.0,0.0,10000
SEP_p,max,2,0.25066886355998363,2.0,0,34,0.0,0.0,10000
SEP_p,max,2,0.25066886355998363,2.0,0,35,0.0,0.0,10000
SEP_p,max,2,0.25066886355998363,2.0,0,36,0.0,0.0,10000
SEP_p,max,2,0.25066886355998363,2.0,0,37,0.0,0.0,10000
SEP_p,max,2,0.25066886355998363,2.0,0,38,0.0,0.0,10000
SEP_p,max,2,0.25066886355998363,2.0,0,39,0.0,0.0,10000
SEP_p,max,2,0.25066886355998363,2.0,0,40,0.0,0.0,10000
SEP_p,max,2,0.25066886355998363,2.0,0,41,0.0,0.0,10000
SEP_p,max,2,0.25066886355998363,2.0,0,42,0.0,0.0,10000
SEP_p,max,2,0.25066886355998363,2.0,0,43,0.0,0.0,10000
SEP_p,max,2,0.25066886355998363,2.0,0,44,0.0,0.0,10000
SEP_p,max,2,0.25066886355998363,2.0,0,45,0.0,0.0,10000
SEP_p,max,2,0.25066886355998363,2.0,0,46,0.0,0.0,10000
SEP_p,max,2,0.25066886355998363,2.0,0,47,0.0,0.0,10000
SEP_p,max,2,0.25066886355998363,2.0,0,48,0.0,0.0,10000
SEP_p,max,2,0.25066886355998363,2.0,0,49,0.0,0.0,10000
SEP_p,max,2,0.25066886355998363,2.0,0,50,0.0,0.0,10000
SEP_p,max,2,0.25066886355998363,2.0,0,51,0.0,0.0,10000
SEP_p,max,2,0.25066886355998363,2.0,0,52,0.0,0.0,10000
SEP_p,max,2,0.25066886355998363,2.0,0,53,0.0,0.0,10000
SEP_p,max,2,0.25066886355998363,2.0,0,54,0.0,0.0,10000
SEP_p,max,2,0.25066886355998363,2.0,0,55,0.0,0.0,10000
SEP_p,max,2,0.25066886355998363,2.0,0,56,0.0,0.0,10000
SEP_p,max,2,0.25066886355998363,2.0,0,57,0.0,0.0,10000
SEP_p,max,2,0.25066886355998363,2.0,0,58,0.0,0.0,10000
SEP_p,max,2,0.25066886355998363,2.0,0,59,0.0,0.0,10000
SEP_p,max,2,0.25066886355998363,2.0,0,60,0.0,0.0,10000
SEP_p,max,2,0.25066886355998363,2.0,0,61,0.0,0.0,10000
SEP_p,max,2,0.25066886355998363,2.0,0,62,0.0,0.0,10000
SEP_p,max,2,0.25066886355998363,2.0,0,63,0.0,0.0,10000
SEP_p,max,2,0.25066886355998363,2.0,0,64,0.0,0.0,10000
SEP_p,max,2,0.25066886355998363,2.0,0,65,0.0,0.0,10000
SEP_p,max,2,0.25066886355998363,2.0,0,66,0.0,0.0,10000
SEP_p,max,2,0.25066886355998363,2.0,0,67,0.0,0.0,10000
SEP_p,max,2,0.25066886355998363,2.0,0,68,0.0,0.0,10000
SEP_p,max,2,0.25066886355998363,2.0,0,69,0.0,0.0,10000
SEP_p,max,2,0.25066886355998363,2.0,0,70,0.0,0.0,10000
SEP_p,max,2,0.25066886355998363,2.0,0,71,0.0,0.0,10000
SEP_p,max,2,0.25066886355998363,2.0,0,72,0.0,0.0,10000
SEP_p,max,2,0.25066886355998363,2.0,0,73,0.0,0.0,10000
SEP_p,max,2,0.25066886355998363,2.0,0,74,0.0,0.0,10000
SEP_p,max,2,0.25066886355998363,2.0,0,75,0.0,0.0,10000
SEP_p,max,2,0.25066886355998363,2.0,0,76,0.0,0.0,10000
SEP_p,max,2,0.25066886355998363,2.0,0,77,0.0,0.0,10000
SEP_p,max,2,0.25066886355998363,2.0,0,78,0.0,0.0,10000
SEP_p,max,2,0.25066886355998363,2.0,0,79,0.0,0.0,10000
SEP_p,max,2,0.25066886355998363,2.0,0,80,0.0,0.0,10000
SEP_p,max,2,0.25066886355998363,2.0,0,81,0.0,0.0,10000
SEP_p,max,2,0.25066886355998363,2.0,0,82,0.0,0.0,10000
SEP_p,max,2,0.25066886355998363,2.0,0,83,0.0,0.0,10000
SEP_p,max,2,0.25066886355998363,2.0,0,84,0.0,0.0,10000
SEP_p,max,2,0.25066886355998363,2.0,0,85,0.0,0.0,10000
SEP_p,max,2,0.25066886355998363,2.0,0,86,0.0,0.0,10000
SEP_p,max,2,0.25066886355998363,2.0,0,87,0.0,0.0,10000
SEP_p,max,2,0.25066886355998363,2.0,0,88,0.0,0.0,10000
SEP_p,max,2,0.25066886355998363,2.0,0,89,0.0,0.0,10000
SEP_p,max,2,0.25066886355998363,2.0,0,90,0.0,0.0,10000
SEP_p,max,2,0.25066886355998363,2.0,0,91,0.0,0.0,10000
SEP_p,max,2,0.25066886355998363,2.0,0,92,0.0,0.0,10000
SEP_p,max,2,0.25066886355998363,2.0,0,93,0.0,0.0,10000
SEP_p,max,2,0.25066886355998363,2.0,0,94,0.0,0.0,10000
SEP_p,max,2,0.25066886355998363,2.0,0,95,0.0,0.0,10000
SEP_p,max,2,0.25066886355998363,2.0,0,96,0.0,0.0,10000
SEP_p,max,2,0.25066886355998363,2.0,0,97,0.0,0.0,10000
SEP_p,max,2,0.25066886355998363,2.0,0,98,0.0,0.0,10000
SEP_p,max,2,0.25066886355998363,2.0,0,99,0.0,0.0,10000
SEP_p,max,2,0.25066886355998363,2.0,0,100,0.0,0.0,10000
SEP_p,max,2,0.25066886355998363,2.0,0,101,0.0,0.0,10000
SEP_p,max,2,0.25066886355998363,2.0,0,102,0.0,0.0,10000
SEP_p,max,2,0.25066886355998363,2.0,0,103,0.0,0.0,10000
SEP_p,max,2,0.25066886355998363,2.0,0,104,0.0,0.0,10000
SEP_p,max,2,0.25066886355998363,2.0,0,105,0.0,0.0,10000
SEP_p,max,2,0.25066886355998363,2.0,0,106,0.0,0.0,10000
SEP_p,max,2,0.25066886355998363,2.0,0,107,0.0,0.0,10000
SEP_p,max,2,0.25066886355998363,2.0,0,108,0.0,0.0,10000
SEP_p,max,2,0.25066886355998363,2.0,0,109,0.0,0.0,10000
SEP_p,max,2,0.25066886355998363,2.0,0,110,0.0,0.0,10000
SEP_p,max,2,0.25066886355998363,2.0,0,111,0.0,0.0,10000
SEP_p,max,2,0.25066886355998363,2.0,0,112,0.0,0.0,10000
SEP_p,max,2,0.25066886355998363,2.0,0,113,0.0,0.0,10000
SEP_p,max,2,0.25066886355998363,2.0,0,114,0.0,0.0,10000
SEP_p,max,2,0.25066886355998363,2.0,0,115,0.0,0.0,10000
SEP_p,max,2,0.25066886355998363,2.0,0,116,0.0,0.0,10000
SEP_p,max,2,0.25066886355998363,2.0,0,117,0.0,0.0,10000
SEP_p,max,2,0.25066886355998363,2.0,0,118,0.0,0.0,10000
SEP_p,max,2,0.25066886355998363,2.0,0,119,0.0,0.0,10000
SEP_p,max,2,0.25066886355998363,2.0,0,120,0.0,0.0,10000
SEP_p,max,2,0.25066886355998363,2.0,0,121,0.0,0.0,10000
SEP_p,max,2,0.25066886355998363,2.0,0,122,0.0,0.0,10000
SEP_p,max,2,0.25066886355998363,2.0,0,123,0.0,0.0,10000
SEP_p,max,2,0.25066886355998363,2.0,0,124,0.0,0.0,10000
SEP_p,max,2,0.25066886355998363,2.0,0,125,0.0,0.0,10000
SEP_p,max,2,0.25066886355998363,2.0,0,126,0.0,0.0,10000
SEP_p,max,2,0.25066886355998363,2.0,0,127,0.0,0.0,10000
SEP_p,max,2,0.25066886355998363,2.0,0,128,0.0,0.0,10000
SEP_p,max,2,0.25066886355998363,2.0,0,129,0.0,0.0,10000
SEP_p,max,2,0.25066886355998363,2.0,0,130,0.0,0.0,10000
SEP_p,max,2,0.25066886355998363,2.0,0,131,0.0,0.0,10000
SEP_p,max,2,0.25066886355998363,2.0,0,132,0.0,0.0,10000
SEP_p,max,2,0.25066886355998363,2.0,0,133,0.0,0.0,10000
SEP_p,max,2,0.25066886355998363,2.0,0,134,0.0,0.0,10000
SEP_p,max,2,0.25066886355998363,2.0,0,135,0.0,0.0,10000
SEP_p,max,2,0.25066886355998363,2.0,0,136,0.0,0.0,10000
SEP_p,max,2,0.25066886355998363,2.0,0,137,0.0,0.0,10000
SEP_p,max,2,0.25066886355998363,2.0,0,138,0.0,0.0,10000
SEP_p,max,2,0.25066886355998363,2.0,0,139,0.0,0.0,10000
SEP_p,max,2,0.25066886355998363,2.0,0,140,0.0,0.0,10000
SEP_p,max,2,0.25066886355998363,2.0,0,141,0.0,0.0,10000
SEP_p,max,2,0.25066886355998363,3.0,0,0,0.0,0.0,10000
SEP_p,max,2,0.25066886355998363,3.0,0,1,0.0,0.0,10000
SEP_p,max,2,0.25066886355998363,3.0,0,2,0.0,0.0,10000
SEP_p,max,2,0.25066886355998363,3.0,0,3,0.0,0.0,10000
SEP_p,max,2,0.25066886355998363,3.0,0,4,0.0,0.0,10000
SEP_p,max,2,0.25066886355998363,3.0,0,5,0.0,0.0,10000
SEP_p,max,2,0.25066886355998363,3.0,0,6,0.0,0.0,10000
SEP_p,max,2,0.25066886355998363,3.0,0,7,0.0,0.0,10000
SEP_p,max,2,0.25066886355998363,3.0,0,8,0.0,0.0,10000
SEP_p,max,2,0.25066886355998363,3.0,0,9,0.0,0.0,10000
SEP_p,max,2,0.25066886355998363,3.0,0,10,0.0,0.0,10000
SEP_p,max,2,0.25066886355998363,3.0,0,11,0.0,0.0,10000
SEP_p,max,2,0.25066886355998363,3.0,0,12,0.0,0.0,10000
SEP_p,max,2,0.25066886355998363,3.0,0,13,0.0,0.0,10000
SEP_p,max,2,0.25066886355998363,3.0,0,14,0.0,0.0,10000
SEP_p,max,2,0.25066886355998363,3.0,0,15,0.0,0.0,10000
SEP_p,max,2,0.25066886355998363,3.0,0,16,0.0,0.0,10000
SEP_p,max,2,0.25066886355998363,3.0,0,17,0.0,0.0,10000
SEP_p,max,2,0.25066886355998363,3.0,0,18,0.0,0.0,10000
SEP_p,max,2,0.25066886355998363,3.0,0,19,0.0,0.0,10000
SEP_p,max,2,0.25066886355998363,3.0,0,20,0.0,0.0,10000
SEP_p,max,2,0.25066886355998363,3.0,0,21,0.0,0.0,10000
SEP_p,max,2,0.25066886355998363,3.0,0,22,0.0,0.0,10000
SEP_p,max,2,0.25066886355998363,3.0,0,23,0.0,0.0,10000
SEP_p,max,2,0.25066886355998363,3.0,0,24,0.0,0.0,10000
SEP_p,max,2,0.25066886355998363,3.0,0,25,0.0,0.0,10000
SEP_p,max,2,0.25066886355998363,3.0,0,26,0.0,0.0,10000
SEP_p,max,2,0.25066886355998363,3.0,0,27,0.0,0.0,10000
SEP_p,max,2,0.25066886355998363,3.0,0,28,0.0,0.0,10000
SEP_p,max,2,0.25066886355998363,3.0,0,29,0.0,0.0,10000
SEP_p,max,2,0.25066886355998363,3.0,0,30,0.0,0.0,10000
SEP_p,max,2,0.25066886355998363,3.0,0,31,0.0,0.0,10000
SEP_p,max,2,0.25066886355998363,3.0,0,32,0.0,0.0,10000
SEP_p,max,2,0.25066886355998363,3.0,0,33,0.0,0.0,10000
SEP_p,max,2,0.25066886355998363,3.0,0,34,0.0,0.0,10000
SEP_p,max,2,0.25066886355998363,3.0,0,35,0.0,0.0,10000
SEP_p,max,2,0.25066886355998363,3.0,0,36,0.0,0.0,10000
SEP_p,max,2,0.25066886355998363,3.0,0,37,0.0,0.0,10000
SEP_p,max,2,0.25066886355998363,3.0,0,38,0.0,0.0,10000
SEP_p,max,2,0.25066886355998363,3.0,0,39,0.0,0.0,10000
SEP_p,max,2,0.25066886355998363,3.0,0,40,0.0,0.0,10000
SEP_p,max,2,0.25066886355998363,3.0,0,41,0.0,0.0,10000
SEP_p,max,2,0.25066886355998363,3.0,0,42,0.0,0.0,10000
SEP_p,max,2,0.25066886355998363,3.0,0,43,0.0,0.0,10000
SEP_p,max,2,0.25066886355998363,3.0,0,44,0.0,0.0,10000
SEP_p,max,2,0.25066886355998363,3.0,0,45,0.0,0.0,10000
SEP_p,max,2,0.25066886355998363,3.0,0,46,0.0,0.0,10000
SEP_p,max,2,0.25066886355998363,3.0,0,47,0.0,0.0,10000
SEP_p,max,2,0.25066886355998363,3.0,0,48,0.0,0.0,10000
SEP_p,max,2,0.25066886355998363,3.0,0,49,0.0,0.0,10000
SEP_p,max,2,0.25066886355998363,3.0,0,50,0.0,0.0,10000
SEP_p,max,2,0.25066886355998363,3.0,0,51,0.0,0.0,10000
SEP_p,max,2,0.25066886355998363,3.0,0,52,0.0,0.0,10000
SEP_p,max,2,0.25066886355998363,3.0,0,53,0.0,0.0,10000
SEP_p,max,2,0.25066886355998363,3.0,0,54,0.0,0.0,10000
SEP_p,max,2,0.25066886355998363,3.0,0,55,0.0,0.0,10000
SEP_p,max,2,0.25066886355998363,3.0,0,56,0.0,0.0,10000
SEP_p,max,2,0.25066886355998363,3.0,0,57,0.0,0.0,10000
SEP_p,max,2,0.25066886355998363,3.0,0,58,0.0,0.0,10000
SEP_p,max,2,0.25066886355998363,3.0,0,59,0.0,0.0,10000
SEP_p,max,2,0.25066886355998363,3.0,0,60,0.0,0.0,10000
SEP_p,max,2,0.25066886355998363,3.0,0,61,0.0,0.0,10000
SEP_p,max,2,0.25066886355998363,3.0,0,62,0.0,0.0,10000
SEP_p,max,2,0.25066886355998363,3.0,0,63,0.0,0.0,10000
SEP_p,max,2,0.25066886355998363,3.0,0,64,0.0,0.0,10000
SEP_p,max,2,0.25066886355998363,3.0,0,65,0.0,0.0,10000
SEP_p,max,2,0.25066886355998363,3.0,0,66,0.0,0.0,10000
SEP_p,max,2,0.25066886355998363,3.0,0,67,0.0,0.0,10000
SEP_p,max,2,0.25066886355998363,3.0,0,68,0.0,0.0,10000
SEP_p,max,2,0.25066886355998363,3.0,0,69,0.0,0.0,10000
SEP_p,max,2,0.25066886355998363,3.0,0,70,0.0,0.0,10000
SEP_p,max,2,0.25066886355998363,3.0,0,71,0.0,0.0,10000
SEP_p,max,2,0.25066886355998363,3.0,0,72,0.0,0.0,10000
SEP_p,max,2,0.25066886355998363,3.0,0,73,0.0,0.0,10000
SEP_p,max,2,0.25066886355998363,3.0,0,74,0.0,0.0,10000
SEP_p,max,2,0.25066886355998363,3.0,0,75,0.0,0.0,10000
SEP_p,max,2,0.25066886355998363,3.0,0,76,0.0,0.0,10000
SEP_p,max,2,0.25066886355998363,3.0,0,77,0.0,0.0,10000
SEP_p,max,2,0.25066886355998363,3.0,0,78,0.0,0.0,10000
SEP_p,max,2,0.25066886355998363,3.0,0,79,0.0,0.0,10000
SEP_p,max,2,0.25066886355998363,3.0,0,80,0.0,0.0,10000
SEP_p,max,2,0.25066886355998363,3.0,0,81,0.0,0.0,10000
SEP_p,max,2,0.25066886355998363,3.0,0,82,0.0,0.0,10000
SEP_p,max,2,0.25066886355998363,3.0,0,83,0.0,0.0,10000
SEP_p,max,2,0.25066886355998363,3.0,0,84,0.0,0.0,10000
SEP_p,max,2,0.25066886355998363,3.0,0,85,0.0,0.0,10000
SEP_p,max,2,0.25066886355998363,3.0,0,86,0.0,0.0,10000
SEP_p,max,2,0.25066886355998363,3.0,0,87,0.0,0.0,10000
SEP_p,max,2,0.25066886355998363,3.0,0,88,0.0,0.0,10000
SEP_p,max,2,0.25066886355998363,3.0,0,89,0.0,0.0,10000
SEP_p,max,2,0.25066886355998363,3.0,0,90,0.0,0.0,10000
SEP_p,max,2,0.25066886355998363,3.0,0,91,0.0,0.0,10000
SEP_p,max,2,0.25066886355998363,3.0,0,92,0.0,0.0,10000
SEP_p,max,2,0.25066886355998363,3.0,0,93,0.0,0.0,10000
SEP_p,max,2,0.25066886355998363,3.0,0,94,0.0,0.0,10000
SEP_p,max,2,0.25066886355998363,3.0,0,95,0.0,0.0,10000
SEP_p,max,2,0.25066886355998363,3.0,0,96,0.0,0.0,10000
SEP_p,max,2,0.25066886355998363,3.0,0,97,0.0,0.0,10000
SEP_p,max,2,0.25066886355998363,3.0,0,98,0.0,0.0,10000
SEP_p,max,2,0.25066886355998363,3.0,0,99,0.0,0.0,10000
SEP_p,max,2,0.25066886355998363,3.0,0,100,0.0,0.0,10000
SEP_p,max,2,0.25066886355998363,3.0,0,101,0.0,0.0,10000
SEP_p,max,2,0.25066886355998363,3.0,0,102,0.0,0.0,10000
SEP_p,max,2,0.25066886355998363,3.0,0,103,0.0,0.0,10000
SEP_p,max,2,0.25066886355998363,3.0,0,104,0.0,0.0,10000
SEP_p,max,2,0.25066886355998363,3.0,0,105,0.0,0.0,10000
SEP_p,max,2,0.25066886355998363,3.0,0,106,0.0,0.0,10000
SEP_p,max,2,0.25066886355998363,3.0,0,107,0.0,0.0,10000
SEP_p,max,2,0.25066886355998363,3.0,0,108,0.0,0.0,10000
SEP_p,max,2,0.25066886355998363,3.0,0,109,0.0,0.0,10000
SEP_p,max,2,0.25066886355998363,3.0,0,110,0.0,0.0,10000
SEP_p,max,2,0.25066886355998363,3.0,0,111,0.0,0.0,10000
SEP_p,max,2,0.25066886355998363,3.0,0,112,0.0,0.0,10000
SEP_p,max,2,0.25066886355998363,3.0,0,113,0.0,0.0,10000
SEP_p,max,2,0.25066886355998363,3.0,0,114,0.0,0.0,10000
SEP_p,max,2,0.25066886355998363,3.0,0,115,0.0,0.0,10000
SEP_p,max,2,0.25066886355998363,3.0,0,116,0.0,0.0,10000
SEP_p,max,2,0.25066886355998363,3.0,0,117,0.0,0.0,10000
SEP_p,max,2,0.25066886355998363,3.0,0,118,0.0,0.0,10000
SEP_p,max,2,0.25066886355998363,3.0,0,119,0.0,0.0,10000
SEP_p,max,2,0.25066886355998363,3.0,0,120,0.0,0.0,10000
SEP_p,max,2,0.25066886355998363,3.0,0,121,0.0,0.0,10000
SEP_p,max,2,0.25066886355998363,3.0,0,122,0.0,0.0,10000
SEP_p,max,2,0.25066886355998363,3.0,0,123,0.0,0.0,10000
SEP_p,max,2,0.25066886355998363,3.0,0,124,0.0,0.0,10000
SEP_p,max,2,0.25066886355998363,3.0,0,125,0.0,0.0,10000
SEP_p,max,2,0.25066886355998363,3.0,0,126,0.0,0.0,10000
SEP_p,max,2,0.25066886355998363,3.0,0,127,0.0,0.0,10000
SEP_p,max,2,0.25066886355998363,3.0,0,128,0.0,0.0,10000
SEP_p,max,2,0.25066886355998363,3.0,0,129,0.0,0.0,10000
SEP_p,max,2,0.25066886355998363,3.0,0,130,0.0,0.0,10000
SEP_p,max,2,0.25066886355998363,3.0,0,131,0.0,0.0,10000
SEP_p,max,2,0.25066886355998363,3.0,0,132,0.0,0.0,10000
SEP_p,max,2,0.25066886355998363,3.0,0,133,0.0,0.0,10000
SEP_p,max,2,0.25066886355998363,3.0,0,134,0.0,0.0,10000
SEP_p,max,2,0.25066886355998363,3.0,0,135,0.0,0.0,10000
SEP_p,max,2,0.25066886355998363,3.0,0,136,0.0,0.0,10000
SEP_p,max,2,0.25066886355998363,3.0,0,137,0.0,0.0,10000
SEP_p,max,2,0.25066886355998363,3.0,0,138,0.0,0.0,10000
SEP_p,max,2,0.25066886355998363,3.0,0,139,0.0,0.0,10000
SEP_p,max,2,0.25066886355998363,3.0,0,140,0.0,0.0,10000
SEP_p,max,2,0.25066886355998363,3.0,0,141,0.0,0.0,10000
SEP_p,max,2,0.25066886355998363,4.0,0,0,0.0,0.0,10000
SEP_p,max,2,0.25066886355998363,4.0,0,1,0.0,0.0,10000
SEP_p,max,2,0.25066886355998363,4.0,0,2,0.0,0.0,10000
SEP_p,max,2,0.25066886355998363,4.0,0,3,0.0,0.0,10000
SEP_p,max,2,0.25066886355998363,4.0,0,4,0.0,0.0,10000
SEP_p,max,2,0.25066886355998363,4.0,0,5,0.0,0.0,10000
SEP_p,max,2,0.25066886355998363,4.0,0,6,0.0,0.0,10000
SEP_p,max,2,0.25066886355998363,4.0,0,7,0.0,0.0,10000
SEP_p,max,2,0.25066886355998363,4.0,0,8,0.0,0.0,10000
SEP_p,max,2,0.25066886355998363,4.0,0,9,0.0,0.0,10000
SEP_p,max,2,0.25066886355998363,4.0,0,10,0.0,0.0,10000
SEP_p,max,2,0.25066886355998363,4.0,0,11,0.0,0.0,10000
SEP_p,max,2,0.25066886355998363,4.0,0,12,0.0,0.0,10000
SEP_p,max,2,0.25066886355998363,4.0,0,13,0.0,0.0,10000
SEP_p,max,2,0.25066886355998363,4.0,0,14,0.0,0.0,10000
SEP_p,max,2,0.25066886355998363,4.0,0,15,0.0,0.0,10000
SEP_p,max,2,0.25066886355998363,4.0,0,16,0.0,0.0,10000
SEP_p,max,2,0.25066886355998363,4.0,0,17,0.0,0.0,10000
SEP_p,max,2,0.25066886355998363,4.0,0,18,0.0,0.0,10000
SEP_p,max,2,0.25066886355998363,4.0,0,19,0.0,0.0,10000
SEP_p,max,2,0.25066886355998363,4.0,0,20,0.0,0.0,10000
SEP_p,max,2,0.25066886355998363,4.0,0,21,0.0,0.0,10000
SEP_p,max,2,0.25066886355998363,4.0,0,22,0.0,0.0,10000
SEP_p,max,2,0.25066886355998363,4.0,0,23,0.0,0.0,10000
SEP_p,max,2,0.25066886355998363,4.0,0,24,0.0,0.0,10000
SEP_p,max,2,0.25066886355998363,4.0,0,25,0.0,0.0,10000
SEP_p,max,2,0.25066886355998363,4.0,0,26,0.0,0.0,10000
SEP_p,max,2,0.25066886355998363,4.0,0,27,0.0,0.0,10000
SEP_p,max,2,0.25066886355998363,4.0,0,28,0.0,0.0,10000
SEP_p,max,2,0.25066886355998363,4.0,0,29,0.0,0.0,10000
SEP_p,max,2,0.25066886355998363,4.0,0,30,0.0,0.0,10000
SEP_p,max,2,0.25066886355998363,4.0,0,31,0.0,0.0,10000
SEP_p,max,2,0.25066886355998363,4.0,0,32,0.0,0.0,10000
SEP_p,max,2,0.25066886355998363,4.0,0,33,0.0,0.0,10000
SEP_p,max,2,0.25066886355998363,4.0,0,34,0.0,0.0,10000
SEP_p,max,2,0.25066886355998363,4.0,0,35,0.0,0.0,10000
SEP_p,max,2,0.25066886355998363,4.0,0,36,0.0,0.0,10000
SEP_p,max,2,0.25066886355998363,4.0,0,37,0.0,0.0,10000
SEP_p,max,2,0.25066886355998363,4.0,0,38,0.0,0.0,10000
SEP_p,max,2,0.25066886355998363,4.0,0,39,0.0,0.0,10000
SEP_p,max,2,0.25066886355998363,4.0,0,40,0.0,0.0,10000
SEP_p,max,2,0.25066886355998363,4.0,0,41,0.0,0.0,10000
SEP_p,max,2,0.25066886355998363,4.0,0,42,0.0,0.0,10000
SEP_p,max,2,0.25066886355998363,4.0,0,43,0.0,0.0,10000
SEP_p,max,2,0.25066886355998363,4.0,0,44,0.0,0.0,10000
SEP_p,max,2,0.25066886355998363,4.0,0,45,0.0,0.0,10000
SEP_p,max,2,0.25066886355998363,4.0,0,46,0.0,0.0,10000
SEP_p,max,2,0.25066886355998363,4.0,0,47,0.0,0.0,10000
SEP_p,max,2,0.25066886355998363,4.0,0,48,0.0,0.0,10000
SEP_p,max,2,0.25066886355998363,4.0,0,49,0.0,0.0,10000
SEP_p,max,2,0.25066886355998363,4.0,0,50,0.0,0.0,10000
SEP_p,max,2,0.25066886355998363,4.0,0,51,0.0,0.0,10000
SEP_p,max,2,0.25066886355998363,4.0,0,52,0.0,0.0,10000
SEP_p,max,2,0.25066886355998363,4.0,0,53,0.0,0.0,10000
SEP_p,max,2,0.25066886355998363,4.0,0,54,0.0,0.0,10000
SEP_p,max,2,0.25066886355998363,4.0,0,55,0.0,0.0,10000
SEP_p,max,2,0.25066886355998363,4.0,0,56,0.0,0.0,10000
SEP_p,max,2,0.25066886355998363,4.0,0,57,0.0,0.0,10000
SEP_p,max,2,0.25066886355998363,4.0,0,58,0.0,0.0,10000
SEP_p,max,2,0.25066886355998363,4.0,0,59,0.0,0.0,10000
SEP_p,max,2,0.25066886355998363,4.0,0,60,0.0,0.0,10000
SEP_p,max,2,0.25066886355998363,4.0,0,61,0.0,0.0,10000
SEP_p,max,2,0.25066886355998363,4.0,0,62,0.0,0.0,10000
SEP_p,max,2,0.25066886355998363,4.0,0,63,0.0,0.0,10000
SEP_p,max,2,0.25066886355998363,4.0,0,64,0.0,0.0,10000
SEP_p,max,2,0.25066886355998363,4.0,0,65,0.0,0.0,10000
SEP_p,max,2,0.25066886355998363,4.0,0,66,0.0,0.0,10000
SEP_p,max,2,0.25066886355998363,4.0,0,67,0.0,0.0,10000
SEP_p,max,2,0.25066886355998363,4.0,0,68,0.0,0.0,10000
SEP_p,max,2,0.25066886355998363,4.0,0,69,0.0,0.0,10000
SEP_p,max,2,0.25066886355998363,4.0,0,70,0.0,0.0,10000
SEP_p,max,2,0.25066886355998363,4.0,0,71,0.0,0.0,10000
SEP_p,max,2,0.25066886355998363,4.0,0,72,0.0,0.0,10000
SEP_p,max,2,0.25066886355998363,4.0,0,73,0.0,0.0,10000
SEP_p,max,2,0.25066886355998363,4.0,0,74,0.0,0.0,10000
SEP_p,max,2,0.25066886355998363,4.0,0,75,0.0,0.0,10000
SEP_p,max,2,0.25066886355998363,4.0,0,76,0.0,0.0,10000
SEP_p,max,2,0.25066886355998363,4.0,0,77,0.0,0.0,10000
SEP_p,max,2,0.25066886355998363,4.0,0,78,0.0,0.0,10000
SEP_p,max,2,0.25066886355998363,4.0,0,79,0.0,0.0,10000
SEP_p,max,2,0.25066886355998363,4.0,0,80,0.0,0.0,10000
SEP_p,max,2,0.25066886355998363,4.0,0,81,0.0,0.0,10000
SEP_p,max,2,0.25066886355998363,4.0,0,82,0.0,0.0,10000
SEP_p,max,2,0.25066886355998363,4.0,0,83,0.0,0.0,10000
SEP_p,max,2,0.25066886355998363,4.0,0,84,0.0,0.0,10000
SEP_p,max,2,0.25066886355998363,4.0,0,85,0.0,0.0,10000
SEP_p,max,2,0.25066886355998363,4.0,0,86,0.0,0.0,10000
SEP_p,max,2,0.25066886355998363,4.0,0,87,0.0,0.0,10000
SEP_p,max,2,0.25066886355998363,4.0,0,88,0.0,0.0,10000
SEP_p,max,2,0.25066886355998363,4.0,0,89,0.0,0.0,10000
SEP_p,max,2,0.25066886355998363,4.0,0,90,0.0,0.0,10000
SEP_p,max,2,0.25066886355998363,4.0,0,91,0.0,0.0,10000
SEP_p,max,2,0.25066886355998363,4.0,0,92,0.0,0.0,10000
SEP_p,max,2,0.25066886355998363,4.0,0,93,0.0,0.0,10000
SEP_p,max,2,0.25066886355998363,4.0,0,94,0.0,0.0,10000
SEP_p,max,2,0.25066886355998363,4.0,0,95,0.0,0.0,10000
SEP_p,max,2,0.25066886355998363,4.0,0,96,0.0,0.0,10000
SEP_p,max,2,0.25066886355998363,4.0,0,97,0.0,0.0,10000
SEP_p,max,2,0.25066886355998363,4.0,0,98,0.0,0.0,10000
SEP_p,max,2,0.25066886355998363,4.0,0,99,0.0,0.0,10000
SEP_p,max,2,0.25066886355998363,4.0,0,100,0.0,0.0,10000
SEP_p,max,2,0.25066886355998363,4.0,0,101,0.0,0.0,10000
SEP_p,max,2,0.25066886355998363,4.0,0,102,0.0,0.0,10000
SEP_p,max,2,0.25066886355998363,4.0,0,103,0.0,0.0,10000
SEP_p,max,2,0.25066886355998363,4.0,0,104,0.0,0.0,10000
SEP_p,max,2,0.25066886355998363,4.0,0,105,0.0,0.0,10000
SEP_p,max,2,0.25066886355998363,4.0,0,106,0.0,0.0,10000
SEP_p,max,2,0.25066886355998363,4.0,0,107,0.0,0.0,10000
SEP_p,max,2,0.25066886355998363,4.0,0,108,0.0,0.0,10000
SEP_p,max,2,0.25066886355998363,4.0,0,109,0.0,0.0,10000
SEP_p,max,2,0.25066886355998363,4.0,0,110,0.0,0.0,10000
SEP_p,max,2,0.25066886355998363,4.0,0,111,0.0,0.0,10000
SEP_p,max,2,0.25066886355998363,4.0,0,112,0.0,0.0,10000
SEP_p,max,2,0.25066886355998363,4.0,0,113,0.0,0.0,10000
SEP_p,max,2,0.25066886355998363,4.0,0,114,0.0,0.0,10000
SEP_p,max,2,0.25066886355998363,4.0,0,115,0.0,0.0,10000
SEP_p,max,2,0.25066886355998363,4.0,0,116,0.0,0.0,10000
SEP_p,max,2,0.25066886355998363,4.0,0,117,0.0,0.0,10000
SEP_p,max,2,0.25066886355998363,4.0,0,118,0.0,0.0,10000
SEP_p,max,2,0.25066886355998363,4.0,0,119,0.0,0.0,10000
SEP_p,max,2,0.25066886355998363,4.0,0,120,0.0,0.0,10000
SEP_p,max,2,0.25066886355998363,4.0,0,121,0.0,0.0,10000
SEP_p,max,2,0.25066886355998363,4.0,0,122,0.0,0.0,10000
SEP_p,max,2,0.25066886355998363,4.0,0,123,0.0,0.0,10000
SEP_p,max,2,0.25066886355998363,4.0,0,124,0.0,0.0,10000
SEP_p,max,2,0.25066886355998363,4.0,0,125,0.0,0.0,10000
SEP_p,max,2,0.25066886355998363,4.0,0,126,0.0,0.0,10000
SEP_p,max,2,0.25066886355998363,4.0,0,127,0.0,0.0,10000
SEP_p,max,2,0.25066886355998363,4.0,0,128,0.0,0.0,10000
SEP_p,max,2,0.25066886355998363,4.0,0,129,0.0,0.0,10000
SEP_p,max,2,0.25066886355998363,4.0,0,130,0.0,0.0,10000
SEP_p,max,2,0.25066886355998363,4.0,0,131,0.0,0.0,10000
SEP_p,max,2,0.25066886355998363,4.0,0,132,0.0,0.0,10000
SEP_p,max,2,0.25066886355998363,4.0,0,133,0.0,0.0,10000
SEP_p,max,2,0.25066886355998363,4.0,0,134,0.0,0.0,10000
SEP_p,max,2,0.25066886355998363,4.0,0,135,0.0,0.0,10000
SEP_p,max,2,0.25066886355998363,4.0,0,136,0.0,0.0,10000
SEP_p,max,2,0.25066886355998363,4.0,0,137,0.0,0.0,10000
SEP_p,max,2,0.25066886355998363,4.0,0,138,0.0,0.0,10000
SEP_p,max,2,0.25066886355998363,4.0,0,139,0.0,0.0,10000
SEP_p,max,2,0.25066886355998363,4.0,0,140,0.0,0.0,10000
SEP_p,max,2,0.25066886355998363,4.0,0,141,0.0,0.0,10000
SEP_p,max,3,0.9093698453734381,2.0,0,0,0.0,0.0,10000
SEP_p,max,3,0.9093698453734381,2.0,0,1,0.0,0.0,10000
SEP_p,max,3,0.9093698453734381,2.0,0,2,0.0,0.0,10000
SEP_p,max,3,0.9093698453734381,2.0,0,3,0.0,0.0,10000
SEP_p,max,3,0.9093698453734381,2.0,0,4,0.0,0.0,10000
SEP_p,max,3,0.9093698453734381,2.0,0,5,0.0,0.0,10000
SEP_p,max,3,0.9093698453734381,2.0,0,6,0.0,0.0,10000
SEP_p,max,3,0.9093698453734381,2.0,0,7,0.0,0.0,10000
SEP_p,max,3,0.9093698453734381,2.0,0,8,0.0,0.0,10000
SEP_p,max,3,0.9093698453734381,2.0,0,9,0.0,0.0,10000
SEP_p,max,3,0.9093698453734381,2.0,0,10,0.0,0.0,10000
SEP_p,max,3,0.9093698453734381,2.0,0,11,0.0,0.0,10000
SEP_p,max,3,0.9093698453734381,2.0,0,12,0.0,0.0,10000
SEP_p,max,3,0.9093698453734381,2.0,0,13,0.0,0.0,10000
SEP_p,max,3,0.9093698453734381,2.0,0,14,0.0,0.0,10000
SEP_p,max,3,0.9093698453734381,2.0,0,15,0.0,0.0,10000
SEP_p,max,3,0.9093698453734381,2.0,0,16,0.0,0.0,10000
SEP_p,max,3,0.9093698453734381,2.0,0,17,0.0,0.0,10000
SEP_p,max,3,0.9093698453734381,2.0,0,18,0.0,0.0,10000
SEP_p,max,3,0.9093698453734381,2.0,0,19,0.0,0.0,10000
SEP_p,max,3,0.9093698453734381,2.0,0,20,0.0,0.0,10000
SEP_p,max,3,0.9093698453734381,2.0,0,21,0.0,0.0,10000
SEP_p,max,3,0.9093698453734381,2.0,0,22,0.0,0.0,10000
SEP_p,max,3,0.9093698453734381,2.0,0,23,0.0,0.0,10000
SEP_p,max,3,0.9093698453734381,2.0,0,24,0.0,0.0,10000
SEP_p,max,3,0.9093698453734381,2.0,0,25,0.0,0.0,10000
SEP_p,max,3,0.9093698453734381,2.0,0,26,0.0,0.0,10000
SEP_p,max,3,0.9093698453734381,2.0,0,27,0.0,0.0,10000
SEP_p,max,3,0.9093698453734381,2.0,0,28,0.0,0.0,10000
SEP_p,max,3,0.9093698453734381,2.0,0,29,0.0,0.0,10000
SEP_p,max,3,0.9093698453734381,2.0,0,30,0.0,0.0,10000
SEP_p,max,3,0.9093698453734381,2.0,0,31,0.0,0.0,10000
SEP_p,max,3,0.9093698453734381,2.0,0,32,0.0,0.0,10000
SEP_p,max,3,0.9093698453734381,2.0,0,33,0.0,0.0,10000
SEP_p,max,3,0.9093698453734381,2.0,0,34,0.0,0.0,10000
SEP_p,max,3,0.9093698453734381,2.0,0,35,0.0,0.0,10000
SEP_p,max,3,0.9093698453734381,2.0,0,36,0.0,0.0,10000
SEP_p,max,3,0.9093698453734381,2.0,0,37,0.0,0.0,10000
SEP_p,max,3,0.9093698453734381,2.0,0,38,0.0,0.0,10000
SEP_p,max,3,0.9093698453734381,2.0,0,39,0.0,0.0,10000
SEP_p,max,3,0.9093698453734381,2.0,0,40,0.0,0.0,10000
SEP_p,max,3,0.9093698453734381,2.0,0,41,0.0,0.0,10000
SEP_p,max,3,0.9093698453734381,2.0,0,42,0.0,0.0,10000
SEP_p,max,3,0.9093698453734381,2.0,0,43,0.0,0.0,10000
SEP_p,max,3,0.9093698453734381,2.0,0,44,0.0,0.0,10000
SEP_p,max,3,0.9093698453734381,2.0,0,45,0.0,0.0,10000
SEP_p,max,3,0.9093698453734381,2.0,0,46,0.0,0.0,10000
SEP_p,max,3,0.9093698453734381,2.0,0,47,0.0,0.0,10000
SEP_p,max,3,0.9093698453734381,2.0,0,48,0.0,0.0,10000
SEP_p,max,3,0.9093698453734381,2.0,0,49,0.0,0.0,10000
SEP_p,max,3,0.9093698453734381,2.0,0,50,0.0,0.0,10000
SEP_p,max,3,0.9093698453734381,2.0,0,51,0.0,0.0,10000
SEP_p,max,3,0.9093698453734381,2.0,0,52,0.0,0.0,10000
SEP_p,max,3,0.9093698453734381,2.0,0,53,0.0,0.0,10000
SEP_p,max,3,0.9093698453734381,2.0,0,54,0.0,0.0,10000
SEP_p,max,3,0.9093698453734381,2.0,0,55,0.0,0.0,10000
SEP_p,max,3,0.9093698453734381,2.0,0,56,0.0,0.0,10000
SEP_p,max,3,0.9093698453734381,2.0,0,57,0.0,0.0,10000
SEP_p,max,3,0.9093698453734381,2.0,0,58,0.0,0.0,10000
SEP_p,max,3,0.9093698453734381,2.0,0,59,0.0,0.0,10000
SEP_p,max,3,0.9093698453734381,2.0,0,60,0.0,0.0,10000
SEP_p,max,3,0.9093698453734381,2.0,0,61,0.0,0.0,10000
SEP_p,max,3,0.9093698453734381,2.0,0,62,0.0,0.0,10000
SEP_p,max,3,0.9093698453734381,2.0,0,63,0.0,0.0,10000
SEP_p,max,3,0.9093698453734381,2.0,0,64,0.0,0.0,10000
SEP_p,max,3,0.9093698453734381,2.0,0,65,0.0,0.0,10000
SEP_p,max,3,0.9093698453734381,2.0,0,66,0.0,0.0,10000
SEP_p,max,3,0.9093698453734381,2.0,0,67,0.0,0.0,10000
SEP_p,max,3,0.9093698453734381,2.0,0,68,0.0,0.0,10000
SEP_p,max,3,0.9093698453734381,2.0,0,69,0.0,0.0,10000
SEP_p,max,3,0.9093698453734381,2.0,0,70,0.0,0.0,10000
SEP_p,max,3,0.9093698453734381,2.0,0,71,0.0,0.0,10000
SEP_p,max,3,0.9093698453734381,2.0,0,72,0.0,0.0,10000
SEP_p,max,3,0.9093698453734381,2.0,0,73,0.0,0.0,10000
SEP_p,max,3,0.9093698453734381,2.0,0,74,0.0,0.0,10000
SEP_p,max,3,0.9093698453734381,2.0,0,75,0.0,0.0,10000
SEP_p,max,3,0.9093698453734381,2.0,0,76,0.0,0.0,10000
SEP_p,max,3,0.9093698453734381,2.0,0,77,0.0,0.0,10000
SEP_p,max,3,0.9093698453734381,2.0,0,78,0.0,0.0,10000
SEP_p,max,3,0.9093698453734381,2.0,0,79,0.0,0.0,10000
SEP_p,max,3,0.9093698453734381,2.0,0,80,0.0,0.0,10000
SEP_p,max,3,0.9093698453734381,2.0,0,81,0.0,0.0,10000
SEP_p,max,3,0.9093698453734381,2.0,0,82,0.0,0.0,10000
SEP_p,max,3,0.9093698453734381,2.0,0,83,0.0,0.0,10000
SEP_p,max,3,0.9093698453734381,2.0,0,84,0.0,0.0,10000
SEP_p,max,3,0.9093698453734381,2.0,0,85,0.0,0.0,10000
SEP_p,max,3,0.9093698453734381,2.0,0,86,0.0,0.0,10000
SEP_p,max,3,0.9093698453734381,2.0,0,87,0.0,0.0,10000
SEP_p,max,3,0.9093698453734381,2.0,0,88,0.0,0.0,10000
SEP_p,max,3,0.9093698453734381,2.0,0,89,0.0,0.0,10000
SEP_p,max,3,0.9093698453734381,2.0,0,90,0.0,0.0,10000
SEP_p,max,3,0.9093698453734381,2.0,0,91,0.0,0.0,10000
SEP_p,max,3,0.9093698453734381,2.0,0,92,0.0,0.0,10000
SEP_p,max,3,0.9093698453734381,2.0,0,93,0.0,0.0,10000
SEP_p,max,3,0.9093698453734381,2.0,0,94,0.0,0.0,10000
SEP_p,max,3,0.9093698453734381,2.0,0,95,0.0,0.0,10000
SEP_p,max,3,0.9093698453734381,2.0,0,96,0.0,0.0,10000
SEP_p,max,3,0.9093698453734381,2.0,0,97,0.0,0.0,10000
SEP_p,max,3,0.9093698453734381,2.0,0,98,0.0,0.0,10000
SEP_p,max,3,0.9093698453734381,2.0,0,99,0.0,0.0,10000
SEP_p,max,3,0.9093698453734381,2.0,0,100,0.0,0.0,10000
SEP_p,max,3,0.9093698453734381,2.0,0,101,0.0,0.0,10000
SEP_p,max,3,0.9093698453734381,2.0,0,102,0.0,0.0,10000
SEP_p,max,3,0.9093698453734381,2.0,0,103,0.0,0.0,10000
SEP_p,max,3,0.9093698453734381,2.0,0,104,0.0,0.0,10000
SEP_p,max,3,0.9093698453734381,2.0,0,105,0.0,0.0,10000
SEP_p,max,3,0.9093698453734381,2.0,0,106,0.0,0.0,10000
SEP_p,max,3,0.9093698453734381,2.0,0,107,0.0,0.0,10000
SEP_p,max,3,0.9093698453734381,2.0,0,108,0.0,0.0,10000
SEP_p,max,3,0.9093698453734381,2.0,0,109,0.0,0.0,10000
SEP_p,max,3,0.9093698453734381,2.0,0,110,0.0,0.0,10000
SEP_p,max,3,0.9093698453734381,2.0,0,111,0.0,0.0,10000
SEP_p,max,3,0.9093698453734381,2.0,0,112,0.0,0.0,10000
SEP_p,max,3,0.9093698453734381,2.0,0,113,0.0,0.0,10000
SEP_p,max,3,0.9093698453734381,2.0,0,114,0.0,0.0,10000
SEP_p,max,3,0.9093698453734381,2.0,0,115,0.0,0.0,10000
SEP_p,max,3,0.9093698453734381,2.0,0,116,0.0,0.0,10000
SEP_p,max,3,0.9093698453734381,2.0,0,117,0.0,0.0,10000
SEP_p,max,3,0.9093698453734381,2.0,0,118,0.0,0.0,10000
SEP_p,max,3,0.9093698453734381,2.0,0,119,0.0,0.0,10000
SEP_p,max,3,0.9093698453734381,2.0,0,120,0.0,0.0,10000
SEP_p,max,3,0.9093698453734381,2.0,0,121,0.0,0.0,10000
SEP_p,max,3,0.9093698453734381,2.0,0,122,0.0,0.0,10000
SEP_p,max,3,0.9093698453734381,2.0,0,123,0.0,0.0,10000
SEP_p,max,3,0.9093698453734381,2.0,0,124,0.0,0.0,10000
SEP_p,max,3,0.9093698453734381,2.0,0,125,0.0,0.0,10000
SEP_p,max,3,0.9093698453734381,2.0,0,126,0.0,0.0,10000
SEP_p,max,3,0.9093698453734381,2.0,0,127,0.0,0.0,10000
SEP_p,max,3,0.9093698453734381,2.0,0,128,0.0,0.0,10000
SEP_p,max,3,0.9093698453734381,2.0,0,129,0.0,0.0,10000
SEP_p,max,3,0.9093698453734381,2.0,0,130,0.0,0.0,10000
SEP_p,max,3,0.9093698453734381,2.0,0,131,0.0,0.0,10000
SEP_p,max,3,0.9093698453734381,2.0,0,132,0.0,0.0,10000
SEP_p,max,3,0.9093698453734381,2.0,0,133,0.0,0.0,10000
SEP_p,max,3,0.9093698453734381,2.0,0,134,0.0,0.0,10000
SEP_p,max,3,0.9093698453734381,2.0,0,135,0.0,0.0,10000
SEP_p,max,3,0.9093698453734381,2.0,0,136,0.0,0.0,10000
SEP_p,max,3,0.9093698453734381,2.0,0,137,0.0,0.0,10000
SEP_p,max,3,0.9093698453734381,2.0,0,138,0.0,0.0,10000
SEP_p,max,3,0.9093698453734381,2.0,0,139,0.0,0.0,10000
SEP_p,max,3,0.9093698453734381,2.0,0,140,0.0,0.0,10000
SEP_p,max,3,0.9093698453734381,2.0,0,141,0.0,0.0,10000
SEP_p,max,3,0.9093698453734381,3.0,0,0,0.0,0.0,10000
SEP_p,max,3,0.9093698453734381,3.0,0,1,0.0,0.0,10000
SEP_p,max,3,0.9093698453734381,3.0,0,2,0.0,0.0,10000
SEP_p,max,3,0.9093698453734381,3.0,0,3,0.0,0.0,10000
SEP_p,max,3,0.9093698453734381,3.0,0,4,0.0,0.0,10000
SEP_p,max,3,0.9093698453734381,3.0,0,5,0.0,0.0,10000
SEP_p,max,3,0.9093698453734381,3.0,0,6,0.0,0.0,10000
SEP_p,max,3,0.9093698453734381,3.0,0,7,0.0,0.0,10000
SEP_p,max,3,0.9093698453734381,3.0,0,8,0.0,0.0,10000
SEP_p,max,3,0.9093698453734381,3.0,0,9,0.0,0.0,10000
SEP_p,max,3,0.9093698453734381,3.0,0,10,0.0,0.0,10000
SEP_p,max,3,0.9093698453734381,3.0,0,11,0.0,0.0,10000
SEP_p,max,3,0.9093698453734381,3.0,0,12,0.0,0.0,10000
SEP_p,max,3,0.9093698453734381,3.0,0,13,0.0,0.0,10000
SEP_p,max,3,0.9093698453734381,3.0,0,14,0.0,0.0,10000
SEP_p,max,3,0.9093698453734381,3.0,0,15,0.0,0.0,10000
SEP_p,max,3,0.9093698453734381,3.0,0,16,0.0,0.0,10000
SEP_p,max,3,0.9093698453734381,3.0,0,17,0.0,0.0,10000
SEP_p,max,3,0.9093698453734381,3.0,0,18,0.0,0.0,10000
SEP_p,max,3,0.9093698453734381,3.0,0,19,0.0,0.0,10000
SEP_p,max,3,0.9093698453734381,3.0,0,20,0.0,0.0,10000
SEP_p,max,3,0.9093698453734381,3.0,0,21,0.0,0.0,10000
SEP_p,max,3,0.9093698453734381,3.0,0,22,0.0,0.0,10000
SEP_p,max,3,0.9093698453734381,3.0,0,23,0.0,0.0,10000
SEP_p,max,3,0.9093698453734381,3.0,0,24,0.0,0.0,10000
SEP_p,max,3,0.9093698453734381,3.0,0,25,0.0,0.0,10000
SEP_p,max,3,0.9093698453734381,3.0,0,26,0.0,0.0,10000
SEP_p,max,3,0.9093698453734381,3.0,0,27,0.0,0.0,10000
SEP_p,max,3,0.9093698453734381,3.0,0,28,0.0,0.0,10000
SEP_p,max,3,0.9093698453734381,3.0,0,29,0.0,0.0,10000
SEP_p,max,3,0.9093698453734381,3.0,0,30,0.0,0.0,10000
SEP_p,max,3,0.9093698453734381,3.0,0,31,0.0,0.0,10000
SEP_p,max,3,0.9093698453734381,3.0,0,32,0.0,0.0,10000
SEP_p,max,3,0.9093698453734381,3.0,0,33,0.0,0.0,10000
SEP_p,max,3,0.9093698453734381,3.0,0,34,0.0,0.0,10000
SEP_p,max,3,0.9093698453734381,3.0,0,35,0.0,0.0,10000
SEP_p,max,3,0.9093698453734381,3.0,0,36,0.0,0.0,10000
SEP_p,max,3,0.9093698453734381,3.0,0,37,0.0,0.0,10000
SEP_p,max,3,0.9093698453734381,3.0,0,38,0.0,0.0,10000
SEP_p,max,3,0.9093698453734381,3.0,0,39,0.0,0.0,10000
SEP_p,max,3,0.9093698453734381,3.0,0,40,0.0,0.0,10000
SEP_p,max,3,0.9093698453734381,3.0,0,41,0.0,0.0,10000
SEP_p,max,3,0.9093698453734381,3.0,0,42,0.0,0.0,10000
SEP_p,max,3,0.9093698453734381,3.0,0,43,0.0,0.0,10000
SEP_p,max,3,0.9093698453734381,3.0,0,44,0.0,0.0,10000
SEP_p,max,3,0.9093698453734381,3.0,0,45,0.0,0.0,10000
SEP_p,max,3,0.9093698453734381,3.0,0,46,0.0,0.0,10000
SEP_p,max,3,0.9093698453734381,3.0,0,47,0.0,0.0,10000
SEP_p,max,3,0.9093698453734381,3.0,0,48,0.0,0.0,10000
SEP_p,max,3,0.9093698453734381,3.0,0,49,0.0,0.0,10000
SEP_p,max,3,0.9093698453734381,3.0,0,50,0.0,0.0,10000
SEP_p,max,3,0.9093698453734381,3.0,0,51,0.0,0.0,10000
SEP_p,max,3,0.9093698453734381,3.0,0,52,0.0,0.0,10000
SEP_p,max,3,0.9093698453734381,3.0,0,53,0.0,0.0,10000
SEP_p,max,3,0.9093698453734381,3.0,0,54,0.0,0.0,10000
SEP_p,max,3,0.9093698453734381,3.0,0,55,0.0,0.0,10000
SEP_p,max,3,0.9093698453734381,3.0,0,56,0.0,0.0,10000
SEP_p,max,3,0.9093698453734381,3.0,0,57,0.0,0.0,10000
SEP_p,max,3,0.9093698453734381,3.0,0,58,0.0,0.0,10000
SEP_p,max,3,0.9093698453734381,3.0,0,59,0.0,0.0,10000
SEP_p,max,3,0.9093698453734381,3.0,0,60,0.0,0.0,10000
SEP_p,max,3,0.9093698453734381,3.0,0,61,0.0,0.0,10000
SEP_p,max,3,0.9093698453734381,3.0,0,62,0.0,0.0,10000
SEP_p,max,3,0.9093698453734381,3.0,0,63,0.0,0.0,10000
SEP_p,max,3,0.9093698453734381,3.0,0,64,0.0,0.0,10000
SEP_p,max,3,0.9093698453734381,3.0,0,65,0.0,0.0,10000
SEP_p,max,3,0.9093698453734381,3.0,0,66,0.0,0.0,10000
SEP_p,max,3,0.9093698453734381,3.0,0,67,0.0,0.0,10000
SEP_p,max,3,0.9093698453734381,3.0,0,68,0.0,0.0,10000
SEP_p,max,3,0.9093698453734381,3.0,0,69,0.0,0.0,10000
SEP_p,max,3,0.9093698453734381,3.0,0,70,0.0,0.0,10000
SEP_p,max,3,0.9093698453734381,3.0,0,71,0.0,0.0,10000
SEP_p,max,3,0.9093698453734381,3.0,0,72,0.0,0.0,10000
SEP_p,max,3,0.9093698453734381,3.0,0,73,0.0,0.0,10000
SEP_p,max,3,0.9093698453734381,3.0,0,74,0.0,0.0,10000
SEP_p,max,3,0.9093698453734381,3.0,0,75,0.0,0.0,10000
SEP_p,max,3,0.9093698453734381,3.0,0,76,0.0,0.0,10000
SEP_p,max,3,0.9093698453734381,3.0,0,77,0.0,0.0,10000
SEP_p,max,3,0.9093698453734381,3.0,0,78,0.0,0.0,10000
SEP_p,max,3,0.9093698453734381,3.0,0,79,0.0,0.0,10000
SEP_p,max,3,0.9093698453734381,3.0,0,80,0.0,0.0,10000
SEP_p,max,3,0.9093698453734381,3.0,0,81,0.0,0.0,10000
SEP_p,max,3,0.9093698453734381,3.0,0,82,0.0,0.0,10000
SEP_p,max,3,0.9093698453734381,3.0,0,83,0.0,0.0,10000
SEP_p,max,3,0.9093698453734381,3.0,0,84,0.0,0.0,10000
SEP_p,max,3,0.9093698453734381,3.0,0,85,0.0,0.0,10000
SEP_p,max,3,0.9093698453734381,3.0,0,86,0.0,0.0,10000
SEP_p,max,3,0.9093698453734381,3.0,0,87,0.0,0.0,10000
SEP_p,max,3,0.9093698453734381,3.0,0,88,0.0,0.0,10000
SEP_p,max,3,0.9093698453734381,3.0,0,89,0.0,0.0,10000
SEP_p,max,3,0.9093698453734381,3.0,0,90,0.0,0.0,10000
SEP_p,max,3,0.9093698453734381,3.0,0,91,0.0,0.0,10000
SEP_p,max,3,0.9093698453734381,3.0,0,92,0.0,0.0,10000
SEP_p,max,3,0.9093698453734381,3.0,0,93,0.0,0.0,10000
SEP_p,max,3,0.9093698453734381,3.0,0,94,0.0,0.0,10000
SEP_p,max,3,0.9093698453734381,3.0,0,95,0.0,0.0,10000
SEP_p,max,3,0.9093698453734381,3.0,0,96,0.0,0.0,10000
SEP_p,max,3,0.9093698453734381,3.0,0,97,0.0,0.0,10000
SEP_p,max,3,0.9093698453734381,3.0,0,98,0.0,0.0,10000
SEP_p,max,3,0.9093698453734381,3.0,0,99,0.0,0.0,10000
SEP_p,max,3,0.9093698453734381,3.0,0,100,0.0,0.0,10000
SEP_p,max,3,0.9093698453734381,3.0,0,101,0.0,0.0,10000
SEP_p,max,3,0.9093698453734381,3.0,0,102,0.0,0.0,10000
SEP_p,max,3,0.9093698453734381,3.0,0,103,0.0,0.0,10000
SEP_p,max,3,0.9093698453734381,3.0,0,104,0.0,0.0,10000
SEP_p,max,3,0.9093698453734381,3.0,0,105,0.0,0.0,10000
SEP_p,max,3,0.9093698453734381,3.0,0,106,0.0,0.0,10000
SEP_p,max,3,0.9093698453734381,3.0,0,107,0.0,0.0,10000
SEP_p,max,3,0.9093698453734381,3.0,0,108,0.0,0.0,10000
SEP_p,max,3,0.9093698453734381,3.0,0,109,0.0,0.0,10000
SEP_p,max,3,0.9093698453734381,3.0,0,110,0.0,0.0,10000
SEP_p,max,3,0.9093698453734381,3.0,0,111,0.0,0.0,10000
SEP_p,max,3,0.9093698453734381,3.0,0,112,0.0,0.0,10000
SEP_p,max,3,0.9093698453734381,3.0,0,113,0.0,0.0,10000
SEP_p,max,3,0.9093698453734381,3.0,0,114,0.0,0.0,10000
SEP_p,max,3,0.9093698453734381,3.0,0,115,0.0,0.0,10000
SEP_p,max,3,0.9093698453734381,3.0,0,116,0.0,0.0,10000
SEP_p,max,3,0.9093698453734381,3.0,0,117,0.0,0.0,10000
SEP_p,max,3,0.9093698453734381,3.0,0,118,0.0,0.0,10000
SEP_p,max,3,0.9093698453734381,3.0,0,119,0.0,0.0,10000
SEP_p,max,3,0.9093698453734381,3.0,0,120,0.0,0.0,10000
SEP_p,max,3,0.9093698453734381,3.0,0,121,0.0,0.0,10000
SEP_p,max,3,0.9093698453734381,3.0,0,122,0.0,0.0,10000
SEP_p,max,3,0.9093698453734381,3.0,0,123,0.0,0.0,10000
SEP_p,max,3,0.9093698453734381,3.0,0,124,0.0,0.0,10000
SEP_p,max,3,0.9093698453734381,3.0,0,125,0.0,0.0,10000
SEP_p,max,3,0.9093698453734381,3.0,0,126,0.0,0.0,10000
SEP_p,max,3,0.9093698453734381,3.0,0,127,0.0,0.0,10000
SEP_p,max,3,0.9093698453734381,3.0,0,128,0.0,0.0,10000
SEP_p,max,3,0.9093698453734381,3.0,0,129,0.0,0.0,10000
SEP_p,max,3,0.9093698453734381,3.0,0,130,0.0,0.0,10000
SEP_p,max,3,0.9093698453734381,3.0,0,131,0.0,0.0,10000
SEP_p,max,3,0.9093698453734381,3.0,0,132,0.0,0.0,10000
SEP_p,max,3,0.9093698453734381,3.0,0,133,0.0,0.0,10000
SEP_p,max,3,0.9093698453734381,3.0,0,134,0.0,0.0,10000
SEP_p,max,3,0.9093698453734381,3.0,0,135,0.0,0.0,10000
SEP_p,max,3,0.9093698453734381,3.0,0,136,0.0,0.0,10000
SEP_p,max,3,0.9093698453734381,3.0,0,137,0.0,0.0,10000
SEP_p,max,3,0.9093698453734381,3.0,0,138,0.0,0.0,10000
SEP_p,max,3,0.9093698453734381,3.0,0,139,0.0,0.0,10000
SEP_p,max,3,0.9093698453734381,3.0,0,140,0.0,0.0,10000
SEP_p,max,3,0.9093698453734381,3.0,0,141,0.0,0.0,10000
SEP_p,max,3,0.9093698453734381,4.0,0,0,0.0,0.0,10000
SEP_p,max,3,0.9093698453734381,4.0,0,1,0.0,0.0,10000
SEP_p,max,3,0.9093698453734381,4.0,0,2,0.0,0.0,10000
SEP_p,max,3,0.9093698453734381,4.0,0,3,0.0,0.0,10000
SEP_p,max,3,0.9093698453734381,4.0,0,4,0.0,0.0,10000
SEP_p,max,3,0.9093698453734381,4.0,0,5,0.0,0.0,10000
SEP_p,max,3,0.9093698453734381,4.0,0,6,0.0,0.0,10000
SEP_p,max,3,0.9093698453734381,4.0,0,7,0.0,0.0,10000
SEP_p,max,3,0.9093698453734381,4.0,0,8,0.0,0.0,10000
SEP_p,max,3,0.9093698453734381,4.0,0,9,0.0,0.0,10000
SEP_p,max,3,0.9093698453734381,4.0,0,10,0.0,0.0,10000
SEP_p,max,3,0.9093698453734381,4.0,0,11,0.0,0.0,10000
SEP_p,max,3,0.9093698453734381,4.0,0,12,0.0,0.0,10000
SEP_p,max,3,0.9093698453734381,4.0,0,13,0.0,0.0,10000
SEP_p,max,3,0.9093698453734381,4.0,0,14,0.0,0.0,10000
SEP_p,max,3,0.9093698453734381,4.0,0,15,0.0,0.0,10000
SEP_p,max,3,0.9093698453734381,4.0,0,16,0.0,0.0,10000
SEP_p,max,3,0.9093698453734381,4.0,0,17,0.0,0.0,10000
SEP_p,max,3,0.9093698453734381,4.0,0,18,0.0,0.0,10000
SEP_p,max,3,0.9093698453734381,4.0,0,19,0.0,0.0,10000
SEP_p,max,3,0.9093698453734381,4.0,0,20,0.0,0.0,10000
SEP_p,max,3,0.9093698453734381,4.0,0,21,0.0,0.0,10000
SEP_p,max,3,0.9093698453734381,4.0,0,22,0.0,0.0,10000
SEP_p,max,3,0.9093698453734381,4.0,0,23,0.0,0.0,10000
SEP_p,max,3,0.9093698453734381,4.0,0,24,0.0,0.0,10000
SEP_p,max,3,0.9093698453734381,4.0,0,25,0.0,0.0,10000
SEP_p,max,3,0.9093698453734381,4.0,0,26,0.0,0.0,10000
SEP_p,max,3,0.9093698453734381,4.0,0,27,0.0,0.0,10000
SEP_p,max,3,0.9093698453734381,4.0,0,28,0.0,0.0,10000
SEP_p,max,3,0.9093698453734381,4.0,0,29,0.0,0.0,10000
SEP_p,max,3,0.9093698453734381,4.0,0,30,0.0,0.0,10000
SEP_p,max,3,0.9093698453734381,4.0,0,31,0.0,0.0,10000
SEP_p,max,3,0.9093698453734381,4.0,0,32,0.0,0.0,10000
SEP_p,max,3,0.9093698453734381,4.0,0,33,0.0,0.0,10000
SEP_p,max,3,0.9093698453734381,4.0,0,34,0.0,0.0,10000
SEP_p,max,3,0.9093698453734381,4.0,0,35,0.0,0.0,10000
SEP_p,max,3,0.9093698453734381,4.0,0,36,0.0,0.0,10000
SEP_p,max,3,0.9093698453734381,4.0,0,37,0.0,0.0,10000
SEP_p,max,3,0.9093698453734381,4.0,0,38,0.0,0.0,10000
SEP_p,max,3,0.9093698453734381,4.0,0,39,0.0,0.0,10000
SEP_p,max,3,0.9093698453734381,4.0,0,40,0.0,0.0,10000
SEP_p,max,3,0.9093698453734381,4.0,0,41,0.0,0.0,10000
SEP_p,max,3,0.9093698453734381,4.0,0,42,0.0,0.0,10000
SEP_p,max,3,0.9093698453734381,4.0,0,43,0.0,0.0,10000
SEP_p,max,3,0.9093698453734381,4.0,0,44,0.0,0.0,10000
SEP_p,max,3,0.9093698453734381,4.0,0,45,0.0,0.0,10000
SEP_p,max,3,0.9093698453734381,4.0,0,46,0.0,0.0,10000
SEP_p,max,3,0.9093698453734381,4.0,0,47,0.0,0.0,10000
SEP_p,max,3,0.9093698453734381,4.0,0,48,0.0,0.0,10000
SEP_p,max,3,0.9093698453734381,4.0,0,49,0.0,0.0,10000
SEP_p,max,3,0.9093698453734381,4.0,0,50,0.0,0.0,10000
SEP_p,max,3,0.9093698453734381,4.0,0,51,0.0,0.0,10000
SEP_p,max,3,0.9093698453734381,4.0,0,52,0.0,0.0,10000
SEP_p,max,3,0.9093698453734381,4.0,0,53,0.0,0.0,10000
SEP_p,max,3,0.9093698453734381,4.0,0,54,0.0,0.0,10000
SEP_p,max,3,0.9093698453734381,4.0,0,55,0.0,0.0,10000
SEP_p,max,3,0.9093698453734381,4.0,0,56,0.0,0.0,10000
SEP_p,max,3,0.9093698453734381,4.0,0,57,0.0,0.0,10000
SEP_p,max,3,0.9093698453734381,4.0,0,58,0.0,0.0,10000
SEP_p,max,3,0.9093698453734381,4.0,0,59,0.0,0.0,10000
SEP_p,max,3,0.9093698453734381,4.0,0,60,0.0,0.0,10000
SEP_p,max,3,0.9093698453734381,4.0,0,61,0.0,0.0,10000
SEP_p,max,3,0.9093698453734381,4.0,0,62,0.0,0.0,10000
SEP_p,max,3,0.9093698453734381,4.0,0,63,0.0,0.0,10000
SEP_p,max,3,0.9093698453734381,4.0,0,64,0.0,0.0,10000
SEP_p,max,3,0.9093698453734381,4.0,0,65,0.0,0.0,10000
SEP_p,max,3,0.9093698453734381,4.0,0,66,0.0,0.0,10000
SEP_p,max,3,0.9093698453734381,4.0,0,67,0.0,0.0,10000
SEP_p,max,3,0.9093698453734381,4.0,0,68,0.0,0.0,10000
SEP_p,max,3,0.9093698453734381,4.0,0,69,0.0,0.0,10000
SEP_p,max,3,0.9093698453734381,4.0,0,70,0.0,0.0,10000
SEP_p,max,3,0.9093698453734381,4.0,0,71,0.0,0.0,10000
SEP_p,max,3,0.9093698453734381,4.0,0,72,0.0,0.0,10000
SEP_p,max,3,0.9093698453734381,4.0,0,73,0.0,0.0,10000
SEP_p,max,3,0.9093698453734381,4.0,0,74,0.0,0.0,10000
SEP_p,max,3,0.9093698453734381,4.0,0,75,0.0,0.0,10000
SEP_p,max,3,0.9093698453734381,4.0,0,76,0.0,0.0,10000
SEP_p,max,3,0.9093698453734381,4.0,0,77,0.0,0.0,10000
SEP_p,max,3,0.9093698453734381,4.0,0,78,0.0,0.0,10000
SEP_p,max,3,0.9093698453734381,4.0,0,79,0.0,0.0,10000
SEP_p,max,3,0.9093698453734381,4.0,0,80,0.0,0.0,10000
SEP_p,max,3,0.9093698453734381,4.0,0,81,0.0,0.0,10000
SEP_p,max,3,0.9093698453734381,4.0,0,82,0.0,0.0,10000
SEP_p,max,3,0.9093698453734381,4.0,0,83,0.0,0.0,10000
SEP_p,max,3,0.9093698453734381,4.0,0,84,0.0,0.0,10000
SEP_p,max,3,0.9093698453734381,4.0,0,85,0.0,0.0,10000
SEP_p,max,3,0.9093698453734381,4.0,0,86,0.0,0.0,10000
SEP_p,max,3,0.9093698453734381,4.0,0,87,0.0,0.0,10000
SEP_p,max,3,0.9093698453734381,4.0,0,88,0.0,0.0,10000
SEP_p,max,3,0.9093698453734381,4.0,0,89,0.0,0.0,10000
SEP_p,max,3,0.9093698453734381,4.0,0,90,0.0,0.0,10000
SEP_p,max,3,0.9093698453734381,4.0,0,91,0.0,0.0,10000
SEP_p,max,3,0.9093698453734381,4.0,0,92,0.0,0.0,10000
SEP_p,max,3,0.9093698453734381,4.0,0,93,0.0,0.0,10000
SEP_p,max,3,0.9093698453734381,4.0,0,94,0.0,0.0,10000
SEP_p,max,3,0.9093698453734381,4.0,0,95,0.0,0.0,10000
SEP_p,max,3,0.9093698453734381,4.0,0,96,0.0,0.0,10000
SEP_p,max,3,0.9093698453734381,4.0,0,97,0.0,0.0,10000
SEP_p,max,3,0.9093698453734381,4.0,0,98,0.0,0.0,10000
SEP_p,max,3,0.9093698453734381,4.0,0,99,0.0,0.0,10000
SEP_p,max,3,0.9093698453734381,4.0,0,100,0.0,0.0,10000
SEP_p,max,3,0.9093698453734381,4.0,0,101,0.0,0.0,10000
SEP_p,max,3,0.9093698453734381,4.0,0,102,0.0,0.0,10000
SEP_p,max,3,0.9093698453734381,4.0,0,103,0.0,0.0,10000
SEP_p,max,3,0.9093698453734381,4.0,0,104,0.0,0.0,10000
SEP_p,max,3,0.9093698453734381,4.0,0,105,0.0,0.0,10000
SEP_p,max,3,0.9093698453734381,4.0,0,106,0.0,0.0,10000
SEP_p,max,3,0.9093698453734381,4.0,0,107,0.0,0.0,10000
SEP_p,max,3,0.9093698453734381,4.0,0,108,0.0,0.0,10000
SEP_p,max,3,0.9093698453734381,4.0,0,109,0.0,0.0,10000
SEP_p,max,3,0.9093698453734381,4.0,0,110,0.0,0.0,10000
SEP_p,max,3,0.9093698453734381,4.0,0,111,0.0,0.0,10000
SEP_p,max,3,0.9093698453734381,4.0,0,112,0.0,0.0,10000
SEP_p,max,3,0.9093698453734381,4.0,0,113,0.0,0.0,10000
SEP_p,max,3,0.9093698453734381,4.0,0,114,0.0,0.0,10000
SEP_p,max,3,0.9093698453734381,4.0,0,115,0.0,0.0,10000
SEP_p,max,3,0.9093698453734381,4.0,0,116,0.0,0.0,10000
SEP_p,max,3,0.9093698453734381,4.0,0,117,0.0,0.0,10000
SEP_p,max,3,0.9093698453734381,4.0,0,118,0.0,0.0,10000
SEP_p,max,3,0.9093698453734381,4.0,0,119,0.0,0.0,10000
SEP_p,max,3,0.9093698453734381,4.0,0,120,0.0,0.0,10000
SEP_p,max,3,0.9093698453734381,4.0,0,121,0.0,0.0,10000
SEP_p,max,3,0.9093698453734381,4.0,0,122,0.0,0.0,10000
SEP_p,max,3,0.9093698453734381,4.0,0,123,0.0,0.0,10000
SEP_p,max,3,0.9093698453734381,4.0,0,124,0.0,0.0,10000
SEP_p,max,3,0.9093698453734381,4.0,0,125,0.0,0.0,10000
SEP_p,max,3,0.9093698453734381,4.0,0,126,0.0,0.0,10000
SEP_p,max,3,0.9093698453734381,4.0,0,127,0.0,0.0,10000
SEP_p,max,3,0.9093698453734381,4.0,0,128,0.0,0.0,10000
SEP_p,max,3,0.9093698453734381,4.0,0,129,0.0,0.0,10000
SEP_p,max,3,0.9093698453734381,4.0,0,130,0.0,0.0,10000
SEP_p,max,3,0.9093698453734381,4.0,0,131,0.0,0.0,10000
SEP_p,max,3,0.9093698453734381,4.0,0,132,0.0,0.0,10000
SEP_p,max,3,0.9093698453734381,4.0,0,133,0.0,0.0,10000
SEP_p,max,3,0.9093698453734381,4.0,0,134,0.0,0.0,10000
SEP_p,max,3,0.9093698453734381,4.0,0,135,0.0,0.0,10000
SEP_p,max,3,0.9093698453734381,4.0,0,136,0.0,0.0,10000
SEP_p,max,3,0.9093698453734381,4.0,0,137,0.0,0.0,10000
SEP_p,max,3,0.9093698453734381,4.0,0,138,0.0,0.0,10000
SEP_p,max,3,0.9093698453734381,4.0,0,139,0.0,0.0,10000
SEP_p,max,3,0.9093698453734381,4.0,0,140,0.0,0.0,10000
SEP_p,max,3,0.9093698453734381,4.0,0,141,0.0,0.0,10000
SEP_p,max,4,3.2989877718762846,2.0,0,0,0.0,0.0,10000
SEP_p,max,4,3.2989877718762846,2.0,0,1,0.0,0.0,10000
SEP_p,max,4,3.2989877718762846,2.0,0,2,0.0,0.0,10000
SEP_p,max,4,3.2989877718762846,2.0,0,3,0.0,0.0,10000
SEP_p,max,4,3.2989877718762846,2.0,0,4,0.0,0.0,10000
SEP_p,max,4,3.2989877718762846,2.0,0,5,0.0,0.0,10000
SEP_p,max,4,3.2989877718762846,2.0,0,6,0.0,0.0,10000
SEP_p,max,4,3.2989877718762846,2.0,0,7,0.0,0.0,10000
SEP_p,max,4,3.2989877718762846,2.0,0,8,0.0,0.0,10000
SEP_p,max,4,3.2989877718762846,2.0,0,9,0.0,0.0,10000
SEP_p,max,4,3.2989877718762846,2.0,0,10,0.0,0.0,10000
SEP_p,max,4,3.2989877718762846,2.0,0,11,0.0,0.0,10000
SEP_p,max,4,3.2989877718762846,2.0,0,12,0.0,0.0,10000
SEP_p,max,4,3.2989877718762846,2.0,0,13,0.0,0.0,10000
SEP_p,max,4,3.2989877718762846,2.0,0,14,0.0,0.0,10000
SEP_p,max,4,3.2989877718762846,2.0,0,15,0.0,0.0,10000
SEP_p,max,4,3.2989877718762846,2.0,0,16,0.0,0.0,10000
SEP_p,max,4,3.2989877718762846,2.0,0,17,0.0,0.0,10000
SEP_p,max,4,3.2989877718762846,2.0,0,18,0.0,0.0,10000
SEP_p,max,4,3.2989877718762846,2.0,0,19,0.0,0.0,10000
SEP_p,max,4,3.2989877718762846,2.0,0,20,0.0,0.0,10000
SEP_p,max,4,3.2989877718762846,2.0,0,21,0.0,0.0,10000
SEP_p,max,4,3.2989877718762846,2.0,0,22,0.0,0.0,10000
SEP_p,max,4,3.2989877718762846,2.0,0,23,0.0,0.0,10000
SEP_p,max,4,3.2989877718762846,2.0,0,24,0.0,0.0,10000
SEP_p,max,4,3.2989877718762846,2.0,0,25,0.0,0.0,10000
SEP_p,max,4,3.2989877718762846,2.0,0,26,0.0,0.0,10000
SEP_p,max,4,3.2989877718762846,2.0,0,27,0.0,0.0,10000
SEP_p,max,4,3.2989877718762846,2.0,0,28,0.0,0.0,10000
SEP_p,max,4,3.2989877718762846,2.0,0,29,0.0,0.0,10000
SEP_p,max,4,3.2989877718762846,2.0,0,30,0.0,0.0,10000
SEP_p,max,4,3.2989877718762846,2.0,0,31,0.0,0.0,10000
SEP_p,max,4,3.2989877718762846,2.0,0,32,0.0,0.0,10000
SEP_p,max,4,3.2989877718762846,2.0,0,33,0.0,0.0,10000
SEP_p,max,4,3.2989877718762846,2.0,0,34,0.0,0.0,10000
SEP_p,max,4,3.2989877718762846,2.0,0,35,0.0,0.0,10000
SEP_p,max,4,3.2989877718762846,2.0,0,36,0.0,0.0,10000
SEP_p,max,4,3.2989877718762846,2.0,0,37,0.0,0.0,10000
SEP_p,max,4,3.2989877718762846,2.0,0,38,0.0,0.0,10000
SEP_p,max,4,3.2989877718762846,2.0,0,39,0.0,0.0,10000
SEP_p,max,4,3.2989877718762846,2.0,0,40,0.0,0.0,10000
SEP_p,max,4,3.2989877718762846,2.0,0,41,0.0,0.0,10000
SEP_p,max,4,3.2989877718762846,2.0,0,42,0.0,0.0,10000
SEP_p,max,4,3.2989877718762846,2.0,0,43,0.0,0.0,10000
SEP_p,max,4,3.2989877718762846,2.0,0,44,0.0,0.0,10000
SEP_p,max,4,3.2989877718762846,2.0,0,45,0.0,0.0,10000
SEP_p,max,4,3.2989877718762846,2.0,0,46,0.0,0.0,10000
SEP_p,max,4,3.2989877718762846,2.0,0,47,0.0,0.0,10000
SEP_p,max,4,3.2989877718762846,2.0,0,48,0.0,0.0,10000
SEP_p,max,4,3.2989877718762846,2.0,0,49,0.0,0.0,10000
SEP_p,max,4,3.2989877718762846,2.0,0,50,0.0,0.0,10000
SEP_p,max,4,3.2989877718762846,2.0,0,51,0.0,0.0,10000
SEP_p,max,4,3.2989877718762846,2.0,0,52,0.0,0.0,10000
SEP_p,max,4,3.2989877718762846,2.0,0,53,0.0,0.0,10000
SEP_p,max,4,3.2989877718762846,2.0,0,54,0.0,0.0,10000
SEP_p,max,4,3.2989877718762846,2.0,0,55,0.0,0.0,10000
SEP_p,max,4,3.2989877718762846,2.0,0,56,0.0,0.0,10000
SEP_p,max,4,3.2989877718762846,2.0,0,57,0.0,0.0,10000
SEP_p,max,4,3.2989877718762846,2.0,0,58,0.0,0.0,10000
SEP_p,max,4,3.2989877718762846,2.0,0,59,0.0,0.0,10000
SEP_p,max,4,3.2989877718762846,2.0,0,60,0.0,0.0,10000
SEP_p,max,4,3.2989877718762846,2.0,0,61,0.0,0.0,10000
SEP_p,max,4,3.2989877718762846,2.0,0,62,0.0,0.0,10000
SEP_p,max,4,3.2989877718762846,2.0,0,63,0.0,0.0,10000
SEP_p,max,4,3.2989877718762846,2.0,0,64,0.0,0.0,10000
SEP_p,max,4,3.2989877718762846,2.0,0,65,0.0,0.0,10000
SEP_p,max,4,3.2989877718762846,2.0,0,66,0.0,0.0,10000
SEP_p,max,4,3.2989877718762846,2.0,0,67,0.0,0.0,10000
SEP_p,max,4,3.2989877718762846,2.0,0,68,0.0,0.0,10000
SEP_p,max,4,3.2989877718762846,2.0,0,69,0.0,0.0,10000
SEP_p,max,4,3.2989877718762846,2.0,0,70,0.0,0.0,10000
SEP_p,max,4,3.2989877718762846,2.0,0,71,0.0,0.0,10000
SEP_p,max,4,3.2989877718762846,2.0,0,72,0.0,0.0,10000
SEP_p,max,4,3.2989877718762846,2.0,0,73,0.0,0.0,10000
SEP_p,max,4,3.2989877718762846,2.0,0,74,0.0,0.0,10000
SEP_p,max,4,3.2989877718762846,2.0,0,75,0.0,0.0,10000
SEP_p,max,4,3.2989877718762846,2.0,0,76,0.0,0.0,10000
SEP_p,max,4,3.2989877718762846,2.0,0,77,0.0,0.0,10000
SEP_p,max,4,3.2989877718762846,2.0,0,78,0.0,0.0,10000
SEP_p,max,4,3.2989877718762846,2.0,0,79,0.0,0.0,10000
SEP_p,max,4,3.2989877718762846,2.0,0,80,0.0,0.0,10000
SEP_p,max,4,3.2989877718762846,2.0,0,81,0.0,0.0,10000
SEP_p,max,4,3.2989877718762846,2.0,0,82,0.0,0.0,10000
SEP_p,max,4,3.2989877718762846,2.0,0,83,0.0,0.0,10000
SEP_p,max,4,3.2989877718762846,2.0,0,84,0.0,0.0,10000
SEP_p,max,4,3.2989877718762846,2.0,0,85,0.0,0.0,10000
SEP_p,max,4,3.2989877718762846,2.0,0,86,0.0,0.0,10000
SEP_p,max,4,3.2989877718762846,2.0,0,87,0.0,0.0,10000
SEP_p,max,4,3.2989877718762846,2.0,0,88,0.0,0.0,10000
SEP_p,max,4,3.2989877718762846,2.0,0,89,0.0,0.0,10000
SEP_p,max,4,3.2989877718762846,2.0,0,90,0.0,0.0,10000
SEP_p,max,4,3.2989877718762846,2.0,0,91,0.0,0.0,10000
SEP_p,max,4,3.2989877718762846,2.0,0,92,0.0,0.0,10000
SEP_p,max,4,3.2989877718762846,2.0,0,93,0.0,0.0,10000
SEP_p,max,4,3.2989877718762846,2.0,0,94,0.0,0.0,10000
SEP_p,max,4,3.2989877718762846,2.0,0,95,0.0,0.0,10000
SEP_p,max,4,3.2989877718762846,2.0,0,96,0.0,0.0,10000
SEP_p,max,4,3.2989877718762846,2.0,0,97,0.0,0.0,10000
SEP_p,max,4,3.2989877718762846,2.0,0,98,0.0,0.0,10000
SEP_p,max,4,3.2989877718762846,2.0,0,99,0.0,0.0,10000
SEP_p,max,4,3.2989877718762846,2.0,0,100,0.0,0.0,10000
SEP_p,max,4,3.2989877718762846,2.0,0,101,0.0,0.0,10000
SEP_p,max,4,3.2989877718762846,2.0,0,102,0.0,0.0,10000
SEP_p,max,4,3.2989877718762846,2.0,0,103,0.0,0.0,10000
SEP_p,max,4,3.2989877718762846,2.0,0,104,0.0,0.0,10000
SEP_p,max,4,3.2989877718762846,2.0,0,105,0.0,0.0,10000
SEP_p,max,4,3.2989877718762846,2.0,0,106,0.0,0.0,10000
SEP_p,max,4,3.2989877718762846,2.0,0,107,0.0,0.0,10000
SEP_p,max,4,3.2989877718762846,2.0,0,108,0.0,0.0,10000
SEP_p,max,4,3.2989877718762846,2.0,0,109,0.0,0.0,10000
SEP_p,max,4,3.2989877718762846,2.0,0,110,0.0,0.0,10000
SEP_p,max,4,3.2989877718762846,2.0,0,111,0.0,0.0,10000
SEP_p,max,4,3.2989877718762846,2.0,0,112,0.0,0.0,10000
SEP_p,max,4,3.2989877718762846,2.0,0,113,0.0,0.0,10000
SEP_p,max,4,3.2989877718762846,2.0,0,114,0.0,0.0,10000
SEP_p,max,4,3.2989877718762846,2.0,0,115,0.0,0.0,10000
SEP_p,max,4,3.2989877718762846,2.0,0,116,0.0,0.0,10000
SEP_p,max,4,3.2989877718762846,2.0,0,117,0.0,0.0,10000
SEP_p,max,4,3.2989877718762846,2.0,0,118,0.0,0.0,10000
SEP_p,max,4,3.2989877718762846,2.0,0,119,0.0,0.0,10000
SEP_p,max,4,3.2989877718762846,2.0,0,120,0.0,0.0,10000
SEP_p,max,4,3.2989877718762846,2.0,0,121,0.0,0.0,10000
SEP_p,max,4,3.2989877718762846,2.0,0,122,0.0,0.0,10000
SEP_p,max,4,3.2989877718762846,2.0,0,123,0.0,0.0,10000
SEP_p,max,4,3.2989877718762846,2.0,0,124,0.0,0.0,10000
SEP_p,max,4,3.2989877718762846,2.0,0,125,0.0,0.0,10000
SEP_p,max,4,3.2989877718762846,2.0,0,126,0.0,0.0,10000
SEP_p,max,4,3.2989877718762846,2.0,0,127,0.0,0.0,10000
SEP_p,max,4,3.2989877718762846,2.0,0,128,0.0,0.0,10000
SEP_p,max,4,3.2989877718762846,2.0,0,129,0.0,0.0,10000
SEP_p,max,4,3.2989877718762846,2.0,0,130,0.0,0.0,10000
SEP_p,max,4,3.2989877718762846,2.0,0,131,0.0,0.0,10000
SEP_p,max,4,3.2989877718762846,2.0,0,132,0.0,0.0,10000
SEP_p,max,4,3.2989877718762846,2.0,0,133,0.0,0.0,10000
SEP_p,max,4,3.2989877718762846,2.0,0,134,0.0,0.0,10000
SEP_p,max,4,3.2989877718762846,2.0,0,135,0.0,0.0,10000
SEP_p,max,4,3.2989877718762846,2.0,0,136,0.0,0.0,10000
SEP_p,max,4,3.2989877718762846,2.0,0,137,0.0,0.0,10000
SEP_p,max,4,3.2989877718762846,2.0,0,138,0.0,0.0,10000
SEP_p,max,4,3.2989877718762846,2.0,0,139,0.0,0.0,10000
SEP_p,max,4,3.2989877718762846,2.0,0,140,0.0,0.0,10000
SEP_p,max,4,3.2989877718762846,2.0,0,141,0.0,0.0,10000
SEP_p,max,4,3.2989877718762846,3.0,0,0,0.0,0.0,10000
SEP_p,max,4,3.2989877718762846,3.0,0,1,0.0,0.0,10000
SEP_p,max,4,3.2989877718762846,3.0,0,2,0.0,0.0,10000
SEP_p,max,4,3.2989877718762846,3.0,0,3,0.0,0.0,10000
SEP_p,max,4,3.2989877718762846,3.0,0,4,0.0,0.0,10000
SEP_p,max,4,3.2989877718762846,3.0,0,5,0.0,0.0,10000
SEP_p,max,4,3.2989877718762846,3.0,0,6,0.0,0.0,10000
SEP_p,max,4,3.2989877718762846,3.0,0,7,0.0,0.0,10000
SEP_p,max,4,3.2989877718762846,3.0,0,8,0.0,0.0,10000
SEP_p,max,4,3.2989877718762846,3.0,0,9,0.0,0.0,10000
SEP_p,max,4,3.2989877718762846,3.0,0,10,0.0,0.0,10000
SEP_p,max,4,3.2989877718762846,3.0,0,11,0.0,0.0,10000
SEP_p,max,4,3.2989877718762846,3.0,0,12,0.0,0.0,10000
SEP_p,max,4,3.2989877718762846,3.0,0,13,0.0,0.0,10000
SEP_p,max,4,3.2989877718762846,3.0,0,14,0.0,0.0,10000
SEP_p,max,4,3.2989877718762846,3.0,0,15,0.0,0.0,10000
SEP_p,max,4,3.2989877718762846,3.0,0,16,0.0,0.0,10000
SEP_p,max,4,3.2989877718762846,3.0,0,17,0.0,0.0,10000
SEP_p,max,4,3.2989877718762846,3.0,0,18,0.0,0.0,10000
SEP_p,max,4,3.2989877718762846,3.0,0,19,0.0,0.0,10000
SEP_p,max,4,3.2989877718762846,3.0,0,20,0.0,0.0,10000
SEP_p,max,4,3.2989877718762846,3.0,0,21,0.0,0.0,10000
SEP_p,max,4,3.2989877718762846,3.0,0,22,0.0,0.0,10000
SEP_p,max,4,3.2989877718762846,3.0,0,23,0.0,0.0,10000
SEP_p,max,4,3.2989877718762846,3.0,0,24,0.0,0.0,10000
SEP_p,max,4,3.2989877718762846,3.0,0,25,0.0,0.0,10000
SEP_p,max,4,3.2989877718762846,3.0,0,26,0.0,0.0,10000
SEP_p,max,4,3.2989877718762846,3.0,0,27,0.0,0.0,10000
SEP_p,max,4,3.2989877718762846,3.0,0,28,0.0,0.0,10000
SEP_p,max,4,3.2989877718762846,3.0,0,29,0.0,0.0,10000
SEP_p,max,4,3.2989877718762846,3.0,0,30,0.0,0.0,10000
SEP_p,max,4,3.2989877718762846,3.0,0,31,0.0,0.0,10000
SEP_p,max,4,3.2989877718762846,3.0,0,32,0.0,0.0,10000
SEP_p,max,4,3.2989877718762846,3.0,0,33,0.0,0.0,10000
SEP_p,max,4,3.2989877718762846,3.0,0,34,0.0,0.0,10000
SEP_p,max,4,3.2989877718762846,3.0,0,35,0.0,0.0,10000
SEP_p,max,4,3.2989877718762846,3.0,0,36,0.0,0.0,10000
SEP_p,max,4,3.2989877718762846,3.0,0,37,0.0,0.0,10000
SEP_p,max,4,3.2989877718762846,3.0,0,38,0.0,0.0,10000
SEP_p,max,4,3.2989877718762846,3.0,0,39,0.0,0.0,10000
SEP_p,max,4,3.2989877718762846,3.0,0,40,0.0,0.0,10000
SEP_p,max,4,3.2989877718762846,3.0,0,41,0.0,0.0,10000
SEP_p,max,4,3.2989877718762846,3.0,0,42,0.0,0.0,10000
SEP_p,max,4,3.2989877718762846,3.0,0,43,0.0,0.0,10000
SEP_p,max,4,3.2989877718762846,3.0,0,44,0.0,0.0,10000
SEP_p,max,4,3.2989877718762846,3.0,0,45,0.0,0.0,10000
SEP_p,max,4,3.2989877718762846,3.0,0,46,0.0,0.0,10000
SEP_p,max,4,3.2989877718762846,3.0,0,47,0.0,0.0,10000
SEP_p,max,4,3.2989877718762846,3.0,0,48,0.0,0.0,10000
SEP_p,max,4,3.2989877718762846,3.0,0,49,0.0,0.0,10000
SEP_p,max,4,3.2989877718762846,3.0,0,50,0.0,0.0,10000
SEP_p,max,4,3.2989877718762846,3.0,0,51,0.0,0.0,10000
SEP_p,max,4,3.2989877718762846,3.0,0,52,0.0,0.0,10000
SEP_p,max,4,3.2989877718762846,3.0,0,53,0.0,0.0,10000
SEP_p,max,4,3.2989877718762846,3.0,0,54,0.0,0.0,10000
SEP_p,max,4,3.2989877718762846,3.0,0,55,0.0,0.0,10000
SEP_p,max,4,3.2989877718762846,3.0,0,56,0.0,0.0,10000
SEP_p,max,4,3.2989877718762846,3.0,0,57,0.0,0.0,10000
SEP_p,max,4,3.2989877718762846,3.0,0,58,0.0,0.0,10000
SEP_p,max,4,3.2989877718762846,3.0,0,59,0.0,0.0,10000
SEP_p,max,4,3.2989877718762846,3.0,0,60,0.0,0.0,10000
SEP_p,max,4,3.2989877718762846,3.0,0,61,0.0,0.0,10000
SEP_p,max,4,3.2989877718762846,3.0,0,62,0.0,0.0,10000
SEP_p,max,4,3.2989877718762846,3.0,0,63,0.0,0.0,10000
SEP_p,max,4,3.2989877718762846,3.0,0,64,0.0,0.0,10000
SEP_p,max,4,3.2989877718762846,3.0,0,65,0.0,0.0,10000
SEP_p,max,4,3.2989877718762846,3.0,0,66,0.0,0.0,10000
SEP_p,max,4,3.2989877718762846,3.0,0,67,0.0,0.0,10000
SEP_p,max,4,3.2989877718762846,3.0,0,68,0.0,0.0,10000
SEP_p,max,4,3.2989877718762846,3.0,0,69,0.0,0.0,10000
SEP_p,max,4,3.2989877718762846,3.0,0,70,0.0,0.0,10000
SEP_p,max,4,3.2989877718762846,3.0,0,71,0.0,0.0,10000
SEP_p,max,4,3.2989877718762846,3.0,0,72,0.0,0.0,10000
SEP_p,max,4,3.2989877718762846,3.0,0,73,0.0,0.0,10000
SEP_p,max,4,3.2989877718762846,3.0,0,74,0.0,0.0,10000
SEP_p,max,4,3.2989877718762846,3.0,0,75,0.0,0.0,10000
SEP_p,max,4,3.2989877718762846,3.0,0,76,0.0,0.0,10000
SEP_p,max,4,3.2989877718762846,3.0,0,77,0.0,0.0,10000
SEP_p,max,4,3.2989877718762846,3.0,0,78,0.0,0.0,10000
SEP_p,max,4,3.2989877718762846,3.0,0,79,0.0,0.0,10000
SEP_p,max,4,3.2989877718762846,3.0,0,80,0.0,0.0,10000
SEP_p,max,4,3.2989877718762846,3.0,0,81,0.0,0.0,10000
SEP_p,max,4,3.2989877718762846,3.0,0,82,0.0,0.0,10000
SEP_p,max,4,3.2989877718762846,3.0,0,83,0.0,0.0,10000
SEP_p,max,4,3.2989877718762846,3.0,0,84,0.0,0.0,10000
SEP_p,max,4,3.2989877718762846,3.0,0,85,0.0,0.0,10000
SEP_p,max,4,3.2989877718762846,3.0,0,86,0.0,0.0,10000
SEP_p,max,4,3.2989877718762846,3.0,0,87,0.0,0.0,10000
SEP_p,max,4,3.2989877718762846,3.0,0,88,0.0,0.0,10000
SEP_p,max,4,3.2989877718762846,3.0,0,89,0.0,0.0,10000
SEP_p,max,4,3.2989877718762846,3.0,0,90,0.0,0.0,10000
SEP_p,max,4,3.2989877718762846,3.0,0,91,0.0,0.0,10000
SEP_p,max,4,3.2989877718762846,3.0,0,92,0.0,0.0,10000
SEP_p,max,4,3.2989877718762846,3.0,0,93,0.0,0.0,10000
SEP_p,max,4,3.2989877718762846,3.0,0,94,0.0,0.0,10000
SEP_p,max,4,3.2989877718762846,3.0,0,95,0.0,0.0,10000
SEP_p,max,4,3.2989877718762846,3.0,0,96,0.0,0.0,10000
SEP_p,max,4,3.2989877718762846,3.0,0,97,0.0,0.0,10000
SEP_p,max,4,3.2989877718762846,3.0,0,98,0.0,0.0,10000
SEP_p,max,4,3.2989877718762846,3.0,0,99,0.0,0.0,10000
SEP_p,max,4,3.2989877718762846,3.0,0,100,0.0,0.0,10000
SEP_p,max,4,3.2989877718762846,3.0,0,101,0.0,0.0,10000
SEP_p,max,4,3.2989877718762846,3.0,0,102,0.0,0.0,10000
SEP_p,max,4,3.2989877718762846,3.0,0,103,0.0,0.0,10000
SEP_p,max,4,3.2989877718762846,3.0,0,104,0.0,0.0,10000
SEP_p,max,4,3.2989877718762846,3.0,0,105,0.0,0.0,10000
SEP_p,max,4,3.2989877718762846,3.0,0,106,0.0,0.0,10000
SEP_p,max,4,3.2989877718762846,3.0,0,107,0.0,0.0,10000
SEP_p,max,4,3.2989877718762846,3.0,0,108,0.0,0.0,10000
SEP_p,max,4,3.2989877718762846,3.0,0,109,0.0,0.0,10000
SEP_p,max,4,3.2989877718762846,3.0,0,110,0.0,0.0,10000
SEP_p,max,4,3.2989877718762846,3.0,0,111,0.0,0.0,10000
SEP_p,max,4,3.2989877718762846,3.0,0,112,0.0,0.0,10000
SEP_p,max,4,3.2989877718762846,3.0,0,113,0.0,0.0,10000
SEP_p,max,4,3.2989877718762846,3.0,0,114,0.0,0.0,10000
SEP_p,max,4,3.2989877718762846,3.0,0,115,0.0,0.0,10000
SEP_p,max,4,3.2989877718762846,3.0,0,116,0.0,0.0,10000
SEP_p,max,4,3.2989877718762846,3.0,0,117,0.0,0.0,10000
SEP_p,max,4,3.2989877718762846,3.0,0,118,0.0,0.0,10000
SEP_p,max,4,3.2989877718762846,3.0,0,119,0.0,0.0,10000
SEP_p,max,4,3.2989877718762846,3.0,0,120,0.0,0.0,10000
SEP_p,max,4,3.2989877718762846,3.0,0,121,0.0,0.0,10000
SEP_p,max,4,3.2989877718762846,3.0,0,122,0.0,0.0,10000
SEP_p,max,4,3.2989877718762846,3.0,0,123,0.0,0.0,10000
SEP_p,max,4,3.2989877718762846,3.0,0,124,0.0,0.0,10000
SEP_p,max,4,3.2989877718762846,3.0,0,125,0.0,0.0,10000
SEP_p,max,4,3.2989877718762846,3.0,0,126,0.0,0.0,10000
SEP_p,max,4,3.2989877718762846,3.0,0,127,0.0,0.0,10000
SEP_p,max,4,3.2989877718762846,3.0,0,128,0.0,0.0,10000
SEP_p,max,4,3.2989877718762846,3.0,0,129,0.0,0.0,10000
SEP_p,max,4,3.2989877718762846,3.0,0,130,0.0,0.0,10000
SEP_p,max,4,3.2989877718762846,3.0,0,131,0.0,0.0,10000
SEP_p,max,4,3.2989877718762846,3.0,0,132,0.0,0.0,10000
SEP_p,max,4,3.2989877718762846,3.0,0,133,0.0,0.0,10000
SEP_p,max,4,3.2989877718762846,3.0,0,134,0.0,0.0,10000
SEP_p,max,4,3.2989877718762846,3.0,0,135,0.0,0.0,10000
SEP_p,max,4,3.2989877718762846,3.0,0,136,0.0,0.0,10000
SEP_p,max,4,3.2989877718762846,3.0,0,137,0.0,0.0,10000
SEP_p,max,4,3.2989877718762846,3.0,0,138,0.0,0.0,10000
SEP_p,max,4,3.2989877718762846,3.0,0,139,0.0,0.0,10000
SEP_p,max,4,3.2989877718762846,3.0,0,140,0.0,0.0,10000
SEP_p,max,4,3.2989877718762846,3.0,0,141,0.0,0.0,10000
SEP_p,max,4,3.2989877718762846,4.0,0,0,0.0,0.0,10000
SEP_p,max,4,3.2989877718762846,4.0,0,1,0.0,0.0,10000
SEP_p,max,4,3.2989877718762846,4.0,0,2,0.0,0.0,10000
SEP_p,max,4,3.2989877718762846,4.0,0,3,0.0,0.0,10000
SEP_p,max,4,3.2989877718762846,4.0,0,4,0.0,0.0,10000
SEP_p,max,4,3.2989877718762846,4.0,0,5,0.0,0.0,10000
SEP_p,max,4,3.2989877718762846,4.0,0,6,0.0,0.0,10000
SEP_p,max,4,3.2989877718762846,4.0,0,7,0.0,0.0,10000
SEP_p,max,4,3.2989877718762846,4.0,0,8,0.0,0.0,10000
SEP_p,max,4,3.2989877718762846,4.0,0,9,0.0,0.0,10000
SEP_p,max,4,3.2989877718762846,4.0,0,10,0.0,0.0,10000
SEP_p,max,4,3.2989877718762846,4.0,0,11,0.0,0.0,10000
SEP_p,max,4,3.2989877718762846,4.0,0,12,0.0,0.0,10000
SEP_p,max,4,3.2989877718762846,4.0,0,13,0.0,0.0,10000
SEP_p,max,4,3.2989877718762846,4.0,0,14,0.0,0.0,10000
SEP_p,max,4,3.2989877718762846,4.0,0,15,0.0,0.0,10000
SEP_p,max,4,3.2989877718762846,4.0,0,16,0.0,0.0,10000
SEP_p,max,4,3.2989877718762846,4.0,0,17,0.0,0.0,10000
SEP_p,max,4,3.2989877718762846,4.0,0,18,0.0,0.0,10000
SEP_p,max,4,3.2989877718762846,4.0,0,19,0.0,0.0,10000
SEP_p,max,4,3.2989877718762846,4.0,0,20,0.0,0.0,10000
SEP_p,max,4,3.2989877718762846,4.0,0,21,0.0,0.0,10000
SEP_p,max,4,3.2989877718762846,4.0,0,22,0.0,0.0,10000
SEP_p,max,4,3.2989877718762846,4.0,0,23,0.0,0.0,10000
SEP_p,max,4,3.2989877718762846,4.0,0,24,0.0,0.0,10000
SEP_p,max,4,3.2989877718762846,4.0,0,25,0.0,0.0,10000
SEP_p,max,4,3.2989877718762846,4.0,0,26,0.0,0.0,10000
SEP_p,max,4,3.2989877718762846,4.0,0,27,0.0,0.0,10000
SEP_p,max,4,3.2989877718762846,4.0,0,28,0.0,0.0,10000
SEP_p,max,4,3.2989877718762846,4.0,0,29,0.0,0.0,10000
SEP_p,max,4,3.2989877718762846,4.0,0,30,0.0,0.0,10000
SEP_p,max,4,3.2989877718762846,4.0,0,31,0.0,0.0,10000
SEP_p,max,4,3.2989877718762846,4.0,0,32,0.0,0.0,10000
SEP_p,max,4,3.2989877718762846,4.0,0,33,0.0,0.0,10000
SEP_p,max,4,3.2989877718762846,4.0,0,34,0.0,0.0,10000
SEP_p,max,4,3.2989877718762846,4.0,0,35,0.0,0.0,10000
SEP_p,max,4,3.2989877718762846,4.0,0,36,0.0,0.0,10000
SEP_p,max,4,3.2989877718762846,4.0,0,37,0.0,0.0,10000
SEP_p,max,4,3.2989877718762846,4.0,0,38,0.0,0.0,10000
SEP_p,max,4,3.2989877718762846,4.0,0,39,0.0,0.0,10000
SEP_p,max,4,3.2989877718762846,4.0,0,40,0.0,0.0,10000
SEP_p,max,4,3.2989877718762846,4.0,0,41,0.0,0.0,10000
SEP_p,max,4,3.2989877718762846,4.0,0,42,0.0,0.0,10000
SEP_p,max,4,3.2989877718762846,4.0,0,43,0.0,0.0,10000
SEP_p,max,4,3.2989877718762846,4.0,0,44,0.0,0.0,10000
SEP_p,max,4,3.2989877718762846,4.0,0,45,0.0,0.0,10000
SEP_p,max,4,3.2989877718762846,4.0,0,46,0.0,0.0,10000
SEP_p,max,4,3.2989877718762846,4.0,0,47,0.0,0.0,10000
SEP_p,max,4,3.2989877718762846,4.0,0,48,0.0,0.0,10000
SEP_p,max,4,3.2989877718762846,4.0,0,49,0.0,0.0,10000
SEP_p,max,4,3.2989877718762846,4.0,0,50,0.0,0.0,10000
SEP_p,max,4,3.2989877718762846,4.0,0,51,0.0,0.0,10000
SEP_p,max,4,3.2989877718762846,4.0,0,52,0.0,0.0,10000
SEP_p,max,4,3.2989877718762846,4.0,0,53,0.0,0.0,10000
SEP_p,max,4,3.2989877718762846,4.0,0,54,0.0,0.0,10000
SEP_p,max,4,3.2989877718762846,4.0,0,55,0.0,0.0,10000
SEP_p,max,4,3.2989877718762846,4.0,0,56,0.0,0.0,10000
SEP_p,max,4,3.2989877718762846,4.0,0,57,0.0,0.0,10000
SEP_p,max,4,3.2989877718762846,4.0,0,58,0.0,0.0,10000
SEP_p,max,4,3.2989877718762846,4.0,0,59,0.0,0.0,10000
SEP_p,max,4,3.2989877718762846,4.0,0,60,0.0,0.0,10000
SEP_p,max,4,3.2989877718762846,4.0,0,61,0.0,0.0,10000
SEP_p,max,4,3.2989877718762846,4.0,0,62,0.0,0.0,10000
SEP_p,max,4,3.2989877718762846,4.0,0,63,0.0,0.0,10000
SEP_p,max,4,3.2989877718762846,4.0,0,64,0.0,0.0,10000
SEP_p,max,4,3.2989877718762846,4.0,0,65,0.0,0.0,10000
SEP_p,max,4,3.2989877718762846,4.0,0,66,0.0,0.0,10000
SEP_p,max,4,3.2989877718762846,4.0,0,67,0.0,0.0,10000
SEP_p,max,4,3.2989877718762846,4.0,0,68,0.0,0.0,10000
SEP_p,max,4,3.2989877718762846,4.0,0,69,0.0,0.0,10000
SEP_p,max,4,3.2989877718762846,4.0,0,70,0.0,0.0,10000
SEP_p,max,4,3.2989877718762846,4.0,0,71,0.0,0.0,10000
SEP_p,max,4,3.2989877718762846,4.0,0,72,0.0,0.0,10000
SEP_p,max,4,3.2989877718762846,4.0,0,73,0.0,0.0,10000
SEP_p,max,4,3.2989877718762846,4.0,0,74,0.0,0.0,10000
SEP_p,max,4,3.2989877718762846,4.0,0,75,0.0,0.0,10000
SEP_p,max,4,3.2989877718762846,4.0,0,76,0.0,0.0,10000
SEP_p,max,4,3.2989877718762846,4.0,0,77,0.0,0.0,10000
SEP_p,max,4,3.2989877718762846,4.0,0,78,0.0,0.0,10000
SEP_p,max,4,3.2989877718762846,4.0,0,79,0.0,0.0,10000
SEP_p,max,4,3.2989877718762846,4.0,0,80,0.0,0.0,10000
SEP_p,max,4,3.2989877718762846,4.0,0,81,0.0,0.0,10000
SEP_p,max,4,3.2989877718762846,4.0,0,82,0.0,0.0,10000
SEP_p,max,4,3.2989877718762846,4.0,0,83,0.0,0.0,10000
SEP_p,max,4,3.2989877718762846,4.0,0,84,0.0,0.0,10000
SEP_p,max,4,3.2989877718762846,4.0,0,85,0.0,0.0,10000
SEP_p,max,4,3.2989877718762846,4.0,0,86,0.0,0.0,10000
SEP_p,max,4,3.2989877718762846,4.0,0,87,0.0,0.0,10000
SEP_p,max,4,3.2989877718762846,4.0,0,88,0.0,0.0,10000
SEP_p,max,4,3.2989877718762846,4.0,0,89,0.0,0.0,10000
SEP_p,max,4,3.2989877718762846,4.0,0,90,0.0,0.0,10000
SEP_p,max,4,3.2989877718762846,4.0,0,91,0.0,0.0,10000
SEP_p,max,4,3.2989877718762846,4.0,0,92,0.0,0.0,10000
SEP_p,max,4,3.2989877718762846,4.0,0,93,0.0,0.0,10000
SEP_p,max,4,3.2989877718762846,4.0,0,94,0.0,0.0,10000
SEP_p,max,4,3.2989877718762846,4.0,0,95,0.0,0.0,10000
SEP_p,max,4,3.2989877718762846,4.0,0,96,0.0,0.0,10000
SEP_p,max,4,3.2989877718762846,4.0,0,97,0.0,0.0,10000
SEP_p,max,4,3.2989877718762846,4.0,0,98,0.0,0.0,10000
SEP_p,max,4,3.2989877718762846,4.0,0,99,0.0,0.0,10000
SEP_p,max,4,3.2989877718762846,4.0,0,100,0.0,0.0,10000
SEP_p,max,4,3.2989877718762846,4.0,0,101,0.0,0.0,10000
SEP_p,max,4,3.2989877718762846,4.0,0,102,0.0,0.0,10000
SEP_p,max,4,3.2989877718762846,4.0,0,103,0.0,0.0,10000
SEP_p,max,4,3.2989877718762846,4.0,0,104,0.0,0.0,10000
SEP_p,max,4,3.2989877718762846,4.0,0,105,0.0,0.0,10000
SEP_p,max,4,3.2989877718762846,4.0,0,106,0.0,0.0,10000
SEP_p,max,4,3.2989877718762846,4.0,0,107,0.0,0.0,10000
SEP_p,max,4,3.2989877718762846,4.0,0,108,0.0,0.0,10000
SEP_p,max,4,3.2989877718762846,4.0,0,109,0.0,0.0,10000
SEP_p,max,4,3.2989877718762846,4.0,0,110,0.0,0.0,10000
SEP_p,max,4,3.2989877718762846,4.0,0,111,0.0,0.0,10000
SEP_p,max,4,3.2989877718762846,4.0,0,112,0.0,0.0,10000
SEP_p,max,4,3.2989877718762846,4.0,0,113,0.0,0.0,10000
SEP_p,max,4,3.2989877718762846,4.0,0,114,0.0,0.0,10000
SEP_p,max,4,3.2989877718762846,4.0,0,115,0.0,0.0,10000
SEP_p,max,4,3.2989877718762846,4.0,0,116,0.0,0.0,10000
SEP_p,max,4,3.2989877718762846,4.0,0,117,0.0,0.0,10000
SEP_p,max,4,3.2989877718762846,4.0,0,118,0.0,0.0,10000
SEP_p,max,4,3.2989877718762846,4.0,0,119,0.0,0.0,10000
SEP_p,max,4,3.2989877718762846,4.0,0,120,0.0,0.0,10000
SEP_p,max,4,3.2989877718762846,4.0,0,121,0.0,0.0,10000
SEP_p,max,4,3.2989877718762846,4.0,0,122,0.0,0.0,10000
SEP_p,max,4,3.2989877718762846,4.0,0,123,0.0,0.0,10000
SEP_p,max,4,3.2989877718762846,4.0,0,124,0.0,0.0,10000
SEP_p,max,4,3.2989877718762846,4.0,0,125,0.0,0.0,10000
SEP_p,max,4,3.2989877718762846,4.0,0,126,0.0,0.0,10000
SEP_p,max,4,3.2989877718762846,4.0,0,127,0.0,0.0,10000
SEP_p,max,4,3.2989877718762846,4.0,0,128,0.0,0.0,10000
SEP_p,max,4,3.2989877718762846,4.0,0,129,0.0,0.0,10000
SEP_p,max,4,3.2989877718762846,4.0,0,130,0.0,0.0,10000
SEP_p,max,4,3.2989877718762846,4.0,0,131,0.0,0.0,10000
SEP_p,max,4,3.2989877718762846,4.0,0,132,0.0,0.0,10000
SEP_p,max,4,3.2989877718762846,4.0,0,133,0.0,0.0,10000
SEP_p,max,4,3.2989877718762846,4.0,0,134,0.0,0.0,10000
SEP_p,max,4,3.2989877718762846,4.0,0,135,0.0,0.0,10000
SEP_p,max,4,3.2989877718762846,4.0,0,136,0.0,0.0,10000
SEP_p,max,4,3.2989877718762846,4.0,0,137,0.0,0.0,10000
SEP_p,max,4,3.2989877718762846,4.0,0,138,0.0,0.0,10000
SEP_p,max,4,3.2989877718762846,4.0,0,139,0.0,0.0,10000
SEP_p,max,4,3.2989877718762846,4.0,0,140,0.0,0.0,10000
SEP_p,max,4,3.2989877718762846,4.0,0,141,0.0,0.0,10000
SEP_p,max,5,11.967980216586083,2.0,0,0,0.0,0.0,10000
SEP_p,max,5,11.967980216586083,2.0,0,1,0.0,0.0,10000
SEP_p,max,5,11.967980216586083,2.0,0,2,0.0,0.0,10000
SEP_p,max,5,11.967980216586083,2.0,0,3,0.0,0.0,10000
SEP_p,max,5,11.967980216586083,2.0,0,4,0.0,0.0,10000
SEP_p,max,5,11.967980216586083,2.0,0,5,0.0,0.0,10000
SEP_p,max,5,11.967980216586083,2.0,0,6,0.0,0.0,10000
SEP_p,max,5,11.967980216586083,2.0,0,7,0.0,0.0,10000
SEP_p,max,5,11.967980216586083,2.0,0,8,0.0,0.0,10000
SEP_p,max,5,11.967980216586083,2.0,0,9,0.0,0.0,10000
SEP_p,max,5,11.967980216586083,2.0,0,10,0.0,0.0,10000
SEP_p,max,5,11.967980216586083,2.0,0,11,0.0,0.0,10000
SEP_p,max,5,11.967980216586083,2.0,0,12,0.0,0.0,10000
SEP_p,max,5,11.967980216586083,2.0,0,13,0.0,0.0,10000
SEP_p,max,5,11.967980216586083,2.0,0,14,0.0,0.0,10000
SEP_p,max,5,11.967980216586083,2.0,0,15,0.0,0.0,10000
SEP_p,max,5,11.967980216586083,2.0,0,16,0.0,0.0,10000
SEP_p,max,5,11.967980216586083,2.0,0,17,0.0,0.0,10000
SEP_p,max,5,11.967980216586083,2.0,0,18,0.0,0.0,10000
SEP_p,max,5,11.967980216586083,2.0,0,19,0.0,0.0,10000
SEP_p,max,5,11.967980216586083,2.0,0,20,0.0,0.0,10000
SEP_p,max,5,11.967980216586083,2.0,0,21,0.0,0.0,10000
SEP_p,max,5,11.967980216586083,2.0,0,22,0.0,0.0,10000
SEP_p,max,5,11.967980216586083,2.0,0,23,0.0,0.0,10000
SEP_p,max,5,11.967980216586083,2.0,0,24,0.0,0.0,10000
SEP_p,max,5,11.967980216586083,2.0,0,25,0.0,0.0,10000
SEP_p,max,5,11.967980216586083,2.0,0,26,0.0,0.0,10000
SEP_p,max,5,11.967980216586083,2.0,0,27,0.0,0.0,10000
SEP_p,max,5,11.967980216586083,2.0,0,28,0.0,0.0,10000
SEP_p,max,5,11.967980216586083,2.0,0,29,0.0,0.0,10000
SEP_p,max,5,11.967980216586083,2.0,0,30,0.0,0.0,10000
SEP_p,max,5,11.967980216586083,2.0,0,31,0.0,0.0,10000
SEP_p,max,5,11.967980216586083,2.0,0,32,0.0,0.0,10000
SEP_p,max,5,11.967980216586083,2.0,0,33,0.0,0.0,10000
SEP_p,max,5,11.967980216586083,2.0,0,34,0.0,0.0,10000
SEP_p,max,5,11.967980216586083,2.0,0,35,0.0,0.0,10000
SEP_p,max,5,11.967980216586083,2.0,0,36,0.0,0.0,10000
SEP_p,max,5,11.967980216586083,2.0,0,37,0.0,0.0,10000
SEP_p,max,5,11.967980216586083,2.0,0,38,0.0,0.0,10000
SEP_p,max,5,11.967980216586083,2.0,0,39,0.0,0.0,10000
SEP_p,max,5,11.967980216586083,2.0,0,40,0.0,0.0,10000
SEP_p,max,5,11.967980216586083,2.0,0,41,0.0,0.0,10000
SEP_p,max,5,11.967980216586083,2.0,0,42,0.0,0.0,10000
SEP_p,max,5,11.967980216586083,2.0,0,43,0.0,0.0,10000
SEP_p,max,5,11.967980216586083,2.0,0,44,0.0,0.0,10000
SEP_p,max,5,11.967980216586083,2.0,0,45,0.0,0.0,10000
SEP_p,max,5,11.967980216586083,2.0,0,46,0.0,0.0,10000
SEP_p,max,5,11.967980216586083,2.0,0,47,0.0,0.0,10000
SEP_p,max,5,11.967980216586083,2.0,0,48,0.0,0.0,10000
SEP_p,max,5,11.967980216586083,2.0,0,49,0.0,0.0,10000
SEP_p,max,5,11.967980216586083,2.0,0,50,0.0,0.0,10000
SEP_p,max,5,11.967980216586083,2.0,0,51,0.0,0.0,10000
SEP_p,max,5,11.967980216586083,2.0,0,52,0.0,0.0,10000
SEP_p,max,5,11.967980216586083,2.0,0,53,0.0,0.0,10000
SEP_p,max,5,11.967980216586083,2.0,0,54,0.0,0.0,10000
SEP_p,max,5,11.967980216586083,2.0,0,55,0.0,0.0,10000
SEP_p,max,5,11.967980216586083,2.0,0,56,0.0,0.0,10000
SEP_p,max,5,11.967980216586083,2.0,0,57,0.0,0.0,10000
SEP_p,max,5,11.967980216586083,2.0,0,58,0.0,0.0,10000
SEP_p,max,5,11.967980216586083,2.0,0,59,0.0,0.0,10000
SEP_p,max,5,11.967980216586083,2.0,0,60,0.0,0.0,10000
SEP_p,max,5,11.967980216586083,2.0,0,61,0.0,0.0,10000
SEP_p,max,5,11.967980216586083,2.0,0,62,0.0,0.0,10000
SEP_p,max,5,11.967980216586083,2.0,0,63,0.0,0.0,10000
SEP_p,max,5,11.967980216586083,2.0,0,64,0.0,0.0,10000
SEP_p,max,5,11.967980216586083,2.0,0,65,0.0,0.0,10000
SEP_p,max,5,11.967980216586083,2.0,0,66,0.0,0.0,10000
SEP_p,max,5,11.967980216586083,2.0,0,67,0.0,0.0,10000
SEP_p,max,5,11.967980216586083,2.0,0,68,0.0,0.0,10000
SEP_p,max,5,11.967980216586083,2.0,0,69,0.0,0.0,10000
SEP_p,max,5,11.967980216586083,2.0,0,70,0.0,0.0,10000
SEP_p,max,5,11.967980216586083,2.0,0,71,0.0,0.0,10000
SEP_p,max,5,11.967980216586083,2.0,0,72,0.0,0.0,10000
SEP_p,max,5,11.967980216586083,2.0,0,73,0.0,0.0,10000
SEP_p,max,5,11.967980216586083,2.0,0,74,0.0,0.0,10000
SEP_p,max,5,11.967980216586083,2.0,0,75,0.0,0.0,10000
SEP_p,max,5,11.967980216586083,2.0,0,76,0.0,0.0,10000
SEP_p,max,5,11.967980216586083,2.0,0,77,0.0,0.0,10000
SEP_p,max,5,11.967980216586083,2.0,0,78,0.0,0.0,10000
SEP_p,max,5,11.967980216586083,2.0,0,79,0.0,0.0,10000
SEP_p,max,5,11.967980216586083,2.0,0,80,0.0,0.0,10000
SEP_p,max,5,11.967980216586083,2.0,0,81,0.0,0.0,10000
SEP_p,max,5,11.967980216586083,2.0,0,82,0.0,0.0,10000
SEP_p,max,5,11.967980216586083,2.0,0,83,0.0,0.0,10000
SEP_p,max,5,11.967980216586083,2.0,0,84,0.0,0.0,10000
SEP_p,max,5,11.967980216586083,2.0,0,85,0.0,0.0,10000
SEP_p,max,5,11.967980216586083,2.0,0,86,0.0,0.0,10000
SEP_p,max,5,11.967980216586083,2.0,0,87,0.0,0.0,10000
SEP_p,max,5,11.967980216586083,2.0,0,88,0.0,0.0,10000
SEP_p,max,5,11.967980216586083,2.0,0,89,0.0,0.0,10000
SEP_p,max,5,11.967980216586083,2.0,0,90,0.0,0.0,10000
SEP_p,max,5,11.967980216586083,2.0,0,91,0.0,0.0,10000
SEP_p,max,5,11.967980216586083,2.0,0,92,0.0,0.0,10000
SEP_p,max,5,11.967980216586083,2.0,0,93,0.0,0.0,10000
SEP_p,max,5,11.967980216586083,2.0,0,94,0.0,0.0,10000
SEP_p,max,5,11.967980216586083,2.0,0,95,0.0,0.0,10000
SEP_p,max,5,11.967980216586083,2.0,0,96,0.0,0.0,10000
SEP_p,max,5,11.967980216586083,2.0,0,97,0.0,0.0,10000
SEP_p,max,5,11.967980216586083,2.0,0,98,0.0,0.0,10000
SEP_p,max,5,11.967980216586083,2.0,0,99,0.0,0.0,10000
SEP_p,max,5,11.967980216586083,2.0,0,100,0.0,0.0,10000
SEP_p,max,5,11.967980216586083,2.0,0,101,0.0,0.0,10000
SEP_p,max,5,11.967980216586083,2.0,0,102,0.0,0.0,10000
SEP_p,max,5,11.967980216586083,2.0,0,103,0.0,0.0,10000
SEP_p,max,5,11.967980216586083,2.0,0,104,0.0,0.0,10000
SEP_p,max,5,11.967980216586083,2.0,0,105,0.0,0.0,10000
SEP_p,max,5,11.967980216586083,2.0,0,106,0.0,0.0,10000
SEP_p,max,5,11.967980216586083,2.0,0,107,0.0,0.0,10000
SEP_p,max,5,11.967980216586083,2.0,0,108,0.0,0.0,10000
SEP_p,max,5,11.967980216586083,2.0,0,109,0.0,0.0,10000
SEP_p,max,5,11.967980216586083,2.0,0,110,0.0,0.0,10000
SEP_p,max,5,11.967980216586083,2.0,0,111,0.0,0.0,10000
SEP_p,max,5,11.967980216586083,2.0,0,112,0.0,0.0,10000
SEP_p,max,5,11.967980216586083,2.0,0,113,0.0,0.0,10000
SEP_p,max,5,11.967980216586083,2.0,0,114,0.0,0.0,10000
SEP_p,max,5,11.967980216586083,2.0,0,115,0.0,0.0,10000
SEP_p,max,5,11.967980216586083,2.0,0,116,0.0,0.0,10000
SEP_p,max,5,11.967980216586083,2.0,0,117,0.0,0.0,10000
SEP_p,max,5,11.967980216586083,2.0,0,118,0.0,0.0,10000
SEP_p,max,5,11.967980216586083,2.0,0,119,0.0,0.0,10000
SEP_p,max,5,11.967980216586083,2.0,0,120,0.0,0.0,10000
SEP_p,max,5,11.967980216586083,2.0,0,121,0.0,0.0,10000
SEP_p,max,5,11.967980216586083,2.0,0,122,0.0,0.0,10000
SEP_p,max,5,11.967980216586083,2.0,0,123,0.0,0.0,10000
SEP_p,max,5,11.967980216586083,2.0,0,124,0.0,0.0,10000
SEP_p,max,5,11.967980216586083,2.0,0,125,0.0,0.0,10000
SEP_p,max,5,11.967980216586083,2.0,0,126,0.0,0.0,10000
SEP_p,max,5,11.967980216586083,2.0,0,127,0.0,0.0,10000
SEP_p,max,5,11.967980216586083,2.0,0,128,0.0,0.0,10000
SEP_p,max,5,11.967980216586083,2.0,0,129,0.0,0.0,10000
SEP_p,max,5,11.967980216586083,2.0,0,130,0.0,0.0,10000
SEP_p,max,5,11.967980216586083,2.0,0,131,0.0,0.0,10000
SEP_p,max,5,11.967980216586083,2.0,0,132,0.0,0.0,10000
SEP_p,max,5,11.967980216586083,2.0,0,133,0.0,0.0,10000
SEP_p,max,5,11.967980216586083,2.0,0,134,0.0,0.0,10000
SEP_p,max,5,11.967980216586083,2.0,0,135,0.0,0.0,10000
SEP_p,max,5,11.967980216586083,2.0,0,136,0.0,0.0,10000
SEP_p,max,5,11.967980216586083,2.0,0,137,0.0,0.0,10000
SEP_p,max,5,11.967980216586083,2.0,0,138,0.0,0.0,10000
SEP_p,max,5,11.967980216586083,2.0,0,139,0.0,0.0,10000
SEP_p,max,5,11.967980216586083,2.0,0,140,0.0,0.0,10000
SEP_p,max,5,11.967980216586083,2.0,0,141,0.0,0.0,10000
SEP_p,max,5,11.967980216586083,3.0,0,0,0.0,0.0,10000
SEP_p,max,5,11.967980216586083,3.0,0,1,0.0,0.0,10000
SEP_p,max,5,11.967980216586083,3.0,0,2,0.0,0.0,10000
SEP_p,max,5,11.967980216586083,3.0,0,3,0.0,0.0,10000
SEP_p,max,5,11.967980216586083,3.0,0,4,0.0,0.0,10000
SEP_p,max,5,11.967980216586083,3.0,0,5,0.0,0.0,10000
SEP_p,max,5,11.967980216586083,3.0,0,6,0.0,0.0,10000
SEP_p,max,5,11.967980216586083,3.0,0,7,0.0,0.0,10000
SEP_p,max,5,11.967980216586083,3.0,0,8,0.0,0.0,10000
SEP_p,max,5,11.967980216586083,3.0,0,9,0.0,0.0,10000
SEP_p,max,5,11.967980216586083,3.0,0,10,0.0,0.0,10000
SEP_p,max,5,11.967980216586083,3.0,0,11,0.0,0.0,10000
SEP_p,max,5,11.967980216586083,3.0,0,12,0.0,0.0,10000
SEP_p,max,5,11.967980216586083,3.0,0,13,0.0,0.0,10000
SEP_p,max,5,11.967980216586083,3.0,0,14,0.0,0.0,10000
SEP_p,max,5,11.967980216586083,3.0,0,15,0.0,0.0,10000
SEP_p,max,5,11.967980216586083,3.0,0,16,0.0,0.0,10000
SEP_p,max,5,11.967980216586083,3.0,0,17,0.0,0.0,10000
SEP_p,max,5,11.967980216586083,3.0,0,18,0.0,0.0,10000
SEP_p,max,5,11.967980216586083,3.0,0,19,0.0,0.0,10000
SEP_p,max,5,11.967980216586083,3.0,0,20,0.0,0.0,10000
SEP_p,max,5,11.967980216586083,3.0,0,21,0.0,0.0,10000
SEP_p,max,5,11.967980216586083,3.0,0,22,0.0,0.0,10000
SEP_p,max,5,11.967980216586083,3.0,0,23,0.0,0.0,10000
SEP_p,max,5,11.967980216586083,3.0,0,24,0.0,0.0,10000
SEP_p,max,5,11.967980216586083,3.0,0,25,0.0,0.0,10000
SEP_p,max,5,11.967980216586083,3.0,0,26,0.0,0.0,10000
SEP_p,max,5,11.967980216586083,3.0,0,27,0.0,0.0,10000
SEP_p,max,5,11.967980216586083,3.0,0,28,0.0,0.0,10000
SEP_p,max,5,11.967980216586083,3.0,0,29,0.0,0.0,10000
SEP_p,max,5,11.967980216586083,3.0,0,30,0.0,0.0,10000
SEP_p,max,5,11.967980216586083,3.0,0,31,0.0,0.0,10000
SEP_p,max,5,11.967980216586083,3.0,0,32,0.0,0.0,10000
SEP_p,max,5,11.967980216586083,3.0,0,33,0.0,0.0,10000
SEP_p,max,5,11.967980216586083,3.0,0,34,0.0,0.0,10000
SEP_p,max,5,11.967980216586083,3.0,0,35,0.0,0.0,10000
SEP_p,max,5,11.967980216586083,3.0,0,36,0.0,0.0,10000
SEP_p,max,5,11.967980216586083,3.0,0,37,0.0,0.0,10000
SEP_p,max,5,11.967980216586083,3.0,0,38,0.0,0.0,10000
SEP_p,max,5,11.967980216586083,3.0,0,39,0.0,0.0,10000
SEP_p,max,5,11.967980216586083,3.0,0,40,0.0,0.0,10000
SEP_p,max,5,11.967980216586083,3.0,0,41,0.0,0.0,10000
SEP_p,max,5,11.967980216586083,3.0,0,42,0.0,0.0,10000
SEP_p,max,5,11.967980216586083,3.0,0,43,0.0,0.0,10000
SEP_p,max,5,11.967980216586083,3.0,0,44,0.0,0.0,10000
SEP_p,max,5,11.967980216586083,3.0,0,45,0.0,0.0,10000
SEP_p,max,5,11.967980216586083,3.0,0,46,0.0,0.0,10000
SEP_p,max,5,11.967980216586083,3.0,0,47,0.0,0.0,10000
SEP_p,max,5,11.967980216586083,3.0,0,48,0.0,0.0,10000
SEP_p,max,5,11.967980216586083,3.0,0,49,0.0,0.0,10000
SEP_p,max,5,11.967980216586083,3.0,0,50,0.0,0.0,10000
SEP_p,max,5,11.967980216586083,3.0,0,51,0.0,0.0,10000
SEP_p,max,5,11.967980216586083,3.0,0,52,0.0,0.0,10000
SEP_p,max,5,11.967980216586083,3.0,0,53,0.0,0.0,10000
SEP_p,max,5,11.967980216586083,3.0,0,54,0.0,0.0,10000
SEP_p,max,5,11.967980216586083,3.0,0,55,0.0,0.0,10000
SEP_p,max,5,11.967980216586083,3.0,0,56,0.0,0.0,10000
SEP_p,max,5,11.967980216586083,3.0,0,57,0.0,0.0,10000
SEP_p,max,5,11.967980216586083,3.0,0,58,0.0,0.0,10000
SEP_p,max,5,11.967980216586083,3.0,0,59,0.0,0.0,10000
SEP_p,max,5,11.967980216586083,3.0,0,60,0.0,0.0,10000
SEP_p,max,5,11.967980216586083,3.0,0,61,0.0,0.0,10000
SEP_p,max,5,11.967980216586083,3.0,0,62,0.0,0.0,10000
SEP_p,max,5,11.967980216586083,3.0,0,63,0.0,0.0,10000
SEP_p,max,5,11.967980216586083,3.0,0,64,0.0,0.0,10000
SEP_p,max,5,11.967980216586083,3.0,0,65,0.0,0.0,10000
SEP_p,max,5,11.967980216586083,3.0,0,66,0.0,0.0,10000
SEP_p,max,5,11.967980216586083,3.0,0,67,0.0,0.0,10000
SEP_p,max,5,11.967980216586083,3.0,0,68,0.0,0.0,10000
SEP_p,max,5,11.967980216586083,3.0,0,69,0.0,0.0,10000
SEP_p,max,5,11.967980216586083,3.0,0,70,0.0,0.0,10000
SEP_p,max,5,11.967980216586083,3.0,0,71,0.0,0.0,10000
SEP_p,max,5,11.967980216586083,3.0,0,72,0.0,0.0,10000
SEP_p,max,5,11.967980216586083,3.0,0,73,0.0,0.0,10000
SEP_p,max,5,11.967980216586083,3.0,0,74,0.0,0.0,10000
SEP_p,max,5,11.967980216586083,3.0,0,75,0.0,0.0,10000
SEP_p,max,5,11.967980216586083,3.0,0,76,0.0,0.0,10000
SEP_p,max,5,11.967980216586083,3.0,0,77,0.0,0.0,10000
SEP_p,max,5,11.967980216586083,3.0,0,78,0.0,0.0,10000
SEP_p,max,5,11.967980216586083,3.0,0,79,0.0,0.0,10000
SEP_p,max,5,11.967980216586083,3.0,0,80,0.0,0.0,10000
SEP_p,max,5,11.967980216586083,3.0,0,81,0.0,0.0,10000
SEP_p,max,5,11.967980216586083,3.0,0,82,0.0,0.0,10000
SEP_p,max,5,11.967980216586083,3.0,0,83,0.0,0.0,10000
SEP_p,max,5,11.967980216586083,3.0,0,84,0.0,0.0,10000
SEP_p,max,5,11.967980216586083,3.0,0,85,0.0,0.0,10000
SEP_p,max,5,11.967980216586083,3.0,0,86,0.0,0.0,10000
SEP_p,max,5,11.967980216586083,3.0,0,87,0.0,0.0,10000
SEP_p,max,5,11.967980216586083,3.0,0,88,0.0,0.0,10000
SEP_p,max,5,11.967980216586083,3.0,0,89,0.0,0.0,10000
SEP_p,max,5,11.967980216586083,3.0,0,90,0.0,0.0,10000
SEP_p,max,5,11.967980216586083,3.0,0,91,0.0,0.0,10000
SEP_p,max,5,11.967980216586083,3.0,0,92,0.0,0.0,10000
SEP_p,max,5,11.967980216586083,3.0,0,93,0.0,0.0,10000
SEP_p,max,5,11.967980216586083,3.0,0,94,0.0,0.0,10000
SEP_p,max,5,11.967980216586083,3.0,0,95,0.0,0.0,10000
SEP_p,max,5,11.967980216586083,3.0,0,96,0.0,0.0,10000
SEP_p,max,5,11.967980216586083,3.0,0,97,0.0,0.0,10000
SEP_p,max,5,11.967980216586083,3.0,0,98,0.0,0.0,10000
SEP_p,max,5,11.967980216586083,3.0,0,99,0.0,0.0,10000
SEP_p,max,5,11.967980216586083,3.0,0,100,0.0,0.0,10000
SEP_p,max,5,11.967980216586083,3.0,0,101,0.0,0.0,10000
SEP_p,max,5,11.967980216586083,3.0,0,102,0.0,0.0,10000
SEP_p,max,5,11.967980216586083,3.0,0,103,0.0,0.0,10000
SEP_p,max,5,11.967980216586083,3.0,0,104,0.0,0.0,10000
SEP_p,max,5,11.967980216586083,3.0,0,105,0.0,0.0,10000
SEP_p,max,5,11.967980216586083,3.0,0,106,0.0,0.0,10000
SEP_p,max,5,11.967980216586083,3.0,0,107,0.0,0.0,10000
SEP_p,max,5,11.967980216586083,3.0,0,108,0.0,0.0,10000
SEP_p,max,5,11.967980216586083,3.0,0,109,0.0,0.0,10000
SEP_p,max,5,11.967980216586083,3.0,0,110,0.0,0.0,10000
SEP_p,max,5,11.967980216586083,3.0,0,111,0.0,0.0,10000
SEP_p,max,5,11.967980216586083,3.0,0,112,0.0,0.0,10000
SEP_p,max,5,11.967980216586083,3.0,0,113,0.0,0.0,10000
SEP_p,max,5,11.967980216586083,3.0,0,114,0.0,0.0,10000
SEP_p,max,5,11.967980216586083,3.0,0,115,0.0,0.0,10000
SEP_p,max,5,11.967980216586083,3.0,0,116,0.0,0.0,10000
SEP_p,max,5,11.967980216586083,3.0,0,117,0.0,0.0,10000
SEP_p,max,5,11.967980216586083,3.0,0,118,0.0,0.0,10000
SEP_p,max,5,11.967980216586083,3.0,0,119,0.0,0.0,10000
SEP_p,max,5,11.967980216586083,3.0,0,120,0.0,0.0,10000
SEP_p,max,5,11.967980216586083,3.0,0,121,0.0,0.0,10000
SEP_p,max,5,11.967980216586083,3.0,0,122,0.0,0.0,10000
SEP_p,max,5,11.967980216586083,3.0,0,123,0.0,0.0,10000
SEP_p,max,5,11.967980216586083,3.0,0,124,0.0,0.0,10000
SEP_p,max,5,11.967980216586083,3.0,0,125,0.0,0.0,10000
SEP_p,max,5,11.967980216586083,3.0,0,126,0.0,0.0,10000
SEP_p,max,5,11.967980216586083,3.0,0,127,0.0,0.0,10000
SEP_p,max,5,11.967980216586083,3.0,0,128,0.0,0.0,10000
SEP_p,max,5,11.967980216586083,3.0,0,129,0.0,0.0,10000
SEP_p,max,5,11.967980216586083,3.0,0,130,0.0,0.0,10000
SEP_p,max,5,11.967980216586083,3.0,0,131,0.0,0.0,10000
SEP_p,max,5,11.967980216586083,3.0,0,132,0.0,0.0,10000
SEP_p,max,5,11.967980216586083,3.0,0,133,0.0,0.0,10000
SEP_p,max,5,11.967980216586083,3.0,0,134,0.0,0.0,10000
SEP_p,max,5,11.967980216586083,3.0,0,135,0.0,0.0,10000
SEP_p,max,5,11.967980216586083,3.0,0,136,0.0,0.0,10000
SEP_p,max,5,11.967980216586083,3.0,0,137,0.0,0.0,10000
SEP_p,max,5,11.967980216586083,3.0,0,138,0.0,0.0,10000
SEP_p,max,5,11.967980216586083,3.0,0,139,0.0,0.0,10000
SEP_p,max,5,11.967980216586083,3.0,0,140,0.0,0.0,10000
SEP_p,max,5,11.967980216586083,3.0,0,141,0.0,0.0,10000
SEP_p,max,5,11.967980216586083,4.0,0,0,0.0,0.0,10000
SEP_p,max,5,11.967980216586083,4.0,0,1,0.0,0.0,10000
SEP_p,max,5,11.967980216586083,4.0,0,2,0.0,0.0,10000
SEP_p,max,5,11.967980216586083,4.0,0,3,0.0,0.0,10000
SEP_p,max,5,11.967980216586083,4.0,0,4,0.0,0.0,10000
SEP_p,max,5,11.967980216586083,4.0,0,5,0.0,0.0,10000
SEP_p,max,5,11.967980216586083,4.0,0,6,0.0,0.0,10000
SEP_p,max,5,11.967980216586083,4.0,0,7,0.0,0.0,10000
SEP_p,max,5,11.967980216586083,4.0,0,8,0.0,0.0,10000
SEP_p,max,5,11.967980216586083,4.0,0,9,0.0,0.0,10000
SEP_p,max,5,11.967980216586083,4.0,0,10,0.0,0.0,10000
SEP_p,max,5,11.967980216586083,4.0,0,11,0.0,0.0,10000
SEP_p,max,5,11.967980216586083,4.0,0,12,0.0,0.0,10000
SEP_p,max,5,11.967980216586083,4.0,0,13,0.0,0.0,10000
SEP_p,max,5,11.967980216586083,4.0,0,14,0.0,0.0,10000
SEP_p,max,5,11.967980216586083,4.0,0,15,0.0,0.0,10000
SEP_p,max,5,11.967980216586083,4.0,0,16,0.0,0.0,10000
SEP_p,max,5,11.967980216586083,4.0,0,17,0.0,0.0,10000
SEP_p,max,5,11.967980216586083,4.0,0,18,0.0,0.0,10000
SEP_p,max,5,11.967980216586083,4.0,0,19,0.0,0.0,10000
SEP_p,max,5,11.967980216586083,4.0,0,20,0.0,0.0,10000
SEP_p,max,5,11.967980216586083,4.0,0,21,0.0,0.0,10000
SEP_p,max,5,11.967980216586083,4.0,0,22,0.0,0.0,10000
SEP_p,max,5,11.967980216586083,4.0,0,23,0.0,0.0,10000
SEP_p,max,5,11.967980216586083,4.0,0,24,0.0,0.0,10000
SEP_p,max,5,11.967980216586083,4.0,0,25,0.0,0.0,10000
SEP_p,max,5,11.967980216586083,4.0,0,26,0.0,0.0,10000
SEP_p,max,5,11.967980216586083,4.0,0,27,0.0,0.0,10000
SEP_p,max,5,11.967980216586083,4.0,0,28,0.0,0.0,10000
SEP_p,max,5,11.967980216586083,4.0,0,29,0.0,0.0,10000
SEP_p,max,5,11.967980216586083,4.0,0,30,0.0,0.0,10000
SEP_p,max,5,11.967980216586083,4.0,0,31,0.0,0.0,10000
SEP_p,max,5,11.967980216586083,4.0,0,32,0.0,0.0,10000
SEP_p,max,5,11.967980216586083,4.0,0,33,0.0,0.0,10000
SEP_p,max,5,11.967980216586083,4.0,0,34,0.0,0.0,10000
SEP_p,max,5,11.967980216586083,4.0,0,35,0.0,0.0,10000
SEP_p,max,5,11.967980216586083,4.0,0,36,0.0,0.0,10000
SEP_p,max,5,11.967980216586083,4.0,0,37,0.0,0.0,10000
SEP_p,max,5,11.967980216586083,4.0,0,38,0.0,0.0,10000
SEP_p,max,5,11.967980216586083,4.0,0,39,0.0,0.0,10000
SEP_p,max,5,11.967980216586083,4.0,0,40,0.0,0.0,10000
SEP_p,max,5,11.967980216586083,4.0,0,41,0.0,0.0,10000
SEP_p,max,5,11.967980216586083,4.0,0,42,0.0,0.0,10000
SEP_p,max,5,11.967980216586083,4.0,0,43,0.0,0.0,10000
SEP_p,max,5,11.967980216586083,4.0,0,44,0.0,0.0,10000
SEP_p,max,5,11.967980216586083,4.0,0,45,0.0,0.0,10000
SEP_p,max,5,11.967980216586083,4.0,0,46,0.0,0.0,10000
SEP_p,max,5,11.967980216586083,4.0,0,47,0.0,0.0,10000
SEP_p,max,5,11.967980216586083,4.0,0,48,0.0,0.0,10000
SEP_p,max,5,11.967980216586083,4.0,0,49,0.0,0.0,10000
SEP_p,max,5,11.967980216586083,4.0,0,50,0.0,0.0,10000
SEP_p,max,5,11.967980216586083,4.0,0,51,0.0,0.0,10000
SEP_p,max,5,11.967980216586083,4.0,0,52,0.0,0.0,10000
SEP_p,max,5,11.967980216586083,4.0,0,53,0.0,0.0,10000
SEP_p,max,5,11.967980216586083,4.0,0,54,0.0,0.0,10000
SEP_p,max,5,11.967980216586083,4.0,0,55,0.0,0.0,10000
SEP_p,max,5,11.967980216586083,4.0,0,56,0.0,0.0,10000
SEP_p,max,5,11.967980216586083,4.0,0,57,0.0,0.0,10000
SEP_p,max,5,11.967980216586083,4.0,0,58,0.0,0.0,10000
SEP_p,max,5,11.967980216586083,4.0,0,59,0.0,0.0,10000
SEP_p,max,5,11.967980216586083,4.0,0,60,0.0,0.0,10000
SEP_p,max,5,11.967980216586083,4.0,0,61,0.0,0.0,10000
SEP_p,max,5,11.967980216586083,4.0,0,62,0.0,0.0,10000
SEP_p,max,5,11.967980216586083,4.0,0,63,0.0,0.0,10000
SEP_p,max,5,11.967980216586083,4.0,0,64,0.0,0.0,10000
SEP_p,max,5,11.967980216586083,4.0,0,65,0.0,0.0,10000
SEP_p,max,5,11.967980216586083,4.0,0,66,0.0,0.0,10000
SEP_p,max,5,11.967980216586083,4.0,0,67,0.0,0.0,10000
SEP_p,max,5,11.967980216586083,4.0,0,68,0.0,0.0,10000
SEP_p,max,5,11.967980216586083,4.0,0,69,0.0,0.0,10000
SEP_p,max,5,11.967980216586083,4.0,0,70,0.0,0.0,10000
SEP_p,max,5,11.967980216586083,4.0,0,71,0.0,0.0,10000
SEP_p,max,5,11.967980216586083,4.0,0,72,0.0,0.0,10000
SEP_p,max,5,11.967980216586083,4.0,0,73,0.0,0.0,10000
SEP_p,max,5,11.967980216586083,4.0,0,74,0.0,0.0,10000
SEP_p,max,5,11.967980216586083,4.0,0,75,0.0,0.0,10000
SEP_p,max,5,11.967980216586083,4.0,0,76,0.0,0.0,10000
SEP_p,max,5,11.967980216586083,4.0,0,77,0.0,0.0,10000
SEP_p,max,5,11.967980216586083,4.0,0,78,0.0,0.0,10000
SEP_p,max,5,11.967980216586083,4.0,0,79,0.0,0.0,10000
SEP_p,max,5,11.967980216586083,4.0,0,80,0.0,0.0,10000
SEP_p,max,5,11.967980216586083,4.0,0,81,0.0,0.0,10000
SEP_p,max,5,11.967980216586083,4.0,0,82,0.0,0.0,10000
SEP_p,max,5,11.967980216586083,4.0,0,83,0.0,0.0,10000
SEP_p,max,5,11.967980216586083,4.0,0,84,0.0,0.0,10000
SEP_p,max,5,11.967980216586083,4.0,0,85,0.0,0.0,10000
SEP_p,max,5,11.967980216586083,4.0,0,86,0.0,0.0,10000
SEP_p,max,5,11.967980216586083,4.0,0,87,0.0,0.0,10000
SEP_p,max,5,11.967980216586083,4.0,0,88,0.0,0.0,10000
SEP_p,max,5,11.967980216586083,4.0,0,89,0.0,0.0,10000
SEP_p,max,5,11.967980216586083,4.0,0,90,0.0,0.0,10000
SEP_p,max,5,11.967980216586083,4.0,0,91,0.0,0.0,10000
SEP_p,max,5,11.967980216586083,4.0,0,92,0.0,0.0,10000
SEP_p,max,5,11.967980216586083,4.0,0,93,0.0,0.0,10000
SEP_p,max,5,11.967980216586083,4.0,0,94,0.0,0.0,10000
SEP_p,max,5,11.967980216586083,4.0,0,95,0.0,0.0,10000
SEP_p,max,5,11.967980216586083,4.0,0,96,0.0,0.0,10000
SEP_p,max,5,11.967980216586083,4.0,0,97,0.0,0.0,10000
SEP_p,max,5,11.967980216586083,4.0,0,98,0.0,0.0,10000
SEP_p,max,5,11.967980216586083,4.0,0,99,0.0,0.0,10000
SEP_p,max,5,11.967980216586083,4.0,0,100,0.0,0.0,10000
SEP_p,max,5,11.967980216586083,4.0,0,101,0.0,0.0,10000
SEP_p,max,5,11.967980216586083,4.0,0,102,0.0,0.0,10000
SEP_p,max,5,11.967980216586083,4.0,0,103,0.0,0.0,10000
SEP_p,max,5,11.967980216586083,4.0,0,104,0.0,0.0,10000
SEP_p,max,5,11.967980216586083,4.0,0,105,0.0,0.0,10000
SEP_p,max,5,11.967980216586083,4.0,0,106,0.0,0.0,10000
SEP_p,max,5,11.967980216586083,4.0,0,107,0.0,0.0,10000
SEP_p,max,5,11.967980216586083,4.0,0,108,0.0,0.0,10000
SEP_p,max,5,11.967980216586083,4.0,0,109,0.0,0.0,10000
SEP_p,max,5,11.967980216586083,4.0,0,110,0.0,0.0,10000
SEP_p,max,5,11.967980216586083,4.0,0,111,0.0,0.0,10000
SEP_p,max,5,11.967980216586083,4.0,0,112,0.0,0.0,10000
SEP_p,max,5,11.967980216586083,4.0,0,113,0.0,0.0,10000
SEP_p,max,5,11.967980216586083,4.0,0,114,0.0,0.0,10000
SEP_p,max,5,11.967980216586083,4.0,0,115,0.0,0.0,10000
SEP_p,max,5,11.967980216586083,4.0,0,116,0.0,0.0,10000
SEP_p,max,5,11.967980216586083,4.0,0,117,0.0,0.0,10000
SEP_p,max,5,11.967980216586083,4.0,0,118,0.0,0.0,10000
SEP_p,max,5,11.967980216586083,4.0,0,119,0.0,0.0,10000
SEP_p,max,5,11.967980216586083,4.0,0,120,0.0,0.0,10000
SEP_p,max,5,11.967980216586083,4.0,0,121,0.0,0.0,10000
SEP_p,max,5,11.967980216586083,4.0,0,122,0.0,0.0,10000
SEP_p,max,5,11.967980216586083,4.0,0,123,0.0,0.0,10000
SEP_p,max,5,11.967980216586083,4.0,0,124,0.0,0.0,10000
SEP_p,max,5,11.967980216586083,4.0,0,125,0.0,0.0,10000
SEP_p,max,5,11.967980216586083,4.0,0,126,0.0,0.0,10000
SEP_p,max,5,11.967980216586083,4.0,0,127,0.0,0.0,10000
SEP_p,max,5,11.967980216586083,4.0,0,128,0.0,0.0,10000
SEP_p,max,5,11.967980216586083,4.0,0,129,0.0,0.0,10000
SEP_p,max,5,11.967980216586083,4.0,0,130,0.0,0.0,10000
SEP_p,max,5,11.967980216586083,4.0,0,131,0.0,0.0,10000
SEP_p,max,5,11.967980216586083,4.0,0,132,0.0,0.0,10000
SEP_p,max,5,11.967980216586083,4.0,0,133,0.0,0.0,10000
SEP_p,max,5,11.967980216586083,4.0,0,134,0.0,0.0,10000
SEP_p,max,5,11.967980216586083,4.0,0,135,0.0,0.0,10000
SEP_p,max,5,11.967980216586083,4.0,0,136,0.0,0.0,10000
SEP_p,max,5,11.967980216586083,4.0,0,137,0.0,0.0,10000
SEP_p,max,5,11.967980216586083,4.0,0,138,0.0,0.0,10000
SEP_p,max,5,11.967980216586083,4.0,0,139,0.0,0.0,10000
SEP_p,max,5,11.967980216586083,4.0,0,140,0.0,0.0,10000
SEP_p,max,5,11.967980216586083,4.0,0,141,0.0,0.0,10000
SEP_p,max,6,43.41712075614423,2.0,0,0,0.0,0.0,10000
SEP_p,max,6,43.41712075614423,2.0,0,1,0.0,0.0,10000
SEP_p,max,6,43.41712075614423,2.0,0,2,0.0,0.0,10000
SEP_p,max,6,43.41712075614423,2.0,0,3,0.0,0.0,10000
SEP_p,max,6,43.41712075614423,2.0,0,4,0.0,0.0,10000
SEP_p,max,6,43.41712075614423,2.0,0,5,0.0,0.0,10000
SEP_p,max,6,43.41712075614423,2.0,0,6,0.0,0.0,10000
SEP_p,max,6,43.41712075614423,2.0,0,7,0.0,0.0,10000
SEP_p,max,6,43.41712075614423,2.0,0,8,0.0,0.0,10000
SEP_p,max,6,43.41712075614423,2.0,0,9,0.0,0.0,10000
SEP_p,max,6,43.41712075614423,2.0,0,10,0.0,0.0,10000
SEP_p,max,6,43.41712075614423,2.0,0,11,0.0,0.0,10000
SEP_p,max,6,43.41712075614423,2.0,0,12,0.0,0.0,10000
SEP_p,max,6,43.41712075614423,2.0,0,13,0.0,0.0,10000
SEP_p,max,6,43.41712075614423,2.0,0,14,0.0,0.0,10000
SEP_p,max,6,43.41712075614423,2.0,0,15,0.0,0.0,10000
SEP_p,max,6,43.41712075614423,2.0,0,16,0.0,0.0,10000
SEP_p,max,6,43.41712075614423,2.0,0,17,0.0,0.0,10000
SEP_p,max,6,43.41712075614423,2.0,0,18,0.0,0.0,10000
SEP_p,max,6,43.41712075614423,2.0,0,19,0.0,0.0,10000
SEP_p,max,6,43.41712075614423,2.0,0,20,0.0,0.0,10000
SEP_p,max,6,43.41712075614423,2.0,0,21,0.0,0.0,10000
SEP_p,max,6,43.41712075614423,2.0,0,22,0.0,0.0,10000
SEP_p,max,6,43.41712075614423,2.0,0,23,0.0,0.0,10000
SEP_p,max,6,43.41712075614423,2.0,0,24,0.0,0.0,10000
SEP_p,max,6,43.41712075614423,2.0,0,25,0.0,0.0,10000
SEP_p,max,6,43.41712075614423,2.0,0,26,0.0,0.0,10000
SEP_p,max,6,43.41712075614423,2.0,0,27,0.0,0.0,10000
SEP_p,max,6,43.41712075614423,2.0,0,28,0.0,0.0,10000
SEP_p,max,6,43.41712075614423,2.0,0,29,0.0,0.0,10000
SEP_p,max,6,43.41712075614423,2.0,0,30,0.0,0.0,10000
SEP_p,max,6,43.41712075614423,2.0,0,31,0.0,0.0,10000
SEP_p,max,6,43.41712075614423,2.0,0,32,0.0,0.0,10000
SEP_p,max,6,43.41712075614423,2.0,0,33,0.0,0.0,10000
SEP_p,max,6,43.41712075614423,2.0,0,34,0.0,0.0,10000
SEP_p,max,6,43.41712075614423,2.0,0,35,0.0,0.0,10000
SEP_p,max,6,43.41712075614423,2.0,0,36,0.0,0.0,10000
SEP_p,max,6,43.41712075614423,2.0,0,37,0.0,0.0,10000
SEP_p,max,6,43.41712075614423,2.0,0,38,0.0,0.0,10000
SEP_p,max,6,43.41712075614423,2.0,0,39,0.0,0.0,10000
SEP_p,max,6,43.41712075614423,2.0,0,40,0.0,0.0,10000
SEP_p,max,6,43.41712075614423,2.0,0,41,0.0,0.0,10000
SEP_p,max,6,43.41712075614423,2.0,0,42,0.0,0.0,10000
SEP_p,max,6,43.41712075614423,2.0,0,43,0.0,0.0,10000
SEP_p,max,6,43.41712075614423,2.0,0,44,0.0,0.0,10000
SEP_p,max,6,43.41712075614423,2.0,0,45,0.0,0.0,10000
SEP_p,max,6,43.41712075614423,2.0,0,46,0.0,0.0,10000
SEP_p,max,6,43.41712075614423,2.0,0,47,0.0,0.0,10000
SEP_p,max,6,43.41712075614423,2.0,0,48,0.0,0.0,10000
SEP_p,max,6,43.41712075614423,2.0,0,49,0.0,0.0,10000
SEP_p,max,6,43.41712075614423,2.0,0,50,0.0,0.0,10000
SEP_p,max,6,43.41712075614423,2.0,0,51,0.0,0.0,10000
SEP_p,max,6,43.41712075614423,2.0,0,52,0.0,0.0,10000
SEP_p,max,6,43.41712075614423,2.0,0,53,0.0,0.0,10000
SEP_p,max,6,43.41712075614423,2.0,0,54,0.0,0.0,10000
SEP_p,max,6,43.41712075614423,2.0,0,55,0.0,0.0,10000
SEP_p,max,6,43.41712075614423,2.0,0,56,0.0,0.0,10000
SEP_p,max,6,43.41712075614423,2.0,0,57,0.0,0.0,10000
SEP_p,max,6,43.41712075614423,2.0,0,58,0.0,0.0,10000
SEP_p,max,6,43.41712075614423,2.0,0,59,0.0,0.0,10000
SEP_p,max,6,43.41712075614423,2.0,0,60,0.0,0.0,10000
SEP_p,max,6,43.41712075614423,2.0,0,61,0.0,0.0,10000
SEP_p,max,6,43.41712075614423,2.0,0,62,0.0,0.0,10000
SEP_p,max,6,43.41712075614423,2.0,0,63,0.0,0.0,10000
SEP_p,max,6,43.41712075614423,2.0,0,64,0.0,0.0,10000
SEP_p,max,6,43.41712075614423,2.0,0,65,0.0,0.0,10000
SEP_p,max,6,43.41712075614423,2.0,0,66,0.0,0.0,10000
SEP_p,max,6,43.41712075614423,2.0,0,67,0.0,0.0,10000
SEP_p,max,6,43.41712075614423,2.0,0,68,0.0,0.0,10000
SEP_p,max,6,43.41712075614423,2.0,0,69,0.0,0.0,10000
SEP_p,max,6,43.41712075614423,2.0,0,70,0.0,0.0,10000
SEP_p,max,6,43.41712075614423,2.0,0,71,0.0,0.0,10000
SEP_p,max,6,43.41712075614423,2.0,0,72,0.0,0.0,10000
SEP_p,max,6,43.41712075614423,2.0,0,73,0.0,0.0,10000
SEP_p,max,6,43.41712075614423,2.0,0,74,0.0,0.0,10000
SEP_p,max,6,43.41712075614423,2.0,0,75,0.0,0.0,10000
SEP_p,max,6,43.41712075614423,2.0,0,76,0.0,0.0,10000
SEP_p,max,6,43.41712075614423,2.0,0,77,0.0,0.0,10000
SEP_p,max,6,43.41712075614423,2.0,0,78,0.0,0.0,10000
SEP_p,max,6,43.41712075614423,2.0,0,79,0.0,0.0,10000
SEP_p,max,6,43.41712075614423,2.0,0,80,0.0,0.0,10000
SEP_p,max,6,43.41712075614423,2.0,0,81,0.0,0.0,10000
SEP_p,max,6,43.41712075614423,2.0,0,82,0.0,0.0,10000
SEP_p,max,6,43.41712075614423,2.0,0,83,0.0,0.0,10000
SEP_p,max,6,43.41712075614423,2.0,0,84,0.0,0.0,10000
SEP_p,max,6,43.41712075614423,2.0,0,85,0.0,0.0,10000
SEP_p,max,6,43.41712075614423,2.0,0,86,0.0,0.0,10000
SEP_p,max,6,43.41712075614423,2.0,0,87,0.0,0.0,10000
SEP_p,max,6,43.41712075614423,2.0,0,88,0.0,0.0,10000
SEP_p,max,6,43.41712075614423,2.0,0,89,0.0,0.0,10000
SEP_p,max,6,43.41712075614423,2.0,0,90,0.0,0.0,10000
SEP_p,max,6,43.41712075614423,2.0,0,91,0.0,0.0,10000
SEP_p,max,6,43.41712075614423,2.0,0,92,0.0,0.0,10000
SEP_p,max,6,43.41712075614423,2.0,0,93,0.0,0.0,10000
SEP_p,max,6,43.41712075614423,2.0,0,94,0.0,0.0,10000
SEP_p,max,6,43.41712075614423,2.0,0,95,0.0,0.0,10000
SEP_p,max,6,43.41712075614423,2.0,0,96,0.0,0.0,10000
SEP_p,max,6,43.41712075614423,2.0,0,97,0.0,0.0,10000
SEP_p,max,6,43.41712075614423,2.0,0,98,0.0,0.0,10000
SEP_p,max,6,43.41712075614423,2.0,0,99,0.0,0.0,10000
SEP_p,max,6,43.41712075614423,2.0,0,100,0.0,0.0,10000
SEP_p,max,6,43.41712075614423,2.0,0,101,0.0,0.0,10000
SEP_p,max,6,43.41712075614423,2.0,0,102,0.0,0.0,10000
SEP_p,max,6,43.41712075614423,2.0,0,103,0.0,0.0,10000
SEP_p,max,6,43.41712075614423,2.0,0,104,0.0,0.0,10000
SEP_p,max,6,43.41712075614423,2.0,0,105,0.0,0.0,10000
SEP_p,max,6,43.41712075614423,2.0,0,106,0.0,0.0,10000
SEP_p,max,6,43.41712075614423,2.0,0,107,0.0,0.0,10000
SEP_p,max,6,43.41712075614423,2.0,0,108,0.0,0.0,10000
SEP_p,max,6,43.41712075614423,2.0,0,109,0.0,0.0,10000
SEP_p,max,6,43.41712075614423,2.0,0,110,0.0,0.0,10000
SEP_p,max,6,43.41712075614423,2.0,0,111,0.0,0.0,10000
SEP_p,max,6,43.41712075614423,2.0,0,112,0.0,0.0,10000
SEP_p,max,6,43.41712075614423,2.0,0,113,0.0,0.0,10000
SEP_p,max,6,43.41712075614423,2.0,0,114,0.0,0.0,10000
SEP_p,max,6,43.41712075614423,2.0,0,115,0.0,0.0,10000
SEP_p,max,6,43.41712075614423,2.0,0,116,0.0,0.0,10000
SEP_p,max,6,43.41712075614423,2.0,0,117,0.0,0.0,10000
SEP_p,max,6,43.41712075614423,2.0,0,118,0.0,0.0,10000
SEP_p,max,6,43.41712075614423,2.0,0,119,0.0,0.0,10000
SEP_p,max,6,43.41712075614423,2.0,0,120,0.0,0.0,10000
SEP_p,max,6,43.41712075614423,2.0,0,121,0.0,0.0,10000
SEP_p,max,6,43.41712075614423,2.0,0,122,0.0,0.0,10000
SEP_p,max,6,43.41712075614423,2.0,0,123,0.0,0.0,10000
SEP_p,max,6,43.41712075614423,2.0,0,124,0.0,0.0,10000
SEP_p,max,6,43.41712075614423,2.0,0,125,0.0,0.0,10000
SEP_p,max,6,43.41712075614423,2.0,0,126,0.0,0.0,10000
SEP_p,max,6,43.41712075614423,2.0,0,127,0.0,0.0,10000
SEP_p,max,6,43.41712075614423,2.0,0,128,0.0,0.0,10000
SEP_p,max,6,43.41712075614423,2.0,0,129,0.0,0.0,10000
SEP_p,max,6,43.41712075614423,2.0,0,130,0.0,0.0,10000
SEP_p,max,6,43.41712075614423,2.0,0,131,0.0,0.0,10000
SEP_p,max,6,43.41712075614423,2.0,0,132,0.0,0.0,10000
SEP_p,max,6,43.41712075614423,2.0,0,133,0.0,0.0,10000
SEP_p,max,6,43.41712075614423,2.0,0,134,0.0,0.0,10000
SEP_p,max,6,43.41712075614423,2.0,0,135,0.0,0.0,10000
SEP_p,max,6,43.41712075614423,2.0,0,136,0.0,0.0,10000
SEP_p,max,6,43.41712075614423,2.0,0,137,0.0,0.0,10000
SEP_p,max,6,43.41712075614423,2.0,0,138,0.0,0.0,10000
SEP_p,max,6,43.41712075614423,2.0,0,139,0.0,0.0,10000
SEP_p,max,6,43.41712075614423,2.0,0,140,0.0,0.0,10000
SEP_p,max,6,43.41712075614423,2.0,0,141,0.0,0.0,10000
SEP_p,max,6,43.41712075614423,3.0,0,0,0.0,0.0,10000
SEP_p,max,6,43.41712075614423,3.0,0,1,0.0,0.0,10000
SEP_p,max,6,43.41712075614423,3.0,0,2,0.0,0.0,10000
SEP_p,max,6,43.41712075614423,3.0,0,3,0.0,0.0,10000
SEP_p,max,6,43.41712075614423,3.0,0,4,0.0,0.0,10000
SEP_p,max,6,43.41712075614423,3.0,0,5,0.0,0.0,10000
SEP_p,max,6,43.41712075614423,3.0,0,6,0.0,0.0,10000
SEP_p,max,6,43.41712075614423,3.0,0,7,0.0,0.0,10000
SEP_p,max,6,43.41712075614423,3.0,0,8,0.0,0.0,10000
SEP_p,max,6,43.41712075614423,3.0,0,9,0.0,0.0,10000
SEP_p,max,6,43.41712075614423,3.0,0,10,0.0,0.0,10000
SEP_p,max,6,43.41712075614423,3.0,0,11,0.0,0.0,10000
SEP_p,max,6,43.41712075614423,3.0,0,12,0.0,0.0,10000
SEP_p,max,6,43.41712075614423,3.0,0,13,0.0,0.0,10000
SEP_p,max,6,43.41712075614423,3.0,0,14,0.0,0.0,10000
SEP_p,max,6,43.41712075614423,3.0,0,15,0.0,0.0,10000
SEP_p,max,6,43.41712075614423,3.0,0,16,0.0,0.0,10000
SEP_p,max,6,43.41712075614423,3.0,0,17,0.0,0.0,10000
SEP_p,max,6,43.41712075614423,3.0,0,18,0.0,0.0,10000
SEP_p,max,6,43.41712075614423,3.0,0,19,0.0,0.0,10000
SEP_p,max,6,43.41712075614423,3.0,0,20,0.0,0.0,10000
SEP_p,max,6,43.41712075614423,3.0,0,21,0.0,0.0,10000
SEP_p,max,6,43.41712075614423,3.0,0,22,0.0,0.0,10000
SEP_p,max,6,43.41712075614423,3.0,0,23,0.0,0.0,10000
SEP_p,max,6,43.41712075614423,3.0,0,24,0.0,0.0,10000
SEP_p,max,6,43.41712075614423,3.0,0,25,0.0,0.0,10000
SEP_p,max,6,43.41712075614423,3.0,0,26,0.0,0.0,10000
SEP_p,max,6,43.41712075614423,3.0,0,27,0.0,0.0,10000
SEP_p,max,6,43.41712075614423,3.0,0,28,0.0,0.0,10000
SEP_p,max,6,43.41712075614423,3.0,0,29,0.0,0.0,10000
SEP_p,max,6,43.41712075614423,3.0,0,30,0.0,0.0,10000
SEP_p,max,6,43.41712075614423,3.0,0,31,0.0,0.0,10000
SEP_p,max,6,43.41712075614423,3.0,0,32,0.0,0.0,10000
SEP_p,max,6,43.41712075614423,3.0,0,33,0.0,0.0,10000
SEP_p,max,6,43.41712075614423,3.0,0,34,0.0,0.0,10000
SEP_p,max,6,43.41712075614423,3.0,0,35,0.0,0.0,10000
SEP_p,max,6,43.41712075614423,3.0,0,36,0.0,0.0,10000
SEP_p,max,6,43.41712075614423,3.0,0,37,0.0,0.0,10000
SEP_p,max,6,43.41712075614423,3.0,0,38,0.0,0.0,10000
SEP_p,max,6,43.41712075614423,3.0,0,39,0.0,0.0,10000
SEP_p,max,6,43.41712075614423,3.0,0,40,0.0,0.0,10000
SEP_p,max,6,43.41712075614423,3.0,0,41,0.0,0.0,10000
SEP_p,max,6,43.41712075614423,3.0,0,42,0.0,0.0,10000
SEP_p,max,6,43.41712075614423,3.0,0,43,0.0,0.0,10000
SEP_p,max,6,43.41712075614423,3.0,0,44,0.0,0.0,10000
SEP_p,max,6,43.41712075614423,3.0,0,45,0.0,0.0,10000
SEP_p,max,6,43.41712075614423,3.0,0,46,0.0,0.0,10000
SEP_p,max,6,43.41712075614423,3.0,0,47,0.0,0.0,10000
SEP_p,max,6,43.41712075614423,3.0,0,48,0.0,0.0,10000
SEP_p,max,6,43.41712075614423,3.0,0,49,0.0,0.0,10000
SEP_p,max,6,43.41712075614423,3.0,0,50,0.0,0.0,10000
SEP_p,max,6,43.41712075614423,3.0,0,51,0.0,0.0,10000
SEP_p,max,6,43.41712075614423,3.0,0,52,0.0,0.0,10000
SEP_p,max,6,43.41712075614423,3.0,0,53,0.0,0.0,10000
SEP_p,max,6,43.41712075614423,3.0,0,54,0.0,0.0,10000
SEP_p,max,6,43.41712075614423,3.0,0,55,0.0,0.0,10000
SEP_p,max,6,43.41712075614423,3.0,0,56,0.0,0.0,10000
SEP_p,max,6,43.41712075614423,3.0,0,57,0.0,0.0,10000
SEP_p,max,6,43.41712075614423,3.0,0,58,0.0,0.0,10000
SEP_p,max,6,43.41712075614423,3.0,0,59,0.0,0.0,10000
SEP_p,max,6,43.41712075614423,3.0,0,60,0.0,0.0,10000
SEP_p,max,6,43.41712075614423,3.0,0,61,0.0,0.0,10000
SEP_p,max,6,43.41712075614423,3.0,0,62,0.0,0.0,10000
SEP_p,max,6,43.41712075614423,3.0,0,63,0.0,0.0,10000
SEP_p,max,6,43.41712075614423,3.0,0,64,0.0,0.0,10000
SEP_p,max,6,43.41712075614423,3.0,0,65,0.0,0.0,10000
SEP_p,max,6,43.41712075614423,3.0,0,66,0.0,0.0,10000
SEP_p,max,6,43.41712075614423,3.0,0,67,0.0,0.0,10000
SEP_p,max,6,43.41712075614423,3.0,0,68,0.0,0.0,10000
SEP_p,max,6,43.41712075614423,3.0,0,69,0.0,0.0,10000
SEP_p,max,6,43.41712075614423,3.0,0,70,0.0,0.0,10000
SEP_p,max,6,43.41712075614423,3.0,0,71,0.0,0.0,10000
SEP_p,max,6,43.41712075614423,3.0,0,72,0.0,0.0,10000
SEP_p,max,6,43.41712075614423,3.0,0,73,0.0,0.0,10000
SEP_p,max,6,43.41712075614423,3.0,0,74,0.0,0.0,10000
SEP_p,max,6,43.41712075614423,3.0,0,75,0.0,0.0,10000
SEP_p,max,6,43.41712075614423,3.0,0,76,0.0,0.0,10000
SEP_p,max,6,43.41712075614423,3.0,0,77,0.0,0.0,10000
SEP_p,max,6,43.41712075614423,3.0,0,78,0.0,0.0,10000
SEP_p,max,6,43.41712075614423,3.0,0,79,0.0,0.0,10000
SEP_p,max,6,43.41712075614423,3.0,0,80,0.0,0.0,10000
SEP_p,max,6,43.41712075614423,3.0,0,81,0.0,0.0,10000
SEP_p,max,6,43.41712075614423,3.0,0,82,0.0,0.0,10000
SEP_p,max,6,43.41712075614423,3.0,0,83,0.0,0.0,10000
SEP_p,max,6,43.41712075614423,3.0,0,84,0.0,0.0,10000
SEP_p,max,6,43.41712075614423,3.0,0,85,0.0,0.0,10000
SEP_p,max,6,43.41712075614423,3.0,0,86,0.0,0.0,10000
SEP_p,max,6,43.41712075614423,3.0,0,87,0.0,0.0,10000
SEP_p,max,6,43.41712075614423,3.0,0,88,0.0,0.0,10000
SEP_p,max,6,43.41712075614423,3.0,0,89,0.0,0.0,10000
SEP_p,max,6,43.41712075614423,3.0,0,90,0.0,0.0,10000
SEP_p,max,6,43.41712075614423,3.0,0,91,0.0,0.0,10000
SEP_p,max,6,43.41712075614423,3.0,0,92,0.0,0.0,10000
SEP_p,max,6,43.41712075614423,3.0,0,93,0.0,0.0,10000
SEP_p,max,6,43.41712075614423,3.0,0,94,0.0,0.0,10000
SEP_p,max,6,43.41712075614423,3.0,0,95,0.0,0.0,10000
SEP_p,max,6,43.41712075614423,3.0,0,96,0.0,0.0,10000
SEP_p,max,6,43.41712075614423,3.0,0,97,0.0,0.0,10000
SEP_p,max,6,43.41712075614423,3.0,0,98,0.0,0.0,10000
SEP_p,max,6,43.41712075614423,3.0,0,99,0.0,0.0,10000
SEP_p,max,6,43.41712075614423,3.0,0,100,0.0,0.0,10000
SEP_p,max,6,43.41712075614423,3.0,0,101,0.0,0.0,10000
SEP_p,max,6,43.41712075614423,3.0,0,102,0.0,0.0,10000
SEP_p,max,6,43.41712075614423,3.0,0,103,0.0,0.0,10000
SEP_p,max,6,43.41712075614423,3.0,0,104,0.0,0.0,10000
SEP_p,max,6,43.41712075614423,3.0,0,105,0.0,0.0,10000
SEP_p,max,6,43.41712075614423,3.0,0,106,0.0,0.0,10000
SEP_p,max,6,43.41712075614423,3.0,0,107,0.0,0.0,10000
SEP_p,max,6,43.41712075614423,3.0,0,108,0.0,0.0,10000
SEP_p,max,6,43.41712075614423,3.0,0,109,0.0,0.0,10000
SEP_p,max,6,43.41712075614423,3.0,0,110,0.0,0.0,10000
SEP_p,max,6,43.41712075614423,3.0,0,111,0.0,0.0,10000
SEP_p,max,6,43.41712075614423,3.0,0,112,0.0,0.0,10000
SEP_p,max,6,43.41712075614423,3.0,0,113,0.0,0.0,10000
SEP_p,max,6,43.41712075614423,3.0,0,114,0.0,0.0,10000
SEP_p,max,6,43.41712075614423,3.0,0,115,0.0,0.0,10000
SEP_p,max,6,43.41712075614423,3.0,0,116,0.0,0.0,10000
SEP_p,max,6,43.41712075614423,3.0,0,117,0.0,0.0,10000
SEP_p,max,6,43.41712075614423,3.0,0,118,0.0,0.0,10000
SEP_p,max,6,43.41712075614423,3.0,0,119,0.0,0.0,10000
SEP_p,max,6,43.41712075614423,3.0,0,120,0.0,0.0,10000
SEP_p,max,6,43.41712075614423,3.0,0,121,0.0,0.0,10000
SEP_p,max,6,43.41712075614423,3.0,0,122,0.0,0.0,10000
SEP_p,max,6,43.41712075614423,3.0,0,123,0.0,0.0,10000
SEP_p,max,6,43.41712075614423,3.0,0,124,0.0,0.0,10000
SEP_p,max,6,43.41712075614423,3.0,0,125,0.0,0.0,10000
SEP_p,max,6,43.41712075614423,3.0,0,126,0.0,0.0,10000
SEP_p,max,6,43.41712075614423,3.0,0,127,0.0,0.0,10000
SEP_p,max,6,43.41712075614423,3.0,0,128,0.0,0.0,10000
SEP_p,max,6,43.41712075614423,3.0,0,129,0.0,0.0,10000
SEP_p,max,6,43.41712075614423,3.0,0,130,0.0,0.0,10000
SEP_p,max,6,43.41712075614423,3.0,0,131,0.0,0.0,10000
SEP_p,max,6,43.41712075614423,3.0,0,132,0.0,0.0,10000
SEP_p,max,6,43.41712075614423,3.0,0,133,0.0,0.0,10000
SEP_p,max,6,43.41712075614423,3.0,0,134,0.0,0.0,10000
SEP_p,max,6,43.41712075614423,3.0,0,135,0.0,0.0,10000
SEP_p,max,6,43.41712075614423,3.0,0,136,0.0,0.0,10000
SEP_p,max,6,43.41712075614423,3.0,0,137,0.0,0.0,10000
SEP_p,max,6,43.41712075614423,3.0,0,138,0.0,0.0,10000
SEP_p,max,6,43.41712075614423,3.0,0,139,0.0,0.0,10000
SEP_p,max,6,43.41712075614423,3.0,0,140,0.0,0.0,10000
SEP_p,max,6,43.41712075614423,3.0,0,141,0.0,0.0,10000
SEP_p,max,6,43.41712075614423,4.0,0,0,0.0,0.0,10000
SEP_p,max,6,43.41712075614423,4.0,0,1,0.0,0.0,10000
SEP_p,max,6,43.41712075614423,4.0,0,2,0.0,0.0,10000
SEP_p,max,6,43.41712075614423,4.0,0,3,0.0,0.0,10000
SEP_p,max,6,43.41712075614423,4.0,0,4,0.0,0.0,10000
SEP_p,max,6,43.41712075614423,4.0,0,5,0.0,0.0,10000
SEP_p,max,6,43.41712075614423,4.0,0,6,0.0,0.0,10000
SEP_p,max,6,43.41712075614423,4.0,0,7,0.0,0.0,10000
SEP_p,max,6,43.41712075614423,4.0,0,8,0.0,0.0,10000
SEP_p,max,6,43.41712075614423,4.0,0,9,0.0,0.0,10000
SEP_p,max,6,43.41712075614423,4.0,0,10,0.0,0.0,10000
SEP_p,max,6,43.41712075614423,4.0,0,11,0.0,0.0,10000
SEP_p,max,6,43.41712075614423,4.0,0,12,0.0,0.0,10000
SEP_p,max,6,43.41712075614423,4.0,0,13,0.0,0.0,10000
SEP_p,max,6,43.41712075614423,4.0,0,14,0.0,0.0,10000
SEP_p,max,6,43.41712075614423,4.0,0,15,0.0,0.0,10000
SEP_p,max,6,43.41712075614423,4.0,0,16,0.0,0.0,10000
SEP_p,max,6,43.41712075614423,4.0,0,17,0.0,0.0,10000
SEP_p,max,6,43.41712075614423,4.0,0,18,0.0,0.0,10000
SEP_p,max,6,43.41712075614423,4.0,0,19,0.0,0.0,10000
SEP_p,max,6,43.41712075614423,4.0,0,20,0.0,0.0,10000
SEP_p,max,6,43.41712075614423,4.0,0,21,0.0,0.0,10000
SEP_p,max,6,43.41712075614423,4.0,0,22,0.0,0.0,10000
SEP_p,max,6,43.41712075614423,4.0,0,23,0.0,0.0,10000
SEP_p,max,6,43.41712075614423,4.0,0,24,0.0,0.0,10000
SEP_p,max,6,43.41712075614423,4.0,0,25,0.0,0.0,10000
SEP_p,max,6,43.41712075614423,4.0,0,26,0.0,0.0,10000
SEP_p,max,6,43.41712075614423,4.0,0,27,0.0,0.0,10000
SEP_p,max,6,43.41712075614423,4.0,0,28,0.0,0.0,10000
SEP_p,max,6,43.41712075614423,4.0,0,29,0.0,0.0,10000
SEP_p,max,6,43.41712075614423,4.0,0,30,0.0,0.0,10000
SEP_p,max,6,43.41712075614423,4.0,0,31,0.0,0.0,10000
SEP_p,max,6,43.41712075614423,4.0,0,32,0.0,0.0,10000
SEP_p,max,6,43.41712075614423,4.0,0,33,0.0,0.0,10000
SEP_p,max,6,43.41712075614423,4.0,0,34,0.0,0.0,10000
SEP_p,max,6,43.41712075614423,4.0,0,35,0.0,0.0,10000
SEP_p,max,6,43.41712075614423,4.0,0,36,0.0,0.0,10000
SEP_p,max,6,43.41712075614423,4.0,0,37,0.0,0.0,10000
SEP_p,max,6,43.41712075614423,4.0,0,38,0.0,0.0,10000
SEP_p,max,6,43.41712075614423,4.0,0,39,0.0,0.0,10000
SEP_p,max,6,43.41712075614423,4.0,0,40,0.0,0.0,10000
SEP_p,max,6,43.41712075614423,4.0,0,41,0.0,0.0,10000
SEP_p,max,6,43.41712075614423,4.0,0,42,0.0,0.0,10000
SEP_p,max,6,43.41712075614423,4.0,0,43,0.0,0.0,10000
SEP_p,max,6,43.41712075614423,4.0,0,44,0.0,0.0,10000
SEP_p,max,6,43.41712075614423,4.0,0,45,0.0,0.0,10000
SEP_p,max,6,43.41712075614423,4.0,0,46,0.0,0.0,10000
SEP_p,max,6,43.41712075614423,4.0,0,47,0.0,0.0,10000
SEP_p,max,6,43.41712075614423,4.0,0,48,0.0,0.0,10000
SEP_p,max,6,43.41712075614423,4.0,0,49,0.0,0.0,10000
SEP_p,max,6,43.41712075614423,4.0,0,50,0.0,0.0,10000
SEP_p,max,6,43.41712075614423,4.0,0,51,0.0,0.0,10000
SEP_p,max,6,43.41712075614423,4.0,0,52,0.0,0.0,10000
SEP_p,max,6,43.41712075614423,4.0,0,53,0.0,0.0,10000
SEP_p,max,6,43.41712075614423,4.0,0,54,0.0,0.0,10000
SEP_p,max,6,43.41712075614423,4.0,0,55,0.0,0.0,10000
SEP_p,max,6,43.41712075614423,4.0,0,56,0.0,0.0,10000
SEP_p,max,6,43.41712075614423,4.0,0,57,0.0,0.0,10000
SEP_p,max,6,43.41712075614423,4.0,0,58,0.0,0.0,10000
SEP_p,max,6,43.41712075614423,4.0,0,59,0.0,0.0,10000
SEP_p,max,6,43.41712075614423,4.0,0,60,0.0,0.0,10000
SEP_p,max,6,43.41712075614423,4.0,0,61,0.0,0.0,10000
SEP_p,max,6,43.41712075614423,4.0,0,62,0.0,0.0,10000
SEP_p,max,6,43.41712075614423,4.0,0,63,0.0,0.0,10000
SEP_p,max,6,43.41712075614423,4.0,0,64,0.0,0.0,10000
SEP_p,max,6,43.41712075614423,4.0,0,65,0.0,0.0,10000
SEP_p,max,6,43.41712075614423,4.0,0,66,0.0,0.0,10000
SEP_p,max,6,43.41712075614423,4.0,0,67,0.0,0.0,10000
SEP_p,max,6,43.41712075614423,4.0,0,68,0.0,0.0,10000
SEP_p,max,6,43.41712075614423,4.0,0,69,0.0,0.0,10000
SEP_p,max,6,43.41712075614423,4.0,0,70,0.0,0.0,10000
SEP_p,max,6,43.41712075614423,4.0,0,71,0.0,0.0,10000
SEP_p,max,6,43.41712075614423,4.0,0,72,0.0,0.0,10000
SEP_p,max,6,43.41712075614423,4.0,0,73,0.0,0.0,10000
SEP_p,max,6,43.41712075614423,4.0,0,74,0.0,0.0,10000
SEP_p,max,6,43.41712075614423,4.0,0,75,0.0,0.0,10000
SEP_p,max,6,43.41712075614423,4.0,0,76,0.0,0.0,10000
SEP_p,max,6,43.41712075614423,4.0,0,77,0.0,0.0,10000
SEP_p,max,6,43.41712075614423,4.0,0,78,0.0,0.0,10000
SEP_p,max,6,43.41712075614423,4.0,0,79,0.0,0.0,10000
SEP_p,max,6,43.41712075614423,4.0,0,80,0.0,0.0,10000
SEP_p,max,6,43.41712075614423,4.0,0,81,0.0,0.0,10000
SEP_p,max,6,43.41712075614423,4.0,0,82,0.0,0.0,10000
SEP_p,max,6,43.41712075614423,4.0,0,83,0.0,0.0,10000
SEP_p,max,6,43.41712075614423,4.0,0,84,0.0,0.0,10000
SEP_p,max,6,43.41712075614423,4.0,0,85,0.0,0.0,10000
SEP_p,max,6,43.41712075614423,4.0,0,86,0.0,0.0,10000
SEP_p,max,6,43.41712075614423,4.0,0,87,0.0,0.0,10000
SEP_p,max,6,43.41712075614423,4.0,0,88,0.0,0.0,10000
SEP_p,max,6,43.41712075614423,4.0,0,89,0.0,0.0,10000
SEP_p,max,6,43.41712075614423,4.0,0,90,0.0,0.0,10000
SEP_p,max,6,43.41712075614423,4.0,0,91,0.0,0.0,10000
SEP_p,max,6,43.41712075614423,4.0,0,92,0.0,0.0,10000
SEP_p,max,6,43.41712075614423,4.0,0,93,0.0,0.0,10000
SEP_p,max,6,43.41712075614423,4.0,0,94,0.0,0.0,10000
SEP_p,max,6,43.41712075614423,4.0,0,95,0.0,0.0,10000
SEP_p,max,6,43.41712075614423,4.0,0,96,0.0,0.0,10000
SEP_p,max,6,43.41712075614423,4.0,0,97,0.0,0.0,10000
SEP_p,max,6,43.41712075614423,4.0,0,98,0.0,0.0,10000
SEP_p,max,6,43.41712075614423,4.0,0,99,0.0,0.0,10000
SEP_p,max,6,43.41712075614423,4.0,0,100,0.0,0.0,10000
SEP_p,max,6,43.41712075614423,4.0,0,101,0.0,0.0,10000
SEP_p,max,6,43.41712075614423,4.0,0,102,0.0,0.0,10000
SEP_p,max,6,43.41712075614423,4.0,0,103,0.0,0.0,10000
SEP_p,max,6,43.41712075614423,4.0,0,104,0.0,0.0,10000
SEP_p,max,6,43.41712075614423,4.0,0,105,0.0,0.0,10000
SEP_p,max,6,43.41712075614423,4.0,0,106,0.0,0.0,10000
SEP_p,max,6,43.41712075614423,4.0,0,107,0.0,0.0,10000
SEP_p,max,6,43.41712075614423,4.0,0,108,0.0,0.0,10000
SEP_p,max,6,43.41712075614423,4.0,0,109,0.0,0.0,10000
SEP_p,max,6,43.41712075614423,4.0,0,110,0.0,0.0,10000
SEP_p,max,6,43.41712075614423,4.0,0,111,0.0,0.0,10000
SEP_p,max,6,43.41712075614423,4.0,0,112,0.0,0.0,10000
SEP_p,max,6,43.41712075614423,4.0,0,113,0.0,0.0,10000
SEP_p,max,6,43.41712075614423,4.0,0,114,0.0,0.0,10000
SEP_p,max,6,43.41712075614423,4.0,0,115,0.0,0.0,10000
SEP_p,max,6,43.41712075614423,4.0,0,116,0.0,0.0,10000
SEP_p,max,6,43.41712075614423,4.0,0,117,0.0,0.0,10000
SEP_p,max,6,43.41712075614423,4.0,0,118,0.0,0.0,10000
SEP_p,max,6,43.41712075614423,4.0,0,119,0.0,0.0,10000
SEP_p,max,6,43.41712075614423,4.0,0,120,0.0,0.0,10000
SEP_p,max,6,43.41712075614423,4.0,0,121,0.0,0.0,10000
SEP_p,max,6,43.41712075614423,4.0,0,122,0.0,0.0,10000
SEP_p,max,6,43.41712075614423,4.0,0,123,0.0,0.0,10000
SEP_p,max,6,43.41712075614423,4.0,0,124,0.0,0.0,10000
SEP_p,max,6,43.41712075614423,4.0,0,125,0.0,0.0,10000
SEP_p,max,6,43.41712075614423,4.0,0,126,0.0,0.0,10000
SEP_p,max,6,43.41712075614423,4.0,0,127,0.0,0.0,10000
SEP_p,max,6,43.41712075614423,4.0,0,128,0.0,0.0,10000
SEP_p,max,6,43.41712075614423,4.0,0,129,0.0,0.0,10000
SEP_p,max,6,43.41712075614423,4.0,0,130,0.0,0.0,10000
SEP_p,max,6,43.41712075614423,4.0,0,131,0.0,0.0,10000
SEP_p,max,6,43.41712075614423,4.0,0,132,0.0,0.0,10000
SEP_p,max,6,43.41712075614423,4.0,0,133,0.0,0.0,10000
SEP_p,max,6,43.41712075614423,4.0,0,134,0.0,0.0,10000
SEP_p,max,6,43.41712075614423,4.0,0,135,0.0,0.0,10000
SEP_p,max,6,43.41712075614423,4.0,0,136,0.0,0.0,10000
SEP_p,max,6,43.41712075614423,4.0,0,137,0.0,0.0,10000
SEP_p,max,6,43.41712075614423,4.0,0,138,0.0,0.0,10000
SEP_p,max,6,43.41712075614423,4.0,0,139,0.0,0.0,10000
SEP_p,max,6,43.41712075614423,4.0,0,140,0.0,0.0,10000
SEP_p,max,6,43.41712075614423,4.0,0,141,0.0,0.0,10000
SEP_p,max,7,157.50747750578486,2.0,0,0,1.40888e-09,0.0,10000
SEP_p,max,7,157.50747750578486,2.0,0,1,0.0,0.0,10000
SEP_p,max,7,157.50747750578486,2.0,0,2,0.0,0.0,10000
SEP_p,max,7,157.50747750578486,2.0,0,3,9.00689e-16,8.16581e-14,10000
SEP_p,max,7,157.50747750578486,2.0,0,4,0.0,0.0,10000
SEP_p,max,7,157.50747750578486,2.0,0,5,0.0,0.0,10000
SEP_p,max,7,157.50747750578486,2.0,0,6,0.0,0.0,10000
SEP_p,max,7,157.50747750578486,2.0,0,7,0.0,0.0,10000
SEP_p,max,7,157.50747750578486,2.0,0,8,0.0,0.0,10000
SEP_p,max,7,157.50747750578486,2.0,0,9,0.0,0.0,10000
SEP_p,max,7,157.50747750578486,2.0,0,10,1.73067e-15,6.3644e-15,10000
SEP_p,max,7,157.50747750578486,2.0,0,11,0.0,0.0,10000
SEP_p,max,7,157.50747750578486,2.0,0,12,5.00689e-16,6.02949e-15,10000
SEP_p,max,7,157.50747750578486,2.0,0,13,2.92129e-15,2.15976e-14,10000
SEP_p,max,7,157.50747750578486,2.0,0,14,8.94091e-15,4.83659e-14,10000
SEP_p,max,7,157.50747750578486,2.0,0,15,9.26908e-16,2.76854e-14,10000
SEP_p,max,7,157.50747750578486,2.0,0,16,2.59574e-15,2.02744e-14,10000
SEP_p,max,7,157.50747750578486,2.0,0,17,2.05726e-15,3.44427e-14,10000
SEP_p,max,7,157.50747750578486,2.0,0,18,1.53661e-15,4.13847e-14,10000
SEP_p,max,7,157.50747750578486,2.0,0,19,4.21631e-16,1.55698e-15,10000
SEP_p,max,7,157.50747750578486,2.0,0,20,4.04811e-15,2.22534e-14,10000
SEP_p,max,7,157.50747750578486,2.0,0,21,0.0,0.0,10000
SEP_p,max,7,157.50747750578486,2.0,0,22,1.22501e-16,6.81546e-16,10000
SEP_p,max,7,157.50747750578486,2.0,0,23,1.34136e-15,9.60928e-15,10000
SEP_p,max,7,157.50747750578486,2.0,0,24,0.0,0.0,10000
SEP_p,max,7,157.50747750578486,2.0,0,25,0.0,0.0,10000
SEP_p,max,7,157.50747750578486,2.0,0,26,7.07507e-15,1.25701e-14,10000
SEP_p,max,7,157.50747750578486,2.0,0,27,1.28457e-14,2.8479e-14,10000
SEP_p,max,7,157.50747750578486,2.0,0,28,2.46687e-16,9.42704e-16,10000
SEP_p,max,7,157.50747750578486,2.0,0,29,6.62707e-15,1.40389e-14,10000
SEP_p,max,7,157.50747750578486,2.0,0,30,0.0,0.0,10000
SEP_p,max,7,157.50747750578486,2.0,0,31,0.0,0.0,10000
SEP_p,max,7,157.50747750578486,2.0,0,32,0.0,0.0,10000
SEP_p,max,7,157.50747750578486,2.0,0,33,0.0,0.0,10000
SEP_p,max,7,157.50747750578486,2.0,0,34,3.08826e-15,5.81209e-15,10000
SEP_p,max,7,157.50747750578486,2.0,0,35,4.15777e-15,5.70042e-15,10000
SEP_p,max,7,157.50747750578486,2.0,0,36,0.0,0.0,10000
SEP_p,max,7,157.50747750578486,2.0,0,37,7.28672e-16,3.13327e-15,10000
SEP_p,max,7,157.50747750578486,2.0,0,38,5.1712e-15,1.01839e-14,10000
SEP_p,max,7,157.50747750578486,2.0,0,39,6.89469e-18,9.05766e-17,10000
SEP_p,max,7,157.50747750578486,2.0,0,40,0.0,0.0,10000
SEP_p,max,7,157.50747750578486,2.0,0,41,3.96081e-16,9.93631e-16,10000
SEP_p,max,7,157.50747750578486,2.0,0,42,1.61449e-15,2.37013e-15,10000
SEP_p,max,7,157.50747750578486,2.0,0,43,1.13981e-15,3.1214e-15,10000
SEP_p,max,7,157.50747750578486,2.0,0,44,8.10593e-15,1.55865e-14,10000
SEP_p,max,7,157.50747750578486,2.0,0,45,6.48642e-16,2.93331e-15,10000
SEP_p,max,7,157.50747750578486,2.0,0,46,8.17484e-15,4.25308e-14,10000
SEP_p,max,7,157.50747750578486,2.0,0,47,0.0,0.0,10000
SEP_p,max,7,157.50747750578486,2.0,0,48,0.0,0.0,10000
SEP_p,max,7,157.50747750578486,2.0,0,49,5.56354e-16,1.94136e-15,10000
SEP_p,max,7,157.50747750578486,2.0,0,50,2.0341e-15,6.06579e-15,10000
SEP_p,max,7,157.50747750578486,2.0,0,51,0.0,0.0,10000
SEP_p,max,7,157.50747750578486,2.0,0,52,0.0,0.0,10000
SEP_p,max,7,157.50747750578486,2.0,0,53,0.0,0.0,10000
SEP_p,max,7,157.50747750578486,2.0,0,54,0.0,0.0,10000
SEP_p,max,7,157.50747750578486,2.0,0,55,0.0,0.0,10000
SEP_p,max,7,157.50747750578486,2.0,0,56,1.44752e-15,2.57063e-14,10000
SEP_p,max,7,157.50747750578486,2.0,0,57,2.32309e-16,1.45557e-14,10000
SEP_p,max,7,157.50747750578486,2.0,0,58,1.08484e-15,1.22346e-14,10000
SEP_p,max,7,157.50747750578486,2.0,0,59,0.0,0.0,10000
SEP_p,max,7,157.50747750578486,2.0,0,60,0.0,0.0,10000
SEP_p,max,7,157.50747750578486,2.0,0,61,2.7517e-14,1.89773e-14,10000
SEP_p,max,7,157.50747750578486,2.0,0,62,0.0,0.0,10000
SEP_p,max,7,157.50747750578486,2.0,0,63,0.0,0.0,10000
SEP_p,max,7,157.50747750578486,2.0,0,64,0.0,0.0,10000
SEP_p,max,7,157.50747750578486,2.0,0,65,0.0,0.0,10000
SEP_p,max,7,157.50747750578486,2.0,0,66,0.0,0.0,10000
SEP_p,max,7,157.50747750578486,2.0,0,67,0.0,0.0,10000
SEP_p,max,7,157.50747750578486,2.0,0,68,0.0,0.0,10000
SEP_p,max,7,157.50747750578486,2.0,0,69,2.11498e-15,2.88538e-13,10000
SEP_p,max,7,157.50747750578486,2.0,0,70,0.0,0.0,10000
SEP_p,max,7,157.50747750578486,2.0,0,71,0.0,0.0,10000
SEP_p,max,7,157.50747750578486,2.0,0,72,5.4125e-16,3.60857e-15,10000
SEP_p,max,7,157.50747750578486,2.0,0,73,1.02348e-14,4.09377e-14,10000
SEP_p,max,7,157.50747750578486,2.0,0,74,6.15332e-15,9.46664e-15,10000
SEP_p,max,7,157.50747750578486,2.0,0,75,0.0,0.0,10000
SEP_p,max,7,157.50747750578486,2.0,0,76,1.79775e-15,1.99773e-14,10000
SEP_p,max,7,157.50747750578486,2.0,0,77,2.46831e-15,4.4862e-14,10000
SEP_p,max,7,157.50747750578486,2.0,0,78,7.25102e-15,1.2085e-13,10000
SEP_p,max,7,157.50747750578486,2.0,0,79,7.9437e-15,8.36179e-14,10000
SEP_p,max,7,157.50747750578486,2.0,0,80,6.96489e-16,1.16081e-14,10000
SEP_p,max,7,157.50747750578486,2.0,0,81,3.30667e-15,8.26461e-14,10000
SEP_p,max,7,157.50747750578486,2.0,0,82,0.0,0.0,10000
SEP_p,max,7,157.50747750578486,2.0,0,83,0.0,0.0,10000
SEP_p,max,7,157.50747750578486,2.0,0,84,0.0,0.0,10000
SEP_p,max,7,157.50747750578486,2.0,0,85,0.0,0.0,10000
SEP_p,max,7,157.50747750578486,2.0,0,86,0.0,0.0,10000
SEP_p,max,7,157.50747750578486,2.0,0,87,9.54281e-16,2.89193e-15,10000
SEP_p,max,7,157.50747750578486,2.0,0,88,1.30364e-14,2.55611e-14,10000
SEP_p,max,7,157.50747750578486,2.0,0,89,0.0,0.0,10000
SEP_p,max,7,157.50747750578486,2.0,0,90,0.0,0.0,10000
SEP_p,max,7,157.50747750578486,2.0,0,91,0.0,0.0,10000
SEP_p,max,7,157.50747750578486,2.0,0,92,0.0,0.0,10000
SEP_p,max,7,157.50747750578486,2.0,0,93,0.0,0.0,10000
SEP_p,max,7,157.50747750578486,2.0,0,94,0.0,0.0,10000
SEP_p,max,7,157.50747750578486,2.0,0,95,1.33396e-14,7.41084e-15,10000
SEP_p,max,7,157.50747750578486,2.0,0,96,0.0,0.0,10000
SEP_p,max,7,157.50747750578486,2.0,0,97,5.91796e-15,1.23874e-14,10000
SEP_p,max,7,157.50747750578486,2.0,0,98,1.1988e-15,1.67571e-14,10000
SEP_p,max,7,157.50747750578486,2.0,0,99,4.34558e-15,7.49135e-15,10000
SEP_p,max,7,157.50747750578486,2.0,0,100,0.0,0.0,10000
SEP_p,max,7,157.50747750578486,2.0,0,101,0.0,0.0,10000
SEP_p,max,7,157.50747750578486,2.0,0,102,0.0,0.0,10000
SEP_p,max,7,157.50747750578486,2.0,0,103,2.64235e-16,2.53099e-15,10000
SEP_p,max,7,157.50747750578486,2.0,0,104,0.0,0.0,10000
SEP_p,max,7,157.50747750578486,2.0,0,105,1.99755e-16,1.7996e-14,10000
SEP_p,max,7,157.50747750578486,2.0,0,106,2.57581e-14,2.11511e-14,10000
SEP_p,max,7,157.50747750578486,2.0,0,107,2.42065e-13,1.61303e-14,10000
SEP_p,max,7,157.50747750578486,2.0,0,108,2.61577e-14,9.51007e-15,10000
SEP_p,max,7,157.50747750578486,2.0,0,109,1.03921e-13,1.03662e-14,10000
SEP_p,max,7,157.50747750578486,2.0,0,110,4.00226e-16,1.00032e-14,10000
SEP_p,max,7,157.50747750578486,2.0,0,111,0.0,0.0,10000
SEP_p,max,7,157.50747750578486,2.0,0,112,0.0,0.0,10000
SEP_p,max,7,157.50747750578486,2.0,0,113,0.0,0.0,10000
SEP_p,max,7,157.50747750578486,2.0,0,114,0.0,0.0,10000
SEP_p,max,7,157.50747750578486,2.0,0,115,0.0,0.0,10000
SEP_p,max,7,157.50747750578486,2.0,0,116,2.342e-14,2.23364e-14,10000
SEP_p,max,7,157.50747750578486,2.0,0,117,1.20681e-13,9.75591e-15,10000
SEP_p,max,7,157.50747750578486,2.0,0,118,1.45803e-14,8.87163e-15,10000
SEP_p,max,7,157.50747750578486,2.0,0,119,4.09638e-14,7.59084e-15,10000
SEP_p,max,7,157.50747750578486,2.0,0,120,0.0,0.0,10000
SEP_p,max,7,157.50747750578486,2.0,0,121,0.0,0.0,10000
SEP_p,max,7,157.50747750578486,2.0,0,122,6.32045e-15,2.16944e-14,10000
SEP_p,max,7,157.50747750578486,2.0,0,123,1.43852e-14,9.81784e-15,10000
SEP_p,max,7,157.50747750578486,2.0,0,124,7.56581e-15,1.18395e-14,10000
SEP_p,max,7,157.50747750578486,2.0,0,125,9.26929e-15,6.95668e-15,10000
SEP_p,max,7,157.50747750578486,2.0,0,126,0.0,0.0,10000
SEP_p,max,7,157.50747750578486,2.0,0,127,0.0,0.0,10000
SEP_p,max,7,157.50747750578486,2.0,0,128,0.0,0.0,10000
SEP_p,max,7,157.50747750578486,2.0,0,129,0.0,0.0,10000
SEP_p,max,7,157.50747750578486,2.0,0,130,0.0,0.0,10000
SEP_p,max,7,157.50747750578486,2.0,0,131,0.0,0.0,10000
SEP_p,max,7,157.50747750578486,2.0,0,132,0.0,0.0,10000
SEP_p,max,7,157.50747750578486,2.0,0,133,0.0,0.0,10000
SEP_p,max,7,157.50747750578486,2.0,0,134,0.0,0.0,10000
SEP_p,max,7,157.50747750578486,2.0,0,135,0.0,0.0,10000
SEP_p,max,7,157.50747750578486,2.0,0,136,0.0,0.0,10000
SEP_p,max,7,157.50747750578486,2.0,0,137,5.35216e-16,1.07022e-14,10000
SEP_p,max,7,157.50747750578486,2.0,0,138,5.02561e-15,2.5128e-14,10000
SEP_p,max,7,157.50747750578486,2.0,0,139,0.0,0.0,10000
SEP_p,max,7,157.50747750578486,2.0,0,140,6.80896e-16,3.40448e-12,10000
SEP_p,max,7,157.50747750578486,2.0,0,141,4.44282e-16,2.87934e-15,10000
SEP_p,max,7,157.50747750578486,3.0,0,0,1.3734e-10,0.0,10000
SEP_p,max,7,157.50747750578486,3.0,0,1,0.0,0.0,10000
SEP_p,max,7,157.50747750578486,3.0,0,2,1.15503e-15,1.65004e-13,10000
SEP_p,max,7,157.50747750578486,3.0,0,3,2.97377e-16,2.69607e-14,10000
SEP_p,max,7,157.50747750578486,3.0,0,4,0.0,0.0,10000
SEP_p,max,7,157.50747750578486,3.0,0,5,0.0,0.0,10000
SEP_p,max,7,157.50747750578486,3.0,0,6,0.0,0.0,10000
SEP_p,max,7,157.50747750578486,3.0,0,7,0.0,0.0,10000
SEP_p,max,7,157.50747750578486,3.0,0,8,0.0,0.0,10000
SEP_p,max,7,157.50747750578486,3.0,0,9,0.0,0.0,10000
SEP_p,max,7,157.50747750578486,3.0,0,10,6.88794e-16,2.53298e-15,10000
SEP_p,max,7,157.50747750578486,3.0,0,11,0.0,0.0,10000
SEP_p,max,7,157.50747750578486,3.0,0,12,7.20629e-16,8.67809e-15,10000
SEP_p,max,7,157.50747750578486,3.0,0,13,0.0,0.0,10000
SEP_p,max,7,157.50747750578486,3.0,0,14,0.0,0.0,10000
SEP_p,max,7,157.50747750578486,3.0,0,15,0.0,0.0,10000
SEP_p,max,7,157.50747750578486,3.0,0,16,3.32497e-16,2.59702e-15,10000
SEP_p,max,7,157.50747750578486,3.0,0,17,4.64337e-16,7.77394e-15,10000
SEP_p,max,7,157.50747750578486,3.0,0,18,0.0,0.0,10000
SEP_p,max,7,157.50747750578486,3.0,0,19,2.70406e-16,9.98545e-16,10000
SEP_p,max,7,157.50747750578486,3.0,0,20,1.82609e-15,1.00384e-14,10000
SEP_p,max,7,157.50747750578486,3.0,0,21,0.0,0.0,10000
SEP_p,max,7,157.50747750578486,3.0,0,22,0.0,0.0,10000
SEP_p,max,7,157.50747750578486,3.0,0,23,0.0,0.0,10000
SEP_p,max,7,157.50747750578486,3.0,0,24,0.0,0.0,10000
SEP_p,max,7,157.50747750578486,3.0,0,25,0.0,0.0,10000
SEP_p,max,7,157.50747750578486,3.0,0,26,4.09348e-15,7.27277e-15,10000
SEP_p,max,7,157.50747750578486,3.0,0,27,2.42581e-15,5.37802e-15,10000
SEP_p,max,7,157.50747750578486,3.0,0,28,0.0,0.0,10000
SEP_p,max,7,157.50747750578486,3.0,0,29,0.0,0.0,10000
SEP_p,max,7,157.50747750578486,3.0,0,30,0.0,0.0,10000
SEP_p,max,7,157.50747750578486,3.0,0,31,2.29493e-16,7.80351e-16,10000
SEP_p,max,7,157.50747750578486,3.0,0,32,6.24289e-15,1.42347e-14,10000
SEP_p,max,7,157.50747750578486,3.0,0,33,0.0,0.0,10000
SEP_p,max,7,157.50747750578486,3.0,0,34,1.52589e-15,2.87172e-15,10000
SEP_p,max,7,157.50747750578486,3.0,0,35,4.09004e-15,5.60756e-15,10000
SEP_p,max,7,157.50747750578486,3.0,0,36,0.0,0.0,10000
SEP_p,max,7,157.50747750578486,3.0,0,37,7.33188e-16,3.15268e-15,10000
SEP_p,max,7,157.50747750578486,3.0,0,38,1.1439e-14,2.25274e-14,10000
SEP_p,max,7,157.50747750578486,3.0,0,39,0.0,0.0,10000
SEP_p,max,7,157.50747750578486,3.0,0,40,0.0,0.0,10000
SEP_p,max,7,157.50747750578486,3.0,0,41,7.9964e-16,2.00602e-15,10000
SEP_p,max,7,157.50747750578486,3.0,0,42,4.36424e-15,6.40688e-15,10000
SEP_p,max,7,157.50747750578486,3.0,0,43,2.78421e-15,7.62464e-15,10000
SEP_p,max,7,157.50747750578486,3.0,0,44,6.37812e-15,1.22642e-14,10000
SEP_p,max,7,157.50747750578486,3.0,0,45,0.0,0.0,10000
SEP_p,max,7,157.50747750578486,3.0,0,46,0.0,0.0,10000
SEP_p,max,7,157.50747750578486,3.0,0,47,0.0,0.0,10000
SEP_p,max,7,157.50747750578486,3.0,0,48,0.0,0.0,10000
SEP_p,max,7,157.50747750578486,3.0,0,49,1.24735e-15,4.35254e-15,10000
SEP_p,max,7,157.50747750578486,3.0,0,50,9.45691e-16,2.8201e-15,10000
SEP_p,max,7,157.50747750578486,3.0,0,51,7.74595e-17,4.16024e-16,10000
SEP_p,max,7,157.50747750578486,3.0,0,52,1.05202e-15,3.48271e-15,10000
SEP_p,max,7,157.50747750578486,3.0,0,53,2.29154e-15,2.0979e-14,10000
SEP_p,max,7,157.50747750578486,3.0,0,54,2.79755e-15,1.61232e-14,10000
SEP_p,max,7,157.50747750578486,3.0,0,55,0.0,0.0,10000
SEP_p,max,7,157.50747750578486,3.0,0,56,0.0,0.0,10000
SEP_p,max,7,157.50747750578486,3.0,0,57,1.32779e-15,8.31949e-14,10000
SEP_p,max,7,157.50747750578486,3.0,0,58,8.8336e-16,9.96233e-15,10000
SEP_p,max,7,157.50747750578486,3.0,0,59,1.26531e-16,2.14096e-14,10000
SEP_p,max,7,157.50747750578486,3.0,0,60,2.49223e-16,7.176e-15,10000
SEP_p,max,7,157.50747750578486,3.0,0,61,7.02406e-15,4.84418e-15,10000
SEP_p,max,7,157.50747750578486,3.0,0,62,0.0,0.0,10000
SEP_p,max,7,157.50747750578486,3.0,0,63,0.0,0.0,10000
SEP_p,max,7,157.50747750578486,3.0,0,64,0.0,0.0,10000
SEP_p,max,7,157.50747750578486,3.0,0,65,9.39821e-16,1.88341e-13,10000
SEP_p,max,7,157.50747750578486,3.0,0,66,0.0,0.0,10000
SEP_p,max,7,157.50747750578486,3.0,0,67,0.0,0.0,10000
SEP_p,max,7,157.50747750578486,3.0,0,68,0.0,0.0,10000
SEP_p,max,7,157.50747750578486,3.0,0,69,0.0,0.0,10000
SEP_p,max,7,157.50747750578486,3.0,0,70,0.0,0.0,10000
SEP_p,max,7,157.50747750578486,3.0,0,71,0.0,0.0,10000
SEP_p,max,7,157.50747750578486,3.0,0,72,3.5308e-15,2.35403e-14,10000
SEP_p,max,7,157.50747750578486,3.0,0,73,1.01691e-14,4.06746e-14,10000
SEP_p,max,7,157.50747750578486,3.0,0,74,8.49918e-16,1.30757e-15,10000
SEP_p,max,7,157.50747750578486,3.0,0,75,0.0,0.0,10000
SEP_p,max,7,157.50747750578486,3.0,0,76,0.0,0.0,10000
SEP_p,max,7,157.50747750578486,3.0,0,77,0.0,0.0,10000
SEP_p,max,7,157.50747750578486,3.0,0,78,0.0,0.0,10000
SEP_p,max,7,157.50747750578486,3.0,0,79,0.0,0.0,10000
SEP_p,max,7,157.50747750578486,3.0,0,80,0.0,0.0,10000
SEP_p,max,7,157.50747750578486,3.0,0,81,0.0,0.0,10000
SEP_p,max,7,157.50747750578486,3.0,0,82,0.0,0.0,10000
SEP_p,max,7,157.50747750578486,3.0,0,83,0.0,0.0,10000
SEP_p,max,7,157.50747750578486,3.0,0,84,0.0,0.0,10000
SEP_p,max,7,157.50747750578486,3.0,0,85,0.0,0.0,10000
SEP_p,max,7,157.50747750578486,3.0,0,86,0.0,0.0,10000
SEP_p,max,7,157.50747750578486,3.0,0,87,2.12402e-15,6.43681e-15,10000
SEP_p,max,7,157.50747750578486,3.0,0,88,4.77838e-15,9.36919e-15,10000
SEP_p,max,7,157.50747750578486,3.0,0,89,0.0,0.0,10000
SEP_p,max,7,157.50747750578486,3.0,0,90,0.0,0.0,10000
SEP_p,max,7,157.50747750578486,3.0,0,91,0.0,0.0,10000
SEP_p,max,7,157.50747750578486,3.0,0,92,2.22637e-16,2.02545e-15,10000
SEP_p,max,7,157.50747750578486,3.0,0,93,0.0,0.0,10000
SEP_p,max,7,157.50747750578486,3.0,0,94,0.0,0.0,10000
SEP_p,max,7,157.50747750578486,3.0,0,95,2.03767e-14,1.13204e-14,10000
SEP_p,max,7,157.50747750578486,3.0,0,96,0.0,0.0,10000
SEP_p,max,7,157.50747750578486,3.0,0,97,4.6606e-15,9.75552e-15,10000
SEP_p,max,7,157.50747750578486,3.0,0,98,1.64793e-15,2.30351e-14,10000
SEP_p,max,7,157.50747750578486,3.0,0,99,3.88212e-14,6.69239e-14,10000
SEP_p,max,7,157.50747750578486,3.0,0,100,0.0,0.0,10000
SEP_p,max,7,157.50747750578486,3.0,0,101,0.0,0.0,10000
SEP_p,max,7,157.50747750578486,3.0,0,102,0.0,0.0,10000
SEP_p,max,7,157.50747750578486,3.0,0,103,8.22848e-17,7.88168e-16,10000
SEP_p,max,7,157.50747750578486,3.0,0,104,0.0,0.0,10000
SEP_p,max,7,157.50747750578486,3.0,0,105,0.0,0.0,10000
SEP_p,max,7,157.50747750578486,3.0,0,106,1.11059e-15,9.11959e-16,10000
SEP_p,max,7,157.50747750578486,3.0,0,107,1.00765e-13,6.71458e-15,10000
SEP_p,max,7,157.50747750578486,3.0,0,108,5.97579e-15,2.1726e-15,10000
SEP_p,max,7,157.50747750578486,3.0,0,109,8.13384e-14,8.11358e-15,10000
SEP_p,max,7,157.50747750578486,3.0,0,110,0.0,0.0,10000
SEP_p,max,7,157.50747750578486,3.0,0,111,0.0,0.0,10000
SEP_p,max,7,157.50747750578486,3.0,0,112,0.0,0.0,10000
SEP_p,max,7,157.50747750578486,3.0,0,113,0.0,0.0,10000
SEP_p,max,7,157.50747750578486,3.0,0,114,0.0,0.0,10000
SEP_p,max,7,157.50747750578486,3.0,0,115,0.0,0.0,10000
SEP_p,max,7,157.50747750578486,3.0,0,116,6.00362e-15,5.72586e-15,10000
SEP_p,max,7,157.50747750578486,3.0,0,117,9.16135e-14,7.40608e-15,10000
SEP_p,max,7,157.50747750578486,3.0,0,118,1.23463e-14,7.51232e-15,10000
SEP_p,max,7,157.50747750578486,3.0,0,119,5.44966e-14,1.00986e-14,10000
SEP_p,max,7,157.50747750578486,3.0,0,120,0.0,0.0,10000
SEP_p,max,7,157.50747750578486,3.0,0,121,0.0,0.0,10000
SEP_p,max,7,157.50747750578486,3.0,0,122,5.44126e-16,1.86767e-15,10000
SEP_p,max,7,157.50747750578486,3.0,0,123,1.33296e-14,9.0974e-15,10000
SEP_p,max,7,157.50747750578486,3.0,0,124,3.75056e-15,5.86915e-15,10000
SEP_p,max,7,157.50747750578486,3.0,0,125,9.4365e-15,7.08217e-15,10000
SEP_p,max,7,157.50747750578486,3.0,0,126,1.42383e-15,3.88811e-14,10000
SEP_p,max,7,157.50747750578486,3.0,0,127,7.98246e-15,5.322e-14,10000
SEP_p,max,7,157.50747750578486,3.0,0,128,0.0,0.0,10000
SEP_p,max,7,157.50747750578486,3.0,0,129,0.0,0.0,10000
SEP_p,max,7,157.50747750578486,3.0,0,130,0.0,0.0,10000
SEP_p,max,7,157.50747750578486,3.0,0,131,0.0,0.0,10000
SEP_p,max,7,157.50747750578486,3.0,0,132,0.0,0.0,10000
SEP_p,max,7,157.50747750578486,3.0,0,133,0.0,0.0,10000
SEP_p,max,7,157.50747750578486,3.0,0,134,0.0,0.0,10000
SEP_p,max,7,157.50747750578486,3.0,0,135,0.0,0.0,10000
SEP_p,max,7,157.50747750578486,3.0,0,136,0.0,0.0,10000
SEP_p,max,7,157.50747750578486,3.0,0,137,0.0,0.0,10000
SEP_p,max,7,157.50747750578486,3.0,0,138,0.0,0.0,10000
SEP_p,max,7,157.50747750578486,3.0,0,139,0.0,0.0,10000
SEP_p,max,7,157.50747750578486,3.0,0,140,4.98202e-16,2.49101e-12,10000
SEP_p,max,7,157.50747750578486,3.0,0,141,6.55988e-16,4.25138e-15,10000
SEP_p,max,7,157.50747750578486,4.0,0,0,2.89034e-09,0.0,10000
SEP_p,max,7,157.50747750578486,4.0,0,1,0.0,0.0,10000
SEP_p,max,7,157.50747750578486,4.0,0,2,0.0,0.0,10000
SEP_p,max,7,157.50747750578486,4.0,0,3,0.0,0.0,10000
SEP_p,max,7,157.50747750578486,4.0,0,4,0.0,0.0,10000
SEP_p,max,7,157.50747750578486,4.0,0,5,6.5754e-16,2.13973e-14,10000
SEP_p,max,7,157.50747750578486,4.0,0,6,1.15324e-17,2.26126e-15,10000
SEP_p,max,7,157.50747750578486,4.0,0,7,0.0,0.0,10000
SEP_p,max,7,157.50747750578486,4.0,0,8,0.0,0.0,10000
SEP_p,max,7,157.50747750578486,4.0,0,9,0.0,0.0,10000
SEP_p,max,7,157.50747750578486,4.0,0,10,7.85407e-16,2.88827e-15,10000
SEP_p,max,7,157.50747750578486,4.0,0,11,0.0,0.0,10000
SEP_p,max,7,157.50747750578486,4.0,0,12,3.40695e-16,4.10279e-15,10000
SEP_p,max,7,157.50747750578486,4.0,0,13,0.0,0.0,10000
SEP_p,max,7,157.50747750578486,4.0,0,14,0.0,0.0,10000
SEP_p,max,7,157.50747750578486,4.0,0,15,0.0,0.0,10000
SEP_p,max,7,157.50747750578486,4.0,0,16,0.0,0.0,10000
SEP_p,max,7,157.50747750578486,4.0,0,17,0.0,0.0,10000
SEP_p,max,7,157.50747750578486,4.0,0,18,0.0,0.0,10000
SEP_p,max,7,157.50747750578486,4.0,0,19,1.1573e-15,4.27362e-15,10000
SEP_p,max,7,157.50747750578486,4.0,0,20,0.0,0.0,10000
SEP_p,max,7,157.50747750578486,4.0,0,21,1.05533e-16,4.6552e-15,10000
SEP_p,max,7,157.50747750578486,4.0,0,22,3.05109e-16,1.6975e-15,10000
SEP_p,max,7,157.50747750578486,4.0,0,23,1.60472e-16,1.14959e-15,10000
SEP_p,max,7,157.50747750578486,4.0,0,24,0.0,0.0,10000
SEP_p,max,7,157.50747750578486,4.0,0,25,0.0,0.0,10000
SEP_p,max,7,157.50747750578486,4.0,0,26,4.46132e-16,7.92631e-16,10000
SEP_p,max,7,157.50747750578486,4.0,0,27,3.26256e-16,7.23309e-16,10000
SEP_p,max,7,157.50747750578486,4.0,0,28,0.0,0.0,10000
SEP_p,max,7,157.50747750578486,4.0,0,29,0.0,0.0,10000
SEP_p,max,7,157.50747750578486,4.0,0,30,0.0,0.0,10000
SEP_p,max,7,157.50747750578486,4.0,0,31,7.54738e-16,2.56635e-15,10000
SEP_p,max,7,157.50747750578486,4.0,0,32,1.29337e-14,2.94905e-14,10000
SEP_p,max,7,157.50747750578486,4.0,0,33,0.0,0.0,10000
SEP_p,max,7,157.50747750578486,4.0,0,34,1.14534e-14,2.15554e-14,10000
SEP_p,max,7,157.50747750578486,4.0,0,35,1.46111e-14,2.00322e-14,10000
SEP_p,max,7,157.50747750578486,4.0,0,36,1.95724e-15,2.48791e-14,10000
SEP_p,max,7,157.50747750578486,4.0,0,37,4.40566e-16,1.89442e-15,10000
SEP_p,max,7,157.50747750578486,4.0,0,38,2.10982e-15,4.15498e-15,10000
SEP_p,max,7,157.50747750578486,4.0,0,39,9.55792e-16,1.25564e-14,10000
SEP_p,max,7,157.50747750578486,4.0,0,40,2.96698e-15,4.01486e-14,10000
SEP_p,max,7,157.50747750578486,4.0,0,41,3.56497e-16,8.94328e-16,10000
SEP_p,max,7,157.50747750578486,4.0,0,42,5.17758e-16,7.6009e-16,10000
SEP_p,max,7,157.50747750578486,4.0,0,43,9.35609e-16,2.56219e-15,10000
SEP_p,max,7,157.50747750578486,4.0,0,44,2.69692e-15,5.18578e-15,10000
SEP_p,max,7,157.50747750578486,4.0,0,45,1.81962e-15,8.22872e-15,10000
SEP_p,max,7,157.50747750578486,4.0,0,46,2.08369e-15,1.08407e-14,10000
SEP_p,max,7,157.50747750578486,4.0,0,47,0.0,0.0,10000
SEP_p,max,7,157.50747750578486,4.0,0,48,0.0,0.0,10000
SEP_p,max,7,157.50747750578486,4.0,0,49,4.39802e-16,1.53466e-15,10000
SEP_p,max,7,157.50747750578486,4.0,0,50,3.1408e-15,9.36602e-15,10000
SEP_p,max,7,157.50747750578486,4.0,0,51,0.0,0.0,10000
SEP_p,max,7,157.50747750578486,4.0,0,52,0.0,0.0,10000
SEP_p,max,7,157.50747750578486,4.0,0,53,1.31909e-15,1.20762e-14,10000
SEP_p,max,7,157.50747750578486,4.0,0,54,3.70365e-15,2.13454e-14,10000
SEP_p,max,7,157.50747750578486,4.0,0,55,0.0,0.0,10000
SEP_p,max,7,157.50747750578486,4.0,0,56,0.0,0.0,10000
SEP_p,max,7,157.50747750578486,4.0,0,57,0.0,0.0,10000
SEP_p,max,7,157.50747750578486,4.0,0,58,2.66448e-16,3.00494e-15,10000
SEP_p,max,7,157.50747750578486,4.0,0,59,0.0,0.0,10000
SEP_p,max,7,157.50747750578486,4.0,0,60,1.29231e-15,3.72102e-14,10000
SEP_p,max,7,157.50747750578486,4.0,0,61,1.14438e-14,7.89229e-15,10000
SEP_p,max,7,157.50747750578486,4.0,0,62,0.0,0.0,10000
SEP_p,max,7,157.50747750578486,4.0,0,63,0.0,0.0,10000
SEP_p,max,7,157.50747750578486,4.0,0,64,0.0,0.0,10000
SEP_p,max,7,157.50747750578486,4.0,0,65,0.0,0.0,10000
SEP_p,max,7,157.50747750578486,4.0,0,66,0.0,0.0,10000
SEP_p,max,7,157.50747750578486,4.0,0,67,0.0,0.0,10000
SEP_p,max,7,157.50747750578486,4.0,0,68,0.0,0.0,10000
SEP_p,max,7,157.50747750578486,4.0,0,69,0.0,0.0,10000
SEP_p,max,7,157.50747750578486,4.0,0,70,0.0,0.0,10000
SEP_p,max,7,157.50747750578486,4.0,0,71,0.0,0.0,10000
SEP_p,max,7,157.50747750578486,4.0,0,72,0.0,0.0,10000
SEP_p,max,7,157.50747750578486,4.0,0,73,2.31323e-15,9.25256e-15,10000
SEP_p,max,7,157.50747750578486,4.0,0,74,9.28521e-15,1.42849e-14,10000
SEP_p,max,7,157.50747750578486,4.0,0,75,1.04918e-15,2.99749e-15,10000
SEP_p,max,7,157.50747750578486,4.0,0,76,0.0,0.0,10000
SEP_p,max,7,157.50747750578486,4.0,0,77,0.0,0.0,10000
SEP_p,max,7,157.50747750578486,4.0,0,78,0.0,0.0,10000
SEP_p,max,7,157.50747750578486,4.0,0,79,0.0,0.0,10000
SEP_p,max,7,157.50747750578486,4.0,0,80,0.0,0.0,10000
SEP_p,max,7,157.50747750578486,4.0,0,81,0.0,0.0,10000
SEP_p,max,7,157.50747750578486,4.0,0,82,0.0,0.0,10000
SEP_p,max,7,157.50747750578486,4.0,0,83,0.0,0.0,10000
SEP_p,max,7,157.50747750578486,4.0,0,84,0.0,0.0,10000
SEP_p,max,7,157.50747750578486,4.0,0,85,0.0,0.0,10000
SEP_p,max,7,157.50747750578486,4.0,0,86,0.0,0.0,10000
SEP_p,max,7,157.50747750578486,4.0,0,87,1.13682e-15,3.44511e-15,10000
SEP_p,max,7,157.50747750578486,4.0,0,88,2.84592e-15,5.58013e-15,10000
SEP_p,max,7,157.50747750578486,4.0,0,89,0.0,0.0,10000
SEP_p,max,7,157.50747750578486,4.0,0,90,0.0,0.0,10000
SEP_p,max,7,157.50747750578486,4.0,0,91,0.0,0.0,10000
SEP_p,max,7,157.50747750578486,4.0,0,92,3.71678e-15,3.38135e-14,10000
SEP_p,max,7,157.50747750578486,4.0,0,93,2.7285e-15,6.9516e-14,10000
SEP_p,max,7,157.50747750578486,4.0,0,94,0.0,0.0,10000
SEP_p,max,7,157.50747750578486,4.0,0,95,1.48633e-14,8.25736e-15,10000
SEP_p,max,7,157.50747750578486,4.0,0,96,1.84045e-15,2.32939e-14,10000
SEP_p,max,7,157.50747750578486,4.0,0,97,1.47103e-14,3.07915e-14,10000
SEP_p,max,7,157.50747750578486,4.0,0,98,0.0,0.0,10000
SEP_p,max,7,157.50747750578486,4.0,0,99,2.15875e-16,3.72147e-16,10000
SEP_p,max,7,157.50747750578486,4.0,0,100,0.0,0.0,10000
SEP_p,max,7,157.50747750578486,4.0,0,101,0.0,0.0,10000
SEP_p,max,7,157.50747750578486,4.0,0,102,0.0,0.0,10000
SEP_p,max,7,157.50747750578486,4.0,0,103,0.0,0.0,10000
SEP_p,max,7,157.50747750578486,4.0,0,104,0.0,0.0,10000
SEP_p,max,7,157.50747750578486,4.0,0,105,0.0,0.0,10000
SEP_p,max,7,157.50747750578486,4.0,0,106,2.25087e-14,1.8483e-14,10000
SEP_p,max,7,157.50747750578486,4.0,0,107,1.00891e-13,6.723e-15,10000
SEP_p,max,7,157.50747750578486,4.0,0,108,1.6433e-14,5.97447e-15,10000
SEP_p,max,7,157.50747750578486,4.0,0,109,1.15766e-13,1.15478e-14,10000
SEP_p,max,7,157.50747750578486,4.0,0,110,0.0,0.0,10000
SEP_p,max,7,157.50747750578486,4.0,0,111,0.0,0.0,10000
SEP_p,max,7,157.50747750578486,4.0,0,112,0.0,0.0,10000
SEP_p,max,7,157.50747750578486,4.0,0,113,0.0,0.0,10000
SEP_p,max,7,157.50747750578486,4.0,0,114,0.0,0.0,10000
SEP_p,max,7,157.50747750578486,4.0,0,115,0.0,0.0,10000
SEP_p,max,7,157.50747750578486,4.0,0,116,3.22275e-14,3.07365e-14,10000
SEP_p,max,7,157.50747750578486,4.0,0,117,1.39984e-13,1.13164e-14,10000
SEP_p,max,7,157.50747750578486,4.0,0,118,1.16184e-14,7.06946e-15,10000
SEP_p,max,7,157.50747750578486,4.0,0,119,6.13818e-14,1.13744e-14,10000
SEP_p,max,7,157.50747750578486,4.0,0,120,7.80742e-16,1.83747e-14,10000
SEP_p,max,7,157.50747750578486,4.0,0,121,3.0374e-16,7.14849e-15,10000
SEP_p,max,7,157.50747750578486,4.0,0,122,4.70462e-15,1.61482e-14,10000
SEP_p,max,7,157.50747750578486,4.0,0,123,1.69473e-14,1.15665e-14,10000
SEP_p,max,7,157.50747750578486,4.0,0,124,2.03785e-15,3.18897e-15,10000
SEP_p,max,7,157.50747750578486,4.0,0,125,8.02362e-15,6.02179e-15,10000
SEP_p,max,7,157.50747750578486,4.0,0,126,0.0,0.0,10000
SEP_p,max,7,157.50747750578486,4.0,0,127,0.0,0.0,10000
SEP_p,max,7,157.50747750578486,4.0,0,128,6.49258e-16,1.29748e-14,10000
SEP_p,max,7,157.50747750578486,4.0,0,129,0.0,0.0,10000
SEP_p,max,7,157.50747750578486,4.0,0,130,0.0,0.0,10000
SEP_p,max,7,157.50747750578486,4.0,0,131,0.0,0.0,10000
SEP_p,max,7,157.50747750578486,4.0,0,132,0.0,0.0,10000
SEP_p,max,7,157.50747750578486,4.0,0,133,4.87386e-15,1.15276e-13,10000
SEP_p,max,7,157.50747750578486,4.0,0,134,0.0,0.0,10000
SEP_p,max,7,157.50747750578486,4.0,0,135,0.0,0.0,10000
SEP_p,max,7,157.50747750578486,4.0,0,136,0.0,0.0,10000
SEP_p,max,7,157.50747750578486,4.0,0,137,0.0,0.0,10000
SEP_p,max,7,157.50747750578486,4.0,0,138,0.0,0.0,10000
SEP_p,max,7,157.50747750578486,4.0,0,139,0.0,0.0,10000
SEP_p,max,7,157.50747750578486,4.0,0,140,0.0,0.0,10000
SEP_p,max,7,157.50747750578486,4.0,0,141,0.0,0.0,10000
