especie,fase,bin_index,energy_mev,offset_x_m,repeticion,organo_id,edep_J,dose_gy_run,n_eventos
GCR_H,min,0,17.78279410038923,0.0,0,0,0.0,0.0,10000
GCR_H,min,0,17.78279410038923,0.0,0,1,0.0,0.0,10000
GCR_H,min,0,17.78279410038923,0.0,0,2,0.0,0.0,10000
GCR_H,min,0,17.78279410038923,0.0,0,3,0.0,0.0,10000
GCR_H,min,0,17.78279410038923,0.0,0,4,0.0,0.0,10000
GCR_H,min,0,17.78279410038923,0.0,0,5,0.0,0.0,10000
GCR_H,min,0,17.78279410038923,0.0,0,6,0.0,0.0,10000
GCR_H,min,0,17.78279410038923,0.0,0,7,0.0,0.0,10000
GCR_H,min,0,17.78279410038923,0.0,0,8,0.0,0.0,10000
GCR_H,min,0,17.78279410038923,0.0,0,9,0.0,0.0,10000
GCR_H,min,0,17.78279410038923,0.0,0,10,0.0,0.0,10000
GCR_H,min,0,17.78279410038923,0.0,0,11,0.0,0.0,10000
GCR_H,min,0,17.78279410038923,0.0,0,12,0.0,0.0,10000
GCR_H,min,0,17.78279410038923,0.0,0,13,0.0,0.0,10000
GCR_H,min,0,17.78279410038923,0.0,0,14,0.0,0.0,10000
GCR_H,min,0,17.78279410038923,0.0,0,15,0.0,0.0,10000
GCR_H,min,0,17.78279410038923,0.0,0,16,0.0,0.0,10000
GCR_H,min,0,17.78279410038923,0.0,0,17,0.0,0.0,10000
GCR_H,min,0,17.78279410038923,0.0,0,18,0.0,0.0,10000
GCR_H,min,0,17.78279410038923,0.0,0,19,0.0,0.0,10000
GCR_H,min,0,17.78279410038923,0.0,0,20,0.0,0.0,10000
GCR_H,min,0,17.78279410038923,0.0,0,21,0.0,0.0,10000
GCR_H,min,0,17.78279410038923,0.0,0,22,0.0,0.0,10000
GCR_H,min,0,17.78279410038923,0.0,0,23,0.0,0.0,10000
GCR_H,min,0,17.78279410038923,0.0,0,24,0.0,0.0,10000
GCR_H,min,0,17.78279410038923,0.0,0,25,0.0,0.0,10000
GCR_H,min,0,17.78279410038923,0.0,0,26,0.0,0.0,10000
GCR_H,min,0,17.78279410038923,0.0,0,27,0.0,0.0,10000
GCR_H,min,0,17.78279410038923,0.0,0,28,0.0,0.0,10000
GCR_H,min,0,17.78279410038923,0.0,0,29,0.0,0.0,10000
GCR_H,min,0,17.78279410038923,0.0,0,30,0.0,0.0,10000
GCR_H,min,0,17.78279410038923,0.0,0,31,0.0,0.0,10000
GCR_H,min,0,17.78279410038923,0.0,0,32,0.0,0.0,10000
GCR_H,min,0,17.78279410038923,0.0,0,33,0.0,0.0,10000
GCR_H,min,0,17.78279410038923,0.0,0,34,0.0,0.0,10000
GCR_H,min,0,17.78279410038923,0.0,0,35,0.0,0.0,10000
GCR_H,min,0,17.78279410038923,0.0,0,36,0.0,0.0,10000
GCR_H,min,0,17.78279410038923,0.0,0,37,0.0,0.0,10000
GCR_H,min,0,17.78279410038923,0.0,0,38,0.0,0.0,10000
GCR_H,min,0,17.78279410038923,0.0,0,39,0.0,0.0,10000
GCR_H,min,0,17.78279410038923,0.0,0,40,0.0,0.0,10000
GCR_H,min,0,17.78279410038923,0.0,0,41,0.0,0.0,10000
GCR_H,min,0,17.78279410038923,0.0,0,42,0.0,0.0,10000
GCR_H,min,0,17.78279410038923,0.0,0,43,0.0,0.0,10000
GCR_H,min,0,17.78279410038923,0.0,0,44,0.0,0.0,10000
GCR_H,min,0,17.78279410038923,0.0,0,45,0.0,0.0,10000
GCR_H,min,0,17.78279410038923,0.0,0,46,0.0,0.0,10000
GCR_H,min,0,17.78279410038923,0.0,0,47,0.0,0.0,10000
GCR_H,min,0,17.78279410038923,0.0,0,48,0.0,0.0,10000
GCR_H,min,0,17.78279410038923,0.0,0,49,0.0,0.0,10000
GCR_H,min,0,17.78279410038923,0.0,0,50,0.0,0.0,10000
GCR_H,min,0,17.78279410038923,0.0,0,51,0.0,0.0,10000
GCR_H,min,0,17.78279410038923,0.0,0,52,0.0,0.0,10000
GCR_H,min,0,17.78279410038923,0.0,0,53,0.0,0.0,10000
GCR_H,min,0,17.78279410038923,0.0,0,54,0.0,0.0,10000
GCR_H,min,0,17.78279410038923,0.0,0,55,0.0,0.0,10000
GCR_H,min,0,17.78279410038923,0.0,0,56,0.0,0.0,10000
GCR_H,min,0,17.78279410038923,0.0,0,57,0.0,0.0,10000
GCR_H,min,0,17.78279410038923,0.0,0,58,0.0,0.0,10000
GCR_H,min,0,17.78279410038923,0.0,0,59,0.0,0.0,10000
GCR_H,min,0,17.78279410038923,0.0,0,60,0.0,0.0,10000
GCR_H,min,0,17.78279410038923,0.0,0,61,0.0,0.0,10000
GCR_H,min,0,17.78279410038923,0.0,0,62,0.0,0.0,10000
GCR_H,min,0,17.78279410038923,0.0,0,63,0.0,0.0,10000
GCR_H,min,0,17.78279410038923,0.0,0,64,0.0,0.0,10000
GCR_H,min,0,17.78279410038923,0.0,0,65,0.0,0.0,10000
GCR_H,min,0,17.78279410038923,0.0,0,66,0.0,0.0,10000
GCR_H,min,0,17.78279410038923,0.0,0,67,0.0,0.0,10000
GCR_H,min,0,17.78279410038923,0.0,0,68,0.0,0.0,10000
GCR_H,min,0,17.78279410038923,0.0,0,69,0.0,0.0,10000
GCR_H,min,0,17.78279410038923,0.0,0,70,0.0,0.0,10000
GCR_H,min,0,17.78279410038923,0.0,0,71,0.0,0.0,10000
GCR_H,min,0,17.78279410038923,0.0,0,72,0.0,0.0,10000
GCR_H,min,0,17.78279410038923,0.0,0,73,0.0,0.0,10000
GCR_H,min,0,17.78279410038923,0.0,0,74,0.0,0.0,10000
GCR_H,min,0,17.78279410038923,0.0,0,75,0.0,0.0,10000
GCR_H,min,0,17.78279410038923,0.0,0,76,0.0,0.0,10000
GCR_H,min,0,17.78279410038923,0.0,0,77,0.0,0.0,10000
GCR_H,min,0,17.78279410038923,0.0,0,78,0.0,0.0,10000
GCR_H,min,0,17.78279410038923,0.0,0,79,0.0,0.0,10000
GCR_H,min,0,17.78279410038923,0.0,0,80,0.0,0.0,10000
GCR_H,min,0,17.78279410038923,0.0,0,81,0.0,0.0,10000
GCR_H,min,0,17.78279410038923,0.0,0,82,0.0,0.0,10000
GCR_H,min,0,17.78279410038923,0.0,0,83,0.0,0.0,10000
GCR_H,min,0,17.78279410038923,0.0,0,84,0.0,0.0,10000
GCR_H,min,0,17.78279410038923,0.0,0,85,0.0,0.0,10000
GCR_H,min,0,17.78279410038923,0.0,0,86,0.0,0.0,10000
GCR_H,min,0,17.78279410038923,0.0,0,87,0.0,0.0,10000
GCR_H,min,0,17.78279410038923,0.0,0,88,0.0,0.0,10000
GCR_H,min,0,17.78279410038923,0.0,0,89,0.0,0.0,10000
GCR_H,min,0,17.78279410038923,0.0,0,90,0.0,0.0,10000
GCR_H,min,0,17.78279410038923,0.0,0,91,0.0,0.0,10000
GCR_H,min,0,17.78279410038923,0.0,0,92,0.0,0.0,10000
GCR_H,min,0,17.78279410038923,0.0,0,93,0.0,0.0,10000
GCR_H,min,0,17.78279410038923,0.0,0,94,0.0,0.0,10000
GCR_H,min,0,17.78279410038923,0.0,0,95,0.0,0.0,10000
GCR_H,min,0,17.78279410038923,0.0,0,96,0.0,0.0,10000
GCR_H,min,0,17.78279410038923,0.0,0,97,0.0,0.0,10000
GCR_H,min,0,17.78279410038923,0.0,0,98,0.0,0.0,10000
GCR_H,min,0,17.78279410038923,0.0,0,99,0.0,0.0,10000
GCR_H,min,0,17.78279410038923,0.0,0,100,0.0,0.0,10000
GCR_H,min,0,17.78279410038923,0.0,0,101,0.0,0.0,10000
GCR_H,min,0,17.78279410038923,0.0,0,102,0.0,0.0,10000
GCR_H,min,0,17.78279410038923,0.0,0,103,0.0,0.0,10000
GCR_H,min,0,17.78279410038923,0.0,0,104,0.0,0.0,10000
GCR_H,min,0,17.78279410038923,0.0,0,105,0.0,0.0,10000
GCR_H,min,0,17.78279410038923,0.0,0,106,0.0,0.0,10000
GCR_H,min,0,17.78279410038923,0.0,0,107,0.0,0.0,10000
GCR_H,min,0,17.78279410038923,0.0,0,108,0.0,0.0,10000
GCR_H,min,0,17.78279410038923,0.0,0,109,0.0,0.0,10000
GCR_H,min,0,17.78279410038923,0.0,0,110,0.0,0.0,10000
GCR_H,min,0,17.78279410038923,0.0,0,111,0.0,0.0,10000
GCR_H,min,0,17.78279410038923,0.0,0,112,0.0,0.0,10000
GCR_H,min,0,17.78279410038923,0.0,0,113,0.0,0.0,10000
GCR_H,min,0,17.78279410038923,0.0,0,114,0.0,0.0,10000
GCR_H,min,0,17.78279410038923,0.0,0,115,0.0,0.0,10000
GCR_H,min,0,17.78279410038923,0.0,0,116,0.0,0.0,10000
GCR_H,min,0,17.78279410038923,0.0,0,117,0.0,0.0,10000
GCR_H,min,0,17.78279410038923,0.0,0,118,0.0,0.0,10000
GCR_H,min,0,17.78279410038923,0.0,0,119,0.0,0.0,10000
GCR_H,min,0,17.78279410038923,0.0,0,120,0.0,0.0,10000
GCR_H,min,0,17.78279410038923,0.0,0,121,0.0,0.0,10000
GCR_H,min,0,17.78279410038923,0.0,0,122,0.0,0.0,10000
GCR_H,min,0,17.78279410038923,0.0,0,123,0.0,0.0,10000
GCR_H,min,0,17.78279410038923,0.0,0,124,0.0,0.0,10000
GCR_H,min,0,17.78279410038923,0.0,0,125,0.0,0.0,10000
GCR_H,min,0,17.78279410038923,0.0,0,126,0.0,0.0,10000
GCR_H,min,0,17.78279410038923,0.0,0,127,0.0,0.0,10000
GCR_H,min,0,17.78279410038923,0.0,0,128,0.0,0.0,10000
GCR_H,min,0,17.78279410038923,0.0,0,129,0.0,0.0,10000
GCR_H,min,0,17.78279410038923,0.0,0,130,0.0,0.0,10000
GCR_H,min,0,17.78279410038923,0.0,0,131,0.0,0.0,10000
GCR_H,min,0,17.78279410038923,0.0,0,132,0.0,0.0,10000
GCR_H,min,0,17.78279410038923,0.0,0,133,0.0,0.0,10000
GCR_H,min,0,17.78279410038923,0.0,0,134,0.0,0.0,10000
GCR_H,min,0,17.78279410038923,0.0,0,135,0.0,0.0,10000
GCR_H,min,0,17.78279410038923,0.0,0,136,0.0,0.0,10000
GCR_H,min,0,17.78279410038923,0.0,0,137,0.0,0.0,10000
GCR_H,min,0,17.78279410038923,0.0,0,138,0.0,0.0,10000
GCR_H,min,0,17.78279410038923,0.0,0,139,0.0,0.0,10000
GCR_H,min,0,17.78279410038923,0.0,0,140,0.0,0.0,10000
GCR_H,min,0,17.78279410038923,0.0,0,141,0.0,0.0,10000
GCR_H,min,0,17.78279410038923,1.0,0,0,0.0,0.0,10000
GCR_H,min,0,17.78279410038923,1.0,0,1,0.0,0.0,10000
GCR_H,min,0,17.78279410038923,1.0,0,2,0.0,0.0,10000
GCR_H,min,0,17.78279410038923,1.0,0,3,0.0,0.0,10000
GCR_H,min,0,17.78279410038923,1.0,0,4,0.0,0.0,10000
GCR_H,min,0,17.78279410038923,1.0,0,5,0.0,0.0,10000
GCR_H,min,0,17.78279410038923,1.0,0,6,0.0,0.0,10000
GCR_H,min,0,17.78279410038923,1.0,0,7,0.0,0.0,10000
GCR_H,min,0,17.78279410038923,1.0,0,8,0.0,0.0,10000
GCR_H,min,0,17.78279410038923,1.0,0,9,0.0,0.0,10000
GCR_H,min,0,17.78279410038923,1.0,0,10,0.0,0.0,10000
GCR_H,min,0,17.78279410038923,1.0,0,11,0.0,0.0,10000
GCR_H,min,0,17.78279410038923,1.0,0,12,0.0,0.0,10000
GCR_H,min,0,17.78279410038923,1.0,0,13,0.0,0.0,10000
GCR_H,min,0,17.78279410038923,1.0,0,14,0.0,0.0,10000
GCR_H,min,0,17.78279410038923,1.0,0,15,0.0,0.0,10000
GCR_H,min,0,17.78279410038923,1.0,0,16,0.0,0.0,10000
GCR_H,min,0,17.78279410038923,1.0,0,17,0.0,0.0,10000
GCR_H,min,0,17.78279410038923,1.0,0,18,0.0,0.0,10000
GCR_H,min,0,17.78279410038923,1.0,0,19,0.0,0.0,10000
GCR_H,min,0,17.78279410038923,1.0,0,20,0.0,0.0,10000
GCR_H,min,0,17.78279410038923,1.0,0,21,0.0,0.0,10000
GCR_H,min,0,17.78279410038923,1.0,0,22,0.0,0.0,10000
GCR_H,min,0,17.78279410038923,1.0,0,23,0.0,0.0,10000
GCR_H,min,0,17.78279410038923,1.0,0,24,0.0,0.0,10000
GCR_H,min,0,17.78279410038923,1.0,0,25,0.0,0.0,10000
GCR_H,min,0,17.78279410038923,1.0,0,26,0.0,0.0,10000
GCR_H,min,0,17.78279410038923,1.0,0,27,0.0,0.0,10000
GCR_H,min,0,17.78279410038923,1.0,0,28,0.0,0.0,10000
GCR_H,min,0,17.78279410038923,1.0,0,29,0.0,0.0,10000
GCR_H,min,0,17.78279410038923,1.0,0,30,0.0,0.0,10000
GCR_H,min,0,17.78279410038923,1.0,0,31,0.0,0.0,10000
GCR_H,min,0,17.78279410038923,1.0,0,32,0.0,0.0,10000
GCR_H,min,0,17.78279410038923,1.0,0,33,0.0,0.0,10000
GCR_H,min,0,17.78279410038923,1.0,0,34,0.0,0.0,10000
GCR_H,min,0,17.78279410038923,1.0,0,35,0.0,0.0,10000
GCR_H,min,0,17.78279410038923,1.0,0,36,0.0,0.0,10000
GCR_H,min,0,17.78279410038923,1.0,0,37,0.0,0.0,10000
GCR_H,min,0,17.78279410038923,1.0,0,38,0.0,0.0,10000
GCR_H,min,0,17.78279410038923,1.0,0,39,0.0,0.0,10000
GCR_H,min,0,17.78279410038923,1.0,0,40,0.0,0.0,10000
GCR_H,min,0,17.78279410038923,1.0,0,41,0.0,0.0,10000
GCR_H,min,0,17.78279410038923,1.0,0,42,0.0,0.0,10000
GCR_H,min,0,17.78279410038923,1.0,0,43,0.0,0.0,10000
GCR_H,min,0,17.78279410038923,1.0,0,44,0.0,0.0,10000
GCR_H,min,0,17.78279410038923,1.0,0,45,0.0,0.0,10000
GCR_H,min,0,17.78279410038923,1.0,0,46,0.0,0.0,10000
GCR_H,min,0,17.78279410038923,1.0,0,47,0.0,0.0,10000
GCR_H,min,0,17.78279410038923,1.0,0,48,0.0,0.0,10000
GCR_H,min,0,17.78279410038923,1.0,0,49,0.0,0.0,10000
GCR_H,min,0,17.78279410038923,1.0,0,50,0.0,0.0,10000
GCR_H,min,0,17.78279410038923,1.0,0,51,0.0,0.0,10000
GCR_H,min,0,17.78279410038923,1.0,0,52,0.0,0.0,10000
GCR_H,min,0,17.78279410038923,1.0,0,53,0.0,0.0,10000
GCR_H,min,0,17.78279410038923,1.0,0,54,0.0,0.0,10000
GCR_H,min,0,17.78279410038923,1.0,0,55,0.0,0.0,10000
GCR_H,min,0,17.78279410038923,1.0,0,56,0.0,0.0,10000
GCR_H,min,0,17.78279410038923,1.0,0,57,0.0,0.0,10000
GCR_H,min,0,17.78279410038923,1.0,0,58,0.0,0.0,10000
GCR_H,min,0,17.78279410038923,1.0,0,59,0.0,0.0,10000
GCR_H,min,0,17.78279410038923,1.0,0,60,0.0,0.0,10000
GCR_H,min,0,17.78279410038923,1.0,0,61,0.0,0.0,10000
GCR_H,min,0,17.78279410038923,1.0,0,62,0.0,0.0,10000
GCR_H,min,0,17.78279410038923,1.0,0,63,0.0,0.0,10000
GCR_H,min,0,17.78279410038923,1.0,0,64,0.0,0.0,10000
GCR_H,min,0,17.78279410038923,1.0,0,65,0.0,0.0,10000
GCR_H,min,0,17.78279410038923,1.0,0,66,0.0,0.0,10000
GCR_H,min,0,17.78279410038923,1.0,0,67,0.0,0.0,10000
GCR_H,min,0,17.78279410038923,1.0,0,68,0.0,0.0,10000
GCR_H,min,0,17.78279410038923,1.0,0,69,0.0,0.0,10000
GCR_H,min,0,17.78279410038923,1.0,0,70,0.0,0.0,10000
GCR_H,min,0,17.78279410038923,1.0,0,71,0.0,0.0,10000
GCR_H,min,0,17.78279410038923,1.0,0,72,0.0,0.0,10000
GCR_H,min,0,17.78279410038923,1.0,0,73,0.0,0.0,10000
GCR_H,min,0,17.78279410038923,1.0,0,74,0.0,0.0,10000
GCR_H,min,0,17.78279410038923,1.0,0,75,0.0,0.0,10000
GCR_H,min,0,17.78279410038923,1.0,0,76,0.0,0.0,10000
GCR_H,min,0,17.78279410038923,1.0,0,77,0.0,0.0,10000
GCR_H,min,0,17.78279410038923,1.0,0,78,0.0,0.0,10000
GCR_H,min,0,17.78279410038923,1.0,0,79,0.0,0.0,10000
GCR_H,min,0,17.78279410038923,1.0,0,80,0.0,0.0,10000
GCR_H,min,0,17.78279410038923,1.0,0,81,0.0,0.0,10000
GCR_H,min,0,17.78279410038923,1.0,0,82,0.0,0.0,10000
GCR_H,min,0,17.78279410038923,1.0,0,83,0.0,0.0,10000
GCR_H,min,0,17.78279410038923,1.0,0,84,0.0,0.0,10000
GCR_H,min,0,17.78279410038923,1.0,0,85,0.0,0.0,10000
GCR_H,min,0,17.78279410038923,1.0,0,86,0.0,0.0,10000
GCR_H,min,0,17.78279410038923,1.0,0,87,0.0,0.0,10000
GCR_H,min,0,17.78279410038923,1.0,0,88,0.0,0.0,10000
GCR_H,min,0,17.78279410038923,1.0,0,89,0.0,0.0,10000
GCR_H,min,0,17.78279410038923,1.0,0,90,0.0,0.0,10000
GCR_H,min,0,17.78279410038923,1.0,0,91,0.0,0.0,10000
GCR_H,min,0,17.78279410038923,1.0,0,92,0.0,0.0,10000
GCR_H,min,0,17.78279410038923,1.0,0,93,0.0,0.0,10000
GCR_H,min,0,17.78279410038923,1.0,0,94,0.0,0.0,10000
GCR_H,min,0,17.78279410038923,1.0,0,95,0.0,0.0,10000
GCR_H,min,0,17.78279410038923,1.0,0,96,0.0,0.0,10000
GCR_H,min,0,17.78279410038923,1.0,0,97,0.0,0.0,10000
GCR_H,min,0,17.78279410038923,1.0,0,98,0.0,0.0,10000
GCR_H,min,0,17.78279410038923,1.0,0,99,0.0,0.0,10000
GCR_H,min,0,17.78279410038923,1.0,0,100,0.0,0.0,10000
GCR_H,min,0,17.78279410038923,1.0,0,101,0.0,0.0,10000
GCR_H,min,0,17.78279410038923,1.0,0,102,0.0,0.0,10000
GCR_H,min,0,17.78279410038923,1.0,0,103,0.0,0.0,10000
GCR_H,min,0,17.78279410038923,1.0,0,104,0.0,0.0,10000
GCR_H,min,0,17.78279410038923,1.0,0,105,0.0,0.0,10000
GCR_H,min,0,17.78279410038923,1.0,0,106,0.0,0.0,10000
GCR_H,min,0,17.78279410038923,1.0,0,107,0.0,0.0,10000
GCR_H,min,0,17.78279410038923,1.0,0,108,0.0,0.0,10000
GCR_H,min,0,17.78279410038923,1.0,0,109,0.0,0.0,10000
GCR_H,min,0,17.78279410038923,1.0,0,110,0.0,0.0,10000
GCR_H,min,0,17.78279410038923,1.0,0,111,0.0,0.0,10000
GCR_H,min,0,17.78279410038923,1.0,0,112,0.0,0.0,10000
GCR_H,min,0,17.78279410038923,1.0,0,113,0.0,0.0,10000
GCR_H,min,0,17.78279410038923,1.0,0,114,0.0,0.0,10000
GCR_H,min,0,17.78279410038923,1.0,0,115,0.0,0.0,10000
GCR_H,min,0,17.78279410038923,1.0,0,116,0.0,0.0,10000
GCR_H,min,0,17.78279410038923,1.0,0,117,0.0,0.0,10000
GCR_H,min,0,17.78279410038923,1.0,0,118,0.0,0.0,10000
GCR_H,min,0,17.78279410038923,1.0,0,119,0.0,0.0,10000
GCR_H,min,0,17.78279410038923,1.0,0,120,0.0,0.0,10000
GCR_H,min,0,17.78279410038923,1.0,0,121,0.0,0.0,10000
GCR_H,min,0,17.78279410038923,1.0,0,122,0.0,0.0,10000
GCR_H,min,0,17.78279410038923,1.0,0,123,0.0,0.0,10000
GCR_H,min,0,17.78279410038923,1.0,0,124,0.0,0.0,10000
GCR_H,min,0,17.78279410038923,1.0,0,125,0.0,0.0,10000
GCR_H,min,0,17.78279410038923,1.0,0,126,0.0,0.0,10000
GCR_H,min,0,17.78279410038923,1.0,0,127,0.0,0.0,10000
GCR_H,min,0,17.78279410038923,1.0,0,128,0.0,0.0,10000
GCR_H,min,0,17.78279410038923,1.0,0,129,0.0,0.0,10000
GCR_H,min,0,17.78279410038923,1.0,0,130,0.0,0.0,10000
GCR_H,min,0,17.78279410038923,1.0,0,131,0.0,0.0,10000
GCR_H,min,0,17.78279410038923,1.0,0,132,0.0,0.0,10000
GCR_H,min,0,17.78279410038923,1.0,0,133,0.0,0.0,10000
GCR_H,min,0,17.78279410038923,1.0,0,134,0.0,0.0,10000
GCR_H,min,0,17.78279410038923,1.0,0,135,0.0,0.0,10000
GCR_H,min,0,17.78279410038923,1.0,0,136,0.0,0.0,10000
GCR_H,min,0,17.78279410038923,1.0,0,137,0.0,0.0,10000
GCR_H,min,0,17.78279410038923,1.0,0,138,0.0,0.0,10000
GCR_H,min,0,17.78279410038923,1.0,0,139,0.0,0.0,10000
GCR_H,min,0,17.78279410038923,1.0,0,140,0.0,0.0,10000
GCR_H,min,0,17.78279410038923,1.0,0,141,0.0,0.0,10000
GCR_H,min,1,56.23413251903491,0.0,0,0,0.0,0.0,10000
GCR_H,min,1,56.23413251903491,0.0,0,1,0.0,0.0,10000
GCR_H,min,1,56.23413251903491,0.0,0,2,0.0,0.0,10000
GCR_H,min,1,56.23413251903491,0.0,0,3,0.0,0.0,10000
GCR_H,min,1,56.23413251903491,0.0,0,4,0.0,0.0,10000
GCR_H,min,1,56.23413251903491,0.0,0,5,0.0,0.0,10000
GCR_H,min,1,56.23413251903491,0.0,0,6,0.0,0.0,10000
GCR_H,min,1,56.23413251903491,0.0,0,7,0.0,0.0,10000
GCR_H,min,1,56.23413251903491,0.0,0,8,0.0,0.0,10000
GCR_H,min,1,56.23413251903491,0.0,0,9,0.0,0.0,10000
GCR_H,min,1,56.23413251903491,0.0,0,10,0.0,0.0,10000
GCR_H,min,1,56.23413251903491,0.0,0,11,0.0,0.0,10000
GCR_H,min,1,56.23413251903491,0.0,0,12,0.0,0.0,10000
GCR_H,min,1,56.23413251903491,0.0,0,13,0.0,0.0,10000
GCR_H,min,1,56.23413251903491,0.0,0,14,0.0,0.0,10000
GCR_H,min,1,56.23413251903491,0.0,0,15,0.0,0.0,10000
GCR_H,min,1,56.23413251903491,0.0,0,16,0.0,0.0,10000
GCR_H,min,1,56.23413251903491,0.0,0,17,0.0,0.0,10000
GCR_H,min,1,56.23413251903491,0.0,0,18,0.0,0.0,10000
GCR_H,min,1,56.23413251903491,0.0,0,19,0.0,0.0,10000
GCR_H,min,1,56.23413251903491,0.0,0,20,0.0,0.0,10000
GCR_H,min,1,56.23413251903491,0.0,0,21,0.0,0.0,10000
GCR_H,min,1,56.23413251903491,0.0,0,22,0.0,0.0,10000
GCR_H,min,1,56.23413251903491,0.0,0,23,0.0,0.0,10000
GCR_H,min,1,56.23413251903491,0.0,0,24,0.0,0.0,10000
GCR_H,min,1,56.23413251903491,0.0,0,25,0.0,0.0,10000
GCR_H,min,1,56.23413251903491,0.0,0,26,0.0,0.0,10000
GCR_H,min,1,56.23413251903491,0.0,0,27,0.0,0.0,10000
GCR_H,min,1,56.23413251903491,0.0,0,28,0.0,0.0,10000
GCR_H,min,1,56.23413251903491,0.0,0,29,0.0,0.0,10000
GCR_H,min,1,56.23413251903491,0.0,0,30,0.0,0.0,10000
GCR_H,min,1,56.23413251903491,0.0,0,31,0.0,0.0,10000
GCR_H,min,1,56.23413251903491,0.0,0,32,0.0,0.0,10000
GCR_H,min,1,56.23413251903491,0.0,0,33,0.0,0.0,10000
GCR_H,min,1,56.23413251903491,0.0,0,34,0.0,0.0,10000
GCR_H,min,1,56.23413251903491,0.0,0,35,0.0,0.0,10000
GCR_H,min,1,56.23413251903491,0.0,0,36,0.0,0.0,10000
GCR_H,min,1,56.23413251903491,0.0,0,37,0.0,0.0,10000
GCR_H,min,1,56.23413251903491,0.0,0,38,0.0,0.0,10000
GCR_H,min,1,56.23413251903491,0.0,0,39,0.0,0.0,10000
GCR_H,min,1,56.23413251903491,0.0,0,40,0.0,0.0,10000
GCR_H,min,1,56.23413251903491,0.0,0,41,0.0,0.0,10000
GCR_H,min,1,56.23413251903491,0.0,0,42,0.0,0.0,10000
GCR_H,min,1,56.23413251903491,0.0,0,43,0.0,0.0,10000
GCR_H,min,1,56.23413251903491,0.0,0,44,0.0,0.0,10000
GCR_H,min,1,56.23413251903491,0.0,0,45,0.0,0.0,10000
GCR_H,min,1,56.23413251903491,0.0,0,46,0.0,0.0,10000
GCR_H,min,1,56.23413251903491,0.0,0,47,0.0,0.0,10000
GCR_H,min,1,56.23413251903491,0.0,0,48,0.0,0.0,10000
GCR_H,min,1,56.23413251903491,0.0,0,49,0.0,0.0,10000
GCR_H,min,1,56.23413251903491,0.0,0,50,0.0,0.0,10000
GCR_H,min,1,56.23413251903491,0.0,0,51,0.0,0.0,10000
GCR_H,min,1,56.23413251903491,0.0,0,52,0.0,0.0,10000
GCR_H,min,1,56.23413251903491,0.0,0,53,0.0,0.0,10000
GCR_H,min,1,56.23413251903491,0.0,0,54,0.0,0.0,10000
GCR_H,min,1,56.23413251903491,0.0,0,55,0.0,0.0,10000
GCR_H,min,1,56.23413251903491,0.0,0,56,0.0,0.0,10000
GCR_H,min,1,56.23413251903491,0.0,0,57,0.0,0.0,10000
GCR_H,min,1,56.23413251903491,0.0,0,58,0.0,0.0,10000
GCR_H,min,1,56.23413251903491,0.0,0,59,0.0,0.0,10000
GCR_H,min,1,56.23413251903491,0.0,0,60,0.0,0.0,10000
GCR_H,min,1,56.23413251903491,0.0,0,61,0.0,0.0,10000
GCR_H,min,1,56.23413251903491,0.0,0,62,0.0,0.0,10000
GCR_H,min,1,56.23413251903491,0.0,0,63,0.0,0.0,10000
GCR_H,min,1,56.23413251903491,0.0,0,64,0.0,0.0,10000
GCR_H,min,1,56.23413251903491,0.0,0,65,0.0,0.0,10000
GCR_H,min,1,56.23413251903491,0.0,0,66,0.0,0.0,10000
GCR_H,min,1,56.23413251903491,0.0,0,67,0.0,0.0,10000
GCR_H,min,1,56.23413251903491,0.0,0,68,0.0,0.0,10000
GCR_H,min,1,56.23413251903491,0.0,0,69,0.0,0.0,10000
GCR_H,min,1,56.23413251903491,0.0,0,70,0.0,0.0,10000
GCR_H,min,1,56.23413251903491,0.0,0,71,0.0,0.0,10000
GCR_H,min,1,56.23413251903491,0.0,0,72,0.0,0.0,10000
GCR_H,min,1,56.23413251903491,0.0,0,73,0.0,0.0,10000
GCR_H,min,1,56.23413251903491,0.0,0,74,0.0,0.0,10000
GCR_H,min,1,56.23413251903491,0.0,0,75,0.0,0.0,10000
GCR_H,min,1,56.23413251903491,0.0,0,76,0.0,0.0,10000
GCR_H,min,1,56.23413251903491,0.0,0,77,0.0,0.0,10000
GCR_H,min,1,56.23413251903491,0.0,0,78,0.0,0.0,10000
GCR_H,min,1,56.23413251903491,0.0,0,79,0.0,0.0,10000
GCR_H,min,1,56.23413251903491,0.0,0,80,0.0,0.0,10000
GCR_H,min,1,56.23413251903491,0.0,0,81,0.0,0.0,10000
GCR_H,min,1,56.23413251903491,0.0,0,82,0.0,0.0,10000
GCR_H,min,1,56.23413251903491,0.0,0,83,0.0,0.0,10000
GCR_H,min,1,56.23413251903491,0.0,0,84,0.0,0.0,10000
GCR_H,min,1,56.23413251903491,0.0,0,85,0.0,0.0,10000
GCR_H,min,1,56.23413251903491,0.0,0,86,0.0,0.0,10000
GCR_H,min,1,56.23413251903491,0.0,0,87,0.0,0.0,10000
GCR_H,min,1,56.23413251903491,0.0,0,88,1.39633e-12,2.73786e-12,10000
GCR_H,min,1,56.23413251903491,0.0,0,89,0.0,0.0,10000
GCR_H,min,1,56.23413251903491,0.0,0,90,0.0,0.0,10000
GCR_H,min,1,56.23413251903491,0.0,0,91,0.0,0.0,10000
GCR_H,min,1,56.23413251903491,0.0,0,92,0.0,0.0,10000
GCR_H,min,1,56.23413251903491,0.0,0,93,0.0,0.0,10000
GCR_H,min,1,56.23413251903491,0.0,0,94,0.0,0.0,10000
GCR_H,min,1,56.23413251903491,0.0,0,95,0.0,0.0,10000
GCR_H,min,1,56.23413251903491,0.0,0,96,0.0,0.0,10000
GCR_H,min,1,56.23413251903491,0.0,0,97,0.0,0.0,10000
GCR_H,min,1,56.23413251903491,0.0,0,98,0.0,0.0,10000
GCR_H,min,1,56.23413251903491,0.0,0,99,0.0,0.0,10000
GCR_H,min,1,56.23413251903491,0.0,0,100,0.0,0.0,10000
GCR_H,min,1,56.23413251903491,0.0,0,101,0.0,0.0,10000
GCR_H,min,1,56.23413251903491,0.0,0,102,0.0,0.0,10000
GCR_H,min,1,56.23413251903491,0.0,0,103,0.0,0.0,10000
GCR_H,min,1,56.23413251903491,0.0,0,104,0.0,0.0,10000
GCR_H,min,1,56.23413251903491,0.0,0,105,0.0,0.0,10000
GCR_H,min,1,56.23413251903491,0.0,0,106,0.0,0.0,10000
GCR_H,min,1,56.23413251903491,0.0,0,107,2.52754e-12,1.68426e-13,10000
GCR_H,min,1,56.23413251903491,0.0,0,108,0.0,0.0,10000
GCR_H,min,1,56.23413251903491,0.0,0,109,0.0,0.0,10000
GCR_H,min,1,56.23413251903491,0.0,0,110,0.0,0.0,10000
GCR_H,min,1,56.23413251903491,0.0,0,111,0.0,0.0,10000
GCR_H,min,1,56.23413251903491,0.0,0,112,0.0,0.0,10000
GCR_H,min,1,56.23413251903491,0.0,0,113,0.0,0.0,10000
GCR_H,min,1,56.23413251903491,0.0,0,114,0.0,0.0,10000
GCR_H,min,1,56.23413251903491,0.0,0,115,0.0,0.0,10000
GCR_H,min,1,56.23413251903491,0.0,0,116,0.0,0.0,10000
GCR_H,min,1,56.23413251903491,0.0,0,117,2.99257e-06,2.41921e-07,10000
GCR_H,min,1,56.23413251903491,0.0,0,118,0.0,0.0,10000
GCR_H,min,1,56.23413251903491,0.0,0,119,0.0,0.0,10000
GCR_H,min,1,56.23413251903491,0.0,0,120,0.0,0.0,10000
GCR_H,min,1,56.23413251903491,0.0,0,121,0.0,0.0,10000
GCR_H,min,1,56.23413251903491,0.0,0,122,0.0,0.0,10000
GCR_H,min,1,56.23413251903491,0.0,0,123,0.0,0.0,10000
GCR_H,min,1,56.23413251903491,0.0,0,124,0.0,0.0,10000
GCR_H,min,1,56.23413251903491,0.0,0,125,0.0,0.0,10000
GCR_H,min,1,56.23413251903491,0.0,0,126,0.0,0.0,10000
GCR_H,min,1,56.23413251903491,0.0,0,127,0.0,0.0,10000
GCR_H,min,1,56.23413251903491,0.0,0,128,0.0,0.0,10000
GCR_H,min,1,56.23413251903491,0.0,0,129,0.0,0.0,10000
GCR_H,min,1,56.23413251903491,0.0,0,130,0.0,0.0,10000
GCR_H,min,1,56.23413251903491,0.0,0,131,0.0,0.0,10000
GCR_H,min,1,56.23413251903491,0.0,0,132,0.0,0.0,10000
GCR_H,min,1,56.23413251903491,0.0,0,133,0.0,0.0,10000
GCR_H,min,1,56.23413251903491,0.0,0,134,0.0,0.0,10000
GCR_H,min,1,56.23413251903491,0.0,0,135,0.0,0.0,10000
GCR_H,min,1,56.23413251903491,0.0,0,136,0.0,0.0,10000
GCR_H,min,1,56.23413251903491,0.0,0,137,0.0,0.0,10000
GCR_H,min,1,56.23413251903491,0.0,0,138,0.0,0.0,10000
GCR_H,min,1,56.23413251903491,0.0,0,139,0.0,0.0,10000
GCR_H,min,1,56.23413251903491,0.0,0,140,0.0,0.0,10000
GCR_H,min,1,56.23413251903491,0.0,0,141,0.0,0.0,10000
GCR_H,min,1,56.23413251903491,1.0,0,0,0.0,0.0,10000
GCR_H,min,1,56.23413251903491,1.0,0,1,0.0,0.0,10000
GCR_H,min,1,56.23413251903491,1.0,0,2,0.0,0.0,10000
GCR_H,min,1,56.23413251903491,1.0,0,3,0.0,0.0,10000
GCR_H,min,1,56.23413251903491,1.0,0,4,0.0,0.0,10000
GCR_H,min,1,56.23413251903491,1.0,0,5,0.0,0.0,10000
GCR_H,min,1,56.23413251903491,1.0,0,6,0.0,0.0,10000
GCR_H,min,1,56.23413251903491,1.0,0,7,0.0,0.0,10000
GCR_H,min,1,56.23413251903491,1.0,0,8,0.0,0.0,10000
GCR_H,min,1,56.23413251903491,1.0,0,9,0.0,0.0,10000
GCR_H,min,1,56.23413251903491,1.0,0,10,0.0,0.0,10000
GCR_H,min,1,56.23413251903491,1.0,0,11,0.0,0.0,10000
GCR_H,min,1,56.23413251903491,1.0,0,12,0.0,0.0,10000
GCR_H,min,1,56.23413251903491,1.0,0,13,0.0,0.0,10000
GCR_H,min,1,56.23413251903491,1.0,0,14,0.0,0.0,10000
GCR_H,min,1,56.23413251903491,1.0,0,15,0.0,0.0,10000
GCR_H,min,1,56.23413251903491,1.0,0,16,0.0,0.0,10000
GCR_H,min,1,56.23413251903491,1.0,0,17,0.0,0.0,10000
GCR_H,min,1,56.23413251903491,1.0,0,18,0.0,0.0,10000
GCR_H,min,1,56.23413251903491,1.0,0,19,0.0,0.0,10000
GCR_H,min,1,56.23413251903491,1.0,0,20,0.0,0.0,10000
GCR_H,min,1,56.23413251903491,1.0,0,21,0.0,0.0,10000
GCR_H,min,1,56.23413251903491,1.0,0,22,0.0,0.0,10000
GCR_H,min,1,56.23413251903491,1.0,0,23,0.0,0.0,10000
GCR_H,min,1,56.23413251903491,1.0,0,24,0.0,0.0,10000
GCR_H,min,1,56.23413251903491,1.0,0,25,0.0,0.0,10000
GCR_H,min,1,56.23413251903491,1.0,0,26,0.0,0.0,10000
GCR_H,min,1,56.23413251903491,1.0,0,27,0.0,0.0,10000
GCR_H,min,1,56.23413251903491,1.0,0,28,0.0,0.0,10000
GCR_H,min,1,56.23413251903491,1.0,0,29,0.0,0.0,10000
GCR_H,min,1,56.23413251903491,1.0,0,30,0.0,0.0,10000
GCR_H,min,1,56.23413251903491,1.0,0,31,0.0,0.0,10000
GCR_H,min,1,56.23413251903491,1.0,0,32,0.0,0.0,10000
GCR_H,min,1,56.23413251903491,1.0,0,33,0.0,0.0,10000
GCR_H,min,1,56.23413251903491,1.0,0,34,0.0,0.0,10000
GCR_H,min,1,56.23413251903491,1.0,0,35,0.0,0.0,10000
GCR_H,min,1,56.23413251903491,1.0,0,36,0.0,0.0,10000
GCR_H,min,1,56.23413251903491,1.0,0,37,0.0,0.0,10000
GCR_H,min,1,56.23413251903491,1.0,0,38,0.0,0.0,10000
GCR_H,min,1,56.23413251903491,1.0,0,39,0.0,0.0,10000
GCR_H,min,1,56.23413251903491,1.0,0,40,0.0,0.0,10000
GCR_H,min,1,56.23413251903491,1.0,0,41,0.0,0.0,10000
GCR_H,min,1,56.23413251903491,1.0,0,42,0.0,0.0,10000
GCR_H,min,1,56.23413251903491,1.0,0,43,0.0,0.0,10000
GCR_H,min,1,56.23413251903491,1.0,0,44,0.0,0.0,10000
GCR_H,min,1,56.23413251903491,1.0,0,45,0.0,0.0,10000
GCR_H,min,1,56.23413251903491,1.0,0,46,0.0,0.0,10000
GCR_H,min,1,56.23413251903491,1.0,0,47,0.0,0.0,10000
GCR_H,min,1,56.23413251903491,1.0,0,48,0.0,0.0,10000
GCR_H,min,1,56.23413251903491,1.0,0,49,0.0,0.0,10000
GCR_H,min,1,56.23413251903491,1.0,0,50,0.0,0.0,10000
GCR_H,min,1,56.23413251903491,1.0,0,51,0.0,0.0,10000
GCR_H,min,1,56.23413251903491,1.0,0,52,0.0,0.0,10000
GCR_H,min,1,56.23413251903491,1.0,0,53,0.0,0.0,10000
GCR_H,min,1,56.23413251903491,1.0,0,54,0.0,0.0,10000
GCR_H,min,1,56.23413251903491,1.0,0,55,0.0,0.0,10000
GCR_H,min,1,56.23413251903491,1.0,0,56,0.0,0.0,10000
GCR_H,min,1,56.23413251903491,1.0,0,57,0.0,0.0,10000
GCR_H,min,1,56.23413251903491,1.0,0,58,0.0,0.0,10000
GCR_H,min,1,56.23413251903491,1.0,0,59,0.0,0.0,10000
GCR_H,min,1,56.23413251903491,1.0,0,60,0.0,0.0,10000
GCR_H,min,1,56.23413251903491,1.0,0,61,0.0,0.0,10000
GCR_H,min,1,56.23413251903491,1.0,0,62,0.0,0.0,10000
GCR_H,min,1,56.23413251903491,1.0,0,63,0.0,0.0,10000
GCR_H,min,1,56.23413251903491,1.0,0,64,0.0,0.0,10000
GCR_H,min,1,56.23413251903491,1.0,0,65,0.0,0.0,10000
GCR_H,min,1,56.23413251903491,1.0,0,66,0.0,0.0,10000
GCR_H,min,1,56.23413251903491,1.0,0,67,0.0,0.0,10000
GCR_H,min,1,56.23413251903491,1.0,0,68,0.0,0.0,10000
GCR_H,min,1,56.23413251903491,1.0,0,69,0.0,0.0,10000
GCR_H,min,1,56.23413251903491,1.0,0,70,0.0,0.0,10000
GCR_H,min,1,56.23413251903491,1.0,0,71,0.0,0.0,10000
GCR_H,min,1,56.23413251903491,1.0,0,72,0.0,0.0,10000
GCR_H,min,1,56.23413251903491,1.0,0,73,0.0,0.0,10000
GCR_H,min,1,56.23413251903491,1.0,0,74,0.0,0.0,10000
GCR_H,min,1,56.23413251903491,1.0,0,75,0.0,0.0,10000
GCR_H,min,1,56.23413251903491,1.0,0,76,0.0,0.0,10000
GCR_H,min,1,56.23413251903491,1.0,0,77,0.0,0.0,10000
GCR_H,min,1,56.23413251903491,1.0,0,78,0.0,0.0,10000
GCR_H,min,1,56.23413251903491,1.0,0,79,0.0,0.0,10000
GCR_H,min,1,56.23413251903491,1.0,0,80,0.0,0.0,10000
GCR_H,min,1,56.23413251903491,1.0,0,81,0.0,0.0,10000
GCR_H,min,1,56.23413251903491,1.0,0,82,0.0,0.0,10000
GCR_H,min,1,56.23413251903491,1.0,0,83,0.0,0.0,10000
GCR_H,min,1,56.23413251903491,1.0,0,84,0.0,0.0,10000
GCR_H,min,1,56.23413251903491,1.0,0,85,0.0,0.0,10000
GCR_H,min,1,56.23413251903491,1.0,0,86,0.0,0.0,10000
GCR_H,min,1,56.23413251903491,1.0,0,87,0.0,0.0,10000
GCR_H,min,1,56.23413251903491,1.0,0,88,0.0,0.0,10000
GCR_H,min,1,56.23413251903491,1.0,0,89,0.0,0.0,10000
GCR_H,min,1,56.23413251903491,1.0,0,90,0.0,0.0,10000
GCR_H,min,1,56.23413251903491,1.0,0,91,0.0,0.0,10000
GCR_H,min,1,56.23413251903491,1.0,0,92,0.0,0.0,10000
GCR_H,min,1,56.23413251903491,1.0,0,93,0.0,0.0,10000
GCR_H,min,1,56.23413251903491,1.0,0,94,0.0,0.0,10000
GCR_H,min,1,56.23413251903491,1.0,0,95,0.0,0.0,10000
GCR_H,min,1,56.23413251903491,1.0,0,96,0.0,0.0,10000
GCR_H,min,1,56.23413251903491,1.0,0,97,0.0,0.0,10000
GCR_H,min,1,56.23413251903491,1.0,0,98,0.0,0.0,10000
GCR_H,min,1,56.23413251903491,1.0,0,99,0.0,0.0,10000
GCR_H,min,1,56.23413251903491,1.0,0,100,0.0,0.0,10000
GCR_H,min,1,56.23413251903491,1.0,0,101,0.0,0.0,10000
GCR_H,min,1,56.23413251903491,1.0,0,102,0.0,0.0,10000
GCR_H,min,1,56.23413251903491,1.0,0,103,0.0,0.0,10000
GCR_H,min,1,56.23413251903491,1.0,0,104,0.0,0.0,10000
GCR_H,min,1,56.23413251903491,1.0,0,105,0.0,0.0,10000
GCR_H,min,1,56.23413251903491,1.0,0,106,0.0,0.0,10000
GCR_H,min,1,56.23413251903491,1.0,0,107,0.0,0.0,10000
GCR_H,min,1,56.23413251903491,1.0,0,108,0.0,0.0,10000
GCR_H,min,1,56.23413251903491,1.0,0,109,0.0,0.0,10000
GCR_H,min,1,56.23413251903491,1.0,0,110,0.0,0.0,10000
GCR_H,min,1,56.23413251903491,1.0,0,111,0.0,0.0,10000
GCR_H,min,1,56.23413251903491,1.0,0,112,0.0,0.0,10000
GCR_H,min,1,56.23413251903491,1.0,0,113,0.0,0.0,10000
GCR_H,min,1,56.23413251903491,1.0,0,114,0.0,0.0,10000
GCR_H,min,1,56.23413251903491,1.0,0,115,0.0,0.0,10000
GCR_H,min,1,56.23413251903491,1.0,0,116,0.0,0.0,10000
GCR_H,min,1,56.23413251903491,1.0,0,117,0.0,0.0,10000
GCR_H,min,1,56.23413251903491,1.0,0,118,0.0,0.0,10000
GCR_H,min,1,56.23413251903491,1.0,0,119,0.0,0.0,10000
GCR_H,min,1,56.23413251903491,1.0,0,120,0.0,0.0,10000
GCR_H,min,1,56.23413251903491,1.0,0,121,0.0,0.0,10000
GCR_H,min,1,56.23413251903491,1.0,0,122,0.0,0.0,10000
GCR_H,min,1,56.23413251903491,1.0,0,123,0.0,0.0,10000
GCR_H,min,1,56.23413251903491,1.0,0,124,0.0,0.0,10000
GCR_H,min,1,56.23413251903491,1.0,0,125,0.0,0.0,10000
GCR_H,min,1,56.23413251903491,1.0,0,126,0.0,0.0,10000
GCR_H,min,1,56.23413251903491,1.0,0,127,0.0,0.0,10000
GCR_H,min,1,56.23413251903491,1.0,0,128,0.0,0.0,10000
GCR_H,min,1,56.23413251903491,1.0,0,129,0.0,0.0,10000
GCR_H,min,1,56.23413251903491,1.0,0,130,0.0,0.0,10000
GCR_H,min,1,56.23413251903491,1.0,0,131,0.0,0.0,10000
GCR_H,min,1,56.23413251903491,1.0,0,132,0.0,0.0,10000
GCR_H,min,1,56.23413251903491,1.0,0,133,0.0,0.0,10000
GCR_H,min,1,56.23413251903491,1.0,0,134,0.0,0.0,10000
GCR_H,min,1,56.23413251903491,1.0,0,135,0.0,0.0,10000
GCR_H,min,1,56.23413251903491,1.0,0,136,0.0,0.0,10000
GCR_H,min,1,56.23413251903491,1.0,0,137,0.0,0.0,10000
GCR_H,min,1,56.23413251903491,1.0,0,138,0.0,0.0,10000
GCR_H,min,1,56.23413251903491,1.0,0,139,0.0,0.0,10000
GCR_H,min,1,56.23413251903491,1.0,0,140,0.0,0.0,10000
GCR_H,min,1,56.23413251903491,1.0,0,141,0.0,0.0,10000
GCR_H,min,2,177.82794100389228,0.0,0,0,1.10528e-09,0.0,10000
GCR_H,min,2,177.82794100389228,0.0,0,1,0.0,0.0,10000
GCR_H,min,2,177.82794100389228,0.0,0,2,0.0,0.0,10000
GCR_H,min,2,177.82794100389228,0.0,0,3,0.0,0.0,10000
GCR_H,min,2,177.82794100389228,0.0,0,4,7.02573e-21,2.47298e-19,10000
GCR_H,min,2,177.82794100389228,0.0,0,5,4.03487e-13,1.31301e-11,10000
GCR_H,min,2,177.82794100389228,0.0,0,6,2.26842e-13,4.44788e-11,10000
GCR_H,min,2,177.82794100389228,0.0,0,7,0.0,0.0,10000
GCR_H,min,2,177.82794100389228,0.0,0,8,0.0,0.0,10000
GCR_H,min,2,177.82794100389228,0.0,0,9,0.0,0.0,10000
GCR_H,min,2,177.82794100389228,0.0,0,10,6.29118e-13,2.31353e-12,10000
GCR_H,min,2,177.82794100389228,0.0,0,11,0.0,0.0,10000
GCR_H,min,2,177.82794100389228,0.0,0,12,3.72134e-12,4.48138e-11,10000
GCR_H,min,2,177.82794100389228,0.0,0,13,8.20145e-13,6.06347e-12,10000
GCR_H,min,2,177.82794100389228,0.0,0,14,2.51307e-12,1.35944e-11,10000
GCR_H,min,2,177.82794100389228,0.0,0,15,0.0,0.0,10000
GCR_H,min,2,177.82794100389228,0.0,0,16,0.0,0.0,10000
GCR_H,min,2,177.82794100389228,0.0,0,17,0.0,0.0,10000
GCR_H,min,2,177.82794100389228,0.0,0,18,0.0,0.0,10000
GCR_H,min,2,177.82794100389228,0.0,0,19,3.21309e-16,1.18652e-15,10000
GCR_H,min,2,177.82794100389228,0.0,0,20,0.0,0.0,10000
GCR_H,min,2,177.82794100389228,0.0,0,21,0.0,0.0,10000
GCR_H,min,2,177.82794100389228,0.0,0,22,0.0,0.0,10000
GCR_H,min,2,177.82794100389228,0.0,0,23,0.0,0.0,10000
GCR_H,min,2,177.82794100389228,0.0,0,24,0.0,0.0,10000
GCR_H,min,2,177.82794100389228,0.0,0,25,0.0,0.0,10000
GCR_H,min,2,177.82794100389228,0.0,0,26,4.08877e-13,7.26441e-13,10000
GCR_H,min,2,177.82794100389228,0.0,0,27,1.32462e-13,2.93669e-13,10000
GCR_H,min,2,177.82794100389228,0.0,0,28,3.31016e-12,1.26497e-11,10000
GCR_H,min,2,177.82794100389228,0.0,0,29,0.0,0.0,10000
GCR_H,min,2,177.82794100389228,0.0,0,30,6.26417e-12,2.42986e-10,10000
GCR_H,min,2,177.82794100389228,0.0,0,31,0.0,0.0,10000
GCR_H,min,2,177.82794100389228,0.0,0,32,0.0,0.0,10000
GCR_H,min,2,177.82794100389228,0.0,0,33,0.0,0.0,10000
GCR_H,min,2,177.82794100389228,0.0,0,34,4.35251e-12,8.19142e-12,10000
GCR_H,min,2,177.82794100389228,0.0,0,35,3.09239e-12,4.23975e-12,10000
GCR_H,min,2,177.82794100389228,0.0,0,36,0.0,0.0,10000
GCR_H,min,2,177.82794100389228,0.0,0,37,1.1294e-12,4.85638e-12,10000
GCR_H,min,2,177.82794100389228,0.0,0,38,6.45254e-12,1.27074e-11,10000
GCR_H,min,2,177.82794100389228,0.0,0,39,0.0,0.0,10000
GCR_H,min,2,177.82794100389228,0.0,0,40,2.38037e-12,3.22107e-11,10000
GCR_H,min,2,177.82794100389228,0.0,0,41,2.05764e-13,5.16192e-13,10000
GCR_H,min,2,177.82794100389228,0.0,0,42,1.48754e-12,2.18378e-12,10000
GCR_H,min,2,177.82794100389228,0.0,0,43,7.66669e-12,2.09954e-11,10000
GCR_H,min,2,177.82794100389228,0.0,0,44,2.39426e-12,4.60382e-12,10000
GCR_H,min,2,177.82794100389228,0.0,0,45,0.0,0.0,10000
GCR_H,min,2,177.82794100389228,0.0,0,46,0.0,0.0,10000
GCR_H,min,2,177.82794100389228,0.0,0,47,4.18116e-16,4.06254e-15,10000
GCR_H,min,2,177.82794100389228,0.0,0,48,2.22494e-15,3.02507e-14,10000
GCR_H,min,2,177.82794100389228,0.0,0,49,1.44326e-13,5.03616e-13,10000
GCR_H,min,2,177.82794100389228,0.0,0,50,1.47019e-13,4.38418e-13,10000
GCR_H,min,2,177.82794100389228,0.0,0,51,0.0,0.0,10000
GCR_H,min,2,177.82794100389228,0.0,0,52,0.0,0.0,10000
GCR_H,min,2,177.82794100389228,0.0,0,53,0.0,0.0,10000
GCR_H,min,2,177.82794100389228,0.0,0,54,0.0,0.0,10000
GCR_H,min,2,177.82794100389228,0.0,0,55,0.0,0.0,10000
GCR_H,min,2,177.82794100389228,0.0,0,56,0.0,0.0,10000
GCR_H,min,2,177.82794100389228,0.0,0,57,0.0,0.0,10000
GCR_H,min,2,177.82794100389228,0.0,0,58,2.46666e-20,2.78185e-19,10000
GCR_H,min,2,177.82794100389228,0.0,0,59,0.0,0.0,10000
GCR_H,min,2,177.82794100389228,0.0,0,60,0.0,0.0,10000
GCR_H,min,2,177.82794100389228,0.0,0,61,6.30794e-14,4.35031e-14,10000
GCR_H,min,2,177.82794100389228,0.0,0,62,0.0,0.0,10000
GCR_H,min,2,177.82794100389228,0.0,0,63,0.0,0.0,10000
GCR_H,min,2,177.82794100389228,0.0,0,64,0.0,0.0,10000
GCR_H,min,2,177.82794100389228,0.0,0,65,0.0,0.0,10000
GCR_H,min,2,177.82794100389228,0.0,0,66,0.0,0.0,10000
GCR_H,min,2,177.82794100389228,0.0,0,67,0.0,0.0,10000
GCR_H,min,2,177.82794100389228,0.0,0,68,0.0,0.0,10000
GCR_H,min,2,177.82794100389228,0.0,0,69,0.0,0.0,10000
GCR_H,min,2,177.82794100389228,0.0,0,70,0.0,0.0,10000
GCR_H,min,2,177.82794100389228,0.0,0,71,0.0,0.0,10000
GCR_H,min,2,177.82794100389228,0.0,0,72,0.0,0.0,10000
GCR_H,min,2,177.82794100389228,0.0,0,73,0.0,0.0,10000
GCR_H,min,2,177.82794100389228,0.0,0,74,9.9567e-12,1.5318e-11,10000
GCR_H,min,2,177.82794100389228,0.0,0,75,5.46277e-12,1.5607e-11,10000
GCR_H,min,2,177.82794100389228,0.0,0,76,0.0,0.0,10000
GCR_H,min,2,177.82794100389228,0.0,0,77,0.0,0.0,10000
GCR_H,min,2,177.82794100389228,0.0,0,78,0.0,0.0,10000
GCR_H,min,2,177.82794100389228,0.0,0,79,0.0,0.0,10000
GCR_H,min,2,177.82794100389228,0.0,0,80,0.0,0.0,10000
GCR_H,min,2,177.82794100389228,0.0,0,81,0.0,0.0,10000
GCR_H,min,2,177.82794100389228,0.0,0,82,3.08364e-12,3.42665e-11,10000
GCR_H,min,2,177.82794100389228,0.0,0,83,3.77104e-13,1.07744e-11,10000
GCR_H,min,2,177.82794100389228,0.0,0,84,4.4442e-13,1.11077e-11,10000
GCR_H,min,2,177.82794100389228,0.0,0,85,0.0,0.0,10000
GCR_H,min,2,177.82794100389228,0.0,0,86,0.0,0.0,10000
GCR_H,min,2,177.82794100389228,0.0,0,87,0.0,0.0,10000
GCR_H,min,2,177.82794100389228,0.0,0,88,0.0,0.0,10000
GCR_H,min,2,177.82794100389228,0.0,0,89,0.0,0.0,10000
GCR_H,min,2,177.82794100389228,0.0,0,90,0.0,0.0,10000
GCR_H,min,2,177.82794100389228,0.0,0,91,0.0,0.0,10000
GCR_H,min,2,177.82794100389228,0.0,0,92,0.0,0.0,10000
GCR_H,min,2,177.82794100389228,0.0,0,93,0.0,0.0,10000
GCR_H,min,2,177.82794100389228,0.0,0,94,0.0,0.0,10000
GCR_H,min,2,177.82794100389228,0.0,0,95,0.0,0.0,10000
GCR_H,min,2,177.82794100389228,0.0,0,96,2.24085e-12,2.83615e-11,10000
GCR_H,min,2,177.82794100389228,0.0,0,97,4.3378e-12,9.07983e-12,10000
GCR_H,min,2,177.82794100389228,0.0,0,98,1.3937e-12,1.94814e-11,10000
GCR_H,min,2,177.82794100389228,0.0,0,99,5.99356e-12,1.03323e-11,10000
GCR_H,min,2,177.82794100389228,0.0,0,100,0.0,0.0,10000
GCR_H,min,2,177.82794100389228,0.0,0,101,0.0,0.0,10000
GCR_H,min,2,177.82794100389228,0.0,0,102,0.0,0.0,10000
GCR_H,min,2,177.82794100389228,0.0,0,103,0.0,0.0,10000
GCR_H,min,2,177.82794100389228,0.0,0,104,0.0,0.0,10000
GCR_H,min,2,177.82794100389228,0.0,0,105,0.0,0.0,10000
GCR_H,min,2,177.82794100389228,0.0,0,106,3.70348e-11,3.0411e-11,10000
GCR_H,min,2,177.82794100389228,0.0,0,107,5.07767e-11,3.38358e-12,10000
GCR_H,min,2,177.82794100389228,0.0,0,108,9.03628e-12,3.28529e-12,10000
GCR_H,min,2,177.82794100389228,0.0,0,109,3.5853e-11,3.57637e-12,10000
GCR_H,min,2,177.82794100389228,0.0,0,110,1.00117e-20,2.5023e-19,10000
GCR_H,min,2,177.82794100389228,0.0,0,111,0.0,0.0,10000
GCR_H,min,2,177.82794100389228,0.0,0,112,0.0,0.0,10000
GCR_H,min,2,177.82794100389228,0.0,0,113,0.0,0.0,10000
GCR_H,min,2,177.82794100389228,0.0,0,114,0.0,0.0,10000
GCR_H,min,2,177.82794100389228,0.0,0,115,0.0,0.0,10000
GCR_H,min,2,177.82794100389228,0.0,0,116,2.05892e-11,1.96366e-11,10000
GCR_H,min,2,177.82794100389228,0.0,0,117,5.30354e-11,4.28741e-12,10000
GCR_H,min,2,177.82794100389228,0.0,0,118,2.62061e-12,1.59456e-12,10000
GCR_H,min,2,177.82794100389228,0.0,0,119,3.41193e-11,6.32253e-12,10000
GCR_H,min,2,177.82794100389228,0.0,0,120,1.09639e-12,2.58036e-11,10000
GCR_H,min,2,177.82794100389228,0.0,0,121,0.0,0.0,10000
GCR_H,min,2,177.82794100389228,0.0,0,122,4.02002e-12,1.37984e-11,10000
GCR_H,min,2,177.82794100389228,0.0,0,123,6.10682e-12,4.16788e-12,10000
GCR_H,min,2,177.82794100389228,0.0,0,124,8.7479e-13,1.36893e-12,10000
GCR_H,min,2,177.82794100389228,0.0,0,125,1.31722e-11,9.88587e-12,10000
GCR_H,min,2,177.82794100389228,0.0,0,126,0.0,0.0,10000
GCR_H,min,2,177.82794100389228,0.0,0,127,9.37175e-17,6.24825e-16,10000
GCR_H,min,2,177.82794100389228,0.0,0,128,2.71444e-12,5.42453e-11,10000
GCR_H,min,2,177.82794100389228,0.0,0,129,1.04797e-12,5.99528e-11,10000
GCR_H,min,2,177.82794100389228,0.0,0,130,0.0,0.0,10000
GCR_H,min,2,177.82794100389228,0.0,0,131,0.0,0.0,10000
GCR_H,min,2,177.82794100389228,0.0,0,132,0.0,0.0,10000
GCR_H,min,2,177.82794100389228,0.0,0,133,0.0,0.0,10000
GCR_H,min,2,177.82794100389228,0.0,0,134,0.0,0.0,10000
GCR_H,min,2,177.82794100389228,0.0,0,135,0.0,0.0,10000
GCR_H,min,2,177.82794100389228,0.0,0,136,0.0,0.0,10000
GCR_H,min,2,177.82794100389228,0.0,0,137,0.0,0.0,10000
GCR_H,min,2,177.82794100389228,0.0,0,138,0.0,0.0,10000
GCR_H,min,2,177.82794100389228,0.0,0,139,0.0,0.0,10000
GCR_H,min,2,177.82794100389228,0.0,0,140,0.0,0.0,10000
GCR_H,min,2,177.82794100389228,0.0,0,141,0.0,0.0,10000
GCR_H,min,2,177.82794100389228,1.0,0,0,1.8967e-10,0.0,10000
GCR_H,min,2,177.82794100389228,1.0,0,1,0.0,0.0,10000
GCR_H,min,2,177.82794100389228,1.0,0,2,0.0,0.0,10000
GCR_H,min,2,177.82794100389228,1.0,0,3,0.0,0.0,10000
GCR_H,min,2,177.82794100389228,1.0,0,4,0.0,0.0,10000
GCR_H,min,2,177.82794100389228,1.0,0,5,0.0,0.0,10000
GCR_H,min,2,177.82794100389228,1.0,0,6,0.0,0.0,10000
GCR_H,min,2,177.82794100389228,1.0,0,7,0.0,0.0,10000
GCR_H,min,2,177.82794100389228,1.0,0,8,1.61372e-15,2.43359e-14,10000
GCR_H,min,2,177.82794100389228,1.0,0,9,0.0,0.0,10000
GCR_H,min,2,177.82794100389228,1.0,0,10,7.8143e-15,2.87364e-14,10000
GCR_H,min,2,177.82794100389228,1.0,0,11,2.33316e-16,1.4842e-14,10000
GCR_H,min,2,177.82794100389228,1.0,0,12,8.11447e-16,9.77177e-15,10000
GCR_H,min,2,177.82794100389228,1.0,0,13,1.82948e-15,1.35257e-14,10000
GCR_H,min,2,177.82794100389228,1.0,0,14,1.59046e-15,8.6036e-15,10000
GCR_H,min,2,177.82794100389228,1.0,0,15,2.39992e-15,7.16823e-14,10000
GCR_H,min,2,177.82794100389228,1.0,0,16,5.11524e-16,3.99534e-15,10000
GCR_H,min,2,177.82794100389228,1.0,0,17,0.0,0.0,10000
GCR_H,min,2,177.82794100389228,1.0,0,18,0.0,0.0,10000
GCR_H,min,2,177.82794100389228,1.0,0,19,7.11716e-16,2.6282e-15,10000
GCR_H,min,2,177.82794100389228,1.0,0,20,0.0,0.0,10000
GCR_H,min,2,177.82794100389228,1.0,0,21,0.0,0.0,10000
GCR_H,min,2,177.82794100389228,1.0,0,22,4.69931e-16,2.61451e-15,10000
GCR_H,min,2,177.82794100389228,1.0,0,23,7.27518e-16,5.21182e-15,10000
GCR_H,min,2,177.82794100389228,1.0,0,24,1.7092e-15,3.57724e-14,10000
GCR_H,min,2,177.82794100389228,1.0,0,25,7.14057e-17,1.34575e-15,10000
GCR_H,min,2,177.82794100389228,1.0,0,26,8.09891e-16,1.43891e-15,10000
GCR_H,min,2,177.82794100389228,1.0,0,27,6.04991e-15,1.34126e-14,10000
GCR_H,min,2,177.82794100389228,1.0,0,28,3.68254e-15,1.40727e-14,10000
GCR_H,min,2,177.82794100389228,1.0,0,29,1.01265e-14,2.14522e-14,10000
GCR_H,min,2,177.82794100389228,1.0,0,30,0.0,0.0,10000
GCR_H,min,2,177.82794100389228,1.0,0,31,1.38715e-16,4.71675e-16,10000
GCR_H,min,2,177.82794100389228,1.0,0,32,0.0,0.0,10000
GCR_H,min,2,177.82794100389228,1.0,0,33,0.0,0.0,10000
GCR_H,min,2,177.82794100389228,1.0,0,34,3.91877e-15,7.37513e-15,10000
GCR_H,min,2,177.82794100389228,1.0,0,35,3.32414e-15,4.55749e-15,10000
GCR_H,min,2,177.82794100389228,1.0,0,36,5.77689e-16,7.3432e-15,10000
GCR_H,min,2,177.82794100389228,1.0,0,37,6.43105e-16,2.76533e-15,10000
GCR_H,min,2,177.82794100389228,1.0,0,38,8.33189e-16,1.64085e-15,10000
GCR_H,min,2,177.82794100389228,1.0,0,39,0.0,0.0,10000
GCR_H,min,2,177.82794100389228,1.0,0,40,0.0,0.0,10000
GCR_H,min,2,177.82794100389228,1.0,0,41,1.06807e-15,2.67941e-15,10000
GCR_H,min,2,177.82794100389228,1.0,0,42,1.19054e-14,1.74776e-14,10000
GCR_H,min,2,177.82794100389228,1.0,0,43,8.56109e-16,2.34448e-15,10000
GCR_H,min,2,177.82794100389228,1.0,0,44,1.98652e-15,3.81978e-15,10000
GCR_H,min,2,177.82794100389228,1.0,0,45,0.0,0.0,10000
GCR_H,min,2,177.82794100389228,1.0,0,46,0.0,0.0,10000
GCR_H,min,2,177.82794100389228,1.0,0,47,0.0,0.0,10000
GCR_H,min,2,177.82794100389228,1.0,0,48,0.0,0.0,10000
GCR_H,min,2,177.82794100389228,1.0,0,49,0.0,0.0,10000
GCR_H,min,2,177.82794100389228,1.0,0,50,0.0,0.0,10000
GCR_H,min,2,177.82794100389228,1.0,0,51,3.46052e-16,1.8586e-15,10000
GCR_H,min,2,177.82794100389228,1.0,0,52,0.0,0.0,10000
GCR_H,min,2,177.82794100389228,1.0,0,53,1.63209e-15,1.49417e-14,10000
GCR_H,min,2,177.82794100389228,1.0,0,54,1.98802e-15,1.14576e-14,10000
GCR_H,min,2,177.82794100389228,1.0,0,55,2.70695e-16,2.73706e-14,10000
GCR_H,min,2,177.82794100389228,1.0,0,56,4.43412e-16,7.87448e-15,10000
GCR_H,min,2,177.82794100389228,1.0,0,57,0.0,0.0,10000
GCR_H,min,2,177.82794100389228,1.0,0,58,5.2771e-16,5.9514e-15,10000
GCR_H,min,2,177.82794100389228,1.0,0,59,0.0,0.0,10000
GCR_H,min,2,177.82794100389228,1.0,0,60,0.0,0.0,10000
GCR_H,min,2,177.82794100389228,1.0,0,61,0.0,0.0,10000
GCR_H,min,2,177.82794100389228,1.0,0,62,0.0,0.0,10000
GCR_H,min,2,177.82794100389228,1.0,0,63,0.0,0.0,10000
GCR_H,min,2,177.82794100389228,1.0,0,64,0.0,0.0,10000
GCR_H,min,2,177.82794100389228,1.0,0,65,0.0,0.0,10000
GCR_H,min,2,177.82794100389228,1.0,0,66,0.0,0.0,10000
GCR_H,min,2,177.82794100389228,1.0,0,67,0.0,0.0,10000
GCR_H,min,2,177.82794100389228,1.0,0,68,0.0,0.0,10000
GCR_H,min,2,177.82794100389228,1.0,0,69,0.0,0.0,10000
GCR_H,min,2,177.82794100389228,1.0,0,70,6.81251e-17,4.89404e-15,10000
GCR_H,min,2,177.82794100389228,1.0,0,71,1.1953e-16,2.21025e-15,10000
GCR_H,min,2,177.82794100389228,1.0,0,72,2.66268e-15,1.77524e-14,10000
GCR_H,min,2,177.82794100389228,1.0,0,73,1.67608e-15,6.70407e-15,10000
GCR_H,min,2,177.82794100389228,1.0,0,74,2.26146e-14,3.47917e-14,10000
GCR_H,min,2,177.82794100389228,1.0,0,75,1.20816e-14,3.45168e-14,10000
GCR_H,min,2,177.82794100389228,1.0,0,76,0.0,0.0,10000
GCR_H,min,2,177.82794100389228,1.0,0,77,0.0,0.0,10000
GCR_H,min,2,177.82794100389228,1.0,0,78,7.23982e-16,1.20664e-14,10000
GCR_H,min,2,177.82794100389228,1.0,0,79,4.07615e-15,4.29068e-14,10000
GCR_H,min,2,177.82794100389228,1.0,0,80,0.0,0.0,10000
GCR_H,min,2,177.82794100389228,1.0,0,81,0.0,0.0,10000
GCR_H,min,2,177.82794100389228,1.0,0,82,0.0,0.0,10000
GCR_H,min,2,177.82794100389228,1.0,0,83,0.0,0.0,10000
GCR_H,min,2,177.82794100389228,1.0,0,84,1.74308e-16,4.3566e-15,10000
GCR_H,min,2,177.82794100389228,1.0,0,85,1.26728e-15,1.69038e-14,10000
GCR_H,min,2,177.82794100389228,1.0,0,86,0.0,0.0,10000
GCR_H,min,2,177.82794100389228,1.0,0,87,7.02055e-15,2.12757e-14,10000
GCR_H,min,2,177.82794100389228,1.0,0,88,2.12822e-16,4.17289e-16,10000
GCR_H,min,2,177.82794100389228,1.0,0,89,0.0,0.0,10000
GCR_H,min,2,177.82794100389228,1.0,0,90,0.0,0.0,10000
GCR_H,min,2,177.82794100389228,1.0,0,91,0.0,0.0,10000
GCR_H,min,2,177.82794100389228,1.0,0,92,0.0,0.0,10000
GCR_H,min,2,177.82794100389228,1.0,0,93,0.0,0.0,10000
GCR_H,min,2,177.82794100389228,1.0,0,94,0.0,0.0,10000
GCR_H,min,2,177.82794100389228,1.0,0,95,7.95451e-16,4.41915e-16,10000
GCR_H,min,2,177.82794100389228,1.0,0,96,0.0,0.0,10000
GCR_H,min,2,177.82794100389228,1.0,0,97,8.22085e-15,1.72078e-14,10000
GCR_H,min,2,177.82794100389228,1.0,0,98,2.2678e-15,3.16997e-14,10000
GCR_H,min,2,177.82794100389228,1.0,0,99,3.31373e-14,5.71254e-14,10000
GCR_H,min,2,177.82794100389228,1.0,0,100,0.0,0.0,10000
GCR_H,min,2,177.82794100389228,1.0,0,101,0.0,0.0,10000
GCR_H,min,2,177.82794100389228,1.0,0,102,0.0,0.0,10000
GCR_H,min,2,177.82794100389228,1.0,0,103,1.90289e-15,1.82269e-14,10000
GCR_H,min,2,177.82794100389228,1.0,0,104,2.2848e-16,2.91801e-14,10000
GCR_H,min,2,177.82794100389228,1.0,0,105,0.0,0.0,10000
GCR_H,min,2,177.82794100389228,1.0,0,106,9.50118e-15,7.80185e-15,10000
GCR_H,min,2,177.82794100389228,1.0,0,107,1.14155e-13,7.60687e-15,10000
GCR_H,min,2,177.82794100389228,1.0,0,108,3.83402e-14,1.39392e-14,10000
GCR_H,min,2,177.82794100389228,1.0,0,109,8.36056e-14,8.33974e-15,10000
GCR_H,min,2,177.82794100389228,1.0,0,110,0.0,0.0,10000
GCR_H,min,2,177.82794100389228,1.0,0,111,0.0,0.0,10000
GCR_H,min,2,177.82794100389228,1.0,0,112,0.0,0.0,10000
GCR_H,min,2,177.82794100389228,1.0,0,113,0.0,0.0,10000
GCR_H,min,2,177.82794100389228,1.0,0,114,0.0,0.0,10000
GCR_H,min,2,177.82794100389228,1.0,0,115,0.0,0.0,10000
GCR_H,min,2,177.82794100389228,1.0,0,116,6.17265e-15,5.88707e-15,10000
GCR_H,min,2,177.82794100389228,1.0,0,117,1.2317e-13,9.95711e-15,10000
GCR_H,min,2,177.82794100389228,1.0,0,118,2.89783e-14,1.76324e-14,10000
GCR_H,min,2,177.82794100389228,1.0,0,119,2.12006e-14,3.9286e-15,10000
GCR_H,min,2,177.82794100389228,1.0,0,120,0.0,0.0,10000
GCR_H,min,2,177.82794100389228,1.0,0,121,0.0,0.0,10000
GCR_H,min,2,177.82794100389228,1.0,0,122,1.31649e-15,4.51874e-15,10000
GCR_H,min,2,177.82794100389228,1.0,0,123,8.00975e-15,5.46662e-15,10000
GCR_H,min,2,177.82794100389228,1.0,0,124,9.13479e-15,1.42948e-14,10000
GCR_H,min,2,177.82794100389228,1.0,0,125,3.89627e-15,2.92418e-15,10000
GCR_H,min,2,177.82794100389228,1.0,0,126,0.0,0.0,10000
GCR_H,min,2,177.82794100389228,1.0,0,127,0.0,0.0,10000
GCR_H,min,2,177.82794100389228,1.0,0,128,0.0,0.0,10000
GCR_H,min,2,177.82794100389228,1.0,0,129,0.0,0.0,10000
GCR_H,min,2,177.82794100389228,1.0,0,130,0.0,0.0,10000
GCR_H,min,2,177.82794100389228,1.0,0,131,1.88527e-15,7.54409e-14,10000
GCR_H,min,2,177.82794100389228,1.0,0,132,0.0,0.0,10000
GCR_H,min,2,177.82794100389228,1.0,0,133,0.0,0.0,10000
GCR_H,min,2,177.82794100389228,1.0,0,134,0.0,0.0,10000
GCR_H,min,2,177.82794100389228,1.0,0,135,2.03534e-16,2.3917e-14,10000
GCR_H,min,2,177.82794100389228,1.0,0,136,3.5223e-16,4.70267e-14,10000
GCR_H,min,2,177.82794100389228,1.0,0,137,0.0,0.0,10000
GCR_H,min,2,177.82794100389228,1.0,0,138,0.0,0.0,10000
GCR_H,min,2,177.82794100389228,1.0,0,139,0.0,0.0,10000
GCR_H,min,2,177.82794100389228,1.0,0,140,5.41846e-17,2.70923e-13,10000
GCR_H,min,2,177.82794100389228,1.0,0,141,0.0,0.0,10000
GCR_H,min,3,562.341325190349,0.0,0,0,1.60118e-09,0.0,10000
GCR_H,min,3,562.341325190349,0.0,0,1,0.0,0.0,10000
GCR_H,min,3,562.341325190349,0.0,0,2,0.0,0.0,10000
GCR_H,min,3,562.341325190349,0.0,0,3,0.0,0.0,10000
GCR_H,min,3,562.341325190349,0.0,0,4,0.0,0.0,10000
GCR_H,min,3,562.341325190349,0.0,0,5,0.0,0.0,10000
GCR_H,min,3,562.341325190349,0.0,0,6,0.0,0.0,10000
GCR_H,min,3,562.341325190349,0.0,0,7,0.0,0.0,10000
GCR_H,min,3,562.341325190349,0.0,0,8,4.93456e-13,7.44165e-12,10000
GCR_H,min,3,562.341325190349,0.0,0,9,0.0,0.0,10000
GCR_H,min,3,562.341325190349,0.0,0,10,1.32787e-12,4.88313e-12,10000
GCR_H,min,3,562.341325190349,0.0,0,11,2.81914e-13,1.79334e-11,10000
GCR_H,min,3,562.341325190349,0.0,0,12,1.31484e-12,1.58338e-11,10000
GCR_H,min,3,562.341325190349,0.0,0,13,0.0,0.0,10000
GCR_H,min,3,562.341325190349,0.0,0,14,8.48826e-15,4.59173e-14,10000
GCR_H,min,3,562.341325190349,0.0,0,15,0.0,0.0,10000
GCR_H,min,3,562.341325190349,0.0,0,16,9.58019e-13,7.48277e-12,10000
GCR_H,min,3,562.341325190349,0.0,0,17,0.0,0.0,10000
GCR_H,min,3,562.341325190349,0.0,0,18,6.36105e-13,1.71318e-11,10000
GCR_H,min,3,562.341325190349,0.0,0,19,1.25703e-12,4.64191e-12,10000
GCR_H,min,3,562.341325190349,0.0,0,20,2.84002e-12,1.56122e-11,10000
GCR_H,min,3,562.341325190349,0.0,0,21,3.256e-13,1.43626e-11,10000
GCR_H,min,3,562.341325190349,0.0,0,22,6.27687e-13,3.49219e-12,10000
GCR_H,min,3,562.341325190349,0.0,0,23,2.77685e-14,1.98929e-13,10000
GCR_H,min,3,562.341325190349,0.0,0,24,7.60684e-13,1.59205e-11,10000
GCR_H,min,3,562.341325190349,0.0,0,25,3.7769e-13,7.11816e-12,10000
GCR_H,min,3,562.341325190349,0.0,0,26,1.67124e-12,2.96924e-12,10000
GCR_H,min,3,562.341325190349,0.0,0,27,1.82906e-12,4.05502e-12,10000
GCR_H,min,3,562.341325190349,0.0,0,28,9.1716e-13,3.50489e-12,10000
GCR_H,min,3,562.341325190349,0.0,0,29,2.13781e-12,4.52877e-12,10000
GCR_H,min,3,562.341325190349,0.0,0,30,0.0,0.0,10000
GCR_H,min,3,562.341325190349,0.0,0,31,1.68924e-12,5.74397e-12,10000
GCR_H,min,3,562.341325190349,0.0,0,32,1.53165e-12,3.49238e-12,10000
GCR_H,min,3,562.341325190349,0.0,0,33,2.62101e-13,3.24022e-12,10000
GCR_H,min,3,562.341325190349,0.0,0,34,5.45314e-12,1.02628e-11,10000
GCR_H,min,3,562.341325190349,0.0,0,35,1.2728e-11,1.74504e-11,10000
GCR_H,min,3,562.341325190349,0.0,0,36,8.18664e-13,1.04063e-11,10000
GCR_H,min,3,562.341325190349,0.0,0,37,5.5564e-13,2.38923e-12,10000
GCR_H,min,3,562.341325190349,0.0,0,38,1.0382e-12,2.04458e-12,10000
GCR_H,min,3,562.341325190349,0.0,0,39,3.21951e-13,4.22952e-12,10000
GCR_H,min,3,562.341325190349,0.0,0,40,5.99734e-13,8.11548e-12,10000
GCR_H,min,3,562.341325190349,0.0,0,41,3.6978e-12,9.27649e-12,10000
GCR_H,min,3,562.341325190349,0.0,0,42,6.75642e-12,9.9187e-12,10000
GCR_H,min,3,562.341325190349,0.0,0,43,4.68392e-12,1.2827e-11,10000
GCR_H,min,3,562.341325190349,0.0,0,44,8.44206e-12,1.62328e-11,10000
GCR_H,min,3,562.341325190349,0.0,0,45,3.21463e-12,1.45373e-11,10000
GCR_H,min,3,562.341325190349,0.0,0,46,1.2676e-12,6.59487e-12,10000
GCR_H,min,3,562.341325190349,0.0,0,47,1.01919e-12,9.90272e-12,10000
GCR_H,min,3,562.341325190349,0.0,0,48,8.28354e-14,1.12625e-12,10000
GCR_H,min,3,562.341325190349,0.0,0,49,2.00927e-12,7.01121e-12,10000
GCR_H,min,3,562.341325190349,0.0,0,50,8.82565e-13,2.63185e-12,10000
GCR_H,min,3,562.341325190349,0.0,0,51,1.76313e-12,9.46953e-12,10000
GCR_H,min,3,562.341325190349,0.0,0,52,7.78234e-12,2.57634e-11,10000
GCR_H,min,3,562.341325190349,0.0,0,53,1.93075e-12,1.7676e-11,10000
GCR_H,min,3,562.341325190349,0.0,0,54,2.83827e-12,1.6358e-11,10000
GCR_H,min,3,562.341325190349,0.0,0,55,0.0,0.0,10000
GCR_H,min,3,562.341325190349,0.0,0,56,1.40204e-12,2.48985e-11,10000
GCR_H,min,3,562.341325190349,0.0,0,57,0.0,0.0,10000
GCR_H,min,3,562.341325190349,0.0,0,58,6.3617e-12,7.17458e-11,10000
GCR_H,min,3,562.341325190349,0.0,0,59,0.0,0.0,10000
GCR_H,min,3,562.341325190349,0.0,0,60,3.59154e-13,1.03413e-11,10000
GCR_H,min,3,562.341325190349,0.0,0,61,5.67877e-12,3.9164e-12,10000
GCR_H,min,3,562.341325190349,0.0,0,62,0.0,0.0,10000
GCR_H,min,3,562.341325190349,0.0,0,63,0.0,0.0,10000
GCR_H,min,3,562.341325190349,0.0,0,64,0.0,0.0,10000
GCR_H,min,3,562.341325190349,0.0,0,65,0.0,0.0,10000
GCR_H,min,3,562.341325190349,0.0,0,66,0.0,0.0,10000
GCR_H,min,3,562.341325190349,0.0,0,67,0.0,0.0,10000
GCR_H,min,3,562.341325190349,0.0,0,68,0.0,0.0,10000
GCR_H,min,3,562.341325190349,0.0,0,69,0.0,0.0,10000
GCR_H,min,3,562.341325190349,0.0,0,70,0.0,0.0,10000
GCR_H,min,3,562.341325190349,0.0,0,71,0.0,0.0,10000
GCR_H,min,3,562.341325190349,0.0,0,72,8.36272e-13,5.57552e-12,10000
GCR_H,min,3,562.341325190349,0.0,0,73,3.813e-12,1.52514e-11,10000
GCR_H,min,3,562.341325190349,0.0,0,74,7.81872e-13,1.20288e-12,10000
GCR_H,min,3,562.341325190349,0.0,0,75,1.45702e-13,4.16268e-13,10000
GCR_H,min,3,562.341325190349,0.0,0,76,5.39382e-12,5.9938e-11,10000
GCR_H,min,3,562.341325190349,0.0,0,77,2.89846e-12,5.26802e-11,10000
GCR_H,min,3,562.341325190349,0.0,0,78,0.0,0.0,10000
GCR_H,min,3,562.341325190349,0.0,0,79,2.11552e-14,2.22687e-13,10000
GCR_H,min,3,562.341325190349,0.0,0,80,1.43507e-20,2.39178e-19,10000
GCR_H,min,3,562.341325190349,0.0,0,81,0.0,0.0,10000
GCR_H,min,3,562.341325190349,0.0,0,82,1.16654e-12,1.29629e-11,10000
GCR_H,min,3,562.341325190349,0.0,0,83,7.60581e-13,2.17309e-11,10000
GCR_H,min,3,562.341325190349,0.0,0,84,3.31292e-18,8.28023e-17,10000
GCR_H,min,3,562.341325190349,0.0,0,85,3.54215e-18,4.72476e-17,10000
GCR_H,min,3,562.341325190349,0.0,0,86,0.0,0.0,10000
GCR_H,min,3,562.341325190349,0.0,0,87,5.91055e-12,1.79118e-11,10000
GCR_H,min,3,562.341325190349,0.0,0,88,2.64291e-11,5.18208e-11,10000
GCR_H,min,3,562.341325190349,0.0,0,89,2.95515e-12,2.75872e-11,10000
GCR_H,min,3,562.341325190349,0.0,0,90,1.48379e-12,3.87919e-11,10000
GCR_H,min,3,562.341325190349,0.0,0,91,0.0,0.0,10000
GCR_H,min,3,562.341325190349,0.0,0,92,0.0,0.0,10000
GCR_H,min,3,562.341325190349,0.0,0,93,0.0,0.0,10000
GCR_H,min,3,562.341325190349,0.0,0,94,0.0,0.0,10000
GCR_H,min,3,562.341325190349,0.0,0,95,2.29805e-11,1.27669e-11,10000
GCR_H,min,3,562.341325190349,0.0,0,96,1.82291e-12,2.30719e-11,10000
GCR_H,min,3,562.341325190349,0.0,0,97,5.58348e-12,1.16873e-11,10000
GCR_H,min,3,562.341325190349,0.0,0,98,2.2363e-12,3.12595e-11,10000
GCR_H,min,3,562.341325190349,0.0,0,99,1.73756e-11,2.99537e-11,10000
GCR_H,min,3,562.341325190349,0.0,0,100,0.0,0.0,10000
GCR_H,min,3,562.341325190349,0.0,0,101,1.38868e-15,2.16982e-13,10000
GCR_H,min,3,562.341325190349,0.0,0,102,0.0,0.0,10000
GCR_H,min,3,562.341325190349,0.0,0,103,5.76614e-13,5.52312e-12,10000
GCR_H,min,3,562.341325190349,0.0,0,104,1.68574e-13,2.15293e-11,10000
GCR_H,min,3,562.341325190349,0.0,0,105,1.19212e-13,1.07398e-11,10000
GCR_H,min,3,562.341325190349,0.0,0,106,4.35983e-12,3.58005e-12,10000
GCR_H,min,3,562.341325190349,0.0,0,107,1.27408e-10,8.48999e-12,10000
GCR_H,min,3,562.341325190349,0.0,0,108,3.0093e-11,1.09408e-11,10000
GCR_H,min,3,562.341325190349,0.0,0,109,7.28424e-11,7.2661e-12,10000
GCR_H,min,3,562.341325190349,0.0,0,110,0.0,0.0,10000
GCR_H,min,3,562.341325190349,0.0,0,111,0.0,0.0,10000
GCR_H,min,3,562.341325190349,0.0,0,112,0.0,0.0,10000
GCR_H,min,3,562.341325190349,0.0,0,113,1.56966e-12,1.12119e-11,10000
GCR_H,min,3,562.341325190349,0.0,0,114,0.0,0.0,10000
GCR_H,min,3,562.341325190349,0.0,0,115,0.0,0.0,10000
GCR_H,min,3,562.341325190349,0.0,0,116,3.39629e-12,3.23915e-12,10000
GCR_H,min,3,562.341325190349,0.0,0,117,1.49726e-10,1.21039e-11,10000
GCR_H,min,3,562.341325190349,0.0,0,118,2.74637e-11,1.67108e-11,10000
GCR_H,min,3,562.341325190349,0.0,0,119,4.3995e-11,8.15255e-12,10000
GCR_H,min,3,562.341325190349,0.0,0,120,0.0,0.0,10000
GCR_H,min,3,562.341325190349,0.0,0,121,6.91163e-13,1.62665e-11,10000
GCR_H,min,3,562.341325190349,0.0,0,122,1.27746e-12,4.38477e-12,10000
GCR_H,min,3,562.341325190349,0.0,0,123,1.7237e-11,1.17642e-11,10000
GCR_H,min,3,562.341325190349,0.0,0,124,7.82185e-12,1.22402e-11,10000
GCR_H,min,3,562.341325190349,0.0,0,125,1.83863e-11,1.37991e-11,10000
GCR_H,min,3,562.341325190349,0.0,0,126,0.0,0.0,10000
GCR_H,min,3,562.341325190349,0.0,0,127,0.0,0.0,10000
GCR_H,min,3,562.341325190349,0.0,0,128,0.0,0.0,10000
GCR_H,min,3,562.341325190349,0.0,0,129,0.0,0.0,10000
GCR_H,min,3,562.341325190349,0.0,0,130,0.0,0.0,10000
GCR_H,min,3,562.341325190349,0.0,0,131,0.0,0.0,10000
GCR_H,min,3,562.341325190349,0.0,0,132,0.0,0.0,10000
GCR_H,min,3,562.341325190349,0.0,0,133,0.0,0.0,10000
GCR_H,min,3,562.341325190349,0.0,0,134,0.0,0.0,10000
GCR_H,min,3,562.341325190349,0.0,0,135,0.0,0.0,10000
GCR_H,min,3,562.341325190349,0.0,0,136,0.0,0.0,10000
GCR_H,min,3,562.341325190349,0.0,0,137,0.0,0.0,10000
GCR_H,min,3,562.341325190349,0.0,0,138,2.34111e-18,1.17056e-17,10000
GCR_H,min,3,562.341325190349,0.0,0,139,0.0,0.0,10000
GCR_H,min,3,562.341325190349,0.0,0,140,0.0,0.0,10000
GCR_H,min,3,562.341325190349,0.0,0,141,4.53909e-13,2.94173e-12,10000
GCR_H,min,3,562.341325190349,1.0,0,0,2.12215e-10,0.0,10000
GCR_H,min,3,562.341325190349,1.0,0,1,2.86439e-15,4.09199e-13,10000
GCR_H,min,3,562.341325190349,1.0,0,2,0.0,0.0,10000
GCR_H,min,3,562.341325190349,1.0,0,3,0.0,0.0,10000
GCR_H,min,3,562.341325190349,1.0,0,4,4.3435e-16,1.52886e-14,10000
GCR_H,min,3,562.341325190349,1.0,0,5,0.0,0.0,10000
GCR_H,min,3,562.341325190349,1.0,0,6,0.0,0.0,10000
GCR_H,min,3,562.341325190349,1.0,0,7,0.0,0.0,10000
GCR_H,min,3,562.341325190349,1.0,0,8,1.89017e-16,2.8505e-15,10000
GCR_H,min,3,562.341325190349,1.0,0,9,0.0,0.0,10000
GCR_H,min,3,562.341325190349,1.0,0,10,1.84175e-15,6.77289e-15,10000
GCR_H,min,3,562.341325190349,1.0,0,11,1.19237e-15,7.58506e-14,10000
GCR_H,min,3,562.341325190349,1.0,0,12,3.59734e-16,4.33205e-15,10000
GCR_H,min,3,562.341325190349,1.0,0,13,8.12692e-15,6.00837e-14,10000
GCR_H,min,3,562.341325190349,1.0,0,14,2.03916e-15,1.10308e-14,10000
GCR_H,min,3,562.341325190349,1.0,0,15,4.88732e-15,1.45977e-13,10000
GCR_H,min,3,562.341325190349,1.0,0,16,7.22987e-16,5.64701e-15,10000
GCR_H,min,3,562.341325190349,1.0,0,17,0.0,0.0,10000
GCR_H,min,3,562.341325190349,1.0,0,18,3.82755e-15,1.03085e-13,10000
GCR_H,min,3,562.341325190349,1.0,0,19,1.08279e-16,3.99848e-16,10000
GCR_H,min,3,562.341325190349,1.0,0,20,1.10557e-15,6.07756e-15,10000
GCR_H,min,3,562.341325190349,1.0,0,21,0.0,0.0,10000
GCR_H,min,3,562.341325190349,1.0,0,22,6.78925e-16,3.77726e-15,10000
GCR_H,min,3,562.341325190349,1.0,0,23,6.63856e-16,4.75576e-15,10000
GCR_H,min,3,562.341325190349,1.0,0,24,4.217e-17,8.82587e-16,10000
GCR_H,min,3,562.341325190349,1.0,0,25,3.75821e-16,7.08294e-15,10000
GCR_H,min,3,562.341325190349,1.0,0,26,3.93596e-15,6.99291e-15,10000
GCR_H,min,3,562.341325190349,1.0,0,27,2.02874e-15,4.49771e-15,10000
GCR_H,min,3,562.341325190349,1.0,0,28,6.56063e-16,2.50712e-15,10000
GCR_H,min,3,562.341325190349,1.0,0,29,2.37388e-15,5.02887e-15,10000
GCR_H,min,3,562.341325190349,1.0,0,30,0.0,0.0,10000
GCR_H,min,3,562.341325190349,1.0,0,31,6.75734e-16,2.29771e-15,10000
GCR_H,min,3,562.341325190349,1.0,0,32,1.69933e-15,3.87471e-15,10000
GCR_H,min,3,562.341325190349,1.0,0,33,3.97406e-16,4.91292e-15,10000
GCR_H,min,3,562.341325190349,1.0,0,34,2.10409e-15,3.95989e-15,10000
GCR_H,min,3,562.341325190349,1.0,0,35,4.83584e-15,6.63007e-15,10000
GCR_H,min,3,562.341325190349,1.0,0,36,0.0,0.0,10000
GCR_H,min,3,562.341325190349,1.0,0,37,1.49628e-15,6.43396e-15,10000
GCR_H,min,3,562.341325190349,1.0,0,38,5.36849e-15,1.05725e-14,10000
GCR_H,min,3,562.341325190349,1.0,0,39,5.24717e-17,6.89328e-16,10000
GCR_H,min,3,562.341325190349,1.0,0,40,4.24357e-17,5.74232e-16,10000
GCR_H,min,3,562.341325190349,1.0,0,41,5.62541e-16,1.41122e-15,10000
GCR_H,min,3,562.341325190349,1.0,0,42,7.2665e-15,1.06675e-14,10000
GCR_H,min,3,562.341325190349,1.0,0,43,3.78529e-15,1.03661e-14,10000
GCR_H,min,3,562.341325190349,1.0,0,44,8.32381e-15,1.60055e-14,10000
GCR_H,min,3,562.341325190349,1.0,0,45,4.60946e-16,2.0845e-15,10000
GCR_H,min,3,562.341325190349,1.0,0,46,1.00337e-15,5.22018e-15,10000
GCR_H,min,3,562.341325190349,1.0,0,47,5.25214e-16,5.10313e-15,10000
GCR_H,min,3,562.341325190349,1.0,0,48,1.21812e-15,1.65618e-14,10000
GCR_H,min,3,562.341325190349,1.0,0,49,5.13829e-16,1.79297e-15,10000
GCR_H,min,3,562.341325190349,1.0,0,50,4.02332e-15,1.19977e-14,10000
GCR_H,min,3,562.341325190349,1.0,0,51,8.22429e-16,4.41715e-15,10000
GCR_H,min,3,562.341325190349,1.0,0,52,1.34276e-16,4.44518e-16,10000
GCR_H,min,3,562.341325190349,1.0,0,53,9.53318e-19,8.72762e-18,10000
GCR_H,min,3,562.341325190349,1.0,0,54,1.59504e-16,9.19278e-16,10000
GCR_H,min,3,562.341325190349,1.0,0,55,0.0,0.0,10000
GCR_H,min,3,562.341325190349,1.0,0,56,0.0,0.0,10000
GCR_H,min,3,562.341325190349,1.0,0,57,3.86549e-17,2.42198e-15,10000
GCR_H,min,3,562.341325190349,1.0,0,58,1.09289e-16,1.23254e-15,10000
GCR_H,min,3,562.341325190349,1.0,0,59,0.0,0.0,10000
GCR_H,min,3,562.341325190349,1.0,0,60,3.23874e-16,9.32548e-15,10000
GCR_H,min,3,562.341325190349,1.0,0,61,7.14886e-15,4.93025e-15,10000
GCR_H,min,3,562.341325190349,1.0,0,62,0.0,0.0,10000
GCR_H,min,3,562.341325190349,1.0,0,63,0.0,0.0,10000
GCR_H,min,3,562.341325190349,1.0,0,64,0.0,0.0,10000
GCR_H,min,3,562.341325190349,1.0,0,65,0.0,0.0,10000
GCR_H,min,3,562.341325190349,1.0,0,66,0.0,0.0,10000
GCR_H,min,3,562.341325190349,1.0,0,67,0.0,0.0,10000
GCR_H,min,3,562.341325190349,1.0,0,68,0.0,0.0,10000
GCR_H,min,3,562.341325190349,1.0,0,69,0.0,0.0,10000
GCR_H,min,3,562.341325190349,1.0,0,70,0.0,0.0,10000
GCR_H,min,3,562.341325190349,1.0,0,71,0.0,0.0,10000
GCR_H,min,3,562.341325190349,1.0,0,72,1.11905e-15,7.46084e-15,10000
GCR_H,min,3,562.341325190349,1.0,0,73,3.0755e-15,1.23015e-14,10000
GCR_H,min,3,562.341325190349,1.0,0,74,3.32228e-15,5.11119e-15,10000
GCR_H,min,3,562.341325190349,1.0,0,75,1.53416e-15,4.38308e-15,10000
GCR_H,min,3,562.341325190349,1.0,0,76,9.05768e-16,1.00652e-14,10000
GCR_H,min,3,562.341325190349,1.0,0,77,1.44531e-16,2.62688e-15,10000
GCR_H,min,3,562.341325190349,1.0,0,78,5.10663e-15,8.51106e-14,10000
GCR_H,min,3,562.341325190349,1.0,0,79,5.54347e-16,5.83523e-15,10000
GCR_H,min,3,562.341325190349,1.0,0,80,0.0,0.0,10000
GCR_H,min,3,562.341325190349,1.0,0,81,0.0,0.0,10000
GCR_H,min,3,562.341325190349,1.0,0,82,3.12851e-16,3.47651e-15,10000
GCR_H,min,3,562.341325190349,1.0,0,83,0.0,0.0,10000
GCR_H,min,3,562.341325190349,1.0,0,84,1.70033e-16,4.24976e-15,10000
GCR_H,min,3,562.341325190349,1.0,0,85,7.29604e-16,9.73195e-15,10000
GCR_H,min,3,562.341325190349,1.0,0,86,0.0,0.0,10000
GCR_H,min,3,562.341325190349,1.0,0,87,2.87555e-15,8.71431e-15,10000
GCR_H,min,3,562.341325190349,1.0,0,88,4.62186e-15,9.06229e-15,10000
GCR_H,min,3,562.341325190349,1.0,0,89,0.0,0.0,10000
GCR_H,min,3,562.341325190349,1.0,0,90,0.0,0.0,10000
GCR_H,min,3,562.341325190349,1.0,0,91,0.0,0.0,10000
GCR_H,min,3,562.341325190349,1.0,0,92,7.83224e-16,7.1254e-15,10000
GCR_H,min,3,562.341325190349,1.0,0,93,0.0,0.0,10000
GCR_H,min,3,562.341325190349,1.0,0,94,0.0,0.0,10000
GCR_H,min,3,562.341325190349,1.0,0,95,1.87327e-14,1.0407e-14,10000
GCR_H,min,3,562.341325190349,1.0,0,96,2.83164e-16,3.58389e-15,10000
GCR_H,min,3,562.341325190349,1.0,0,97,4.74883e-14,9.94019e-14,10000
GCR_H,min,3,562.341325190349,1.0,0,98,3.95821e-16,5.53287e-15,10000
GCR_H,min,3,562.341325190349,1.0,0,99,1.79642e-14,3.09685e-14,10000
GCR_H,min,3,562.341325190349,1.0,0,100,0.0,0.0,10000
GCR_H,min,3,562.341325190349,1.0,0,101,0.0,0.0,10000
GCR_H,min,3,562.341325190349,1.0,0,102,0.0,0.0,10000
GCR_H,min,3,562.341325190349,1.0,0,103,4.0941e-16,3.92156e-15,10000
GCR_H,min,3,562.341325190349,1.0,0,104,0.0,0.0,10000
GCR_H,min,3,562.341325190349,1.0,0,105,0.0,0.0,10000
GCR_H,min,3,562.341325190349,1.0,0,106,7.64651e-15,6.2789e-15,10000
GCR_H,min,3,562.341325190349,1.0,0,107,1.27248e-13,8.47935e-15,10000
GCR_H,min,3,562.341325190349,1.0,0,108,1.71564e-14,6.23749e-15,10000
GCR_H,min,3,562.341325190349,1.0,0,109,5.02636e-14,5.01384e-15,10000
GCR_H,min,3,562.341325190349,1.0,0,110,0.0,0.0,10000
GCR_H,min,3,562.341325190349,1.0,0,111,0.0,0.0,10000
GCR_H,min,3,562.341325190349,1.0,0,112,0.0,0.0,10000
GCR_H,min,3,562.341325190349,1.0,0,113,4.96948e-16,3.54963e-15,10000
GCR_H,min,3,562.341325190349,1.0,0,114,0.0,0.0,10000
GCR_H,min,3,562.341325190349,1.0,0,115,0.0,0.0,10000
GCR_H,min,3,562.341325190349,1.0,0,116,9.85588e-15,9.39989e-15,10000
GCR_H,min,3,562.341325190349,1.0,0,117,1.08155e-13,8.74327e-15,10000
GCR_H,min,3,562.341325190349,1.0,0,118,1.09879e-14,6.68578e-15,10000
GCR_H,min,3,562.341325190349,1.0,0,119,4.23163e-14,7.84147e-15,10000
GCR_H,min,3,562.341325190349,1.0,0,120,0.0,0.0,10000
GCR_H,min,3,562.341325190349,1.0,0,121,1.08791e-15,2.56038e-14,10000
GCR_H,min,3,562.341325190349,1.0,0,122,4.95919e-16,1.7022e-15,10000
GCR_H,min,3,562.341325190349,1.0,0,123,1.03673e-14,7.07566e-15,10000
GCR_H,min,3,562.341325190349,1.0,0,124,3.10721e-15,4.86239e-15,10000
GCR_H,min,3,562.341325190349,1.0,0,125,1.05021e-14,7.88189e-15,10000
GCR_H,min,3,562.341325190349,1.0,0,126,0.0,0.0,10000
GCR_H,min,3,562.341325190349,1.0,0,127,1.92481e-15,1.28329e-14,10000
GCR_H,min,3,562.341325190349,1.0,0,128,0.0,0.0,10000
GCR_H,min,3,562.341325190349,1.0,0,129,0.0,0.0,10000
GCR_H,min,3,562.341325190349,1.0,0,130,0.0,0.0,10000
GCR_H,min,3,562.341325190349,1.0,0,131,1.8748e-16,7.50218e-15,10000
GCR_H,min,3,562.341325190349,1.0,0,132,0.0,0.0,10000
GCR_H,min,3,562.341325190349,1.0,0,133,0.0,0.0,10000
GCR_H,min,3,562.341325190349,1.0,0,134,5.13397e-18,1.70564e-15,10000
GCR_H,min,3,562.341325190349,1.0,0,135,0.0,0.0,10000
GCR_H,min,3,562.341325190349,1.0,0,136,0.0,0.0,10000
GCR_H,min,3,562.341325190349,1.0,0,137,0.0,0.0,10000
GCR_H,min,3,562.341325190349,1.0,0,138,0.0,0.0,10000
GCR_H,min,3,562.341325190349,1.0,0,139,0.0,0.0,10000
GCR_H,min,3,562.341325190349,1.0,0,140,1.18316e-15,5.91582e-12,10000
GCR_H,min,3,562.341325190349,1.0,0,141,3.80599e-15,2.46662e-14,10000
GCR_H,min,4,1778.2794100389228,0.0,0,0,3.62711e-11,0.0,10000
GCR_H,min,4,1778.2794100389228,0.0,0,1,0.0,0.0,10000
GCR_H,min,4,1778.2794100389228,0.0,0,2,0.0,0.0,10000
GCR_H,min,4,1778.2794100389228,0.0,0,3,5.16836e-14,4.68573e-12,10000
GCR_H,min,4,1778.2794100389228,0.0,0,4,3.35529e-15,1.18102e-13,10000
GCR_H,min,4,1778.2794100389228,0.0,0,5,1.14677e-13,3.73175e-12,10000
GCR_H,min,4,1778.2794100389228,0.0,0,6,6.84314e-14,1.34179e-11,10000
GCR_H,min,4,1778.2794100389228,0.0,0,7,3.67614e-20,3.67246e-18,10000
GCR_H,min,4,1778.2794100389228,0.0,0,8,1.30787e-12,1.97235e-11,10000
GCR_H,min,4,1778.2794100389228,0.0,0,9,0.0,0.0,10000
GCR_H,min,4,1778.2794100389228,0.0,0,10,1.70209e-11,6.25929e-11,10000
GCR_H,min,4,1778.2794100389228,0.0,0,11,2.65653e-13,1.6899e-11,10000
GCR_H,min,4,1778.2794100389228,0.0,0,12,4.21282e-12,5.07324e-11,10000
GCR_H,min,4,1778.2794100389228,0.0,0,13,3.61439e-12,2.67218e-11,10000
GCR_H,min,4,1778.2794100389228,0.0,0,14,5.27514e-12,2.85359e-11,10000
GCR_H,min,4,1778.2794100389228,0.0,0,15,1.20296e-12,3.59308e-11,10000
GCR_H,min,4,1778.2794100389228,0.0,0,16,3.4512e-12,2.69562e-11,10000
GCR_H,min,4,1778.2794100389228,0.0,0,17,1.45649e-12,2.43846e-11,10000
GCR_H,min,4,1778.2794100389228,0.0,0,18,2.61126e-12,7.03275e-11,10000
GCR_H,min,4,1778.2794100389228,0.0,0,19,1.14563e-11,4.23054e-11,10000
GCR_H,min,4,1778.2794100389228,0.0,0,20,6.32348e-12,3.47616e-11,10000
GCR_H,min,4,1778.2794100389228,0.0,0,21,5.27491e-13,2.32682e-11,10000
GCR_H,min,4,1778.2794100389228,0.0,0,22,6.2652e-12,3.4857e-11,10000
GCR_H,min,4,1778.2794100389228,0.0,0,23,6.09061e-12,4.36322e-11,10000
GCR_H,min,4,1778.2794100389228,0.0,0,24,1.97693e-12,4.13756e-11,10000
GCR_H,min,4,1778.2794100389228,0.0,0,25,2.8763e-13,5.42083e-12,10000
GCR_H,min,4,1778.2794100389228,0.0,0,26,8.38426e-12,1.48961e-11,10000
GCR_H,min,4,1778.2794100389228,0.0,0,27,1.12372e-11,2.49129e-11,10000
GCR_H,min,4,1778.2794100389228,0.0,0,28,1.4436e-11,5.51666e-11,10000
GCR_H,min,4,1778.2794100389228,0.0,0,29,1.58639e-11,3.36063e-11,10000
GCR_H,min,4,1778.2794100389228,0.0,0,30,4.19806e-12,1.62842e-10,10000
GCR_H,min,4,1778.2794100389228,0.0,0,31,4.97314e-12,1.69103e-11,10000
GCR_H,min,4,1778.2794100389228,0.0,0,32,8.54681e-12,1.94879e-11,10000
GCR_H,min,4,1778.2794100389228,0.0,0,33,1.22267e-12,1.51153e-11,10000
GCR_H,min,4,1778.2794100389228,0.0,0,34,1.37825e-11,2.59386e-11,10000
GCR_H,min,4,1778.2794100389228,0.0,0,35,2.79279e-11,3.82899e-11,10000
GCR_H,min,4,1778.2794100389228,0.0,0,36,3.61351e-12,4.59326e-11,10000
GCR_H,min,4,1778.2794100389228,0.0,0,37,5.14628e-12,2.21288e-11,10000
GCR_H,min,4,1778.2794100389228,0.0,0,38,9.92417e-12,1.95442e-11,10000
GCR_H,min,4,1778.2794100389228,0.0,0,39,2.88013e-13,3.78367e-12,10000
GCR_H,min,4,1778.2794100389228,0.0,0,40,1.32227e-12,1.78926e-11,10000
GCR_H,min,4,1778.2794100389228,0.0,0,41,2.94759e-11,7.39449e-11,10000
GCR_H,min,4,1778.2794100389228,0.0,0,42,4.07154e-11,5.97719e-11,10000
GCR_H,min,4,1778.2794100389228,0.0,0,43,7.51676e-12,2.05848e-11,10000
GCR_H,min,4,1778.2794100389228,0.0,0,44,1.35364e-11,2.60286e-11,10000
GCR_H,min,4,1778.2794100389228,0.0,0,45,1.42828e-12,6.45902e-12,10000
GCR_H,min,4,1778.2794100389228,0.0,0,46,2.19679e-12,1.14291e-11,10000
GCR_H,min,4,1778.2794100389228,0.0,0,47,0.0,0.0,10000
GCR_H,min,4,1778.2794100389228,0.0,0,48,8.58544e-15,1.16729e-13,10000
GCR_H,min,4,1778.2794100389228,0.0,0,49,2.93733e-12,1.02496e-11,10000
GCR_H,min,4,1778.2794100389228,0.0,0,50,4.61329e-12,1.37571e-11,10000
GCR_H,min,4,1778.2794100389228,0.0,0,51,7.03232e-12,3.77696e-11,10000
GCR_H,min,4,1778.2794100389228,0.0,0,52,1.1434e-11,3.78522e-11,10000
GCR_H,min,4,1778.2794100389228,0.0,0,53,2.65351e-12,2.42929e-11,10000
GCR_H,min,4,1778.2794100389228,0.0,0,54,3.86728e-12,2.22885e-11,10000
GCR_H,min,4,1778.2794100389228,0.0,0,55,1.83481e-20,1.85522e-18,10000
GCR_H,min,4,1778.2794100389228,0.0,0,56,6.64365e-14,1.17983e-12,10000
GCR_H,min,4,1778.2794100389228,0.0,0,57,0.0,0.0,10000
GCR_H,min,4,1778.2794100389228,0.0,0,58,6.0563e-12,6.83016e-11,10000
GCR_H,min,4,1778.2794100389228,0.0,0,59,1.28276e-13,2.1705e-11,10000
GCR_H,min,4,1778.2794100389228,0.0,0,60,7.2251e-13,2.08036e-11,10000
GCR_H,min,4,1778.2794100389228,0.0,0,61,2.44398e-11,1.6855e-11,10000
GCR_H,min,4,1778.2794100389228,0.0,0,62,0.0,0.0,10000
GCR_H,min,4,1778.2794100389228,0.0,0,63,0.0,0.0,10000
GCR_H,min,4,1778.2794100389228,0.0,0,64,5.44734e-14,7.26312e-12,10000
GCR_H,min,4,1778.2794100389228,0.0,0,65,0.0,0.0,10000
GCR_H,min,4,1778.2794100389228,0.0,0,66,0.0,0.0,10000
GCR_H,min,4,1778.2794100389228,0.0,0,67,0.0,0.0,10000
GCR_H,min,4,1778.2794100389228,0.0,0,68,0.0,0.0,10000
GCR_H,min,4,1778.2794100389228,0.0,0,69,0.0,0.0,10000
GCR_H,min,4,1778.2794100389228,0.0,0,70,2.1717e-13,1.56013e-11,10000
GCR_H,min,4,1778.2794100389228,0.0,0,71,2.11495e-14,3.91078e-13,10000
GCR_H,min,4,1778.2794100389228,0.0,0,72,6.41489e-13,4.27688e-12,10000
GCR_H,min,4,1778.2794100389228,0.0,0,73,4.01088e-12,1.60429e-11,10000
GCR_H,min,4,1778.2794100389228,0.0,0,74,3.2391e-11,4.98323e-11,10000
GCR_H,min,4,1778.2794100389228,0.0,0,75,1.1416e-11,3.26152e-11,10000
GCR_H,min,4,1778.2794100389228,0.0,0,76,1.96027e-12,2.17831e-11,10000
GCR_H,min,4,1778.2794100389228,0.0,0,77,2.13178e-12,3.87456e-11,10000
GCR_H,min,4,1778.2794100389228,0.0,0,78,3.69829e-13,6.16381e-12,10000
GCR_H,min,4,1778.2794100389228,0.0,0,79,5.74455e-13,6.0469e-12,10000
GCR_H,min,4,1778.2794100389228,0.0,0,80,2.85249e-12,4.75416e-11,10000
GCR_H,min,4,1778.2794100389228,0.0,0,81,1.03975e-13,2.59873e-12,10000
GCR_H,min,4,1778.2794100389228,0.0,0,82,3.75884e-12,4.17695e-11,10000
GCR_H,min,4,1778.2794100389228,0.0,0,83,9.55949e-13,2.73128e-11,10000
GCR_H,min,4,1778.2794100389228,0.0,0,84,4.71105e-13,1.17747e-11,10000
GCR_H,min,4,1778.2794100389228,0.0,0,85,1.25794e-12,1.67793e-11,10000
GCR_H,min,4,1778.2794100389228,0.0,0,86,1.02874e-12,3.43141e-11,10000
GCR_H,min,4,1778.2794100389228,0.0,0,87,1.18029e-11,3.57686e-11,10000
GCR_H,min,4,1778.2794100389228,0.0,0,88,9.45602e-12,1.85408e-11,10000
GCR_H,min,4,1778.2794100389228,0.0,0,89,6.70903e-13,6.2631e-12,10000
GCR_H,min,4,1778.2794100389228,0.0,0,90,8.29962e-13,2.16983e-11,10000
GCR_H,min,4,1778.2794100389228,0.0,0,91,3.7502e-13,4.91507e-11,10000
GCR_H,min,4,1778.2794100389228,0.0,0,92,6.72308e-12,6.11634e-11,10000
GCR_H,min,4,1778.2794100389228,0.0,0,93,1.99437e-12,5.08119e-11,10000
GCR_H,min,4,1778.2794100389228,0.0,0,94,0.0,0.0,10000
GCR_H,min,4,1778.2794100389228,0.0,0,95,7.46346e-11,4.14634e-11,10000
GCR_H,min,4,1778.2794100389228,0.0,0,96,4.24372e-12,5.37112e-11,10000
GCR_H,min,4,1778.2794100389228,0.0,0,97,2.21148e-11,4.62905e-11,10000
GCR_H,min,4,1778.2794100389228,0.0,0,98,1.26174e-12,1.76368e-11,10000
GCR_H,min,4,1778.2794100389228,0.0,0,99,2.17998e-11,3.75807e-11,10000
GCR_H,min,4,1778.2794100389228,0.0,0,100,0.0,0.0,10000
GCR_H,min,4,1778.2794100389228,0.0,0,101,7.90277e-20,1.23481e-17,10000
GCR_H,min,4,1778.2794100389228,0.0,0,102,7.37214e-15,1.2328e-12,10000
GCR_H,min,4,1778.2794100389228,0.0,0,103,6.13167e-12,5.87324e-11,10000
GCR_H,min,4,1778.2794100389228,0.0,0,104,0.0,0.0,10000
GCR_H,min,4,1778.2794100389228,0.0,0,105,9.74472e-13,8.77903e-11,10000
GCR_H,min,4,1778.2794100389228,0.0,0,106,9.8014e-12,8.04839e-12,10000
GCR_H,min,4,1778.2794100389228,0.0,0,107,5.05645e-10,3.36943e-11,10000
GCR_H,min,4,1778.2794100389228,0.0,0,108,1.56245e-10,5.68053e-11,10000
GCR_H,min,4,1778.2794100389228,0.0,0,109,4.07848e-10,4.06832e-11,10000
GCR_H,min,4,1778.2794100389228,0.0,0,110,1.68643e-12,4.21503e-11,10000
GCR_H,min,4,1778.2794100389228,0.0,0,111,0.0,0.0,10000
GCR_H,min,4,1778.2794100389228,0.0,0,112,0.0,0.0,10000
GCR_H,min,4,1778.2794100389228,0.0,0,113,2.23182e-12,1.59415e-11,10000
GCR_H,min,4,1778.2794100389228,0.0,0,114,0.0,0.0,10000
GCR_H,min,4,1778.2794100389228,0.0,0,115,4.26534e-19,2.50755e-17,10000
GCR_H,min,4,1778.2794100389228,0.0,0,116,1.25286e-11,1.1949e-11,10000
GCR_H,min,4,1778.2794100389228,0.0,0,117,4.71367e-10,3.81055e-11,10000
GCR_H,min,4,1778.2794100389228,0.0,0,118,1.06846e-10,6.50126e-11,10000
GCR_H,min,4,1778.2794100389228,0.0,0,119,2.53833e-10,4.70368e-11,10000
GCR_H,min,4,1778.2794100389228,0.0,0,120,0.0,0.0,10000
GCR_H,min,4,1778.2794100389228,0.0,0,121,0.0,0.0,10000
GCR_H,min,4,1778.2794100389228,0.0,0,122,4.75798e-12,1.63314e-11,10000
GCR_H,min,4,1778.2794100389228,0.0,0,123,4.07798e-11,2.7832e-11,10000
GCR_H,min,4,1778.2794100389228,0.0,0,124,4.0612e-11,6.35526e-11,10000
GCR_H,min,4,1778.2794100389228,0.0,0,125,5.13697e-11,3.85534e-11,10000
GCR_H,min,4,1778.2794100389228,0.0,0,126,4.51742e-20,1.23359e-18,10000
GCR_H,min,4,1778.2794100389228,0.0,0,127,1.14008e-11,7.60105e-11,10000
GCR_H,min,4,1778.2794100389228,0.0,0,128,6.0382e-13,1.20667e-11,10000
GCR_H,min,4,1778.2794100389228,0.0,0,129,3.88477e-13,2.22241e-11,10000
GCR_H,min,4,1778.2794100389228,0.0,0,130,5.69126e-13,3.24844e-11,10000
GCR_H,min,4,1778.2794100389228,0.0,0,131,2.5341e-13,1.01405e-11,10000
GCR_H,min,4,1778.2794100389228,0.0,0,132,2.76463e-13,1.383e-11,10000
GCR_H,min,4,1778.2794100389228,0.0,0,133,7.08618e-13,1.67601e-11,10000
GCR_H,min,4,1778.2794100389228,0.0,0,134,0.0,0.0,10000
GCR_H,min,4,1778.2794100389228,0.0,0,135,1.84454e-12,2.1675e-10,10000
GCR_H,min,4,1778.2794100389228,0.0,0,136,5.19715e-13,6.93879e-11,10000
GCR_H,min,4,1778.2794100389228,0.0,0,137,3.14817e-12,6.29507e-11,10000
GCR_H,min,4,1778.2794100389228,0.0,0,138,8.62872e-12,4.31436e-11,10000
GCR_H,min,4,1778.2794100389228,0.0,0,139,0.0,0.0,10000
GCR_H,min,4,1778.2794100389228,0.0,0,140,7.87819e-16,3.9391e-12,10000
GCR_H,min,4,1778.2794100389228,0.0,0,141,4.38073e-12,2.8391e-11,10000
GCR_H,min,4,1778.2794100389228,1.0,0,0,1.05269e-09,0.0,10000
GCR_H,min,4,1778.2794100389228,1.0,0,1,1.35463e-16,1.93519e-14,10000
GCR_H,min,4,1778.2794100389228,1.0,0,2,0.0,0.0,10000
GCR_H,min,4,1778.2794100389228,1.0,0,3,0.0,0.0,10000
GCR_H,min,4,1778.2794100389228,1.0,0,4,0.0,0.0,10000
GCR_H,min,4,1778.2794100389228,1.0,0,5,0.0,0.0,10000
GCR_H,min,4,1778.2794100389228,1.0,0,6,0.0,0.0,10000
GCR_H,min,4,1778.2794100389228,1.0,0,7,2.45047e-15,2.44802e-13,10000
GCR_H,min,4,1778.2794100389228,1.0,0,8,5.62802e-16,8.48744e-15,10000
GCR_H,min,4,1778.2794100389228,1.0,0,9,0.0,0.0,10000
GCR_H,min,4,1778.2794100389228,1.0,0,10,1.16006e-14,4.26601e-14,10000
GCR_H,min,4,1778.2794100389228,1.0,0,11,0.0,0.0,10000
GCR_H,min,4,1778.2794100389228,1.0,0,12,5.83336e-16,7.02475e-15,10000
GCR_H,min,4,1778.2794100389228,1.0,0,13,8.56164e-16,6.32977e-15,10000
GCR_H,min,4,1778.2794100389228,1.0,0,14,3.4632e-16,1.87342e-15,10000
GCR_H,min,4,1778.2794100389228,1.0,0,15,2.23376e-16,6.67194e-15,10000
GCR_H,min,4,1778.2794100389228,1.0,0,16,8.82187e-16,6.89047e-15,10000
GCR_H,min,4,1778.2794100389228,1.0,0,17,2.29232e-15,3.83781e-14,10000
GCR_H,min,4,1778.2794100389228,1.0,0,18,0.0,0.0,10000
GCR_H,min,4,1778.2794100389228,1.0,0,19,5.57434e-15,2.05847e-14,10000
GCR_H,min,4,1778.2794100389228,1.0,0,20,2.05938e-15,1.13209e-14,10000
GCR_H,min,4,1778.2794100389228,1.0,0,21,5.1341e-16,2.26471e-14,10000
GCR_H,min,4,1778.2794100389228,1.0,0,22,4.40505e-15,2.45079e-14,10000
GCR_H,min,4,1778.2794100389228,1.0,0,23,2.57504e-15,1.84472e-14,10000
GCR_H,min,4,1778.2794100389228,1.0,0,24,3.61853e-16,7.57332e-15,10000
GCR_H,min,4,1778.2794100389228,1.0,0,25,1.14538e-15,2.15865e-14,10000
GCR_H,min,4,1778.2794100389228,1.0,0,26,3.24994e-15,5.77408e-15,10000
GCR_H,min,4,1778.2794100389228,1.0,0,27,4.81768e-15,1.06808e-14,10000
GCR_H,min,4,1778.2794100389228,1.0,0,28,6.0344e-15,2.30602e-14,10000
GCR_H,min,4,1778.2794100389228,1.0,0,29,1.50367e-14,3.1854e-14,10000
GCR_H,min,4,1778.2794100389228,1.0,0,30,2.21245e-16,8.58205e-15,10000
GCR_H,min,4,1778.2794100389228,1.0,0,31,5.67327e-15,1.92909e-14,10000
GCR_H,min,4,1778.2794100389228,1.0,0,32,1.03022e-14,2.34904e-14,10000
GCR_H,min,4,1778.2794100389228,1.0,0,33,3.72524e-15,4.60532e-14,10000
GCR_H,min,4,1778.2794100389228,1.0,0,34,8.30516e-15,1.56303e-14,10000
GCR_H,min,4,1778.2794100389228,1.0,0,35,1.34146e-14,1.83918e-14,10000
GCR_H,min,4,1778.2794100389228,1.0,0,36,4.44101e-15,5.64511e-14,10000
GCR_H,min,4,1778.2794100389228,1.0,0,37,3.48878e-16,1.50016e-15,10000
GCR_H,min,4,1778.2794100389228,1.0,0,38,1.7006e-15,3.34909e-15,10000
GCR_H,min,4,1778.2794100389228,1.0,0,39,5.32455e-16,6.99495e-15,10000
GCR_H,min,4,1778.2794100389228,1.0,0,40,4.67209e-16,6.32217e-15,10000
GCR_H,min,4,1778.2794100389228,1.0,0,41,9.71223e-15,2.43646e-14,10000
GCR_H,min,4,1778.2794100389228,1.0,0,42,3.47663e-14,5.10384e-14,10000
GCR_H,min,4,1778.2794100389228,1.0,0,43,3.05762e-15,8.37337e-15,10000
GCR_H,min,4,1778.2794100389228,1.0,0,44,6.22906e-15,1.19776e-14,10000
GCR_H,min,4,1778.2794100389228,1.0,0,45,1.37565e-15,6.22099e-15,10000
GCR_H,min,4,1778.2794100389228,1.0,0,46,1.9884e-15,1.03449e-14,10000
GCR_H,min,4,1778.2794100389228,1.0,0,47,2.51038e-16,2.43915e-15,10000
GCR_H,min,4,1778.2794100389228,1.0,0,48,5.62958e-16,7.65408e-15,10000
GCR_H,min,4,1778.2794100389228,1.0,0,49,2.03718e-15,7.10857e-15,10000
GCR_H,min,4,1778.2794100389228,1.0,0,50,7.72372e-15,2.30325e-14,10000
GCR_H,min,4,1778.2794100389228,1.0,0,51,5.82873e-15,3.13053e-14,10000
GCR_H,min,4,1778.2794100389228,1.0,0,52,1.40522e-14,4.65197e-14,10000
GCR_H,min,4,1778.2794100389228,1.0,0,53,1.55312e-15,1.42188e-14,10000
GCR_H,min,4,1778.2794100389228,1.0,0,54,1.93107e-14,1.11294e-13,10000
GCR_H,min,4,1778.2794100389228,1.0,0,55,0.0,0.0,10000
GCR_H,min,4,1778.2794100389228,1.0,0,56,2.77303e-16,4.92459e-15,10000
GCR_H,min,4,1778.2794100389228,1.0,0,57,0.0,0.0,10000
GCR_H,min,4,1778.2794100389228,1.0,0,58,3.05114e-15,3.441e-14,10000
GCR_H,min,4,1778.2794100389228,1.0,0,59,1.63792e-16,2.77144e-14,10000
GCR_H,min,4,1778.2794100389228,1.0,0,60,3.89865e-16,1.12256e-14,10000
GCR_H,min,4,1778.2794100389228,1.0,0,61,1.57302e-14,1.08484e-14,10000
GCR_H,min,4,1778.2794100389228,1.0,0,62,0.0,0.0,10000
GCR_H,min,4,1778.2794100389228,1.0,0,63,0.0,0.0,10000
GCR_H,min,4,1778.2794100389228,1.0,0,64,1.37957e-16,1.83942e-14,10000
GCR_H,min,4,1778.2794100389228,1.0,0,65,5.91386e-17,1.18514e-14,10000
GCR_H,min,4,1778.2794100389228,1.0,0,66,0.0,0.0,10000
GCR_H,min,4,1778.2794100389228,1.0,0,67,0.0,0.0,10000
GCR_H,min,4,1778.2794100389228,1.0,0,68,0.0,0.0,10000
GCR_H,min,4,1778.2794100389228,1.0,0,69,0.0,0.0,10000
GCR_H,min,4,1778.2794100389228,1.0,0,70,0.0,0.0,10000
GCR_H,min,4,1778.2794100389228,1.0,0,71,0.0,0.0,10000
GCR_H,min,4,1778.2794100389228,1.0,0,72,6.29369e-16,4.19607e-15,10000
GCR_H,min,4,1778.2794100389228,1.0,0,73,1.52545e-15,6.10154e-15,10000
GCR_H,min,4,1778.2794100389228,1.0,0,74,1.53579e-14,2.36276e-14,10000
GCR_H,min,4,1778.2794100389228,1.0,0,75,3.58932e-15,1.02546e-14,10000
GCR_H,min,4,1778.2794100389228,1.0,0,76,3.00985e-15,3.34465e-14,10000
GCR_H,min,4,1778.2794100389228,1.0,0,77,8.9445e-16,1.62568e-14,10000
GCR_H,min,4,1778.2794100389228,1.0,0,78,1.39271e-16,2.32119e-15,10000
GCR_H,min,4,1778.2794100389228,1.0,0,79,1.25131e-15,1.31717e-14,10000
GCR_H,min,4,1778.2794100389228,1.0,0,80,1.6256e-15,2.70933e-14,10000
GCR_H,min,4,1778.2794100389228,1.0,0,81,1.093e-15,2.73182e-14,10000
GCR_H,min,4,1778.2794100389228,1.0,0,82,7.86679e-16,8.74184e-15,10000
GCR_H,min,4,1778.2794100389228,1.0,0,83,2.47266e-16,7.06473e-15,10000
GCR_H,min,4,1778.2794100389228,1.0,0,84,7.17449e-16,1.79317e-14,10000
GCR_H,min,4,1778.2794100389228,1.0,0,85,4.25255e-15,5.67234e-14,10000
GCR_H,min,4,1778.2794100389228,1.0,0,86,6.4576e-16,2.15397e-14,10000
GCR_H,min,4,1778.2794100389228,1.0,0,87,2.28872e-15,6.93592e-15,10000
GCR_H,min,4,1778.2794100389228,1.0,0,88,3.70351e-15,7.26164e-15,10000
GCR_H,min,4,1778.2794100389228,1.0,0,89,2.26263e-15,2.11224e-14,10000
GCR_H,min,4,1778.2794100389228,1.0,0,90,3.134e-16,8.19346e-15,10000
GCR_H,min,4,1778.2794100389228,1.0,0,91,0.0,0.0,10000
GCR_H,min,4,1778.2794100389228,1.0,0,92,1.06529e-14,9.6915e-14,10000
GCR_H,min,4,1778.2794100389228,1.0,0,93,9.62716e-16,2.45278e-14,10000
GCR_H,min,4,1778.2794100389228,1.0,0,94,0.0,0.0,10000
GCR_H,min,4,1778.2794100389228,1.0,0,95,3.73398e-14,2.07442e-14,10000
GCR_H,min,4,1778.2794100389228,1.0,0,96,4.77045e-16,6.03778e-15,10000
GCR_H,min,4,1778.2794100389228,1.0,0,97,1.48177e-14,3.10163e-14,10000
GCR_H,min,4,1778.2794100389228,1.0,0,98,1.10287e-15,1.54161e-14,10000
GCR_H,min,4,1778.2794100389228,1.0,0,99,1.84235e-14,3.17603e-14,10000
GCR_H,min,4,1778.2794100389228,1.0,0,100,6.79964e-18,3.00869e-15,10000
GCR_H,min,4,1778.2794100389228,1.0,0,101,0.0,0.0,10000
GCR_H,min,4,1778.2794100389228,1.0,0,102,9.35093e-17,1.5637e-14,10000
GCR_H,min,4,1778.2794100389228,1.0,0,103,2.14714e-15,2.05665e-14,10000
GCR_H,min,4,1778.2794100389228,1.0,0,104,1.609e-16,2.05491e-14,10000
GCR_H,min,4,1778.2794100389228,1.0,0,105,1.08563e-16,9.78049e-15,10000
GCR_H,min,4,1778.2794100389228,1.0,0,106,4.76453e-14,3.91238e-14,10000
GCR_H,min,4,1778.2794100389228,1.0,0,107,5.62854e-13,3.75065e-14,10000
GCR_H,min,4,1778.2794100389228,1.0,0,108,7.29645e-14,2.65274e-14,10000
GCR_H,min,4,1778.2794100389228,1.0,0,109,2.72429e-13,2.7175e-14,10000
GCR_H,min,4,1778.2794100389228,1.0,0,110,4.04972e-16,1.01218e-14,10000
GCR_H,min,4,1778.2794100389228,1.0,0,111,0.0,0.0,10000
GCR_H,min,4,1778.2794100389228,1.0,0,112,0.0,0.0,10000
GCR_H,min,4,1778.2794100389228,1.0,0,113,0.0,0.0,10000
GCR_H,min,4,1778.2794100389228,1.0,0,114,0.0,0.0,10000
GCR_H,min,4,1778.2794100389228,1.0,0,115,3.85368e-16,2.26554e-14,10000
GCR_H,min,4,1778.2794100389228,1.0,0,116,1.91345e-14,1.82492e-14,10000
GCR_H,min,4,1778.2794100389228,1.0,0,117,3.78179e-13,3.05722e-14,10000
GCR_H,min,4,1778.2794100389228,1.0,0,118,5.38488e-14,3.27653e-14,10000
GCR_H,min,4,1778.2794100389228,1.0,0,119,1.60012e-13,2.96512e-14,10000
GCR_H,min,4,1778.2794100389228,1.0,0,120,1.2026e-15,2.8303e-14,10000
GCR_H,min,4,1778.2794100389228,1.0,0,121,1.35214e-14,3.18226e-13,10000
GCR_H,min,4,1778.2794100389228,1.0,0,122,5.69315e-15,1.95413e-14,10000
GCR_H,min,4,1778.2794100389228,1.0,0,123,4.20666e-14,2.87103e-14,10000
GCR_H,min,4,1778.2794100389228,1.0,0,124,9.49534e-15,1.4859e-14,10000
GCR_H,min,4,1778.2794100389228,1.0,0,125,2.83491e-14,2.12763e-14,10000
GCR_H,min,4,1778.2794100389228,1.0,0,126,7.28713e-16,1.98993e-14,10000
GCR_H,min,4,1778.2794100389228,1.0,0,127,8.62e-16,5.74705e-15,10000
GCR_H,min,4,1778.2794100389228,1.0,0,128,0.0,0.0,10000
GCR_H,min,4,1778.2794100389228,1.0,0,129,1.86631e-16,1.06768e-14,10000
GCR_H,min,4,1778.2794100389228,1.0,0,130,5.07625e-17,2.8974e-15,10000
GCR_H,min,4,1778.2794100389228,1.0,0,131,9.86004e-16,3.94559e-14,10000
GCR_H,min,4,1778.2794100389228,1.0,0,132,6.51334e-16,3.2583e-14,10000
GCR_H,min,4,1778.2794100389228,1.0,0,133,0.0,0.0,10000
GCR_H,min,4,1778.2794100389228,1.0,0,134,3.50451e-16,1.16429e-13,10000
GCR_H,min,4,1778.2794100389228,1.0,0,135,4.52701e-16,5.31964e-14,10000
GCR_H,min,4,1778.2794100389228,1.0,0,136,0.0,0.0,10000
GCR_H,min,4,1778.2794100389228,1.0,0,137,2.05676e-15,4.1127e-14,10000
GCR_H,min,4,1778.2794100389228,1.0,0,138,8.4619e-15,4.23095e-14,10000
GCR_H,min,4,1778.2794100389228,1.0,0,139,0.0,0.0,10000
GCR_H,min,4,1778.2794100389228,1.0,0,140,1.49543e-15,7.47714e-12,10000
GCR_H,min,4,1778.2794100389228,1.0,0,141,1.47731e-15,9.57429e-15,10000
GCR_H,min,5,5623.413251903491,0.0,0,0,1.40204e-10,0.0,10000
GCR_H,min,5,5623.413251903491,0.0,0,1,2.10059e-12,3.00084e-10,10000
GCR_H,min,5,5623.413251903491,0.0,0,2,1.11157e-14,1.58795e-12,10000
GCR_H,min,5,5623.413251903491,0.0,0,3,5.98408e-13,5.42528e-11,10000
GCR_H,min,5,5623.413251903491,0.0,0,4,3.86978e-12,1.36212e-10,10000
GCR_H,min,5,5623.413251903491,0.0,0,5,1.34624e-11,4.38087e-10,10000
GCR_H,min,5,5623.413251903491,0.0,0,6,2.82529e-13,5.53978e-11,10000
GCR_H,min,5,5623.413251903491,0.0,0,7,1.51438e-12,1.51286e-10,10000
GCR_H,min,5,5623.413251903491,0.0,0,8,9.59748e-12,1.44737e-10,10000
GCR_H,min,5,5623.413251903491,0.0,0,9,1.29979e-13,1.52917e-10,10000
GCR_H,min,5,5623.413251903491,0.0,0,10,4.80472e-11,1.76689e-10,10000
GCR_H,min,5,5623.413251903491,0.0,0,11,3.77212e-12,2.39957e-10,10000
GCR_H,min,5,5623.413251903491,0.0,0,12,2.1462e-11,2.58453e-10,10000
GCR_H,min,5,5623.413251903491,0.0,0,13,8.50611e-12,6.28871e-11,10000
GCR_H,min,5,5623.413251903491,0.0,0,14,3.11003e-11,1.68237e-10,10000
GCR_H,min,5,5623.413251903491,0.0,0,15,1.51543e-12,4.52636e-11,10000
GCR_H,min,5,5623.413251903491,0.0,0,16,6.50011e-11,5.07702e-10,10000
GCR_H,min,5,5623.413251903491,0.0,0,17,1.06993e-11,1.79128e-10,10000
GCR_H,min,5,5623.413251903491,0.0,0,18,2.7939e-11,7.52464e-10,10000
GCR_H,min,5,5623.413251903491,0.0,0,19,6.07191e-11,2.24221e-10,10000
GCR_H,min,5,5623.413251903491,0.0,0,20,4.80989e-11,2.64411e-10,10000
GCR_H,min,5,5623.413251903491,0.0,0,21,2.76989e-12,1.22183e-10,10000
GCR_H,min,5,5623.413251903491,0.0,0,22,6.75102e-11,3.75599e-10,10000
GCR_H,min,5,5623.413251903491,0.0,0,23,5.15809e-11,3.69518e-10,10000
GCR_H,min,5,5623.413251903491,0.0,0,24,1.7454e-12,3.653e-11,10000
GCR_H,min,5,5623.413251903491,0.0,0,25,5.54058e-12,1.04421e-10,10000
GCR_H,min,5,5623.413251903491,0.0,0,26,1.45668e-10,2.58805e-10,10000
GCR_H,min,5,5623.413251903491,0.0,0,27,8.93713e-11,1.98136e-10,10000
GCR_H,min,5,5623.413251903491,0.0,0,28,1.1674e-10,4.46116e-10,10000
GCR_H,min,5,5623.413251903491,0.0,0,29,3.27909e-10,6.94648e-10,10000
GCR_H,min,5,5623.413251903491,0.0,0,30,1.05983e-12,4.11105e-11,10000
GCR_H,min,5,5623.413251903491,0.0,0,31,5.94271e-11,2.02071e-10,10000
GCR_H,min,5,5623.413251903491,0.0,0,32,1.39693e-10,3.18519e-10,10000
GCR_H,min,5,5623.413251903491,0.0,0,33,9.52041e-12,1.17696e-10,10000
GCR_H,min,5,5623.413251903491,0.0,0,34,1.107e-10,2.08337e-10,10000
GCR_H,min,5,5623.413251903491,0.0,0,35,9.35919e-11,1.28317e-10,10000
GCR_H,min,5,5623.413251903491,0.0,0,36,2.01216e-11,2.55773e-10,10000
GCR_H,min,5,5623.413251903491,0.0,0,37,1.9396e-11,8.34023e-11,10000
GCR_H,min,5,5623.413251903491,0.0,0,38,5.06481e-11,9.97443e-11,10000
GCR_H,min,5,5623.413251903491,0.0,0,39,1.40962e-11,1.85184e-10,10000
GCR_H,min,5,5623.413251903491,0.0,0,40,2.40553e-11,3.25511e-10,10000
GCR_H,min,5,5623.413251903491,0.0,0,41,1.60985e-10,4.03856e-10,10000
GCR_H,min,5,5623.413251903491,0.0,0,42,3.10176e-10,4.55351e-10,10000
GCR_H,min,5,5623.413251903491,0.0,0,43,3.22079e-11,8.82021e-11,10000
GCR_H,min,5,5623.413251903491,0.0,0,44,8.11373e-11,1.56015e-10,10000
GCR_H,min,5,5623.413251903491,0.0,0,45,2.7044e-11,1.22299e-10,10000
GCR_H,min,5,5623.413251903491,0.0,0,46,1.60872e-11,8.36959e-11,10000
GCR_H,min,5,5623.413251903491,0.0,0,47,4.70992e-11,4.5763e-10,10000
GCR_H,min,5,5623.413251903491,0.0,0,48,1.88568e-11,2.56381e-10,10000
GCR_H,min,5,5623.413251903491,0.0,0,49,3.83205e-11,1.33716e-10,10000
GCR_H,min,5,5623.413251903491,0.0,0,50,4.62722e-11,1.37986e-10,10000
GCR_H,min,5,5623.413251903491,0.0,0,51,4.66523e-11,2.50563e-10,10000
GCR_H,min,5,5623.413251903491,0.0,0,52,1.17489e-10,3.88947e-10,10000
GCR_H,min,5,5623.413251903491,0.0,0,53,4.98626e-11,4.56492e-10,10000
GCR_H,min,5,5623.413251903491,0.0,0,54,6.49949e-11,3.74589e-10,10000
GCR_H,min,5,5623.413251903491,0.0,0,55,3.03347e-13,3.06721e-11,10000
GCR_H,min,5,5623.413251903491,0.0,0,56,1.44983e-11,2.57472e-10,10000
GCR_H,min,5,5623.413251903491,0.0,0,57,4.53867e-12,2.84378e-10,10000
GCR_H,min,5,5623.413251903491,0.0,0,58,2.67983e-11,3.02225e-10,10000
GCR_H,min,5,5623.413251903491,0.0,0,59,1.83548e-12,3.10571e-10,10000
GCR_H,min,5,5623.413251903491,0.0,0,60,3.22461e-12,9.28478e-11,10000
GCR_H,min,5,5623.413251903491,0.0,0,61,3.23846e-10,2.23342e-10,10000
GCR_H,min,5,5623.413251903491,0.0,0,62,3.9711e-13,5.2948e-11,10000
GCR_H,min,5,5623.413251903491,0.0,0,63,1.60091e-13,3.20823e-11,10000
GCR_H,min,5,5623.413251903491,0.0,0,64,4.14142e-12,5.52189e-10,10000
GCR_H,min,5,5623.413251903491,0.0,0,65,4.12607e-14,8.26867e-12,10000
GCR_H,min,5,5623.413251903491,0.0,0,66,0.0,0.0,10000
GCR_H,min,5,5623.413251903491,0.0,0,67,3.02242e-13,4.14598e-11,10000
GCR_H,min,5,5623.413251903491,0.0,0,68,0.0,0.0,10000
GCR_H,min,5,5623.413251903491,0.0,0,69,1.00205e-12,1.36705e-10,10000
GCR_H,min,5,5623.413251903491,0.0,0,70,2.45273e-12,1.76202e-10,10000
GCR_H,min,5,5623.413251903491,0.0,0,71,9.3818e-12,1.7348e-10,10000
GCR_H,min,5,5623.413251903491,0.0,0,72,3.77218e-11,2.51496e-10,10000
GCR_H,min,5,5623.413251903491,0.0,0,73,4.44111e-11,1.77637e-10,10000
GCR_H,min,5,5623.413251903491,0.0,0,74,2.48853e-10,3.82851e-10,10000
GCR_H,min,5,5623.413251903491,0.0,0,75,8.96105e-11,2.56015e-10,10000
GCR_H,min,5,5623.413251903491,0.0,0,76,2.06791e-11,2.29794e-10,10000
GCR_H,min,5,5623.413251903491,0.0,0,77,1.35573e-11,2.46406e-10,10000
GCR_H,min,5,5623.413251903491,0.0,0,78,9.94585e-12,1.65764e-10,10000
GCR_H,min,5,5623.413251903491,0.0,0,79,2.17547e-11,2.28996e-10,10000
GCR_H,min,5,5623.413251903491,0.0,0,80,1.13561e-11,1.89268e-10,10000
GCR_H,min,5,5623.413251903491,0.0,0,81,7.14736e-12,1.78639e-10,10000
GCR_H,min,5,5623.413251903491,0.0,0,82,2.31464e-11,2.57211e-10,10000
GCR_H,min,5,5623.413251903491,0.0,0,83,1.77004e-11,5.05725e-10,10000
GCR_H,min,5,5623.413251903491,0.0,0,84,1.12151e-11,2.80309e-10,10000
GCR_H,min,5,5623.413251903491,0.0,0,85,1.29586e-11,1.7285e-10,10000
GCR_H,min,5,5623.413251903491,0.0,0,86,3.17639e-12,1.0595e-10,10000
GCR_H,min,5,5623.413251903491,0.0,0,87,3.33163e-11,1.00965e-10,10000
GCR_H,min,5,5623.413251903491,0.0,0,88,9.74734e-11,1.91121e-10,10000
GCR_H,min,5,5623.413251903491,0.0,0,89,1.90656e-11,1.77984e-10,10000
GCR_H,min,5,5623.413251903491,0.0,0,90,4.9011e-12,1.28133e-10,10000
GCR_H,min,5,5623.413251903491,0.0,0,91,1.56907e-13,2.05644e-11,10000
GCR_H,min,5,5623.413251903491,0.0,0,92,1.38391e-11,1.25901e-10,10000
GCR_H,min,5,5623.413251903491,0.0,0,93,1.61575e-12,4.11655e-11,10000
GCR_H,min,5,5623.413251903491,0.0,0,94,6.30698e-15,8.01395e-13,10000
GCR_H,min,5,5623.413251903491,0.0,0,95,3.80226e-10,2.11235e-10,10000
GCR_H,min,5,5623.413251903491,0.0,0,96,7.90938e-12,1.00106e-10,10000
GCR_H,min,5,5623.413251903491,0.0,0,97,4.72732e-11,9.89517e-11,10000
GCR_H,min,5,5623.413251903491,0.0,0,98,2.33308e-12,3.26122e-11,10000
GCR_H,min,5,5623.413251903491,0.0,0,99,5.82405e-11,1.00401e-10,10000
GCR_H,min,5,5623.413251903491,0.0,0,100,6.98618e-13,3.09123e-10,10000
GCR_H,min,5,5623.413251903491,0.0,0,101,7.08917e-13,1.10768e-10,10000
GCR_H,min,5,5623.413251903491,0.0,0,102,1.44291e-12,2.41289e-10,10000
GCR_H,min,5,5623.413251903491,0.0,0,103,1.73678e-11,1.66359e-10,10000
GCR_H,min,5,5623.413251903491,0.0,0,104,2.01368e-12,2.57175e-10,10000
GCR_H,min,5,5623.413251903491,0.0,0,105,1.93403e-12,1.74237e-10,10000
GCR_H,min,5,5623.413251903491,0.0,0,106,3.23379e-10,2.65541e-10,10000
GCR_H,min,5,5623.413251903491,0.0,0,107,5.03837e-09,3.35738e-10,10000
GCR_H,min,5,5623.413251903491,0.0,0,108,8.09534e-10,2.94319e-10,10000
GCR_H,min,5,5623.413251903491,0.0,0,109,3.43913e-09,3.43057e-10,10000
GCR_H,min,5,5623.413251903491,0.0,0,110,1.27654e-11,3.19056e-10,10000
GCR_H,min,5,5623.413251903491,0.0,0,111,0.0,0.0,10000
GCR_H,min,5,5623.413251903491,0.0,0,112,0.0,0.0,10000
GCR_H,min,5,5623.413251903491,0.0,0,113,3.5254e-11,2.51814e-10,10000
GCR_H,min,5,5623.413251903491,0.0,0,114,0.0,0.0,10000
GCR_H,min,5,5623.413251903491,0.0,0,115,1.52475e-11,8.96385e-10,10000
GCR_H,min,5,5623.413251903491,0.0,0,116,2.57737e-10,2.45813e-10,10000
GCR_H,min,5,5623.413251903491,0.0,0,117,4.22211e-09,3.41318e-10,10000
GCR_H,min,5,5623.413251903491,0.0,0,118,4.67414e-10,2.84407e-10,10000
GCR_H,min,5,5623.413251903491,0.0,0,119,1.9246e-09,3.56641e-10,10000
GCR_H,min,5,5623.413251903491,0.0,0,120,1.10671e-11,2.60465e-10,10000
GCR_H,min,5,5623.413251903491,0.0,0,121,7.05416e-12,1.66019e-10,10000
GCR_H,min,5,5623.413251903491,0.0,0,122,4.73073e-11,1.62378e-10,10000
GCR_H,min,5,5623.413251903491,0.0,0,123,4.70091e-10,3.20836e-10,10000
GCR_H,min,5,5623.413251903491,0.0,0,124,1.70674e-10,2.67082e-10,10000
GCR_H,min,5,5623.413251903491,0.0,0,125,4.02442e-10,3.02036e-10,10000
GCR_H,min,5,5623.413251903491,0.0,0,126,9.47882e-12,2.58843e-10,10000
GCR_H,min,5,5623.413251903491,0.0,0,127,1.63122e-11,1.08755e-10,10000
GCR_H,min,5,5623.413251903491,0.0,0,128,5.9814e-12,1.19532e-10,10000
GCR_H,min,5,5623.413251903491,0.0,0,129,6.65907e-12,3.80954e-10,10000
GCR_H,min,5,5623.413251903491,0.0,0,130,4.57274e-12,2.61001e-10,10000
GCR_H,min,5,5623.413251903491,0.0,0,131,3.93391e-12,1.57419e-10,10000
GCR_H,min,5,5623.413251903491,0.0,0,132,4.53105e-12,2.26666e-10,10000
GCR_H,min,5,5623.413251903491,0.0,0,133,6.94088e-12,1.64165e-10,10000
GCR_H,min,5,5623.413251903491,0.0,0,134,4.26108e-13,1.41564e-10,10000
GCR_H,min,5,5623.413251903491,0.0,0,135,4.0816e-12,4.79624e-10,10000
GCR_H,min,5,5623.413251903491,0.0,0,136,1.44457e-12,1.92866e-10,10000
GCR_H,min,5,5623.413251903491,0.0,0,137,3.01587e-11,6.03053e-10,10000
GCR_H,min,5,5623.413251903491,0.0,0,138,1.05022e-10,5.25111e-10,10000
GCR_H,min,5,5623.413251903491,0.0,0,139,0.0,0.0,10000
GCR_H,min,5,5623.413251903491,0.0,0,140,2.30374e-14,1.15187e-10,10000
GCR_H,min,5,5623.413251903491,0.0,0,141,2.40801e-11,1.5606e-10,10000
GCR_H,min,5,5623.413251903491,1.0,0,0,1.7368e-10,0.0,10000
GCR_H,min,5,5623.413251903491,1.0,0,1,1.28476e-15,1.83538e-13,10000
GCR_H,min,5,5623.413251903491,1.0,0,2,4.34493e-16,6.20704e-14,10000
GCR_H,min,5,5623.413251903491,1.0,0,3,1.39537e-15,1.26507e-13,10000
GCR_H,min,5,5623.413251903491,1.0,0,4,7.69761e-15,2.70947e-13,10000
GCR_H,min,5,5623.413251903491,1.0,0,5,2.11371e-15,6.87833e-14,10000
GCR_H,min,5,5623.413251903491,1.0,0,6,3.10791e-16,6.09395e-14,10000
GCR_H,min,5,5623.413251903491,1.0,0,7,8.74469e-16,8.73595e-14,10000
GCR_H,min,5,5623.413251903491,1.0,0,8,1.39267e-14,2.10024e-13,10000
GCR_H,min,5,5623.413251903491,1.0,0,9,8.85273e-17,1.0415e-13,10000
GCR_H,min,5,5623.413251903491,1.0,0,10,2.21668e-14,8.15167e-14,10000
GCR_H,min,5,5623.413251903491,1.0,0,11,9.51176e-16,6.05074e-14,10000
GCR_H,min,5,5623.413251903491,1.0,0,12,9.02664e-15,1.08702e-13,10000
GCR_H,min,5,5623.413251903491,1.0,0,13,6.13348e-15,4.53458e-14,10000
GCR_H,min,5,5623.413251903491,1.0,0,14,1.78025e-14,9.63026e-14,10000
GCR_H,min,5,5623.413251903491,1.0,0,15,8.5639e-16,2.55791e-14,10000
GCR_H,min,5,5623.413251903491,1.0,0,16,3.1925e-15,2.49356e-14,10000
GCR_H,min,5,5623.413251903491,1.0,0,17,3.65755e-15,6.12347e-14,10000
GCR_H,min,5,5623.413251903491,1.0,0,18,1.37816e-15,3.71172e-14,10000
GCR_H,min,5,5623.413251903491,1.0,0,19,1.31034e-14,4.83879e-14,10000
GCR_H,min,5,5623.413251903491,1.0,0,20,1.7419e-14,9.57562e-14,10000
GCR_H,min,5,5623.413251903491,1.0,0,21,1.40351e-15,6.19104e-14,10000
GCR_H,min,5,5623.413251903491,1.0,0,22,1.15064e-14,6.40169e-14,10000
GCR_H,min,5,5623.413251903491,1.0,0,23,1.47418e-14,1.05608e-13,10000
GCR_H,min,5,5623.413251903491,1.0,0,24,2.26457e-15,4.73957e-14,10000
GCR_H,min,5,5623.413251903491,1.0,0,25,6.71112e-15,1.26482e-13,10000
GCR_H,min,5,5623.413251903491,1.0,0,26,3.26897e-14,5.8079e-14,10000
GCR_H,min,5,5623.413251903491,1.0,0,27,5.30176e-14,1.1754e-13,10000
GCR_H,min,5,5623.413251903491,1.0,0,28,1.90046e-14,7.26254e-14,10000
GCR_H,min,5,5623.413251903491,1.0,0,29,8.06892e-14,1.70934e-13,10000
GCR_H,min,5,5623.413251903491,1.0,0,30,4.13481e-16,1.60388e-14,10000
GCR_H,min,5,5623.413251903491,1.0,0,31,1.59085e-14,5.4094e-14,10000
GCR_H,min,5,5623.413251903491,1.0,0,32,3.31164e-14,7.551e-14,10000
GCR_H,min,5,5623.413251903491,1.0,0,33,5.28165e-15,6.52942e-14,10000
GCR_H,min,5,5623.413251903491,1.0,0,34,2.18609e-14,4.11421e-14,10000
GCR_H,min,5,5623.413251903491,1.0,0,35,3.28955e-14,4.51006e-14,10000
GCR_H,min,5,5623.413251903491,1.0,0,36,1.38853e-14,1.765e-13,10000
GCR_H,min,5,5623.413251903491,1.0,0,37,2.37412e-14,1.02086e-13,10000
GCR_H,min,5,5623.413251903491,1.0,0,38,4.12008e-14,8.11391e-14,10000
GCR_H,min,5,5623.413251903491,1.0,0,39,3.47166e-15,4.56077e-14,10000
GCR_H,min,5,5623.413251903491,1.0,0,40,4.55168e-15,6.15924e-14,10000
GCR_H,min,5,5623.413251903491,1.0,0,41,2.5382e-14,6.36746e-14,10000
GCR_H,min,5,5623.413251903491,1.0,0,42,8.23674e-14,1.20919e-13,10000
GCR_H,min,5,5623.413251903491,1.0,0,43,4.97341e-14,1.36198e-13,10000
GCR_H,min,5,5623.413251903491,1.0,0,44,1.27569e-13,2.45297e-13,10000
GCR_H,min,5,5623.413251903491,1.0,0,45,7.24549e-15,3.27658e-14,10000
GCR_H,min,5,5623.413251903491,1.0,0,46,1.17924e-14,6.13515e-14,10000
GCR_H,min,5,5623.413251903491,1.0,0,47,9.02646e-15,8.77037e-14,10000
GCR_H,min,5,5623.413251903491,1.0,0,48,1.24915e-14,1.69837e-13,10000
GCR_H,min,5,5623.413251903491,1.0,0,49,8.2521e-15,2.87951e-14,10000
GCR_H,min,5,5623.413251903491,1.0,0,50,1.36099e-14,4.05855e-14,10000
GCR_H,min,5,5623.413251903491,1.0,0,51,7.53191e-15,4.04528e-14,10000
GCR_H,min,5,5623.413251903491,1.0,0,52,1.43015e-14,4.73451e-14,10000
GCR_H,min,5,5623.413251903491,1.0,0,53,4.81527e-15,4.40837e-14,10000
GCR_H,min,5,5623.413251903491,1.0,0,54,1.15918e-14,6.68074e-14,10000
GCR_H,min,5,5623.413251903491,1.0,0,55,1.66477e-16,1.68329e-14,10000
GCR_H,min,5,5623.413251903491,1.0,0,56,1.02152e-15,1.8141e-14,10000
GCR_H,min,5,5623.413251903491,1.0,0,57,2.54262e-15,1.59312e-13,10000
GCR_H,min,5,5623.413251903491,1.0,0,58,8.61892e-15,9.72022e-14,10000
GCR_H,min,5,5623.413251903491,1.0,0,59,2.01039e-16,3.40168e-14,10000
GCR_H,min,5,5623.413251903491,1.0,0,60,1.5298e-15,4.40483e-14,10000
GCR_H,min,5,5623.413251903491,1.0,0,61,2.9262e-13,2.01807e-13,10000
GCR_H,min,5,5623.413251903491,1.0,0,62,0.0,0.0,10000
GCR_H,min,5,5623.413251903491,1.0,0,63,0.0,0.0,10000
GCR_H,min,5,5623.413251903491,1.0,0,64,0.0,0.0,10000
GCR_H,min,5,5623.413251903491,1.0,0,65,0.0,0.0,10000
GCR_H,min,5,5623.413251903491,1.0,0,66,0.0,0.0,10000
GCR_H,min,5,5623.413251903491,1.0,0,67,5.13438e-17,7.04304e-15,10000
GCR_H,min,5,5623.413251903491,1.0,0,68,5.85109e-17,3.07952e-13,10000
GCR_H,min,5,5623.413251903491,1.0,0,69,1.74679e-16,2.38307e-14,10000
GCR_H,min,5,5623.413251903491,1.0,0,70,1.20851e-15,8.68184e-14,10000
GCR_H,min,5,5623.413251903491,1.0,0,71,4.86699e-15,8.99961e-14,10000
GCR_H,min,5,5623.413251903491,1.0,0,72,1.19219e-14,7.94847e-14,10000
GCR_H,min,5,5623.413251903491,1.0,0,73,1.60874e-14,6.4347e-14,10000
GCR_H,min,5,5623.413251903491,1.0,0,74,4.20456e-14,6.46855e-14,10000
GCR_H,min,5,5623.413251903491,1.0,0,75,1.8992e-14,5.42596e-14,10000
GCR_H,min,5,5623.413251903491,1.0,0,76,3.65338e-15,4.05976e-14,10000
GCR_H,min,5,5623.413251903491,1.0,0,77,3.35624e-15,6.10004e-14,10000
GCR_H,min,5,5623.413251903491,1.0,0,78,1.70961e-15,2.84935e-14,10000
GCR_H,min,5,5623.413251903491,1.0,0,79,1.45999e-14,1.53683e-13,10000
GCR_H,min,5,5623.413251903491,1.0,0,80,3.75006e-15,6.25009e-14,10000
GCR_H,min,5,5623.413251903491,1.0,0,81,1.74538e-15,4.36237e-14,10000
GCR_H,min,5,5623.413251903491,1.0,0,82,2.43884e-14,2.71012e-13,10000
GCR_H,min,5,5623.413251903491,1.0,0,83,9.66326e-14,2.76093e-12,10000
GCR_H,min,5,5623.413251903491,1.0,0,84,6.37358e-15,1.593e-13,10000
GCR_H,min,5,5623.413251903491,1.0,0,85,8.65445e-15,1.15439e-13,10000
GCR_H,min,5,5623.413251903491,1.0,0,86,1.83194e-15,6.11054e-14,10000
GCR_H,min,5,5623.413251903491,1.0,0,87,3.15505e-14,9.56134e-14,10000
GCR_H,min,5,5623.413251903491,1.0,0,88,4.73408e-14,9.28233e-14,10000
GCR_H,min,5,5623.413251903491,1.0,0,89,6.73384e-15,6.28626e-14,10000
GCR_H,min,5,5623.413251903491,1.0,0,90,3.30164e-15,8.63173e-14,10000
GCR_H,min,5,5623.413251903491,1.0,0,91,7.61077e-16,9.97479e-14,10000
GCR_H,min,5,5623.413251903491,1.0,0,92,5.24299e-15,4.76982e-14,10000
GCR_H,min,5,5623.413251903491,1.0,0,93,1.32548e-15,3.37703e-14,10000
GCR_H,min,5,5623.413251903491,1.0,0,94,2.22631e-16,2.82885e-14,10000
GCR_H,min,5,5623.413251903491,1.0,0,95,1.20199e-13,6.67769e-14,10000
GCR_H,min,5,5623.413251903491,1.0,0,96,2.31936e-14,2.93553e-13,10000
GCR_H,min,5,5623.413251903491,1.0,0,97,1.3896e-12,2.9087e-12,10000
GCR_H,min,5,5623.413251903491,1.0,0,98,9.10324e-15,1.27247e-13,10000
GCR_H,min,5,5623.413251903491,1.0,0,99,1.59251e-13,2.74533e-13,10000
GCR_H,min,5,5623.413251903491,1.0,0,100,3.95801e-16,1.75133e-13,10000
GCR_H,min,5,5623.413251903491,1.0,0,101,2.38461e-16,3.72595e-14,10000
GCR_H,min,5,5623.413251903491,1.0,0,102,1.16391e-15,1.94634e-13,10000
GCR_H,min,5,5623.413251903491,1.0,0,103,1.25554e-14,1.20262e-13,10000
GCR_H,min,5,5623.413251903491,1.0,0,104,2.67269e-16,3.4134e-14,10000
GCR_H,min,5,5623.413251903491,1.0,0,105,4.89636e-16,4.41114e-14,10000
GCR_H,min,5,5623.413251903491,1.0,0,106,1.54773e-13,1.27092e-13,10000
GCR_H,min,5,5623.413251903491,1.0,0,107,2.46819e-12,1.64471e-13,10000
GCR_H,min,5,5623.413251903491,1.0,0,108,7.92224e-13,2.88026e-13,10000
GCR_H,min,5,5623.413251903491,1.0,0,109,1.17703e-12,1.1741e-13,10000
GCR_H,min,5,5623.413251903491,1.0,0,110,5.16286e-15,1.29039e-13,10000
GCR_H,min,5,5623.413251903491,1.0,0,111,0.0,0.0,10000
GCR_H,min,5,5623.413251903491,1.0,0,112,0.0,0.0,10000
GCR_H,min,5,5623.413251903491,1.0,0,113,1.53002e-14,1.09287e-13,10000
GCR_H,min,5,5623.413251903491,1.0,0,114,3.29527e-17,5.49211e-14,10000
GCR_H,min,5,5623.413251903491,1.0,0,115,3.16629e-15,1.86143e-13,10000
GCR_H,min,5,5623.413251903491,1.0,0,116,2.10737e-13,2.00987e-13,10000
GCR_H,min,5,5623.413251903491,1.0,0,117,2.2179e-12,1.79296e-13,10000
GCR_H,min,5,5623.413251903491,1.0,0,118,7.43874e-13,4.52624e-13,10000
GCR_H,min,5,5623.413251903491,1.0,0,119,7.93665e-13,1.47071e-13,10000
GCR_H,min,5,5623.413251903491,1.0,0,120,2.38295e-15,5.60826e-14,10000
GCR_H,min,5,5623.413251903491,1.0,0,121,3.49827e-15,8.23316e-14,10000
GCR_H,min,5,5623.413251903491,1.0,0,122,3.22641e-14,1.10744e-13,10000
GCR_H,min,5,5623.413251903491,1.0,0,123,1.80219e-13,1.22999e-13,10000
GCR_H,min,5,5623.413251903491,1.0,0,124,1.67154e-13,2.61575e-13,10000
GCR_H,min,5,5623.413251903491,1.0,0,125,1.35852e-13,1.01958e-13,10000
GCR_H,min,5,5623.413251903491,1.0,0,126,1.79845e-15,4.91111e-14,10000
GCR_H,min,5,5623.413251903491,1.0,0,127,7.50683e-15,5.00488e-14,10000
GCR_H,min,5,5623.413251903491,1.0,0,128,1.02374e-15,2.04585e-14,10000
GCR_H,min,5,5623.413251903491,1.0,0,129,6.18036e-15,3.53568e-13,10000
GCR_H,min,5,5623.413251903491,1.0,0,130,4.59773e-15,2.62428e-13,10000
GCR_H,min,5,5623.413251903491,1.0,0,131,1.36731e-15,5.47145e-14,10000
GCR_H,min,5,5623.413251903491,1.0,0,132,1.61998e-15,8.10396e-14,10000
GCR_H,min,5,5623.413251903491,1.0,0,133,4.1536e-15,9.82404e-14,10000
GCR_H,min,5,5623.413251903491,1.0,0,134,2.52696e-15,8.39522e-13,10000
GCR_H,min,5,5623.413251903491,1.0,0,135,3.58494e-16,4.21262e-14,10000
GCR_H,min,5,5623.413251903491,1.0,0,136,9.24505e-16,1.23432e-13,10000
GCR_H,min,5,5623.413251903491,1.0,0,137,6.98325e-15,1.39637e-13,10000
GCR_H,min,5,5623.413251903491,1.0,0,138,3.42552e-14,1.71276e-13,10000
GCR_H,min,5,5623.413251903491,1.0,0,139,0.0,0.0,10000
GCR_H,min,5,5623.413251903491,1.0,0,140,1.52897e-14,7.64484e-11,10000
GCR_H,min,5,5623.413251903491,1.0,0,141,1.57217e-14,1.0189e-13,10000
GCR_H,min,6,17782.79410038923,0.0,0,0,1.37033e-09,0.0,10000
GCR_H,min,6,17782.79410038923,0.0,0,1,1.43142e-11,2.04489e-09,10000
GCR_H,min,6,17782.79410038923,0.0,0,2,2.20694e-11,3.15277e-09,10000
GCR_H,min,6,17782.79410038923,0.0,0,3,5.06043e-12,4.58788e-10,10000
GCR_H,min,6,17782.79410038923,0.0,0,4,3.37657e-11,1.18851e-09,10000
GCR_H,min,6,17782.79410038923,0.0,0,5,1.93594e-11,6.29983e-10,10000
GCR_H,min,6,17782.79410038923,0.0,0,6,2.76777e-12,5.427e-10,10000
GCR_H,min,6,17782.79410038923,0.0,0,7,1.04854e-11,1.04749e-09,10000
GCR_H,min,6,17782.79410038923,0.0,0,8,8.92819e-11,1.34643e-09,10000
GCR_H,min,6,17782.79410038923,0.0,0,9,3.85887e-13,4.53985e-10,10000
GCR_H,min,6,17782.79410038923,0.0,0,10,9.93781e-10,3.65455e-09,10000
GCR_H,min,6,17782.79410038923,0.0,0,11,1.70348e-11,1.08364e-09,10000
GCR_H,min,6,17782.79410038923,0.0,0,12,1.31953e-10,1.58903e-09,10000
GCR_H,min,6,17782.79410038923,0.0,0,13,9.35083e-11,6.91322e-10,10000
GCR_H,min,6,17782.79410038923,0.0,0,14,9.51094e-11,5.14494e-10,10000
GCR_H,min,6,17782.79410038923,0.0,0,15,4.44317e-11,1.32711e-09,10000
GCR_H,min,6,17782.79410038923,0.0,0,16,1.08357e-10,8.46345e-10,10000
GCR_H,min,6,17782.79410038923,0.0,0,17,7.85847e-11,1.31567e-09,10000
GCR_H,min,6,17782.79410038923,0.0,0,18,2.6579e-11,7.15836e-10,10000
GCR_H,min,6,17782.79410038923,0.0,0,19,4.35487e-10,1.60815e-09,10000
GCR_H,min,6,17782.79410038923,0.0,0,20,2.57212e-10,1.41395e-09,10000
GCR_H,min,6,17782.79410038923,0.0,0,21,5.07049e-11,2.23665e-09,10000
GCR_H,min,6,17782.79410038923,0.0,0,22,2.30736e-10,1.28372e-09,10000
GCR_H,min,6,17782.79410038923,0.0,0,23,1.9805e-10,1.4188e-09,10000
GCR_H,min,6,17782.79410038923,0.0,0,24,4.25573e-11,8.90693e-10,10000
GCR_H,min,6,17782.79410038923,0.0,0,25,3.79668e-11,7.15544e-10,10000
GCR_H,min,6,17782.79410038923,0.0,0,26,2.63139e-10,4.67511e-10,10000
GCR_H,min,6,17782.79410038923,0.0,0,27,2.6491e-10,5.87305e-10,10000
GCR_H,min,6,17782.79410038923,0.0,0,28,7.35528e-10,2.81079e-09,10000
GCR_H,min,6,17782.79410038923,0.0,0,29,1.7265e-09,3.65746e-09,10000
GCR_H,min,6,17782.79410038923,0.0,0,30,5.90907e-11,2.29212e-09,10000
GCR_H,min,6,17782.79410038923,0.0,0,31,1.0395e-09,3.53465e-09,10000
GCR_H,min,6,17782.79410038923,0.0,0,32,6.82341e-10,1.55583e-09,10000
GCR_H,min,6,17782.79410038923,0.0,0,33,3.55254e-10,4.39182e-09,10000
GCR_H,min,6,17782.79410038923,0.0,0,34,3.96908e-10,7.4698e-10,10000
GCR_H,min,6,17782.79410038923,0.0,0,35,6.77863e-10,9.29369e-10,10000
GCR_H,min,6,17782.79410038923,0.0,0,36,3.96185e-11,5.03603e-10,10000
GCR_H,min,6,17782.79410038923,0.0,0,37,1.13066e-10,4.86178e-10,10000
GCR_H,min,6,17782.79410038923,0.0,0,38,1.25629e-10,2.47409e-10,10000
GCR_H,min,6,17782.79410038923,0.0,0,39,6.30589e-11,8.28414e-10,10000
GCR_H,min,6,17782.79410038923,0.0,0,40,4.68088e-11,6.33407e-10,10000
GCR_H,min,6,17782.79410038923,0.0,0,41,1.67877e-09,4.21144e-09,10000
GCR_H,min,6,17782.79410038923,0.0,0,42,2.85881e-09,4.19685e-09,10000
GCR_H,min,6,17782.79410038923,0.0,0,43,4.56199e-10,1.24931e-09,10000
GCR_H,min,6,17782.79410038923,0.0,0,44,9.29712e-10,1.7877e-09,10000
GCR_H,min,6,17782.79410038923,0.0,0,45,2.17416e-10,9.83206e-10,10000
GCR_H,min,6,17782.79410038923,0.0,0,46,1.93912e-10,1.00885e-09,10000
GCR_H,min,6,17782.79410038923,0.0,0,47,1.78117e-10,1.73064e-09,10000
GCR_H,min,6,17782.79410038923,0.0,0,48,1.14776e-10,1.56052e-09,10000
GCR_H,min,6,17782.79410038923,0.0,0,49,4.77976e-10,1.66786e-09,10000
GCR_H,min,6,17782.79410038923,0.0,0,50,6.5387e-10,1.94987e-09,10000
GCR_H,min,6,17782.79410038923,0.0,0,51,8.04618e-10,4.32149e-09,10000
GCR_H,min,6,17782.79410038923,0.0,0,52,1.4741e-09,4.87999e-09,10000
GCR_H,min,6,17782.79410038923,0.0,0,53,3.35927e-10,3.07541e-09,10000
GCR_H,min,6,17782.79410038923,0.0,0,54,4.95621e-10,2.85644e-09,10000
GCR_H,min,6,17782.79410038923,0.0,0,55,1.21046e-11,1.22393e-09,10000
GCR_H,min,6,17782.79410038923,0.0,0,56,1.04933e-10,1.86349e-09,10000
GCR_H,min,6,17782.79410038923,0.0,0,57,1.84025e-11,1.15304e-09,10000
GCR_H,min,6,17782.79410038923,0.0,0,58,3.38632e-10,3.81902e-09,10000
GCR_H,min,6,17782.79410038923,0.0,0,59,6.7735e-12,1.14611e-09,10000
GCR_H,min,6,17782.79410038923,0.0,0,60,3.23426e-11,9.31257e-10,10000
GCR_H,min,6,17782.79410038923,0.0,0,61,8.50744e-10,5.8672e-10,10000
GCR_H,min,6,17782.79410038923,0.0,0,62,1.39394e-11,1.85859e-09,10000
GCR_H,min,6,17782.79410038923,0.0,0,63,6.11603e-12,1.22566e-09,10000
GCR_H,min,6,17782.79410038923,0.0,0,64,4.63902e-12,6.18536e-10,10000
GCR_H,min,6,17782.79410038923,0.0,0,65,1.15909e-11,2.32283e-09,10000
GCR_H,min,6,17782.79410038923,0.0,0,66,2.16114e-12,1.13744e-08,10000
GCR_H,min,6,17782.79410038923,0.0,0,67,3.3211e-12,4.55569e-10,10000
GCR_H,min,6,17782.79410038923,0.0,0,68,1.70331e-13,8.96477e-10,10000
GCR_H,min,6,17782.79410038923,0.0,0,69,1.64493e-12,2.2441e-10,10000
GCR_H,min,6,17782.79410038923,0.0,0,70,2.95361e-11,2.12184e-09,10000
GCR_H,min,6,17782.79410038923,0.0,0,71,1.19876e-10,2.21665e-09,10000
GCR_H,min,6,17782.79410038923,0.0,0,72,4.3301e-10,2.88693e-09,10000
GCR_H,min,6,17782.79410038923,0.0,0,73,7.7383e-10,3.09519e-09,10000
GCR_H,min,6,17782.79410038923,0.0,0,74,3.26692e-09,5.02603e-09,10000
GCR_H,min,6,17782.79410038923,0.0,0,75,1.84895e-09,5.2824e-09,10000
GCR_H,min,6,17782.79410038923,0.0,0,76,5.84722e-10,6.49763e-09,10000
GCR_H,min,6,17782.79410038923,0.0,0,77,4.36427e-10,7.93215e-09,10000
GCR_H,min,6,17782.79410038923,0.0,0,78,1.8567e-10,3.0945e-09,10000
GCR_H,min,6,17782.79410038923,0.0,0,79,3.17753e-10,3.34477e-09,10000
GCR_H,min,6,17782.79410038923,0.0,0,80,1.43568e-10,2.3928e-09,10000
GCR_H,min,6,17782.79410038923,0.0,0,81,1.07233e-10,2.68016e-09,10000
GCR_H,min,6,17782.79410038923,0.0,0,82,3.31868e-10,3.68784e-09,10000
GCR_H,min,6,17782.79410038923,0.0,0,83,1.20718e-10,3.44909e-09,10000
GCR_H,min,6,17782.79410038923,0.0,0,84,1.46276e-10,3.65598e-09,10000
GCR_H,min,6,17782.79410038923,0.0,0,85,2.82533e-10,3.76861e-09,10000
GCR_H,min,6,17782.79410038923,0.0,0,86,1.48228e-10,4.94424e-09,10000
GCR_H,min,6,17782.79410038923,0.0,0,87,6.25502e-10,1.89558e-09,10000
GCR_H,min,6,17782.79410038923,0.0,0,88,8.21472e-10,1.6107e-09,10000
GCR_H,min,6,17782.79410038923,0.0,0,89,3.9525e-10,3.68978e-09,10000
GCR_H,min,6,17782.79410038923,0.0,0,90,1.84067e-10,4.8122e-09,10000
GCR_H,min,6,17782.79410038923,0.0,0,91,5.82916e-11,7.6398e-09,10000
GCR_H,min,6,17782.79410038923,0.0,0,92,4.5139e-10,4.10653e-09,10000
GCR_H,min,6,17782.79410038923,0.0,0,93,1.41412e-10,3.60285e-09,10000
GCR_H,min,6,17782.79410038923,0.0,0,94,2.454e-11,3.11817e-09,10000
GCR_H,min,6,17782.79410038923,0.0,0,95,4.40964e-09,2.44978e-09,10000
GCR_H,min,6,17782.79410038923,0.0,0,96,1.05878e-10,1.34006e-09,10000
GCR_H,min,6,17782.79410038923,0.0,0,97,6.58491e-10,1.37835e-09,10000
GCR_H,min,6,17782.79410038923,0.0,0,98,9.23787e-11,1.29129e-09,10000
GCR_H,min,6,17782.79410038923,0.0,0,99,9.0654e-10,1.56278e-09,10000
GCR_H,min,6,17782.79410038923,0.0,0,100,7.78913e-13,3.44652e-10,10000
GCR_H,min,6,17782.79410038923,0.0,0,101,9.04991e-12,1.41405e-09,10000
GCR_H,min,6,17782.79410038923,0.0,0,102,4.56759e-12,7.63812e-10,10000
GCR_H,min,6,17782.79410038923,0.0,0,103,3.27241e-10,3.13449e-09,10000
GCR_H,min,6,17782.79410038923,0.0,0,104,1.60862e-11,2.05443e-09,10000
GCR_H,min,6,17782.79410038923,0.0,0,105,4.90685e-11,4.42059e-09,10000
GCR_H,min,6,17782.79410038923,0.0,0,106,1.04786e-09,8.60443e-10,10000
GCR_H,min,6,17782.79410038923,0.0,0,107,4.472e-08,2.97998e-09,10000
GCR_H,min,6,17782.79410038923,0.0,0,108,4.3806e-09,1.59264e-09,10000
GCR_H,min,6,17782.79410038923,0.0,0,109,2.23146e-08,2.2259e-09,10000
GCR_H,min,6,17782.79410038923,0.0,0,110,4.27978e-11,1.06968e-09,10000
GCR_H,min,6,17782.79410038923,0.0,0,111,0.0,0.0,10000
GCR_H,min,6,17782.79410038923,0.0,0,112,0.0,0.0,10000
GCR_H,min,6,17782.79410038923,0.0,0,113,5.10631e-10,3.64736e-09,10000
GCR_H,min,6,17782.79410038923,0.0,0,114,2.57162e-14,4.28603e-11,10000
GCR_H,min,6,17782.79410038923,0.0,0,115,1.3903e-10,8.17345e-09,10000
GCR_H,min,6,17782.79410038923,0.0,0,116,7.01926e-10,6.69451e-10,10000
GCR_H,min,6,17782.79410038923,0.0,0,117,4.20469e-08,3.39909e-09,10000
GCR_H,min,6,17782.79410038923,0.0,0,118,2.51373e-09,1.52953e-09,10000
GCR_H,min,6,17782.79410038923,0.0,0,119,1.24145e-08,2.30048e-09,10000
GCR_H,min,6,17782.79410038923,0.0,0,120,1.64506e-11,3.87165e-10,10000
GCR_H,min,6,17782.79410038923,0.0,0,121,3.10011e-11,7.29609e-10,10000
GCR_H,min,6,17782.79410038923,0.0,0,122,1.52992e-10,5.25133e-10,10000
GCR_H,min,6,17782.79410038923,0.0,0,123,3.82122e-09,2.60797e-09,10000
GCR_H,min,6,17782.79410038923,0.0,0,124,9.40278e-10,1.47141e-09,10000
GCR_H,min,6,17782.79410038923,0.0,0,125,2.06843e-09,1.55237e-09,10000
GCR_H,min,6,17782.79410038923,0.0,0,126,3.88695e-11,1.06143e-09,10000
GCR_H,min,6,17782.79410038923,0.0,0,127,3.02916e-10,2.01957e-09,10000
GCR_H,min,6,17782.79410038923,0.0,0,128,3.47371e-11,6.94186e-10,10000
GCR_H,min,6,17782.79410038923,0.0,0,129,3.48019e-11,1.99096e-09,10000
GCR_H,min,6,17782.79410038923,0.0,0,130,9.70115e-11,5.53718e-09,10000
GCR_H,min,6,17782.79410038923,0.0,0,131,3.87869e-11,1.5521e-09,10000
GCR_H,min,6,17782.79410038923,0.0,0,132,1.46661e-11,7.33673e-10,10000
GCR_H,min,6,17782.79410038923,0.0,0,133,2.18859e-11,5.17643e-10,10000
GCR_H,min,6,17782.79410038923,0.0,0,134,6.32495e-13,2.10131e-10,10000
GCR_H,min,6,17782.79410038923,0.0,0,135,2.06313e-11,2.42436e-09,10000
GCR_H,min,6,17782.79410038923,0.0,0,136,2.8851e-11,3.85194e-09,10000
GCR_H,min,6,17782.79410038923,0.0,0,137,2.60691e-10,5.21278e-09,10000
GCR_H,min,6,17782.79410038923,0.0,0,138,1.04222e-09,5.21111e-09,10000
GCR_H,min,6,17782.79410038923,0.0,0,139,0.0,0.0,10000
GCR_H,min,6,17782.79410038923,0.0,0,140,1.04618e-13,5.2309e-10,10000
GCR_H,min,6,17782.79410038923,0.0,0,141,4.72233e-11,3.06049e-10,10000
GCR_H,min,6,17782.79410038923,1.0,0,0,4.89882e-10,0.0,10000
GCR_H,min,6,17782.79410038923,1.0,0,1,1.76425e-15,2.52035e-13,10000
GCR_H,min,6,17782.79410038923,1.0,0,2,3.51497e-15,5.02138e-13,10000
GCR_H,min,6,17782.79410038923,1.0,0,3,8.1432e-16,7.38277e-14,10000
GCR_H,min,6,17782.79410038923,1.0,0,4,2.64652e-15,9.31547e-14,10000
GCR_H,min,6,17782.79410038923,1.0,0,5,2.86412e-15,9.32027e-14,10000
GCR_H,min,6,17782.79410038923,1.0,0,6,6.41363e-16,1.25757e-13,10000
GCR_H,min,6,17782.79410038923,1.0,0,7,1.04511e-15,1.04406e-13,10000
GCR_H,min,6,17782.79410038923,1.0,0,8,1.24648e-14,1.87977e-13,10000
GCR_H,min,6,17782.79410038923,1.0,0,9,7.41841e-17,8.72754e-14,10000
GCR_H,min,6,17782.79410038923,1.0,0,10,1.72524e-13,6.34444e-13,10000
GCR_H,min,6,17782.79410038923,1.0,0,11,1.02613e-14,6.52753e-13,10000
GCR_H,min,6,17782.79410038923,1.0,0,12,3.28552e-14,3.95655e-13,10000
GCR_H,min,6,17782.79410038923,1.0,0,13,1.33963e-14,9.90409e-14,10000
GCR_H,min,6,17782.79410038923,1.0,0,14,1.81286e-14,9.80666e-14,10000
GCR_H,min,6,17782.79410038923,1.0,0,15,6.02048e-15,1.79823e-13,10000
GCR_H,min,6,17782.79410038923,1.0,0,16,2.9181e-14,2.27923e-13,10000
GCR_H,min,6,17782.79410038923,1.0,0,17,3.05519e-14,5.115e-13,10000
GCR_H,min,6,17782.79410038923,1.0,0,18,1.4987e-14,4.03635e-13,10000
GCR_H,min,6,17782.79410038923,1.0,0,19,8.41976e-14,3.10922e-13,10000
GCR_H,min,6,17782.79410038923,1.0,0,20,6.17368e-14,3.39381e-13,10000
GCR_H,min,6,17782.79410038923,1.0,0,21,2.68369e-14,1.18381e-12,10000
GCR_H,min,6,17782.79410038923,1.0,0,22,4.28434e-14,2.38363e-13,10000
GCR_H,min,6,17782.79410038923,1.0,0,23,6.40687e-14,4.58977e-13,10000
GCR_H,min,6,17782.79410038923,1.0,0,24,4.30592e-15,9.01197e-14,10000
GCR_H,min,6,17782.79410038923,1.0,0,25,6.82112e-15,1.28555e-13,10000
GCR_H,min,6,17782.79410038923,1.0,0,26,3.1769e-14,5.64431e-14,10000
GCR_H,min,6,17782.79410038923,1.0,0,27,3.18806e-14,7.06792e-14,10000
GCR_H,min,6,17782.79410038923,1.0,0,28,1.0444e-13,3.99112e-13,10000
GCR_H,min,6,17782.79410038923,1.0,0,29,3.42632e-13,7.25839e-13,10000
GCR_H,min,6,17782.79410038923,1.0,0,30,1.99762e-14,7.74874e-13,10000
GCR_H,min,6,17782.79410038923,1.0,0,31,1.61962e-13,5.50723e-13,10000
GCR_H,min,6,17782.79410038923,1.0,0,32,2.15645e-13,4.91701e-13,10000
GCR_H,min,6,17782.79410038923,1.0,0,33,1.24572e-13,1.54002e-12,10000
GCR_H,min,6,17782.79410038923,1.0,0,34,4.65356e-14,8.758e-14,10000
GCR_H,min,6,17782.79410038923,1.0,0,35,1.39654e-13,1.91469e-13,10000
GCR_H,min,6,17782.79410038923,1.0,0,36,1.40207e-14,1.78221e-13,10000
GCR_H,min,6,17782.79410038923,1.0,0,37,7.7166e-15,3.31811e-14,10000
GCR_H,min,6,17782.79410038923,1.0,0,38,3.12404e-14,6.15235e-14,10000
GCR_H,min,6,17782.79410038923,1.0,0,39,7.89951e-15,1.03777e-13,10000
GCR_H,min,6,17782.79410038923,1.0,0,40,1.27693e-14,1.72791e-13,10000
GCR_H,min,6,17782.79410038923,1.0,0,41,4.10719e-13,1.03035e-12,10000
GCR_H,min,6,17782.79410038923,1.0,0,42,7.35067e-13,1.07911e-12,10000
GCR_H,min,6,17782.79410038923,1.0,0,43,1.25193e-13,3.42845e-13,10000
GCR_H,min,6,17782.79410038923,1.0,0,44,2.15337e-13,4.14061e-13,10000
GCR_H,min,6,17782.79410038923,1.0,0,45,2.36368e-14,1.06891e-13,10000
GCR_H,min,6,17782.79410038923,1.0,0,46,2.4287e-14,1.26356e-13,10000
GCR_H,min,6,17782.79410038923,1.0,0,47,7.21321e-15,7.00856e-14,10000
GCR_H,min,6,17782.79410038923,1.0,0,48,7.58607e-15,1.03142e-13,10000
GCR_H,min,6,17782.79410038923,1.0,0,49,1.42285e-13,4.96492e-13,10000
GCR_H,min,6,17782.79410038923,1.0,0,50,2.43427e-13,7.25912e-13,10000
GCR_H,min,6,17782.79410038923,1.0,0,51,9.57362e-14,5.14186e-13,10000
GCR_H,min,6,17782.79410038923,1.0,0,52,2.38031e-13,7.88e-13,10000
GCR_H,min,6,17782.79410038923,1.0,0,53,2.75021e-14,2.51782e-13,10000
GCR_H,min,6,17782.79410038923,1.0,0,54,9.85313e-14,5.67871e-13,10000
GCR_H,min,6,17782.79410038923,1.0,0,55,5.27447e-16,5.33313e-14,10000
GCR_H,min,6,17782.79410038923,1.0,0,56,8.71691e-15,1.54802e-13,10000
GCR_H,min,6,17782.79410038923,1.0,0,57,2.36719e-15,1.4832e-13,10000
GCR_H,min,6,17782.79410038923,1.0,0,58,5.07287e-14,5.72106e-13,10000
GCR_H,min,6,17782.79410038923,1.0,0,59,2.13559e-15,3.61352e-13,10000
GCR_H,min,6,17782.79410038923,1.0,0,60,6.8075e-15,1.96012e-13,10000
GCR_H,min,6,17782.79410038923,1.0,0,61,1.93287e-13,1.33301e-13,10000
GCR_H,min,6,17782.79410038923,1.0,0,62,4.51094e-14,6.01459e-12,10000
GCR_H,min,6,17782.79410038923,1.0,0,63,3.46885e-14,6.9516e-12,10000
GCR_H,min,6,17782.79410038923,1.0,0,64,8.957e-16,1.19427e-13,10000
GCR_H,min,6,17782.79410038923,1.0,0,65,1.33697e-15,2.67929e-13,10000
GCR_H,min,6,17782.79410038923,1.0,0,66,0.0,0.0,10000
GCR_H,min,6,17782.79410038923,1.0,0,67,1.24752e-15,1.71127e-13,10000
GCR_H,min,6,17782.79410038923,1.0,0,68,0.0,0.0,10000
GCR_H,min,6,17782.79410038923,1.0,0,69,0.0,0.0,10000
GCR_H,min,6,17782.79410038923,1.0,0,70,8.26664e-15,5.93868e-13,10000
GCR_H,min,6,17782.79410038923,1.0,0,71,4.72321e-14,8.73374e-13,10000
GCR_H,min,6,17782.79410038923,1.0,0,72,9.13347e-14,6.08939e-13,10000
GCR_H,min,6,17782.79410038923,1.0,0,73,1.22903e-13,4.91592e-13,10000
GCR_H,min,6,17782.79410038923,1.0,0,74,9.76125e-13,1.50173e-12,10000
GCR_H,min,6,17782.79410038923,1.0,0,75,3.11078e-13,8.88743e-13,10000
GCR_H,min,6,17782.79410038923,1.0,0,76,1.79159e-13,1.99088e-12,10000
GCR_H,min,6,17782.79410038923,1.0,0,77,8.63017e-14,1.56855e-12,10000
GCR_H,min,6,17782.79410038923,1.0,0,78,4.90424e-13,8.17374e-12,10000
GCR_H,min,6,17782.79410038923,1.0,0,79,5.1641e-14,5.4359e-13,10000
GCR_H,min,6,17782.79410038923,1.0,0,80,3.46061e-14,5.76769e-13,10000
GCR_H,min,6,17782.79410038923,1.0,0,81,3.00249e-14,7.50435e-13,10000
GCR_H,min,6,17782.79410038923,1.0,0,82,9.73014e-14,1.08125e-12,10000
GCR_H,min,6,17782.79410038923,1.0,0,83,3.71221e-14,1.06063e-12,10000
GCR_H,min,6,17782.79410038923,1.0,0,84,2.09423e-14,5.23427e-13,10000
GCR_H,min,6,17782.79410038923,1.0,0,85,4.87528e-14,6.50297e-13,10000
GCR_H,min,6,17782.79410038923,1.0,0,86,2.30551e-14,7.69016e-13,10000
GCR_H,min,6,17782.79410038923,1.0,0,87,1.07661e-13,3.26265e-13,10000
GCR_H,min,6,17782.79410038923,1.0,0,88,1.46673e-13,2.87589e-13,10000
GCR_H,min,6,17782.79410038923,1.0,0,89,6.59721e-14,6.15871e-13,10000
GCR_H,min,6,17782.79410038923,1.0,0,90,2.12546e-14,5.55677e-13,10000
GCR_H,min,6,17782.79410038923,1.0,0,91,3.86247e-15,5.06221e-13,10000
GCR_H,min,6,17782.79410038923,1.0,0,92,8.94703e-14,8.13958e-13,10000
GCR_H,min,6,17782.79410038923,1.0,0,93,2.82184e-14,7.18939e-13,10000
GCR_H,min,6,17782.79410038923,1.0,0,94,8.27518e-15,1.05148e-12,10000
GCR_H,min,6,17782.79410038923,1.0,0,95,3.78007e-12,2.10003e-12,10000
GCR_H,min,6,17782.79410038923,1.0,0,96,2.20093e-14,2.78564e-13,10000
GCR_H,min,6,17782.79410038923,1.0,0,97,2.92277e-13,6.11791e-13,10000
GCR_H,min,6,17782.79410038923,1.0,0,98,5.51398e-14,7.70755e-13,10000
GCR_H,min,6,17782.79410038923,1.0,0,99,9.21243e-13,1.58813e-12,10000
GCR_H,min,6,17782.79410038923,1.0,0,100,6.38078e-16,2.82335e-13,10000
GCR_H,min,6,17782.79410038923,1.0,0,101,1.06059e-15,1.65718e-13,10000
GCR_H,min,6,17782.79410038923,1.0,0,102,1.32331e-15,2.21289e-13,10000
GCR_H,min,6,17782.79410038923,1.0,0,103,7.86243e-14,7.53107e-13,10000
GCR_H,min,6,17782.79410038923,1.0,0,104,3.87293e-15,4.94627e-13,10000
GCR_H,min,6,17782.79410038923,1.0,0,105,3.62758e-15,3.26809e-13,10000
GCR_H,min,6,17782.79410038923,1.0,0,106,1.75102e-13,1.43785e-13,10000
GCR_H,min,6,17782.79410038923,1.0,0,107,1.40927e-11,9.39089e-13,10000
GCR_H,min,6,17782.79410038923,1.0,0,108,1.34535e-12,4.89125e-13,10000
GCR_H,min,6,17782.79410038923,1.0,0,109,5.92664e-12,5.91188e-13,10000
GCR_H,min,6,17782.79410038923,1.0,0,110,9.01667e-15,2.2536e-13,10000
GCR_H,min,6,17782.79410038923,1.0,0,111,0.0,0.0,10000
GCR_H,min,6,17782.79410038923,1.0,0,112,0.0,0.0,10000
GCR_H,min,6,17782.79410038923,1.0,0,113,9.16964e-14,6.54974e-13,10000
GCR_H,min,6,17782.79410038923,1.0,0,114,0.0,0.0,10000
GCR_H,min,6,17782.79410038923,1.0,0,115,2.75278e-14,1.61833e-12,10000
GCR_H,min,6,17782.79410038923,1.0,0,116,1.23998e-13,1.18261e-13,10000
GCR_H,min,6,17782.79410038923,1.0,0,117,1.20207e-11,9.71763e-13,10000
GCR_H,min,6,17782.79410038923,1.0,0,118,8.48858e-13,5.16504e-13,10000
GCR_H,min,6,17782.79410038923,1.0,0,119,3.94954e-12,7.31875e-13,10000
GCR_H,min,6,17782.79410038923,1.0,0,120,3.87267e-15,9.11431e-14,10000
GCR_H,min,6,17782.79410038923,1.0,0,121,8.16357e-15,1.92129e-13,10000
GCR_H,min,6,17782.79410038923,1.0,0,122,2.83558e-14,9.73288e-14,10000
GCR_H,min,6,17782.79410038923,1.0,0,123,1.15957e-12,7.91401e-13,10000
GCR_H,min,6,17782.79410038923,1.0,0,124,2.94309e-13,4.60556e-13,10000
GCR_H,min,6,17782.79410038923,1.0,0,125,6.53359e-13,4.90351e-13,10000
GCR_H,min,6,17782.79410038923,1.0,0,126,8.7493e-14,2.38921e-12,10000
GCR_H,min,6,17782.79410038923,1.0,0,127,5.75162e-14,3.83467e-13,10000
GCR_H,min,6,17782.79410038923,1.0,0,128,2.77592e-15,5.54741e-14,10000
GCR_H,min,6,17782.79410038923,1.0,0,129,1.64154e-14,9.39094e-13,10000
GCR_H,min,6,17782.79410038923,1.0,0,130,1.10883e-14,6.32895e-13,10000
GCR_H,min,6,17782.79410038923,1.0,0,131,5.84185e-15,2.33768e-13,10000
GCR_H,min,6,17782.79410038923,1.0,0,132,5.53439e-15,2.76858e-13,10000
GCR_H,min,6,17782.79410038923,1.0,0,133,6.19176e-15,1.46447e-13,10000
GCR_H,min,6,17782.79410038923,1.0,0,134,1.14221e-16,3.7947e-14,10000
GCR_H,min,6,17782.79410038923,1.0,0,135,7.45485e-15,8.7601e-13,10000
GCR_H,min,6,17782.79410038923,1.0,0,136,6.13516e-15,8.19114e-13,10000
GCR_H,min,6,17782.79410038923,1.0,0,137,3.71197e-14,7.42246e-13,10000
GCR_H,min,6,17782.79410038923,1.0,0,138,1.34241e-13,6.71205e-13,10000
GCR_H,min,6,17782.79410038923,1.0,0,139,0.0,0.0,10000
GCR_H,min,6,17782.79410038923,1.0,0,140,2.86713e-14,1.43357e-10,10000
GCR_H,min,6,17782.79410038923,1.0,0,141,1.19906e-14,7.77094e-14,10000
GCR_He,min,0,17.78279410038923,0.0,0,0,0.0,0.0,10000
GCR_He,min,0,17.78279410038923,0.0,0,1,0.0,0.0,10000
GCR_He,min,0,17.78279410038923,0.0,0,2,0.0,0.0,10000
GCR_He,min,0,17.78279410038923,0.0,0,3,0.0,0.0,10000
GCR_He,min,0,17.78279410038923,0.0,0,4,0.0,0.0,10000
GCR_He,min,0,17.78279410038923,0.0,0,5,0.0,0.0,10000
GCR_He,min,0,17.78279410038923,0.0,0,6,0.0,0.0,10000
GCR_He,min,0,17.78279410038923,0.0,0,7,0.0,0.0,10000
GCR_He,min,0,17.78279410038923,0.0,0,8,0.0,0.0,10000
GCR_He,min,0,17.78279410038923,0.0,0,9,0.0,0.0,10000
GCR_He,min,0,17.78279410038923,0.0,0,10,0.0,0.0,10000
GCR_He,min,0,17.78279410038923,0.0,0,11,0.0,0.0,10000
GCR_He,min,0,17.78279410038923,0.0,0,12,0.0,0.0,10000
GCR_He,min,0,17.78279410038923,0.0,0,13,0.0,0.0,10000
GCR_He,min,0,17.78279410038923,0.0,0,14,0.0,0.0,10000
GCR_He,min,0,17.78279410038923,0.0,0,15,0.0,0.0,10000
GCR_He,min,0,17.78279410038923,0.0,0,16,0.0,0.0,10000
GCR_He,min,0,17.78279410038923,0.0,0,17,0.0,0.0,10000
GCR_He,min,0,17.78279410038923,0.0,0,18,0.0,0.0,10000
GCR_He,min,0,17.78279410038923,0.0,0,19,0.0,0.0,10000
GCR_He,min,0,17.78279410038923,0.0,0,20,0.0,0.0,10000
GCR_He,min,0,17.78279410038923,0.0,0,21,0.0,0.0,10000
GCR_He,min,0,17.78279410038923,0.0,0,22,0.0,0.0,10000
GCR_He,min,0,17.78279410038923,0.0,0,23,0.0,0.0,10000
GCR_He,min,0,17.78279410038923,0.0,0,24,0.0,0.0,10000
GCR_He,min,0,17.78279410038923,0.0,0,25,0.0,0.0,10000
GCR_He,min,0,17.78279410038923,0.0,0,26,0.0,0.0,10000
GCR_He,min,0,17.78279410038923,0.0,0,27,0.0,0.0,10000
GCR_He,min,0,17.78279410038923,0.0,0,28,0.0,0.0,10000
GCR_He,min,0,17.78279410038923,0.0,0,29,0.0,0.0,10000
GCR_He,min,0,17.78279410038923,0.0,0,30,0.0,0.0,10000
GCR_He,min,0,17.78279410038923,0.0,0,31,0.0,0.0,10000
GCR_He,min,0,17.78279410038923,0.0,0,32,0.0,0.0,10000
GCR_He,min,0,17.78279410038923,0.0,0,33,0.0,0.0,10000
GCR_He,min,0,17.78279410038923,0.0,0,34,0.0,0.0,10000
GCR_He,min,0,17.78279410038923,0.0,0,35,0.0,0.0,10000
GCR_He,min,0,17.78279410038923,0.0,0,36,0.0,0.0,10000
GCR_He,min,0,17.78279410038923,0.0,0,37,0.0,0.0,10000
GCR_He,min,0,17.78279410038923,0.0,0,38,0.0,0.0,10000
GCR_He,min,0,17.78279410038923,0.0,0,39,0.0,0.0,10000
GCR_He,min,0,17.78279410038923,0.0,0,40,0.0,0.0,10000
GCR_He,min,0,17.78279410038923,0.0,0,41,0.0,0.0,10000
GCR_He,min,0,17.78279410038923,0.0,0,42,0.0,0.0,10000
GCR_He,min,0,17.78279410038923,0.0,0,43,0.0,0.0,10000
GCR_He,min,0,17.78279410038923,0.0,0,44,0.0,0.0,10000
GCR_He,min,0,17.78279410038923,0.0,0,45,0.0,0.0,10000
GCR_He,min,0,17.78279410038923,0.0,0,46,0.0,0.0,10000
GCR_He,min,0,17.78279410038923,0.0,0,47,0.0,0.0,10000
GCR_He,min,0,17.78279410038923,0.0,0,48,0.0,0.0,10000
GCR_He,min,0,17.78279410038923,0.0,0,49,0.0,0.0,10000
GCR_He,min,0,17.78279410038923,0.0,0,50,0.0,0.0,10000
GCR_He,min,0,17.78279410038923,0.0,0,51,0.0,0.0,10000
GCR_He,min,0,17.78279410038923,0.0,0,52,0.0,0.0,10000
GCR_He,min,0,17.78279410038923,0.0,0,53,0.0,0.0,10000
GCR_He,min,0,17.78279410038923,0.0,0,54,0.0,0.0,10000
GCR_He,min,0,17.78279410038923,0.0,0,55,0.0,0.0,10000
GCR_He,min,0,17.78279410038923,0.0,0,56,0.0,0.0,10000
GCR_He,min,0,17.78279410038923,0.0,0,57,0.0,0.0,10000
GCR_He,min,0,17.78279410038923,0.0,0,58,0.0,0.0,10000
GCR_He,min,0,17.78279410038923,0.0,0,59,0.0,0.0,10000
GCR_He,min,0,17.78279410038923,0.0,0,60,0.0,0.0,10000
GCR_He,min,0,17.78279410038923,0.0,0,61,0.0,0.0,10000
GCR_He,min,0,17.78279410038923,0.0,0,62,0.0,0.0,10000
GCR_He,min,0,17.78279410038923,0.0,0,63,0.0,0.0,10000
GCR_He,min,0,17.78279410038923,0.0,0,64,0.0,0.0,10000
GCR_He,min,0,17.78279410038923,0.0,0,65,0.0,0.0,10000
GCR_He,min,0,17.78279410038923,0.0,0,66,0.0,0.0,10000
GCR_He,min,0,17.78279410038923,0.0,0,67,0.0,0.0,10000
GCR_He,min,0,17.78279410038923,0.0,0,68,0.0,0.0,10000
GCR_He,min,0,17.78279410038923,0.0,0,69,0.0,0.0,10000
GCR_He,min,0,17.78279410038923,0.0,0,70,0.0,0.0,10000
GCR_He,min,0,17.78279410038923,0.0,0,71,0.0,0.0,10000
GCR_He,min,0,17.78279410038923,0.0,0,72,0.0,0.0,10000
GCR_He,min,0,17.78279410038923,0.0,0,73,0.0,0.0,10000
GCR_He,min,0,17.78279410038923,0.0,0,74,0.0,0.0,10000
GCR_He,min,0,17.78279410038923,0.0,0,75,0.0,0.0,10000
GCR_He,min,0,17.78279410038923,0.0,0,76,0.0,0.0,10000
GCR_He,min,0,17.78279410038923,0.0,0,77,0.0,0.0,10000
GCR_He,min,0,17.78279410038923,0.0,0,78,0.0,0.0,10000
GCR_He,min,0,17.78279410038923,0.0,0,79,0.0,0.0,10000
GCR_He,min,0,17.78279410038923,0.0,0,80,0.0,0.0,10000
GCR_He,min,0,17.78279410038923,0.0,0,81,0.0,0.0,10000
GCR_He,min,0,17.78279410038923,0.0,0,82,0.0,0.0,10000
GCR_He,min,0,17.78279410038923,0.0,0,83,0.0,0.0,10000
GCR_He,min,0,17.78279410038923,0.0,0,84,0.0,0.0,10000
GCR_He,min,0,17.78279410038923,0.0,0,85,0.0,0.0,10000
GCR_He,min,0,17.78279410038923,0.0,0,86,0.0,0.0,10000
GCR_He,min,0,17.78279410038923,0.0,0,87,0.0,0.0,10000
GCR_He,min,0,17.78279410038923,0.0,0,88,0.0,0.0,10000
GCR_He,min,0,17.78279410038923,0.0,0,89,0.0,0.0,10000
GCR_He,min,0,17.78279410038923,0.0,0,90,0.0,0.0,10000
GCR_He,min,0,17.78279410038923,0.0,0,91,0.0,0.0,10000
GCR_He,min,0,17.78279410038923,0.0,0,92,0.0,0.0,10000
GCR_He,min,0,17.78279410038923,0.0,0,93,0.0,0.0,10000
GCR_He,min,0,17.78279410038923,0.0,0,94,0.0,0.0,10000
GCR_He,min,0,17.78279410038923,0.0,0,95,0.0,0.0,10000
GCR_He,min,0,17.78279410038923,0.0,0,96,0.0,0.0,10000
GCR_He,min,0,17.78279410038923,0.0,0,97,0.0,0.0,10000
GCR_He,min,0,17.78279410038923,0.0,0,98,0.0,0.0,10000
GCR_He,min,0,17.78279410038923,0.0,0,99,0.0,0.0,10000
GCR_He,min,0,17.78279410038923,0.0,0,100,0.0,0.0,10000
GCR_He,min,0,17.78279410038923,0.0,0,101,0.0,0.0,10000
GCR_He,min,0,17.78279410038923,0.0,0,102,0.0,0.0,10000
GCR_He,min,0,17.78279410038923,0.0,0,103,0.0,0.0,10000
GCR_He,min,0,17.78279410038923,0.0,0,104,0.0,0.0,10000
GCR_He,min,0,17.78279410038923,0.0,0,105,0.0,0.0,10000
GCR_He,min,0,17.78279410038923,0.0,0,106,0.0,0.0,10000
GCR_He,min,0,17.78279410038923,0.0,0,107,0.0,0.0,10000
GCR_He,min,0,17.78279410038923,0.0,0,108,0.0,0.0,10000
GCR_He,min,0,17.78279410038923,0.0,0,109,0.0,0.0,10000
GCR_He,min,0,17.78279410038923,0.0,0,110,0.0,0.0,10000
GCR_He,min,0,17.78279410038923,0.0,0,111,0.0,0.0,10000
GCR_He,min,0,17.78279410038923,0.0,0,112,0.0,0.0,10000
GCR_He,min,0,17.78279410038923,0.0,0,113,0.0,0.0,10000
GCR_He,min,0,17.78279410038923,0.0,0,114,0.0,0.0,10000
GCR_He,min,0,17.78279410038923,0.0,0,115,0.0,0.0,10000
GCR_He,min,0,17.78279410038923,0.0,0,116,0.0,0.0,10000
GCR_He,min,0,17.78279410038923,0.0,0,117,0.0,0.0,10000
GCR_He,min,0,17.78279410038923,0.0,0,118,0.0,0.0,10000
GCR_He,min,0,17.78279410038923,0.0,0,119,0.0,0.0,10000
GCR_He,min,0,17.78279410038923,0.0,0,120,0.0,0.0,10000
GCR_He,min,0,17.78279410038923,0.0,0,121,0.0,0.0,10000
GCR_He,min,0,17.78279410038923,0.0,0,122,0.0,0.0,10000
GCR_He,min,0,17.78279410038923,0.0,0,123,0.0,0.0,10000
GCR_He,min,0,17.78279410038923,0.0,0,124,0.0,0.0,10000
GCR_He,min,0,17.78279410038923,0.0,0,125,0.0,0.0,10000
GCR_He,min,0,17.78279410038923,0.0,0,126,0.0,0.0,10000
GCR_He,min,0,17.78279410038923,0.0,0,127,0.0,0.0,10000
GCR_He,min,0,17.78279410038923,0.0,0,128,0.0,0.0,10000
GCR_He,min,0,17.78279410038923,0.0,0,129,0.0,0.0,10000
GCR_He,min,0,17.78279410038923,0.0,0,130,0.0,0.0,10000
GCR_He,min,0,17.78279410038923,0.0,0,131,0.0,0.0,10000
GCR_He,min,0,17.78279410038923,0.0,0,132,0.0,0.0,10000
GCR_He,min,0,17.78279410038923,0.0,0,133,0.0,0.0,10000
GCR_He,min,0,17.78279410038923,0.0,0,134,0.0,0.0,10000
GCR_He,min,0,17.78279410038923,0.0,0,135,0.0,0.0,10000
GCR_He,min,0,17.78279410038923,0.0,0,136,0.0,0.0,10000
GCR_He,min,0,17.78279410038923,0.0,0,137,0.0,0.0,10000
GCR_He,min,0,17.78279410038923,0.0,0,138,0.0,0.0,10000
GCR_He,min,0,17.78279410038923,0.0,0,139,0.0,0.0,10000
GCR_He,min,0,17.78279410038923,0.0,0,140,0.0,0.0,10000
GCR_He,min,0,17.78279410038923,0.0,0,141,0.0,0.0,10000
GCR_He,min,0,17.78279410038923,1.0,0,0,0.0,0.0,10000
GCR_He,min,0,17.78279410038923,1.0,0,1,0.0,0.0,10000
GCR_He,min,0,17.78279410038923,1.0,0,2,0.0,0.0,10000
GCR_He,min,0,17.78279410038923,1.0,0,3,0.0,0.0,10000
GCR_He,min,0,17.78279410038923,1.0,0,4,0.0,0.0,10000
GCR_He,min,0,17.78279410038923,1.0,0,5,0.0,0.0,10000
GCR_He,min,0,17.78279410038923,1.0,0,6,0.0,0.0,10000
GCR_He,min,0,17.78279410038923,1.0,0,7,0.0,0.0,10000
GCR_He,min,0,17.78279410038923,1.0,0,8,0.0,0.0,10000
GCR_He,min,0,17.78279410038923,1.0,0,9,0.0,0.0,10000
GCR_He,min,0,17.78279410038923,1.0,0,10,0.0,0.0,10000
GCR_He,min,0,17.78279410038923,1.0,0,11,0.0,0.0,10000
GCR_He,min,0,17.78279410038923,1.0,0,12,0.0,0.0,10000
GCR_He,min,0,17.78279410038923,1.0,0,13,0.0,0.0,10000
GCR_He,min,0,17.78279410038923,1.0,0,14,0.0,0.0,10000
GCR_He,min,0,17.78279410038923,1.0,0,15,0.0,0.0,10000
GCR_He,min,0,17.78279410038923,1.0,0,16,0.0,0.0,10000
GCR_He,min,0,17.78279410038923,1.0,0,17,0.0,0.0,10000
GCR_He,min,0,17.78279410038923,1.0,0,18,0.0,0.0,10000
GCR_He,min,0,17.78279410038923,1.0,0,19,0.0,0.0,10000
GCR_He,min,0,17.78279410038923,1.0,0,20,0.0,0.0,10000
GCR_He,min,0,17.78279410038923,1.0,0,21,0.0,0.0,10000
GCR_He,min,0,17.78279410038923,1.0,0,22,0.0,0.0,10000
GCR_He,min,0,17.78279410038923,1.0,0,23,0.0,0.0,10000
GCR_He,min,0,17.78279410038923,1.0,0,24,0.0,0.0,10000
GCR_He,min,0,17.78279410038923,1.0,0,25,0.0,0.0,10000
GCR_He,min,0,17.78279410038923,1.0,0,26,0.0,0.0,10000
GCR_He,min,0,17.78279410038923,1.0,0,27,0.0,0.0,10000
GCR_He,min,0,17.78279410038923,1.0,0,28,0.0,0.0,10000
GCR_He,min,0,17.78279410038923,1.0,0,29,0.0,0.0,10000
GCR_He,min,0,17.78279410038923,1.0,0,30,0.0,0.0,10000
GCR_He,min,0,17.78279410038923,1.0,0,31,0.0,0.0,10000
GCR_He,min,0,17.78279410038923,1.0,0,32,0.0,0.0,10000
GCR_He,min,0,17.78279410038923,1.0,0,33,0.0,0.0,10000
GCR_He,min,0,17.78279410038923,1.0,0,34,0.0,0.0,10000
GCR_He,min,0,17.78279410038923,1.0,0,35,0.0,0.0,10000
GCR_He,min,0,17.78279410038923,1.0,0,36,0.0,0.0,10000
GCR_He,min,0,17.78279410038923,1.0,0,37,0.0,0.0,10000
GCR_He,min,0,17.78279410038923,1.0,0,38,0.0,0.0,10000
GCR_He,min,0,17.78279410038923,1.0,0,39,0.0,0.0,10000
GCR_He,min,0,17.78279410038923,1.0,0,40,0.0,0.0,10000
GCR_He,min,0,17.78279410038923,1.0,0,41,0.0,0.0,10000
GCR_He,min,0,17.78279410038923,1.0,0,42,0.0,0.0,10000
GCR_He,min,0,17.78279410038923,1.0,0,43,0.0,0.0,10000
GCR_He,min,0,17.78279410038923,1.0,0,44,0.0,0.0,10000
GCR_He,min,0,17.78279410038923,1.0,0,45,0.0,0.0,10000
GCR_He,min,0,17.78279410038923,1.0,0,46,0.0,0.0,10000
GCR_He,min,0,17.78279410038923,1.0,0,47,0.0,0.0,10000
GCR_He,min,0,17.78279410038923,1.0,0,48,0.0,0.0,10000
GCR_He,min,0,17.78279410038923,1.0,0,49,0.0,0.0,10000
GCR_He,min,0,17.78279410038923,1.0,0,50,0.0,0.0,10000
GCR_He,min,0,17.78279410038923,1.0,0,51,0.0,0.0,10000
GCR_He,min,0,17.78279410038923,1.0,0,52,0.0,0.0,10000
GCR_He,min,0,17.78279410038923,1.0,0,53,0.0,0.0,10000
GCR_He,min,0,17.78279410038923,1.0,0,54,0.0,0.0,10000
GCR_He,min,0,17.78279410038923,1.0,0,55,0.0,0.0,10000
GCR_He,min,0,17.78279410038923,1.0,0,56,0.0,0.0,10000
GCR_He,min,0,17.78279410038923,1.0,0,57,0.0,0.0,10000
GCR_He,min,0,17.78279410038923,1.0,0,58,0.0,0.0,10000
GCR_He,min,0,17.78279410038923,1.0,0,59,0.0,0.0,10000
GCR_He,min,0,17.78279410038923,1.0,0,60,0.0,0.0,10000
GCR_He,min,0,17.78279410038923,1.0,0,61,0.0,0.0,10000
GCR_He,min,0,17.78279410038923,1.0,0,62,0.0,0.0,10000
GCR_He,min,0,17.78279410038923,1.0,0,63,0.0,0.0,10000
GCR_He,min,0,17.78279410038923,1.0,0,64,0.0,0.0,10000
GCR_He,min,0,17.78279410038923,1.0,0,65,0.0,0.0,10000
GCR_He,min,0,17.78279410038923,1.0,0,66,0.0,0.0,10000
GCR_He,min,0,17.78279410038923,1.0,0,67,0.0,0.0,10000
GCR_He,min,0,17.78279410038923,1.0,0,68,0.0,0.0,10000
GCR_He,min,0,17.78279410038923,1.0,0,69,0.0,0.0,10000
GCR_He,min,0,17.78279410038923,1.0,0,70,0.0,0.0,10000
GCR_He,min,0,17.78279410038923,1.0,0,71,0.0,0.0,10000
GCR_He,min,0,17.78279410038923,1.0,0,72,0.0,0.0,10000
GCR_He,min,0,17.78279410038923,1.0,0,73,0.0,0.0,10000
GCR_He,min,0,17.78279410038923,1.0,0,74,0.0,0.0,10000
GCR_He,min,0,17.78279410038923,1.0,0,75,0.0,0.0,10000
GCR_He,min,0,17.78279410038923,1.0,0,76,0.0,0.0,10000
GCR_He,min,0,17.78279410038923,1.0,0,77,0.0,0.0,10000
GCR_He,min,0,17.78279410038923,1.0,0,78,0.0,0.0,10000
GCR_He,min,0,17.78279410038923,1.0,0,79,0.0,0.0,10000
GCR_He,min,0,17.78279410038923,1.0,0,80,0.0,0.0,10000
GCR_He,min,0,17.78279410038923,1.0,0,81,0.0,0.0,10000
GCR_He,min,0,17.78279410038923,1.0,0,82,0.0,0.0,10000
GCR_He,min,0,17.78279410038923,1.0,0,83,0.0,0.0,10000
GCR_He,min,0,17.78279410038923,1.0,0,84,0.0,0.0,10000
GCR_He,min,0,17.78279410038923,1.0,0,85,0.0,0.0,10000
GCR_He,min,0,17.78279410038923,1.0,0,86,0.0,0.0,10000
GCR_He,min,0,17.78279410038923,1.0,0,87,0.0,0.0,10000
GCR_He,min,0,17.78279410038923,1.0,0,88,0.0,0.0,10000
GCR_He,min,0,17.78279410038923,1.0,0,89,0.0,0.0,10000
GCR_He,min,0,17.78279410038923,1.0,0,90,0.0,0.0,10000
GCR_He,min,0,17.78279410038923,1.0,0,91,0.0,0.0,10000
GCR_He,min,0,17.78279410038923,1.0,0,92,0.0,0.0,10000
GCR_He,min,0,17.78279410038923,1.0,0,93,0.0,0.0,10000
GCR_He,min,0,17.78279410038923,1.0,0,94,0.0,0.0,10000
GCR_He,min,0,17.78279410038923,1.0,0,95,0.0,0.0,10000
GCR_He,min,0,17.78279410038923,1.0,0,96,0.0,0.0,10000
GCR_He,min,0,17.78279410038923,1.0,0,97,0.0,0.0,10000
GCR_He,min,0,17.78279410038923,1.0,0,98,0.0,0.0,10000
GCR_He,min,0,17.78279410038923,1.0,0,99,0.0,0.0,10000
GCR_He,min,0,17.78279410038923,1.0,0,100,0.0,0.0,10000
GCR_He,min,0,17.78279410038923,1.0,0,101,0.0,0.0,10000
GCR_He,min,0,17.78279410038923,1.0,0,102,0.0,0.0,10000
GCR_He,min,0,17.78279410038923,1.0,0,103,0.0,0.0,10000
GCR_He,min,0,17.78279410038923,1.0,0,104,0.0,0.0,10000
GCR_He,min,0,17.78279410038923,1.0,0,105,0.0,0.0,10000
GCR_He,min,0,17.78279410038923,1.0,0,106,0.0,0.0,10000
GCR_He,min,0,17.78279410038923,1.0,0,107,0.0,0.0,10000
GCR_He,min,0,17.78279410038923,1.0,0,108,0.0,0.0,10000
GCR_He,min,0,17.78279410038923,1.0,0,109,0.0,0.0,10000
GCR_He,min,0,17.78279410038923,1.0,0,110,0.0,0.0,10000
GCR_He,min,0,17.78279410038923,1.0,0,111,0.0,0.0,10000
GCR_He,min,0,17.78279410038923,1.0,0,112,0.0,0.0,10000
GCR_He,min,0,17.78279410038923,1.0,0,113,0.0,0.0,10000
GCR_He,min,0,17.78279410038923,1.0,0,114,0.0,0.0,10000
GCR_He,min,0,17.78279410038923,1.0,0,115,0.0,0.0,10000
GCR_He,min,0,17.78279410038923,1.0,0,116,0.0,0.0,10000
GCR_He,min,0,17.78279410038923,1.0,0,117,0.0,0.0,10000
GCR_He,min,0,17.78279410038923,1.0,0,118,0.0,0.0,10000
GCR_He,min,0,17.78279410038923,1.0,0,119,0.0,0.0,10000
GCR_He,min,0,17.78279410038923,1.0,0,120,0.0,0.0,10000
GCR_He,min,0,17.78279410038923,1.0,0,121,0.0,0.0,10000
GCR_He,min,0,17.78279410038923,1.0,0,122,0.0,0.0,10000
GCR_He,min,0,17.78279410038923,1.0,0,123,0.0,0.0,10000
GCR_He,min,0,17.78279410038923,1.0,0,124,0.0,0.0,10000
GCR_He,min,0,17.78279410038923,1.0,0,125,0.0,0.0,10000
GCR_He,min,0,17.78279410038923,1.0,0,126,0.0,0.0,10000
GCR_He,min,0,17.78279410038923,1.0,0,127,0.0,0.0,10000
GCR_He,min,0,17.78279410038923,1.0,0,128,0.0,0.0,10000
GCR_He,min,0,17.78279410038923,1.0,0,129,0.0,0.0,10000
GCR_He,min,0,17.78279410038923,1.0,0,130,0.0,0.0,10000
GCR_He,min,0,17.78279410038923,1.0,0,131,0.0,0.0,10000
GCR_He,min,0,17.78279410038923,1.0,0,132,0.0,0.0,10000
GCR_He,min,0,17.78279410038923,1.0,0,133,0.0,0.0,10000
GCR_He,min,0,17.78279410038923,1.0,0,134,0.0,0.0,10000
GCR_He,min,0,17.78279410038923,1.0,0,135,0.0,0.0,10000
GCR_He,min,0,17.78279410038923,1.0,0,136,0.0,0.0,10000
GCR_He,min,0,17.78279410038923,1.0,0,137,0.0,0.0,10000
GCR_He,min,0,17.78279410038923,1.0,0,138,0.0,0.0,10000
GCR_He,min,0,17.78279410038923,1.0,0,139,0.0,0.0,10000
GCR_He,min,0,17.78279410038923,1.0,0,140,0.0,0.0,10000
GCR_He,min,0,17.78279410038923,1.0,0,141,0.0,0.0,10000
GCR_He,min,1,56.23413251903491,0.0,0,0,0.0,0.0,10000
GCR_He,min,1,56.23413251903491,0.0,0,1,0.0,0.0,10000
GCR_He,min,1,56.23413251903491,0.0,0,2,0.0,0.0,10000
GCR_He,min,1,56.23413251903491,0.0,0,3,0.0,0.0,10000
GCR_He,min,1,56.23413251903491,0.0,0,4,0.0,0.0,10000
GCR_He,min,1,56.23413251903491,0.0,0,5,0.0,0.0,10000
GCR_He,min,1,56.23413251903491,0.0,0,6,0.0,0.0,10000
GCR_He,min,1,56.23413251903491,0.0,0,7,0.0,0.0,10000
GCR_He,min,1,56.23413251903491,0.0,0,8,0.0,0.0,10000
GCR_He,min,1,56.23413251903491,0.0,0,9,0.0,0.0,10000
GCR_He,min,1,56.23413251903491,0.0,0,10,0.0,0.0,10000
GCR_He,min,1,56.23413251903491,0.0,0,11,0.0,0.0,10000
GCR_He,min,1,56.23413251903491,0.0,0,12,0.0,0.0,10000
GCR_He,min,1,56.23413251903491,0.0,0,13,0.0,0.0,10000
GCR_He,min,1,56.23413251903491,0.0,0,14,0.0,0.0,10000
GCR_He,min,1,56.23413251903491,0.0,0,15,0.0,0.0,10000
GCR_He,min,1,56.23413251903491,0.0,0,16,0.0,0.0,10000
GCR_He,min,1,56.23413251903491,0.0,0,17,0.0,0.0,10000
GCR_He,min,1,56.23413251903491,0.0,0,18,0.0,0.0,10000
GCR_He,min,1,56.23413251903491,0.0,0,19,0.0,0.0,10000
GCR_He,min,1,56.23413251903491,0.0,0,20,0.0,0.0,10000
GCR_He,min,1,56.23413251903491,0.0,0,21,0.0,0.0,10000
GCR_He,min,1,56.23413251903491,0.0,0,22,0.0,0.0,10000
GCR_He,min,1,56.23413251903491,0.0,0,23,0.0,0.0,10000
GCR_He,min,1,56.23413251903491,0.0,0,24,0.0,0.0,10000
GCR_He,min,1,56.23413251903491,0.0,0,25,0.0,0.0,10000
GCR_He,min,1,56.23413251903491,0.0,0,26,1.39124e-14,2.47178e-14,10000
GCR_He,min,1,56.23413251903491,0.0,0,27,0.0,0.0,10000
GCR_He,min,1,56.23413251903491,0.0,0,28,0.0,0.0,10000
GCR_He,min,1,56.23413251903491,0.0,0,29,0.0,0.0,10000
GCR_He,min,1,56.23413251903491,0.0,0,30,0.0,0.0,10000
GCR_He,min,1,56.23413251903491,0.0,0,31,0.0,0.0,10000
GCR_He,min,1,56.23413251903491,0.0,0,32,0.0,0.0,10000
GCR_He,min,1,56.23413251903491,0.0,0,33,0.0,0.0,10000
GCR_He,min,1,56.23413251903491,0.0,0,34,2.64709e-14,4.98181e-14,10000
GCR_He,min,1,56.23413251903491,0.0,0,35,0.0,0.0,10000
GCR_He,min,1,56.23413251903491,0.0,0,36,0.0,0.0,10000
GCR_He,min,1,56.23413251903491,0.0,0,37,0.0,0.0,10000
GCR_He,min,1,56.23413251903491,0.0,0,38,0.0,0.0,10000
GCR_He,min,1,56.23413251903491,0.0,0,39,0.0,0.0,10000
GCR_He,min,1,56.23413251903491,0.0,0,40,0.0,0.0,10000
GCR_He,min,1,56.23413251903491,0.0,0,41,0.0,0.0,10000
GCR_He,min,1,56.23413251903491,0.0,0,42,0.0,0.0,10000
GCR_He,min,1,56.23413251903491,0.0,0,43,4.03417e-15,1.10477e-14,10000
GCR_He,min,1,56.23413251903491,0.0,0,44,6.78885e-20,1.3054e-19,10000
GCR_He,min,1,56.23413251903491,0.0,0,45,0.0,0.0,10000
GCR_He,min,1,56.23413251903491,0.0,0,46,0.0,0.0,10000
GCR_He,min,1,56.23413251903491,0.0,0,47,0.0,0.0,10000
GCR_He,min,1,56.23413251903491,0.0,0,48,0.0,0.0,10000
GCR_He,min,1,56.23413251903491,0.0,0,49,0.0,0.0,10000
GCR_He,min,1,56.23413251903491,0.0,0,50,0.0,0.0,10000
GCR_He,min,1,56.23413251903491,0.0,0,51,0.0,0.0,10000
GCR_He,min,1,56.23413251903491,0.0,0,52,0.0,0.0,10000
GCR_He,min,1,56.23413251903491,0.0,0,53,0.0,0.0,10000
GCR_He,min,1,56.23413251903491,0.0,0,54,0.0,0.0,10000
GCR_He,min,1,56.23413251903491,0.0,0,55,0.0,0.0,10000
GCR_He,min,1,56.23413251903491,0.0,0,56,0.0,0.0,10000
GCR_He,min,1,56.23413251903491,0.0,0,57,0.0,0.0,10000
GCR_He,min,1,56.23413251903491,0.0,0,58,0.0,0.0,10000
GCR_He,min,1,56.23413251903491,0.0,0,59,0.0,0.0,10000
GCR_He,min,1,56.23413251903491,0.0,0,60,0.0,0.0,10000
GCR_He,min,1,56.23413251903491,0.0,0,61,1.30172e-12,8.97738e-13,10000
GCR_He,min,1,56.23413251903491,0.0,0,62,0.0,0.0,10000
GCR_He,min,1,56.23413251903491,0.0,0,63,0.0,0.0,10000
GCR_He,min,1,56.23413251903491,0.0,0,64,0.0,0.0,10000
GCR_He,min,1,56.23413251903491,0.0,0,65,0.0,0.0,10000
GCR_He,min,1,56.23413251903491,0.0,0,66,0.0,0.0,10000
GCR_He,min,1,56.23413251903491,0.0,0,67,0.0,0.0,10000
GCR_He,min,1,56.23413251903491,0.0,0,68,0.0,0.0,10000
GCR_He,min,1,56.23413251903491,0.0,0,69,0.0,0.0,10000
GCR_He,min,1,56.23413251903491,0.0,0,70,0.0,0.0,10000
GCR_He,min,1,56.23413251903491,0.0,0,71,0.0,0.0,10000
GCR_He,min,1,56.23413251903491,0.0,0,72,0.0,0.0,10000
GCR_He,min,1,56.23413251903491,0.0,0,73,0.0,0.0,10000
GCR_He,min,1,56.23413251903491,0.0,0,74,0.0,0.0,10000
GCR_He,min,1,56.23413251903491,0.0,0,75,0.0,0.0,10000
GCR_He,min,1,56.23413251903491,0.0,0,76,0.0,0.0,10000
GCR_He,min,1,56.23413251903491,0.0,0,77,0.0,0.0,10000
GCR_He,min,1,56.23413251903491,0.0,0,78,0.0,0.0,10000
GCR_He,min,1,56.23413251903491,0.0,0,79,0.0,0.0,10000
GCR_He,min,1,56.23413251903491,0.0,0,80,0.0,0.0,10000
GCR_He,min,1,56.23413251903491,0.0,0,81,0.0,0.0,10000
GCR_He,min,1,56.23413251903491,0.0,0,82,0.0,0.0,10000
GCR_He,min,1,56.23413251903491,0.0,0,83,0.0,0.0,10000
GCR_He,min,1,56.23413251903491,0.0,0,84,0.0,0.0,10000
GCR_He,min,1,56.23413251903491,0.0,0,85,0.0,0.0,10000
GCR_He,min,1,56.23413251903491,0.0,0,86,0.0,0.0,10000
GCR_He,min,1,56.23413251903491,0.0,0,87,0.0,0.0,10000
GCR_He,min,1,56.23413251903491,0.0,0,88,0.0,0.0,10000
GCR_He,min,1,56.23413251903491,0.0,0,89,0.0,0.0,10000
GCR_He,min,1,56.23413251903491,0.0,0,90,0.0,0.0,10000
GCR_He,min,1,56.23413251903491,0.0,0,91,0.0,0.0,10000
GCR_He,min,1,56.23413251903491,0.0,0,92,0.0,0.0,10000
GCR_He,min,1,56.23413251903491,0.0,0,93,0.0,0.0,10000
GCR_He,min,1,56.23413251903491,0.0,0,94,0.0,0.0,10000
GCR_He,min,1,56.23413251903491,0.0,0,95,1.1848e-13,6.58216e-14,10000
GCR_He,min,1,56.23413251903491,0.0,0,96,0.0,0.0,10000
GCR_He,min,1,56.23413251903491,0.0,0,97,0.0,0.0,10000
GCR_He,min,1,56.23413251903491,0.0,0,98,0.0,0.0,10000
GCR_He,min,1,56.23413251903491,0.0,0,99,0.0,0.0,10000
GCR_He,min,1,56.23413251903491,0.0,0,100,0.0,0.0,10000
GCR_He,min,1,56.23413251903491,0.0,0,101,0.0,0.0,10000
GCR_He,min,1,56.23413251903491,0.0,0,102,0.0,0.0,10000
GCR_He,min,1,56.23413251903491,0.0,0,103,0.0,0.0,10000
GCR_He,min,1,56.23413251903491,0.0,0,104,0.0,0.0,10000
GCR_He,min,1,56.23413251903491,0.0,0,105,0.0,0.0,10000
GCR_He,min,1,56.23413251903491,0.0,0,106,1.71934e-13,1.41183e-13,10000
GCR_He,min,1,56.23413251903491,0.0,0,107,2.11423e-14,1.40884e-15,10000
GCR_He,min,1,56.23413251903491,0.0,0,108,2.88601e-13,1.04926e-13,10000
GCR_He,min,1,56.23413251903491,0.0,0,109,4.33199e-13,4.3212e-14,10000
GCR_He,min,1,56.23413251903491,0.0,0,110,0.0,0.0,10000
GCR_He,min,1,56.23413251903491,0.0,0,111,0.0,0.0,10000
GCR_He,min,1,56.23413251903491,0.0,0,112,0.0,0.0,10000
GCR_He,min,1,56.23413251903491,0.0,0,113,0.0,0.0,10000
GCR_He,min,1,56.23413251903491,0.0,0,114,0.0,0.0,10000
GCR_He,min,1,56.23413251903491,0.0,0,115,0.0,0.0,10000
GCR_He,min,1,56.23413251903491,0.0,0,116,0.0,0.0,10000
GCR_He,min,1,56.23413251903491,0.0,0,117,8.85587e-08,7.15912e-09,10000
GCR_He,min,1,56.23413251903491,0.0,0,118,5.66164e-14,3.44493e-14,10000
GCR_He,min,1,56.23413251903491,0.0,0,119,8.75122e-13,1.62166e-13,10000
GCR_He,min,1,56.23413251903491,0.0,0,120,5.21289e-15,1.22685e-13,10000
GCR_He,min,1,56.23413251903491,0.0,0,121,0.0,0.0,10000
GCR_He,min,1,56.23413251903491,0.0,0,122,3.77963e-13,1.29733e-12,10000
GCR_He,min,1,56.23413251903491,0.0,0,123,4.25678e-14,2.90524e-14,10000
GCR_He,min,1,56.23413251903491,0.0,0,124,0.0,0.0,10000
GCR_He,min,1,56.23413251903491,0.0,0,125,0.0,0.0,10000
GCR_He,min,1,56.23413251903491,0.0,0,126,0.0,0.0,10000
GCR_He,min,1,56.23413251903491,0.0,0,127,0.0,0.0,10000
GCR_He,min,1,56.23413251903491,0.0,0,128,0.0,0.0,10000
GCR_He,min,1,56.23413251903491,0.0,0,129,0.0,0.0,10000
GCR_He,min,1,56.23413251903491,0.0,0,130,0.0,0.0,10000
GCR_He,min,1,56.23413251903491,0.0,0,131,0.0,0.0,10000
GCR_He,min,1,56.23413251903491,0.0,0,132,0.0,0.0,10000
GCR_He,min,1,56.23413251903491,0.0,0,133,0.0,0.0,10000
GCR_He,min,1,56.23413251903491,0.0,0,134,0.0,0.0,10000
GCR_He,min,1,56.23413251903491,0.0,0,135,0.0,0.0,10000
GCR_He,min,1,56.23413251903491,0.0,0,136,0.0,0.0,10000
GCR_He,min,1,56.23413251903491,0.0,0,137,0.0,0.0,10000
GCR_He,min,1,56.23413251903491,0.0,0,138,0.0,0.0,10000
GCR_He,min,1,56.23413251903491,0.0,0,139,0.0,0.0,10000
GCR_He,min,1,56.23413251903491,0.0,0,140,0.0,0.0,10000
GCR_He,min,1,56.23413251903491,0.0,0,141,0.0,0.0,10000
GCR_He,min,1,56.23413251903491,1.0,0,0,0.0,0.0,10000
GCR_He,min,1,56.23413251903491,1.0,0,1,0.0,0.0,10000
GCR_He,min,1,56.23413251903491,1.0,0,2,0.0,0.0,10000
GCR_He,min,1,56.23413251903491,1.0,0,3,0.0,0.0,10000
GCR_He,min,1,56.23413251903491,1.0,0,4,0.0,0.0,10000
GCR_He,min,1,56.23413251903491,1.0,0,5,0.0,0.0,10000
GCR_He,min,1,56.23413251903491,1.0,0,6,0.0,0.0,10000
GCR_He,min,1,56.23413251903491,1.0,0,7,0.0,0.0,10000
GCR_He,min,1,56.23413251903491,1.0,0,8,0.0,0.0,10000
GCR_He,min,1,56.23413251903491,1.0,0,9,0.0,0.0,10000
GCR_He,min,1,56.23413251903491,1.0,0,10,0.0,0.0,10000
GCR_He,min,1,56.23413251903491,1.0,0,11,0.0,0.0,10000
GCR_He,min,1,56.23413251903491,1.0,0,12,0.0,0.0,10000
GCR_He,min,1,56.23413251903491,1.0,0,13,0.0,0.0,10000
GCR_He,min,1,56.23413251903491,1.0,0,14,0.0,0.0,10000
GCR_He,min,1,56.23413251903491,1.0,0,15,0.0,0.0,10000
GCR_He,min,1,56.23413251903491,1.0,0,16,0.0,0.0,10000
GCR_He,min,1,56.23413251903491,1.0,0,17,0.0,0.0,10000
GCR_He,min,1,56.23413251903491,1.0,0,18,0.0,0.0,10000
GCR_He,min,1,56.23413251903491,1.0,0,19,0.0,0.0,10000
GCR_He,min,1,56.23413251903491,1.0,0,20,0.0,0.0,10000
GCR_He,min,1,56.23413251903491,1.0,0,21,0.0,0.0,10000
GCR_He,min,1,56.23413251903491,1.0,0,22,0.0,0.0,10000
GCR_He,min,1,56.23413251903491,1.0,0,23,0.0,0.0,10000
GCR_He,min,1,56.23413251903491,1.0,0,24,0.0,0.0,10000
GCR_He,min,1,56.23413251903491,1.0,0,25,0.0,0.0,10000
GCR_He,min,1,56.23413251903491,1.0,0,26,0.0,0.0,10000
GCR_He,min,1,56.23413251903491,1.0,0,27,0.0,0.0,10000
GCR_He,min,1,56.23413251903491,1.0,0,28,0.0,0.0,10000
GCR_He,min,1,56.23413251903491,1.0,0,29,0.0,0.0,10000
GCR_He,min,1,56.23413251903491,1.0,0,30,0.0,0.0,10000
GCR_He,min,1,56.23413251903491,1.0,0,31,0.0,0.0,10000
GCR_He,min,1,56.23413251903491,1.0,0,32,0.0,0.0,10000
GCR_He,min,1,56.23413251903491,1.0,0,33,0.0,0.0,10000
GCR_He,min,1,56.23413251903491,1.0,0,34,0.0,0.0,10000
GCR_He,min,1,56.23413251903491,1.0,0,35,0.0,0.0,10000
GCR_He,min,1,56.23413251903491,1.0,0,36,0.0,0.0,10000
GCR_He,min,1,56.23413251903491,1.0,0,37,0.0,0.0,10000
GCR_He,min,1,56.23413251903491,1.0,0,38,0.0,0.0,10000
GCR_He,min,1,56.23413251903491,1.0,0,39,0.0,0.0,10000
GCR_He,min,1,56.23413251903491,1.0,0,40,0.0,0.0,10000
GCR_He,min,1,56.23413251903491,1.0,0,41,0.0,0.0,10000
GCR_He,min,1,56.23413251903491,1.0,0,42,0.0,0.0,10000
GCR_He,min,1,56.23413251903491,1.0,0,43,0.0,0.0,10000
GCR_He,min,1,56.23413251903491,1.0,0,44,0.0,0.0,10000
GCR_He,min,1,56.23413251903491,1.0,0,45,0.0,0.0,10000
GCR_He,min,1,56.23413251903491,1.0,0,46,0.0,0.0,10000
GCR_He,min,1,56.23413251903491,1.0,0,47,0.0,0.0,10000
GCR_He,min,1,56.23413251903491,1.0,0,48,0.0,0.0,10000
GCR_He,min,1,56.23413251903491,1.0,0,49,0.0,0.0,10000
GCR_He,min,1,56.23413251903491,1.0,0,50,0.0,0.0,10000
GCR_He,min,1,56.23413251903491,1.0,0,51,0.0,0.0,10000
GCR_He,min,1,56.23413251903491,1.0,0,52,0.0,0.0,10000
GCR_He,min,1,56.23413251903491,1.0,0,53,0.0,0.0,10000
GCR_He,min,1,56.23413251903491,1.0,0,54,0.0,0.0,10000
GCR_He,min,1,56.23413251903491,1.0,0,55,0.0,0.0,10000
GCR_He,min,1,56.23413251903491,1.0,0,56,0.0,0.0,10000
GCR_He,min,1,56.23413251903491,1.0,0,57,0.0,0.0,10000
GCR_He,min,1,56.23413251903491,1.0,0,58,0.0,0.0,10000
GCR_He,min,1,56.23413251903491,1.0,0,59,0.0,0.0,10000
GCR_He,min,1,56.23413251903491,1.0,0,60,0.0,0.0,10000
GCR_He,min,1,56.23413251903491,1.0,0,61,0.0,0.0,10000
GCR_He,min,1,56.23413251903491,1.0,0,62,0.0,0.0,10000
GCR_He,min,1,56.23413251903491,1.0,0,63,0.0,0.0,10000
GCR_He,min,1,56.23413251903491,1.0,0,64,0.0,0.0,10000
GCR_He,min,1,56.23413251903491,1.0,0,65,0.0,0.0,10000
GCR_He,min,1,56.23413251903491,1.0,0,66,0.0,0.0,10000
GCR_He,min,1,56.23413251903491,1.0,0,67,0.0,0.0,10000
GCR_He,min,1,56.23413251903491,1.0,0,68,0.0,0.0,10000
GCR_He,min,1,56.23413251903491,1.0,0,69,0.0,0.0,10000
GCR_He,min,1,56.23413251903491,1.0,0,70,0.0,0.0,10000
GCR_He,min,1,56.23413251903491,1.0,0,71,0.0,0.0,10000
GCR_He,min,1,56.23413251903491,1.0,0,72,0.0,0.0,10000
GCR_He,min,1,56.23413251903491,1.0,0,73,0.0,0.0,10000
GCR_He,min,1,56.23413251903491,1.0,0,74,0.0,0.0,10000
GCR_He,min,1,56.23413251903491,1.0,0,75,0.0,0.0,10000
GCR_He,min,1,56.23413251903491,1.0,0,76,0.0,0.0,10000
GCR_He,min,1,56.23413251903491,1.0,0,77,0.0,0.0,10000
GCR_He,min,1,56.23413251903491,1.0,0,78,0.0,0.0,10000
GCR_He,min,1,56.23413251903491,1.0,0,79,0.0,0.0,10000
GCR_He,min,1,56.23413251903491,1.0,0,80,0.0,0.0,10000
GCR_He,min,1,56.23413251903491,1.0,0,81,0.0,0.0,10000
GCR_He,min,1,56.23413251903491,1.0,0,82,0.0,0.0,10000
GCR_He,min,1,56.23413251903491,1.0,0,83,0.0,0.0,10000
GCR_He,min,1,56.23413251903491,1.0,0,84,0.0,0.0,10000
GCR_He,min,1,56.23413251903491,1.0,0,85,0.0,0.0,10000
GCR_He,min,1,56.23413251903491,1.0,0,86,0.0,0.0,10000
GCR_He,min,1,56.23413251903491,1.0,0,87,0.0,0.0,10000
GCR_He,min,1,56.23413251903491,1.0,0,88,0.0,0.0,10000
GCR_He,min,1,56.23413251903491,1.0,0,89,0.0,0.0,10000
GCR_He,min,1,56.23413251903491,1.0,0,90,0.0,0.0,10000
GCR_He,min,1,56.23413251903491,1.0,0,91,0.0,0.0,10000
GCR_He,min,1,56.23413251903491,1.0,0,92,0.0,0.0,10000
GCR_He,min,1,56.23413251903491,1.0,0,93,0.0,0.0,10000
GCR_He,min,1,56.23413251903491,1.0,0,94,0.0,0.0,10000
GCR_He,min,1,56.23413251903491,1.0,0,95,0.0,0.0,10000
GCR_He,min,1,56.23413251903491,1.0,0,96,0.0,0.0,10000
GCR_He,min,1,56.23413251903491,1.0,0,97,0.0,0.0,10000
GCR_He,min,1,56.23413251903491,1.0,0,98,0.0,0.0,10000
GCR_He,min,1,56.23413251903491,1.0,0,99,0.0,0.0,10000
GCR_He,min,1,56.23413251903491,1.0,0,100,0.0,0.0,10000
GCR_He,min,1,56.23413251903491,1.0,0,101,0.0,0.0,10000
GCR_He,min,1,56.23413251903491,1.0,0,102,0.0,0.0,10000
GCR_He,min,1,56.23413251903491,1.0,0,103,0.0,0.0,10000
GCR_He,min,1,56.23413251903491,1.0,0,104,0.0,0.0,10000
GCR_He,min,1,56.23413251903491,1.0,0,105,0.0,0.0,10000
GCR_He,min,1,56.23413251903491,1.0,0,106,0.0,0.0,10000
GCR_He,min,1,56.23413251903491,1.0,0,107,0.0,0.0,10000
GCR_He,min,1,56.23413251903491,1.0,0,108,0.0,0.0,10000
GCR_He,min,1,56.23413251903491,1.0,0,109,0.0,0.0,10000
GCR_He,min,1,56.23413251903491,1.0,0,110,0.0,0.0,10000
GCR_He,min,1,56.23413251903491,1.0,0,111,0.0,0.0,10000
GCR_He,min,1,56.23413251903491,1.0,0,112,0.0,0.0,10000
GCR_He,min,1,56.23413251903491,1.0,0,113,0.0,0.0,10000
GCR_He,min,1,56.23413251903491,1.0,0,114,0.0,0.0,10000
GCR_He,min,1,56.23413251903491,1.0,0,115,0.0,0.0,10000
GCR_He,min,1,56.23413251903491,1.0,0,116,0.0,0.0,10000
GCR_He,min,1,56.23413251903491,1.0,0,117,0.0,0.0,10000
GCR_He,min,1,56.23413251903491,1.0,0,118,0.0,0.0,10000
GCR_He,min,1,56.23413251903491,1.0,0,119,0.0,0.0,10000
GCR_He,min,1,56.23413251903491,1.0,0,120,0.0,0.0,10000
GCR_He,min,1,56.23413251903491,1.0,0,121,0.0,0.0,10000
GCR_He,min,1,56.23413251903491,1.0,0,122,0.0,0.0,10000
GCR_He,min,1,56.23413251903491,1.0,0,123,0.0,0.0,10000
GCR_He,min,1,56.23413251903491,1.0,0,124,0.0,0.0,10000
GCR_He,min,1,56.23413251903491,1.0,0,125,0.0,0.0,10000
GCR_He,min,1,56.23413251903491,1.0,0,126,0.0,0.0,10000
GCR_He,min,1,56.23413251903491,1.0,0,127,0.0,0.0,10000
GCR_He,min,1,56.23413251903491,1.0,0,128,0.0,0.0,10000
GCR_He,min,1,56.23413251903491,1.0,0,129,0.0,0.0,10000
GCR_He,min,1,56.23413251903491,1.0,0,130,0.0,0.0,10000
GCR_He,min,1,56.23413251903491,1.0,0,131,0.0,0.0,10000
GCR_He,min,1,56.23413251903491,1.0,0,132,0.0,0.0,10000
GCR_He,min,1,56.23413251903491,1.0,0,133,0.0,0.0,10000
GCR_He,min,1,56.23413251903491,1.0,0,134,0.0,0.0,10000
GCR_He,min,1,56.23413251903491,1.0,0,135,0.0,0.0,10000
GCR_He,min,1,56.23413251903491,1.0,0,136,0.0,0.0,10000
GCR_He,min,1,56.23413251903491,1.0,0,137,0.0,0.0,10000
GCR_He,min,1,56.23413251903491,1.0,0,138,0.0,0.0,10000
GCR_He,min,1,56.23413251903491,1.0,0,139,0.0,0.0,10000
GCR_He,min,1,56.23413251903491,1.0,0,140,0.0,0.0,10000
GCR_He,min,1,56.23413251903491,1.0,0,141,0.0,0.0,10000
GCR_He,min,2,177.82794100389228,0.0,0,0,1.48767e-09,0.0,10000
GCR_He,min,2,177.82794100389228,0.0,0,1,0.0,0.0,10000
GCR_He,min,2,177.82794100389228,0.0,0,2,0.0,0.0,10000
GCR_He,min,2,177.82794100389228,0.0,0,3,0.0,0.0,10000
GCR_He,min,2,177.82794100389228,0.0,0,4,0.0,0.0,10000
GCR_He,min,2,177.82794100389228,0.0,0,5,0.0,0.0,10000
GCR_He,min,2,177.82794100389228,0.0,0,6,0.0,0.0,10000
GCR_He,min,2,177.82794100389228,0.0,0,7,0.0,0.0,10000
GCR_He,min,2,177.82794100389228,0.0,0,8,1.53493e-11,2.31478e-10,10000
GCR_He,min,2,177.82794100389228,0.0,0,9,0.0,0.0,10000
GCR_He,min,2,177.82794100389228,0.0,0,10,4.96139e-11,1.82451e-10,10000
GCR_He,min,2,177.82794100389228,0.0,0,11,0.0,0.0,10000
GCR_He,min,2,177.82794100389228,0.0,0,12,3.79609e-12,4.5714e-11,10000
GCR_He,min,2,177.82794100389228,0.0,0,13,1.54043e-11,1.13887e-10,10000
GCR_He,min,2,177.82794100389228,0.0,0,14,6.44092e-12,3.48422e-11,10000
GCR_He,min,2,177.82794100389228,0.0,0,15,5.27101e-12,1.57438e-10,10000
GCR_He,min,2,177.82794100389228,0.0,0,16,2.48701e-11,1.94252e-10,10000
GCR_He,min,2,177.82794100389228,0.0,0,17,1.14059e-11,1.90958e-10,10000
GCR_He,min,2,177.82794100389228,0.0,0,18,0.0,0.0,10000
GCR_He,min,2,177.82794100389228,0.0,0,19,2.06972e-12,7.64298e-12,10000
GCR_He,min,2,177.82794100389228,0.0,0,20,8.90576e-12,4.89569e-11,10000
GCR_He,min,2,177.82794100389228,0.0,0,21,0.0,0.0,10000
GCR_He,min,2,177.82794100389228,0.0,0,22,1.0979e-12,6.10827e-12,10000
GCR_He,min,2,177.82794100389228,0.0,0,23,5.01722e-12,3.59426e-11,10000
GCR_He,min,2,177.82794100389228,0.0,0,24,2.1061e-16,4.40791e-15,10000
GCR_He,min,2,177.82794100389228,0.0,0,25,0.0,0.0,10000
GCR_He,min,2,177.82794100389228,0.0,0,26,1.73609e-11,3.08446e-11,10000
GCR_He,min,2,177.82794100389228,0.0,0,27,3.28223e-11,7.2767e-11,10000
GCR_He,min,2,177.82794100389228,0.0,0,28,1.15572e-14,4.41654e-14,10000
GCR_He,min,2,177.82794100389228,0.0,0,29,2.56468e-15,5.43307e-15,10000
GCR_He,min,2,177.82794100389228,0.0,0,30,5.16446e-20,2.00328e-18,10000
GCR_He,min,2,177.82794100389228,0.0,0,31,2.43565e-11,8.28199e-11,10000
GCR_He,min,2,177.82794100389228,0.0,0,32,2.5681e-11,5.85562e-11,10000
GCR_He,min,2,177.82794100389228,0.0,0,33,8.40958e-13,1.03963e-11,10000
GCR_He,min,2,177.82794100389228,0.0,0,34,5.70207e-11,1.07313e-10,10000
GCR_He,min,2,177.82794100389228,0.0,0,35,5.94609e-11,8.15225e-11,10000
GCR_He,min,2,177.82794100389228,0.0,0,36,1.20593e-11,1.5329e-10,10000
GCR_He,min,2,177.82794100389228,0.0,0,37,2.33933e-11,1.0059e-10,10000
GCR_He,min,2,177.82794100389228,0.0,0,38,3.87795e-11,7.63707e-11,10000
GCR_He,min,2,177.82794100389228,0.0,0,39,1.38346e-13,1.81747e-12,10000
GCR_He,min,2,177.82794100389228,0.0,0,40,0.0,0.0,10000
GCR_He,min,2,177.82794100389228,0.0,0,41,3.7097e-11,9.30637e-11,10000
GCR_He,min,2,177.82794100389228,0.0,0,42,5.08215e-11,7.46081e-11,10000
GCR_He,min,2,177.82794100389228,0.0,0,43,3.80627e-11,1.04236e-10,10000
GCR_He,min,2,177.82794100389228,0.0,0,44,5.95608e-11,1.14527e-10,10000
GCR_He,min,2,177.82794100389228,0.0,0,45,3.44466e-12,1.55775e-11,10000
GCR_He,min,2,177.82794100389228,0.0,0,46,3.42194e-12,1.78031e-11,10000
GCR_He,min,2,177.82794100389228,0.0,0,47,0.0,0.0,10000
GCR_He,min,2,177.82794100389228,0.0,0,48,0.0,0.0,10000
GCR_He,min,2,177.82794100389228,0.0,0,49,4.97026e-11,1.73433e-10,10000
GCR_He,min,2,177.82794100389228,0.0,0,50,3.16807e-11,9.44735e-11,10000
GCR_He,min,2,177.82794100389228,0.0,0,51,5.13338e-12,2.75706e-11,10000
GCR_He,min,2,177.82794100389228,0.0,0,52,5.23015e-12,1.73144e-11,10000
GCR_He,min,2,177.82794100389228,0.0,0,53,8.2035e-12,7.5103e-11,10000
GCR_He,min,2,177.82794100389228,0.0,0,54,3.25285e-11,1.87474e-10,10000
GCR_He,min,2,177.82794100389228,0.0,0,55,0.0,0.0,10000
GCR_He,min,2,177.82794100389228,0.0,0,56,0.0,0.0,10000
GCR_He,min,2,177.82794100389228,0.0,0,57,0.0,0.0,10000
GCR_He,min,2,177.82794100389228,0.0,0,58,1.63001e-11,1.83829e-10,10000
GCR_He,min,2,177.82794100389228,0.0,0,59,7.11733e-13,1.20429e-10,10000
GCR_He,min,2,177.82794100389228,0.0,0,60,2.55092e-12,7.34501e-11,10000
GCR_He,min,2,177.82794100389228,0.0,0,61,1.42835e-10,9.85067e-11,10000
GCR_He,min,2,177.82794100389228,0.0,0,62,0.0,0.0,10000
GCR_He,min,2,177.82794100389228,0.0,0,63,0.0,0.0,10000
GCR_He,min,2,177.82794100389228,0.0,0,64,0.0,0.0,10000
GCR_He,min,2,177.82794100389228,0.0,0,65,0.0,0.0,10000
GCR_He,min,2,177.82794100389228,0.0,0,66,0.0,0.0,10000
GCR_He,min,2,177.82794100389228,0.0,0,67,0.0,0.0,10000
GCR_He,min,2,177.82794100389228,0.0,0,68,0.0,0.0,10000
GCR_He,min,2,177.82794100389228,0.0,0,69,0.0,0.0,10000
GCR_He,min,2,177.82794100389228,0.0,0,70,2.98884e-12,2.14715e-10,10000
GCR_He,min,2,177.82794100389228,0.0,0,71,2.11256e-11,3.90636e-10,10000
GCR_He,min,2,177.82794100389228,0.0,0,72,1.96182e-11,1.30797e-10,10000
GCR_He,min,2,177.82794100389228,0.0,0,73,2.90592e-13,1.16232e-12,10000
GCR_He,min,2,177.82794100389228,0.0,0,74,1.3368e-10,2.05662e-10,10000
GCR_He,min,2,177.82794100389228,0.0,0,75,2.47766e-11,7.07863e-11,10000
GCR_He,min,2,177.82794100389228,0.0,0,76,0.0,0.0,10000
GCR_He,min,2,177.82794100389228,0.0,0,77,0.0,0.0,10000
GCR_He,min,2,177.82794100389228,0.0,0,78,1.33641e-13,2.22735e-12,10000
GCR_He,min,2,177.82794100389228,0.0,0,79,3.51581e-14,3.70086e-13,10000
GCR_He,min,2,177.82794100389228,0.0,0,80,1.19768e-14,1.99613e-13,10000
GCR_He,min,2,177.82794100389228,0.0,0,81,0.0,0.0,10000
GCR_He,min,2,177.82794100389228,0.0,0,82,7.50309e-12,8.3377e-11,10000
GCR_He,min,2,177.82794100389228,0.0,0,83,0.0,0.0,10000
GCR_He,min,2,177.82794100389228,0.0,0,84,0.0,0.0,10000
GCR_He,min,2,177.82794100389228,0.0,0,85,0.0,0.0,10000
GCR_He,min,2,177.82794100389228,0.0,0,86,0.0,0.0,10000
GCR_He,min,2,177.82794100389228,0.0,0,87,4.62928e-11,1.4029e-10,10000
GCR_He,min,2,177.82794100389228,0.0,0,88,1.36937e-10,2.68499e-10,10000
GCR_He,min,2,177.82794100389228,0.0,0,89,8.48518e-16,7.92119e-15,10000
GCR_He,min,2,177.82794100389228,0.0,0,90,1.01348e-19,2.64963e-18,10000
GCR_He,min,2,177.82794100389228,0.0,0,91,9.43266e-20,1.23626e-17,10000
GCR_He,min,2,177.82794100389228,0.0,0,92,1.27165e-15,1.15689e-14,10000
GCR_He,min,2,177.82794100389228,0.0,0,93,0.0,0.0,10000
GCR_He,min,2,177.82794100389228,0.0,0,94,0.0,0.0,10000
GCR_He,min,2,177.82794100389228,0.0,0,95,1.9847e-10,1.10261e-10,10000
GCR_He,min,2,177.82794100389228,0.0,0,96,2.47933e-12,3.13799e-11,10000
GCR_He,min,2,177.82794100389228,0.0,0,97,3.42537e-11,7.16994e-11,10000
GCR_He,min,2,177.82794100389228,0.0,0,98,1.6448e-11,2.29913e-10,10000
GCR_He,min,2,177.82794100389228,0.0,0,99,7.88005e-11,1.35844e-10,10000
GCR_He,min,2,177.82794100389228,0.0,0,100,0.0,0.0,10000
GCR_He,min,2,177.82794100389228,0.0,0,101,0.0,0.0,10000
GCR_He,min,2,177.82794100389228,0.0,0,102,0.0,0.0,10000
GCR_He,min,2,177.82794100389228,0.0,0,103,2.2078e-11,2.11475e-10,10000
GCR_He,min,2,177.82794100389228,0.0,0,104,0.0,0.0,10000
GCR_He,min,2,177.82794100389228,0.0,0,105,0.0,0.0,10000
GCR_He,min,2,177.82794100389228,0.0,0,106,6.926e-12,5.68726e-12,10000
GCR_He,min,2,177.82794100389228,0.0,0,107,1.40174e-09,9.34071e-11,10000
GCR_He,min,2,177.82794100389228,0.0,0,108,1.70905e-10,6.21353e-11,10000
GCR_He,min,2,177.82794100389228,0.0,0,109,6.65781e-10,6.64123e-11,10000
GCR_He,min,2,177.82794100389228,0.0,0,110,9.30253e-12,2.32505e-10,10000
GCR_He,min,2,177.82794100389228,0.0,0,111,0.0,0.0,10000
GCR_He,min,2,177.82794100389228,0.0,0,112,0.0,0.0,10000
GCR_He,min,2,177.82794100389228,0.0,0,113,3.15268e-11,2.25191e-10,10000
GCR_He,min,2,177.82794100389228,0.0,0,114,0.0,0.0,10000
GCR_He,min,2,177.82794100389228,0.0,0,115,0.0,0.0,10000
GCR_He,min,2,177.82794100389228,0.0,0,116,1.20593e-11,1.15014e-11,10000
GCR_He,min,2,177.82794100389228,0.0,0,117,1.0286e-09,8.31522e-11,10000
GCR_He,min,2,177.82794100389228,0.0,0,118,1.51184e-10,9.19907e-11,10000
GCR_He,min,2,177.82794100389228,0.0,0,119,3.52994e-10,6.5412e-11,10000
GCR_He,min,2,177.82794100389228,0.0,0,120,0.0,0.0,10000
GCR_He,min,2,177.82794100389228,0.0,0,121,0.0,0.0,10000
GCR_He,min,2,177.82794100389228,0.0,0,122,1.89237e-12,6.49541e-12,10000
GCR_He,min,2,177.82794100389228,0.0,0,123,9.05918e-11,6.18285e-11,10000
GCR_He,min,2,177.82794100389228,0.0,0,124,4.4861e-11,7.02017e-11,10000
GCR_He,min,2,177.82794100389228,0.0,0,125,9.8979e-11,7.42846e-11,10000
GCR_He,min,2,177.82794100389228,0.0,0,126,2.34421e-12,6.40144e-11,10000
GCR_He,min,2,177.82794100389228,0.0,0,127,4.03222e-11,2.68833e-10,10000
GCR_He,min,2,177.82794100389228,0.0,0,128,0.0,0.0,10000
GCR_He,min,2,177.82794100389228,0.0,0,129,0.0,0.0,10000
GCR_He,min,2,177.82794100389228,0.0,0,130,0.0,0.0,10000
GCR_He,min,2,177.82794100389228,0.0,0,131,0.0,0.0,10000
GCR_He,min,2,177.82794100389228,0.0,0,132,0.0,0.0,10000
GCR_He,min,2,177.82794100389228,0.0,0,133,0.0,0.0,10000
GCR_He,min,2,177.82794100389228,0.0,0,134,0.0,0.0,10000
GCR_He,min,2,177.82794100389228,0.0,0,135,5.26976e-20,6.19243e-18,10000
GCR_He,min,2,177.82794100389228,0.0,0,136,1.11317e-12,1.48621e-10,10000
GCR_He,min,2,177.82794100389228,0.0,0,137,4.3304e-12,8.65907e-11,10000
GCR_He,min,2,177.82794100389228,0.0,0,138,4.52809e-11,2.26405e-10,10000
GCR_He,min,2,177.82794100389228,0.0,0,139,0.0,0.0,10000
GCR_He,min,2,177.82794100389228,0.0,0,140,1.03639e-16,5.18194e-13,10000
GCR_He,min,2,177.82794100389228,0.0,0,141,1.37382e-11,8.90355e-11,10000
GCR_He,min,2,177.82794100389228,1.0,0,0,4.30432e-10,0.0,10000
GCR_He,min,2,177.82794100389228,1.0,0,1,0.0,0.0,10000
GCR_He,min,2,177.82794100389228,1.0,0,2,0.0,0.0,10000
GCR_He,min,2,177.82794100389228,1.0,0,3,5.12841e-15,4.64951e-13,10000
GCR_He,min,2,177.82794100389228,1.0,0,4,3.21399e-15,1.13129e-13,10000
GCR_He,min,2,177.82794100389228,1.0,0,5,0.0,0.0,10000
GCR_He,min,2,177.82794100389228,1.0,0,6,0.0,0.0,10000
GCR_He,min,2,177.82794100389228,1.0,0,7,3.17029e-15,3.16712e-13,10000
GCR_He,min,2,177.82794100389228,1.0,0,8,1.7063e-15,2.57322e-14,10000
GCR_He,min,2,177.82794100389228,1.0,0,9,0.0,0.0,10000
GCR_He,min,2,177.82794100389228,1.0,0,10,3.79127e-14,1.39421e-13,10000
GCR_He,min,2,177.82794100389228,1.0,0,11,2.13476e-15,1.35799e-13,10000
GCR_He,min,2,177.82794100389228,1.0,0,12,3.65333e-15,4.39949e-14,10000
GCR_He,min,2,177.82794100389228,1.0,0,13,3.45849e-15,2.55692e-14,10000
GCR_He,min,2,177.82794100389228,1.0,0,14,1.71562e-14,9.28063e-14,10000
GCR_He,min,2,177.82794100389228,1.0,0,15,1.71165e-15,5.11246e-14,10000
GCR_He,min,2,177.82794100389228,1.0,0,16,4.31645e-15,3.37144e-14,10000
GCR_He,min,2,177.82794100389228,1.0,0,17,4.54455e-15,7.60849e-14,10000
GCR_He,min,2,177.82794100389228,1.0,0,18,4.46253e-15,1.20187e-13,10000
GCR_He,min,2,177.82794100389228,1.0,0,19,5.97993e-15,2.20824e-14,10000
GCR_He,min,2,177.82794100389228,1.0,0,20,9.57075e-15,5.26125e-14,10000
GCR_He,min,2,177.82794100389228,1.0,0,21,1.94364e-15,8.57361e-14,10000
GCR_He,min,2,177.82794100389228,1.0,0,22,7.06618e-15,3.93134e-14,10000
GCR_He,min,2,177.82794100389228,1.0,0,23,1.79765e-14,1.2878e-13,10000
GCR_He,min,2,177.82794100389228,1.0,0,24,6.39266e-16,1.33794e-14,10000
GCR_He,min,2,177.82794100389228,1.0,0,25,1.05821e-15,1.99436e-14,10000
GCR_He,min,2,177.82794100389228,1.0,0,26,1.05049e-14,1.86638e-14,10000
GCR_He,min,2,177.82794100389228,1.0,0,27,7.50795e-15,1.66451e-14,10000
GCR_He,min,2,177.82794100389228,1.0,0,28,7.0916e-15,2.71003e-14,10000
GCR_He,min,2,177.82794100389228,1.0,0,29,3.98269e-14,8.43701e-14,10000
GCR_He,min,2,177.82794100389228,1.0,0,30,3.88186e-15,1.50576e-13,10000
GCR_He,min,2,177.82794100389228,1.0,0,31,1.04218e-14,3.54376e-14,10000
GCR_He,min,2,177.82794100389228,1.0,0,32,1.62858e-14,3.71338e-14,10000
GCR_He,min,2,177.82794100389228,1.0,0,33,1.35131e-14,1.67056e-13,10000
GCR_He,min,2,177.82794100389228,1.0,0,34,9.69663e-15,1.8249e-14,10000
GCR_He,min,2,177.82794100389228,1.0,0,35,2.75271e-14,3.77405e-14,10000
GCR_He,min,2,177.82794100389228,1.0,0,36,8.02161e-15,1.01965e-13,10000
GCR_He,min,2,177.82794100389228,1.0,0,37,5.35504e-15,2.30265e-14,10000
GCR_He,min,2,177.82794100389228,1.0,0,38,2.80743e-14,5.52884e-14,10000
GCR_He,min,2,177.82794100389228,1.0,0,39,3.18641e-17,4.18603e-16,10000
GCR_He,min,2,177.82794100389228,1.0,0,40,0.0,0.0,10000
GCR_He,min,2,177.82794100389228,1.0,0,41,1.33564e-14,3.35065e-14,10000
GCR_He,min,2,177.82794100389228,1.0,0,42,4.31575e-14,6.33569e-14,10000
GCR_He,min,2,177.82794100389228,1.0,0,43,1.01045e-14,2.76715e-14,10000
GCR_He,min,2,177.82794100389228,1.0,0,44,3.64076e-14,7.00065e-14,10000
GCR_He,min,2,177.82794100389228,1.0,0,45,2.37981e-15,1.07621e-14,10000
GCR_He,min,2,177.82794100389228,1.0,0,46,5.00323e-16,2.603e-15,10000
GCR_He,min,2,177.82794100389228,1.0,0,47,2.75029e-15,2.67226e-14,10000
GCR_He,min,2,177.82794100389228,1.0,0,48,7.45293e-15,1.01331e-13,10000
GCR_He,min,2,177.82794100389228,1.0,0,49,2.69763e-14,9.41317e-14,10000
GCR_He,min,2,177.82794100389228,1.0,0,50,4.67756e-14,1.39487e-13,10000
GCR_He,min,2,177.82794100389228,1.0,0,51,1.00236e-14,5.38351e-14,10000
GCR_He,min,2,177.82794100389228,1.0,0,52,7.73094e-15,2.55932e-14,10000
GCR_He,min,2,177.82794100389228,1.0,0,53,3.12891e-16,2.86451e-15,10000
GCR_He,min,2,177.82794100389228,1.0,0,54,1.46144e-14,8.42282e-14,10000
GCR_He,min,2,177.82794100389228,1.0,0,55,0.0,0.0,10000
GCR_He,min,2,177.82794100389228,1.0,0,56,5.63027e-15,9.99871e-14,10000
GCR_He,min,2,177.82794100389228,1.0,0,57,5.70991e-15,3.57764e-13,10000
GCR_He,min,2,177.82794100389228,1.0,0,58,7.17619e-15,8.09315e-14,10000
GCR_He,min,2,177.82794100389228,1.0,0,59,0.0,0.0,10000
GCR_He,min,2,177.82794100389228,1.0,0,60,5.08377e-15,1.4638e-13,10000
GCR_He,min,2,177.82794100389228,1.0,0,61,2.32081e-14,1.60056e-14,10000
GCR_He,min,2,177.82794100389228,1.0,0,62,3.28669e-15,4.38226e-13,10000
GCR_He,min,2,177.82794100389228,1.0,0,63,0.0,0.0,10000
GCR_He,min,2,177.82794100389228,1.0,0,64,5.29281e-16,7.05708e-14,10000
GCR_He,min,2,177.82794100389228,1.0,0,65,3.2661e-15,6.5453e-13,10000
GCR_He,min,2,177.82794100389228,1.0,0,66,0.0,0.0,10000
GCR_He,min,2,177.82794100389228,1.0,0,67,1.80133e-15,2.47096e-13,10000
GCR_He,min,2,177.82794100389228,1.0,0,68,0.0,0.0,10000
GCR_He,min,2,177.82794100389228,1.0,0,69,0.0,0.0,10000
GCR_He,min,2,177.82794100389228,1.0,0,70,0.0,0.0,10000
GCR_He,min,2,177.82794100389228,1.0,0,71,0.0,0.0,10000
GCR_He,min,2,177.82794100389228,1.0,0,72,1.59338e-14,1.06232e-13,10000
GCR_He,min,2,177.82794100389228,1.0,0,73,2.37345e-14,9.49342e-14,10000
GCR_He,min,2,177.82794100389228,1.0,0,74,6.28154e-14,9.6639e-14,10000
GCR_He,min,2,177.82794100389228,1.0,0,75,3.00915e-14,8.59708e-14,10000
GCR_He,min,2,177.82794100389228,1.0,0,76,3.66985e-15,4.07806e-14,10000
GCR_He,min,2,177.82794100389228,1.0,0,77,1.57659e-15,2.86549e-14,10000
GCR_He,min,2,177.82794100389228,1.0,0,78,5.25316e-15,8.75526e-14,10000
GCR_He,min,2,177.82794100389228,1.0,0,79,1.84722e-14,1.94445e-13,10000
GCR_He,min,2,177.82794100389228,1.0,0,80,9.89128e-15,1.64855e-13,10000
GCR_He,min,2,177.82794100389228,1.0,0,81,7.36062e-15,1.83969e-13,10000
GCR_He,min,2,177.82794100389228,1.0,0,82,2.56416e-15,2.84939e-14,10000
GCR_He,min,2,177.82794100389228,1.0,0,83,0.0,0.0,10000
GCR_He,min,2,177.82794100389228,1.0,0,84,2.81198e-14,7.02819e-13,10000
GCR_He,min,2,177.82794100389228,1.0,0,85,1.51664e-14,2.023e-13,10000
GCR_He,min,2,177.82794100389228,1.0,0,86,0.0,0.0,10000
GCR_He,min,2,177.82794100389228,1.0,0,87,1.5359e-14,4.65452e-14,10000
GCR_He,min,2,177.82794100389228,1.0,0,88,1.01254e-14,1.98534e-14,10000
GCR_He,min,2,177.82794100389228,1.0,0,89,1.44232e-15,1.34645e-14,10000
GCR_He,min,2,177.82794100389228,1.0,0,90,0.0,0.0,10000
GCR_He,min,2,177.82794100389228,1.0,0,91,0.0,0.0,10000
GCR_He,min,2,177.82794100389228,1.0,0,92,2.34211e-14,2.13074e-13,10000
GCR_He,min,2,177.82794100389228,1.0,0,93,4.34946e-15,1.10814e-13,10000
GCR_He,min,2,177.82794100389228,1.0,0,94,6.31258e-17,8.02107e-15,10000
GCR_He,min,2,177.82794100389228,1.0,0,95,2.17446e-13,1.20803e-13,10000
GCR_He,min,2,177.82794100389228,1.0,0,96,4.70701e-16,5.95749e-15,10000
GCR_He,min,2,177.82794100389228,1.0,0,97,1.17685e-13,2.46338e-13,10000
GCR_He,min,2,177.82794100389228,1.0,0,98,1.28495e-14,1.79613e-13,10000
GCR_He,min,2,177.82794100389228,1.0,0,99,1.37196e-13,2.36511e-13,10000
GCR_He,min,2,177.82794100389228,1.0,0,100,0.0,0.0,10000
GCR_He,min,2,177.82794100389228,1.0,0,101,2.29626e-17,3.58791e-15,10000
GCR_He,min,2,177.82794100389228,1.0,0,102,1.46009e-16,2.44162e-14,10000
GCR_He,min,2,177.82794100389228,1.0,0,103,1.04383e-14,9.99833e-14,10000
GCR_He,min,2,177.82794100389228,1.0,0,104,8.7249e-16,1.11429e-13,10000
GCR_He,min,2,177.82794100389228,1.0,0,105,0.0,0.0,10000
GCR_He,min,2,177.82794100389228,1.0,0,106,6.15394e-14,5.05329e-14,10000
GCR_He,min,2,177.82794100389228,1.0,0,107,1.00164e-12,6.67456e-14,10000
GCR_He,min,2,177.82794100389228,1.0,0,108,2.2352e-13,8.12642e-14,10000
GCR_He,min,2,177.82794100389228,1.0,0,109,5.38547e-13,5.37206e-14,10000
GCR_He,min,2,177.82794100389228,1.0,0,110,3.28113e-15,8.20078e-14,10000
GCR_He,min,2,177.82794100389228,1.0,0,111,0.0,0.0,10000
GCR_He,min,2,177.82794100389228,1.0,0,112,0.0,0.0,10000
GCR_He,min,2,177.82794100389228,1.0,0,113,3.38999e-15,2.42142e-14,10000
GCR_He,min,2,177.82794100389228,1.0,0,114,0.0,0.0,10000
GCR_He,min,2,177.82794100389228,1.0,0,115,0.0,0.0,10000
GCR_He,min,2,177.82794100389228,1.0,0,116,4.98186e-14,4.75137e-14,10000
GCR_He,min,2,177.82794100389228,1.0,0,117,1.00967e-12,8.16222e-14,10000
GCR_He,min,2,177.82794100389228,1.0,0,118,1.15427e-13,7.02336e-14,10000
GCR_He,min,2,177.82794100389228,1.0,0,119,2.15594e-13,3.99509e-14,10000
GCR_He,min,2,177.82794100389228,1.0,0,120,1.29763e-14,3.05397e-13,10000
GCR_He,min,2,177.82794100389228,1.0,0,121,0.0,0.0,10000
GCR_He,min,2,177.82794100389228,1.0,0,122,1.54271e-14,5.29521e-14,10000
GCR_He,min,2,177.82794100389228,1.0,0,123,8.97907e-14,6.12818e-14,10000
GCR_He,min,2,177.82794100389228,1.0,0,124,4.07169e-14,6.37168e-14,10000
GCR_He,min,2,177.82794100389228,1.0,0,125,4.21024e-14,3.15982e-14,10000
GCR_He,min,2,177.82794100389228,1.0,0,126,1.30617e-15,3.56683e-14,10000
GCR_He,min,2,177.82794100389228,1.0,0,127,1.15723e-14,7.71541e-14,10000
GCR_He,min,2,177.82794100389228,1.0,0,128,0.0,0.0,10000
GCR_He,min,2,177.82794100389228,1.0,0,129,8.22794e-17,4.70706e-15,10000
GCR_He,min,2,177.82794100389228,1.0,0,130,0.0,0.0,10000
GCR_He,min,2,177.82794100389228,1.0,0,131,0.0,0.0,10000
GCR_He,min,2,177.82794100389228,1.0,0,132,2.22612e-15,1.11362e-13,10000
GCR_He,min,2,177.82794100389228,1.0,0,133,0.0,0.0,10000
GCR_He,min,2,177.82794100389228,1.0,0,134,0.0,0.0,10000
GCR_He,min,2,177.82794100389228,1.0,0,135,1.96768e-15,2.3122e-13,10000
GCR_He,min,2,177.82794100389228,1.0,0,136,0.0,0.0,10000
GCR_He,min,2,177.82794100389228,1.0,0,137,2.45474e-15,4.9085e-14,10000
GCR_He,min,2,177.82794100389228,1.0,0,138,1.71233e-14,8.56166e-14,10000
GCR_He,min,2,177.82794100389228,1.0,0,139,0.0,0.0,10000
GCR_He,min,2,177.82794100389228,1.0,0,140,2.11611e-14,1.05805e-10,10000
GCR_He,min,2,177.82794100389228,1.0,0,141,0.0,0.0,10000
GCR_He,min,3,562.341325190349,0.0,0,0,4.31681e-10,0.0,10000
GCR_He,min,3,562.341325190349,0.0,0,1,0.0,0.0,10000
GCR_He,min,3,562.341325190349,0.0,0,2,9.43718e-13,1.34817e-10,10000
GCR_He,min,3,562.341325190349,0.0,0,3,1.32096e-12,1.1976e-10,10000
GCR_He,min,3,562.341325190349,0.0,0,4,3.78779e-13,1.33326e-11,10000
GCR_He,min,3,562.341325190349,0.0,0,5,1.72222e-12,5.60435e-11,10000
GCR_He,min,3,562.341325190349,0.0,0,6,7.09783e-13,1.39173e-10,10000
GCR_He,min,3,562.341325190349,0.0,0,7,1.96377e-12,1.96181e-10,10000
GCR_He,min,3,562.341325190349,0.0,0,8,1.7635e-12,2.65948e-11,10000
GCR_He,min,3,562.341325190349,0.0,0,9,0.0,0.0,10000
GCR_He,min,3,562.341325190349,0.0,0,10,2.07808e-11,7.64196e-11,10000
GCR_He,min,3,562.341325190349,0.0,0,11,3.09823e-12,1.97088e-10,10000
GCR_He,min,3,562.341325190349,0.0,0,12,6.26255e-12,7.5416e-11,10000
GCR_He,min,3,562.341325190349,0.0,0,13,5.93778e-12,4.3899e-11,10000
GCR_He,min,3,562.341325190349,0.0,0,14,1.64999e-11,8.92563e-11,10000
GCR_He,min,3,562.341325190349,0.0,0,15,1.38557e-12,4.13851e-11,10000
GCR_He,min,3,562.341325190349,0.0,0,16,2.78555e-12,2.1757e-11,10000
GCR_He,min,3,562.341325190349,0.0,0,17,5.90362e-12,9.88384e-11,10000
GCR_He,min,3,562.341325190349,0.0,0,18,0.0,0.0,10000
GCR_He,min,3,562.341325190349,0.0,0,19,2.29419e-11,8.47191e-11,10000
GCR_He,min,3,562.341325190349,0.0,0,20,2.56092e-11,1.40779e-10,10000
GCR_He,min,3,562.341325190349,0.0,0,21,1.11735e-12,4.92876e-11,10000
GCR_He,min,3,562.341325190349,0.0,0,22,1.90694e-11,1.06094e-10,10000
GCR_He,min,3,562.341325190349,0.0,0,23,8.92933e-12,6.39683e-11,10000
GCR_He,min,3,562.341325190349,0.0,0,24,6.1345e-12,1.2839e-10,10000
GCR_He,min,3,562.341325190349,0.0,0,25,1.632e-12,3.07576e-11,10000
GCR_He,min,3,562.341325190349,0.0,0,26,6.47667e-11,1.15069e-10,10000
GCR_He,min,3,562.341325190349,0.0,0,27,4.19183e-11,9.29329e-11,10000
GCR_He,min,3,562.341325190349,0.0,0,28,2.79326e-11,1.06744e-10,10000
GCR_He,min,3,562.341325190349,0.0,0,29,5.72097e-11,1.21194e-10,10000
GCR_He,min,3,562.341325190349,0.0,0,30,1.64821e-13,6.39335e-12,10000
GCR_He,min,3,562.341325190349,0.0,0,31,5.61513e-11,1.90932e-10,10000
GCR_He,min,3,562.341325190349,0.0,0,32,3.69794e-11,8.43181e-11,10000
GCR_He,min,3,562.341325190349,0.0,0,33,3.32817e-11,4.11444e-10,10000
GCR_He,min,3,562.341325190349,0.0,0,34,1.69886e-11,3.19725e-11,10000
GCR_He,min,3,562.341325190349,0.0,0,35,2.59859e-11,3.56274e-11,10000
GCR_He,min,3,562.341325190349,0.0,0,36,1.17056e-12,1.48793e-11,10000
GCR_He,min,3,562.341325190349,0.0,0,37,3.06115e-11,1.31628e-10,10000
GCR_He,min,3,562.341325190349,0.0,0,38,5.23725e-11,1.0314e-10,10000
GCR_He,min,3,562.341325190349,0.0,0,39,5.28323e-12,6.94065e-11,10000
GCR_He,min,3,562.341325190349,0.0,0,40,3.85588e-12,5.2177e-11,10000
GCR_He,min,3,562.341325190349,0.0,0,41,4.7661e-11,1.19565e-10,10000
GCR_He,min,3,562.341325190349,0.0,0,42,1.18832e-10,1.7445e-10,10000
GCR_He,min,3,562.341325190349,0.0,0,43,2.76159e-11,7.56268e-11,10000
GCR_He,min,3,562.341325190349,0.0,0,44,6.04568e-11,1.1625e-10,10000
GCR_He,min,3,562.341325190349,0.0,0,45,2.05342e-11,9.28602e-11,10000
GCR_He,min,3,562.341325190349,0.0,0,46,1.01418e-11,5.27643e-11,10000
GCR_He,min,3,562.341325190349,0.0,0,47,1.03967e-11,1.01017e-10,10000
GCR_He,min,3,562.341325190349,0.0,0,48,5.82374e-12,7.91807e-11,10000
GCR_He,min,3,562.341325190349,0.0,0,49,2.15413e-11,7.51668e-11,10000
GCR_He,min,3,562.341325190349,0.0,0,50,3.70621e-11,1.10521e-10,10000
GCR_He,min,3,562.341325190349,0.0,0,51,2.02614e-11,1.08821e-10,10000
GCR_He,min,3,562.341325190349,0.0,0,52,2.8137e-11,9.31472e-11,10000
GCR_He,min,3,562.341325190349,0.0,0,53,9.40668e-12,8.61181e-11,10000
GCR_He,min,3,562.341325190349,0.0,0,54,1.42264e-11,8.19921e-11,10000
GCR_He,min,3,562.341325190349,0.0,0,55,0.0,0.0,10000
GCR_He,min,3,562.341325190349,0.0,0,56,2.2954e-12,4.07637e-11,10000
GCR_He,min,3,562.341325190349,0.0,0,57,0.0,0.0,10000
GCR_He,min,3,562.341325190349,0.0,0,58,8.15019e-12,9.1916e-11,10000
GCR_He,min,3,562.341325190349,0.0,0,59,6.06087e-13,1.02553e-10,10000
GCR_He,min,3,562.341325190349,0.0,0,60,1.50533e-12,4.33439e-11,10000
GCR_He,min,3,562.341325190349,0.0,0,61,2.03019e-10,1.40013e-10,10000
GCR_He,min,3,562.341325190349,0.0,0,62,1.32239e-12,1.76319e-10,10000
GCR_He,min,3,562.341325190349,0.0,0,63,0.0,0.0,10000
GCR_He,min,3,562.341325190349,0.0,0,64,0.0,0.0,10000
GCR_He,min,3,562.341325190349,0.0,0,65,0.0,0.0,10000
GCR_He,min,3,562.341325190349,0.0,0,66,0.0,0.0,10000
GCR_He,min,3,562.341325190349,0.0,0,67,9.64189e-13,1.32262e-10,10000
GCR_He,min,3,562.341325190349,0.0,0,68,0.0,0.0,10000
GCR_He,min,3,562.341325190349,0.0,0,69,2.93547e-12,4.00474e-10,10000
GCR_He,min,3,562.341325190349,0.0,0,70,7.32675e-13,5.26347e-11,10000
GCR_He,min,3,562.341325190349,0.0,0,71,5.76026e-12,1.06514e-10,10000
GCR_He,min,3,562.341325190349,0.0,0,72,1.69062e-11,1.12715e-10,10000
GCR_He,min,3,562.341325190349,0.0,0,73,5.89353e-12,2.35732e-11,10000
GCR_He,min,3,562.341325190349,0.0,0,74,1.07863e-10,1.65943e-10,10000
GCR_He,min,3,562.341325190349,0.0,0,75,4.76408e-11,1.36109e-10,10000
GCR_He,min,3,562.341325190349,0.0,0,76,2.77293e-12,3.08137e-11,10000
GCR_He,min,3,562.341325190349,0.0,0,77,2.90511e-12,5.2801e-11,10000
GCR_He,min,3,562.341325190349,0.0,0,78,8.35419e-12,1.39237e-10,10000
GCR_He,min,3,562.341325190349,0.0,0,79,5.07895e-12,5.34626e-11,10000
GCR_He,min,3,562.341325190349,0.0,0,80,1.46928e-11,2.44881e-10,10000
GCR_He,min,3,562.341325190349,0.0,0,81,7.16206e-12,1.79007e-10,10000
GCR_He,min,3,562.341325190349,0.0,0,82,4.4305e-12,4.92333e-11,10000
GCR_He,min,3,562.341325190349,0.0,0,83,5.23001e-14,1.49429e-12,10000
GCR_He,min,3,562.341325190349,0.0,0,84,1.52153e-11,3.80288e-10,10000
GCR_He,min,3,562.341325190349,0.0,0,85,7.86597e-12,1.04922e-10,10000
GCR_He,min,3,562.341325190349,0.0,0,86,8.11125e-12,2.70555e-10,10000
GCR_He,min,3,562.341325190349,0.0,0,87,5.64716e-12,1.71136e-11,10000
GCR_He,min,3,562.341325190349,0.0,0,88,9.87927e-12,1.93707e-11,10000
GCR_He,min,3,562.341325190349,0.0,0,89,1.94444e-11,1.8152e-10,10000
GCR_He,min,3,562.341325190349,0.0,0,90,5.6503e-12,1.4772e-10,10000
GCR_He,min,3,562.341325190349,0.0,0,91,2.61071e-12,3.42164e-10,10000
GCR_He,min,3,562.341325190349,0.0,0,92,1.56028e-11,1.41946e-10,10000
GCR_He,min,3,562.341325190349,0.0,0,93,4.44665e-12,1.1329e-10,10000
GCR_He,min,3,562.341325190349,0.0,0,94,3.78797e-12,4.81317e-10,10000
GCR_He,min,3,562.341325190349,0.0,0,95,1.78806e-10,9.93361e-11,10000
GCR_He,min,3,562.341325190349,0.0,0,96,1.41286e-11,1.7882e-10,10000
GCR_He,min,3,562.341325190349,0.0,0,97,3.70918e-11,7.76402e-11,10000
GCR_He,min,3,562.341325190349,0.0,0,98,4.63774e-12,6.48273e-11,10000
GCR_He,min,3,562.341325190349,0.0,0,99,3.79751e-11,6.54653e-11,10000
GCR_He,min,3,562.341325190349,0.0,0,100,0.0,0.0,10000
GCR_He,min,3,562.341325190349,0.0,0,101,6.93744e-13,1.08398e-10,10000
GCR_He,min,3,562.341325190349,0.0,0,102,4.68585e-13,7.83587e-11,10000
GCR_He,min,3,562.341325190349,0.0,0,103,1.15981e-11,1.11093e-10,10000
GCR_He,min,3,562.341325190349,0.0,0,104,7.66794e-13,9.79302e-11,10000
GCR_He,min,3,562.341325190349,0.0,0,105,8.47274e-13,7.6331e-11,10000
GCR_He,min,3,562.341325190349,0.0,0,106,1.00866e-10,8.2826e-11,10000
GCR_He,min,3,562.341325190349,0.0,0,107,1.92681e-09,1.28395e-10,10000
GCR_He,min,3,562.341325190349,0.0,0,108,2.65884e-10,9.66666e-11,10000
GCR_He,min,3,562.341325190349,0.0,0,109,1.38711e-09,1.38366e-10,10000
GCR_He,min,3,562.341325190349,0.0,0,110,2.76103e-13,6.90084e-12,10000
GCR_He,min,3,562.341325190349,0.0,0,111,0.0,0.0,10000
GCR_He,min,3,562.341325190349,0.0,0,112,0.0,0.0,10000
GCR_He,min,3,562.341325190349,0.0,0,113,4.2716e-12,3.05115e-11,10000
GCR_He,min,3,562.341325190349,0.0,0,114,0.0,0.0,10000
GCR_He,min,3,562.341325190349,0.0,0,115,4.12045e-13,2.42237e-11,10000
GCR_He,min,3,562.341325190349,0.0,0,116,1.0969e-10,1.04615e-10,10000
GCR_He,min,3,562.341325190349,0.0,0,117,1.62414e-09,1.31296e-10,10000
GCR_He,min,3,562.341325190349,0.0,0,118,1.75445e-10,1.06753e-10,10000
GCR_He,min,3,562.341325190349,0.0,0,119,9.04424e-10,1.67596e-10,10000
GCR_He,min,3,562.341325190349,0.0,0,120,1.98725e-12,4.67699e-11,10000
GCR_He,min,3,562.341325190349,0.0,0,121,5.02991e-12,1.18379e-10,10000
GCR_He,min,3,562.341325190349,0.0,0,122,2.493e-11,8.55703e-11,10000
GCR_He,min,3,562.341325190349,0.0,0,123,1.65654e-10,1.13058e-10,10000
GCR_He,min,3,562.341325190349,0.0,0,124,6.83824e-11,1.0701e-10,10000
GCR_He,min,3,562.341325190349,0.0,0,125,1.69754e-10,1.27402e-10,10000
GCR_He,min,3,562.341325190349,0.0,0,126,3.11978e-12,8.51933e-11,10000
GCR_He,min,3,562.341325190349,0.0,0,127,2.29246e-12,1.52841e-11,10000
GCR_He,min,3,562.341325190349,0.0,0,128,4.7892e-12,9.57074e-11,10000
GCR_He,min,3,562.341325190349,0.0,0,129,1.30462e-12,7.46348e-11,10000
GCR_He,min,3,562.341325190349,0.0,0,130,1.74458e-12,9.95766e-11,10000
GCR_He,min,3,562.341325190349,0.0,0,131,6.13137e-12,2.45353e-10,10000
GCR_He,min,3,562.341325190349,0.0,0,132,3.05806e-12,1.5298e-10,10000
GCR_He,min,3,562.341325190349,0.0,0,133,1.17246e-11,2.77308e-10,10000
GCR_He,min,3,562.341325190349,0.0,0,134,2.79964e-12,9.30112e-10,10000
GCR_He,min,3,562.341325190349,0.0,0,135,8.59306e-13,1.00976e-10,10000
GCR_He,min,3,562.341325190349,0.0,0,136,5.74186e-13,7.66603e-11,10000
GCR_He,min,3,562.341325190349,0.0,0,137,8.29529e-12,1.65873e-10,10000
GCR_He,min,3,562.341325190349,0.0,0,138,2.29274e-11,1.14637e-10,10000
GCR_He,min,3,562.341325190349,0.0,0,139,0.0,0.0,10000
GCR_He,min,3,562.341325190349,0.0,0,140,9.05915e-15,4.52958e-11,10000
GCR_He,min,3,562.341325190349,0.0,0,141,2.92727e-11,1.89713e-10,10000
GCR_He,min,3,562.341325190349,1.0,0,0,5.08102e-11,0.0,10000
GCR_He,min,3,562.341325190349,1.0,0,1,0.0,0.0,10000
GCR_He,min,3,562.341325190349,1.0,0,2,0.0,0.0,10000
GCR_He,min,3,562.341325190349,1.0,0,3,2.84189e-15,2.57651e-13,10000
GCR_He,min,3,562.341325190349,1.0,0,4,1.52853e-15,5.38025e-14,10000
GCR_He,min,3,562.341325190349,1.0,0,5,2.44326e-15,7.95072e-14,10000
GCR_He,min,3,562.341325190349,1.0,0,6,6.16623e-16,1.20906e-13,10000
GCR_He,min,3,562.341325190349,1.0,0,7,0.0,0.0,10000
GCR_He,min,3,562.341325190349,1.0,0,8,6.00784e-16,9.06023e-15,10000
GCR_He,min,3,562.341325190349,1.0,0,9,3.49579e-16,4.11269e-13,10000
GCR_He,min,3,562.341325190349,1.0,0,10,1.12706e-14,4.14466e-14,10000
GCR_He,min,3,562.341325190349,1.0,0,11,7.97659e-16,5.07417e-14,10000
GCR_He,min,3,562.341325190349,1.0,0,12,3.38567e-15,4.07716e-14,10000
GCR_He,min,3,562.341325190349,1.0,0,13,6.441e-15,4.76194e-14,10000
GCR_He,min,3,562.341325190349,1.0,0,14,5.88136e-15,3.18152e-14,10000
GCR_He,min,3,562.341325190349,1.0,0,15,1.75156e-15,5.23166e-14,10000
GCR_He,min,3,562.341325190349,1.0,0,16,5.22912e-15,4.08429e-14,10000
GCR_He,min,3,562.341325190349,1.0,0,17,3.85223e-15,6.4494e-14,10000
GCR_He,min,3,562.341325190349,1.0,0,18,9.94816e-15,2.67928e-13,10000
GCR_He,min,3,562.341325190349,1.0,0,19,2.73023e-14,1.00821e-13,10000
GCR_He,min,3,562.341325190349,1.0,0,20,2.71173e-14,1.4907e-13,10000
GCR_He,min,3,562.341325190349,1.0,0,21,6.42858e-15,2.83572e-13,10000
GCR_He,min,3,562.341325190349,1.0,0,22,1.59259e-14,8.86053e-14,10000
GCR_He,min,3,562.341325190349,1.0,0,23,1.91381e-14,1.37102e-13,10000
GCR_He,min,3,562.341325190349,1.0,0,24,5.96592e-16,1.24862e-14,10000
GCR_He,min,3,562.341325190349,1.0,0,25,1.59526e-15,3.00652e-14,10000
GCR_He,min,3,562.341325190349,1.0,0,26,2.27047e-14,4.03389e-14,10000
GCR_He,min,3,562.341325190349,1.0,0,27,3.27563e-14,7.26207e-14,10000
GCR_He,min,3,562.341325190349,1.0,0,28,2.2923e-14,8.75995e-14,10000
GCR_He,min,3,562.341325190349,1.0,0,29,7.36058e-14,1.55928e-13,10000
GCR_He,min,3,562.341325190349,1.0,0,30,5.08239e-15,1.97145e-13,10000
GCR_He,min,3,562.341325190349,1.0,0,31,6.01961e-15,2.04686e-14,10000
GCR_He,min,3,562.341325190349,1.0,0,32,3.52119e-14,8.02879e-14,10000
GCR_He,min,3,562.341325190349,1.0,0,33,4.95209e-15,6.122e-14,10000
GCR_He,min,3,562.341325190349,1.0,0,34,1.60405e-14,3.01882e-14,10000
GCR_He,min,3,562.341325190349,1.0,0,35,3.79113e-14,5.19774e-14,10000
GCR_He,min,3,562.341325190349,1.0,0,36,9.6671e-15,1.22882e-13,10000
GCR_He,min,3,562.341325190349,1.0,0,37,3.96478e-15,1.70484e-14,10000
GCR_He,min,3,562.341325190349,1.0,0,38,1.74842e-14,3.44326e-14,10000
GCR_He,min,3,562.341325190349,1.0,0,39,1.92245e-15,2.52555e-14,10000
GCR_He,min,3,562.341325190349,1.0,0,40,7.35519e-15,9.95289e-14,10000
GCR_He,min,3,562.341325190349,1.0,0,41,2.3841e-14,5.98089e-14,10000
GCR_He,min,3,562.341325190349,1.0,0,42,5.332e-14,7.82759e-14,10000
GCR_He,min,3,562.341325190349,1.0,0,43,9.93628e-15,2.72108e-14,10000
GCR_He,min,3,562.341325190349,1.0,0,44,2.37896e-14,4.57439e-14,10000
GCR_He,min,3,562.341325190349,1.0,0,45,1.49736e-15,6.77142e-15,10000
GCR_He,min,3,562.341325190349,1.0,0,46,7.74188e-15,4.02782e-14,10000
GCR_He,min,3,562.341325190349,1.0,0,47,6.98135e-15,6.78328e-14,10000
GCR_He,min,3,562.341325190349,1.0,0,48,7.29187e-15,9.91416e-14,10000
GCR_He,min,3,562.341325190349,1.0,0,49,5.71973e-15,1.99586e-14,10000
GCR_He,min,3,562.341325190349,1.0,0,50,1.06753e-14,3.18341e-14,10000
GCR_He,min,3,562.341325190349,1.0,0,51,1.25e-14,6.71356e-14,10000
GCR_He,min,3,562.341325190349,1.0,0,52,3.09576e-14,1.02485e-13,10000
GCR_He,min,3,562.341325190349,1.0,0,53,2.5666e-15,2.34972e-14,10000
GCR_He,min,3,562.341325190349,1.0,0,54,3.38568e-15,1.95129e-14,10000
GCR_He,min,3,562.341325190349,1.0,0,55,0.0,0.0,10000
GCR_He,min,3,562.341325190349,1.0,0,56,3.7083e-15,6.58552e-14,10000
GCR_He,min,3,562.341325190349,1.0,0,57,1.11247e-15,6.97035e-14,10000
GCR_He,min,3,562.341325190349,1.0,0,58,6.26176e-15,7.06187e-14,10000
GCR_He,min,3,562.341325190349,1.0,0,59,1.19599e-15,2.02367e-13,10000
GCR_He,min,3,562.341325190349,1.0,0,60,1.60157e-15,4.61148e-14,10000
GCR_He,min,3,562.341325190349,1.0,0,61,8.89014e-14,6.13113e-14,10000
GCR_He,min,3,562.341325190349,1.0,0,62,2.17222e-16,2.89629e-14,10000
GCR_He,min,3,562.341325190349,1.0,0,63,6.69598e-16,1.34188e-13,10000
GCR_He,min,3,562.341325190349,1.0,0,64,0.0,0.0,10000
GCR_He,min,3,562.341325190349,1.0,0,65,7.60978e-16,1.52501e-13,10000
GCR_He,min,3,562.341325190349,1.0,0,66,0.0,0.0,10000
GCR_He,min,3,562.341325190349,1.0,0,67,0.0,0.0,10000
GCR_He,min,3,562.341325190349,1.0,0,68,0.0,0.0,10000
GCR_He,min,3,562.341325190349,1.0,0,69,0.0,0.0,10000
GCR_He,min,3,562.341325190349,1.0,0,70,1.4633e-15,1.05122e-13,10000
GCR_He,min,3,562.341325190349,1.0,0,71,7.90584e-15,1.46188e-13,10000
GCR_He,min,3,562.341325190349,1.0,0,72,5.0245e-15,3.34989e-14,10000
GCR_He,min,3,562.341325190349,1.0,0,73,7.54494e-15,3.01786e-14,10000
GCR_He,min,3,562.341325190349,1.0,0,74,7.3437e-14,1.1298e-13,10000
GCR_He,min,3,562.341325190349,1.0,0,75,3.28258e-14,9.37827e-14,10000
GCR_He,min,3,562.341325190349,1.0,0,76,1.65726e-14,1.8416e-13,10000
GCR_He,min,3,562.341325190349,1.0,0,77,1.75297e-15,3.18606e-14,10000
GCR_He,min,3,562.341325190349,1.0,0,78,4.03976e-15,6.73294e-14,10000
GCR_He,min,3,562.341325190349,1.0,0,79,1.04492e-14,1.09991e-13,10000
GCR_He,min,3,562.341325190349,1.0,0,80,4.14185e-15,6.90309e-14,10000
GCR_He,min,3,562.341325190349,1.0,0,81,2.71894e-15,6.79564e-14,10000
GCR_He,min,3,562.341325190349,1.0,0,82,1.59638e-14,1.77395e-13,10000
GCR_He,min,3,562.341325190349,1.0,0,83,2.28543e-15,6.52979e-14,10000
GCR_He,min,3,562.341325190349,1.0,0,84,3.79705e-15,9.49024e-14,10000
GCR_He,min,3,562.341325190349,1.0,0,85,6.74159e-15,8.99238e-14,10000
GCR_He,min,3,562.341325190349,1.0,0,86,8.47029e-15,2.82531e-13,10000
GCR_He,min,3,562.341325190349,1.0,0,87,2.55612e-14,7.74629e-14,10000
GCR_He,min,3,562.341325190349,1.0,0,88,4.00397e-14,7.85076e-14,10000
GCR_He,min,3,562.341325190349,1.0,0,89,7.6544e-15,7.14563e-14,10000
GCR_He,min,3,562.341325190349,1.0,0,90,6.89099e-15,1.80157e-13,10000
GCR_He,min,3,562.341325190349,1.0,0,91,4.59174e-16,6.01801e-14,10000
GCR_He,min,3,562.341325190349,1.0,0,92,1.17248e-14,1.06667e-13,10000
GCR_He,min,3,562.341325190349,1.0,0,93,2.87931e-15,7.33582e-14,10000
GCR_He,min,3,562.341325190349,1.0,0,94,2.50498e-15,3.18295e-13,10000
GCR_He,min,3,562.341325190349,1.0,0,95,6.2527e-14,3.4737e-14,10000
GCR_He,min,3,562.341325190349,1.0,0,96,1.39833e-17,1.76981e-16,10000
GCR_He,min,3,562.341325190349,1.0,0,97,1.93011e-14,4.04008e-14,10000
GCR_He,min,3,562.341325190349,1.0,0,98,2.01538e-15,2.81714e-14,10000
GCR_He,min,3,562.341325190349,1.0,0,99,6.49679e-14,1.11998e-13,10000
GCR_He,min,3,562.341325190349,1.0,0,100,7.27833e-16,3.2205e-13,10000
GCR_He,min,3,562.341325190349,1.0,0,101,0.0,0.0,10000
GCR_He,min,3,562.341325190349,1.0,0,102,1.41923e-16,2.37329e-14,10000
GCR_He,min,3,562.341325190349,1.0,0,103,9.48738e-15,9.08753e-14,10000
GCR_He,min,3,562.341325190349,1.0,0,104,7.02639e-16,8.97367e-14,10000
GCR_He,min,3,562.341325190349,1.0,0,105,8.64962e-16,7.79245e-14,10000
GCR_He,min,3,562.341325190349,1.0,0,106,8.23936e-14,6.76572e-14,10000
GCR_He,min,3,562.341325190349,1.0,0,107,1.33319e-12,8.88387e-14,10000
GCR_He,min,3,562.341325190349,1.0,0,108,2.71949e-13,9.88715e-14,10000
GCR_He,min,3,562.341325190349,1.0,0,109,9.54866e-13,9.52487e-14,10000
GCR_He,min,3,562.341325190349,1.0,0,110,3.78546e-15,9.46127e-14,10000
GCR_He,min,3,562.341325190349,1.0,0,111,0.0,0.0,10000
GCR_He,min,3,562.341325190349,1.0,0,112,0.0,0.0,10000
GCR_He,min,3,562.341325190349,1.0,0,113,1.19351e-14,8.5251e-14,10000
GCR_He,min,3,562.341325190349,1.0,0,114,0.0,0.0,10000
GCR_He,min,3,562.341325190349,1.0,0,115,2.99205e-15,1.75899e-13,10000
GCR_He,min,3,562.341325190349,1.0,0,116,8.66879e-14,8.26772e-14,10000
GCR_He,min,3,562.341325190349,1.0,0,117,1.343e-12,1.08569e-13,10000
GCR_He,min,3,562.341325190349,1.0,0,118,1.82495e-13,1.11042e-13,10000
GCR_He,min,3,562.341325190349,1.0,0,119,6.96896e-13,1.29139e-13,10000
GCR_He,min,3,562.341325190349,1.0,0,120,5.40701e-15,1.27254e-13,10000
GCR_He,min,3,562.341325190349,1.0,0,121,8.7475e-15,2.05872e-13,10000
GCR_He,min,3,562.341325190349,1.0,0,122,2.76268e-14,9.48265e-14,10000
GCR_He,min,3,562.341325190349,1.0,0,123,1.20951e-13,8.25484e-14,10000
GCR_He,min,3,562.341325190349,1.0,0,124,6.4651e-14,1.01171e-13,10000
GCR_He,min,3,562.341325190349,1.0,0,125,1.16634e-13,8.75345e-14,10000
GCR_He,min,3,562.341325190349,1.0,0,126,3.32811e-15,9.08824e-14,10000
GCR_He,min,3,562.341325190349,1.0,0,127,4.96855e-15,3.31259e-14,10000
GCR_He,min,3,562.341325190349,1.0,0,128,4.03269e-15,8.05893e-14,10000
GCR_He,min,3,562.341325190349,1.0,0,129,3.59741e-16,2.05802e-14,10000
GCR_He,min,3,562.341325190349,1.0,0,130,9.25425e-16,5.28211e-14,10000
GCR_He,min,3,562.341325190349,1.0,0,131,6.13432e-17,2.45471e-15,10000
GCR_He,min,3,562.341325190349,1.0,0,132,3.88684e-16,1.94439e-14,10000
GCR_He,min,3,562.341325190349,1.0,0,133,0.0,0.0,10000
GCR_He,min,3,562.341325190349,1.0,0,134,0.0,0.0,10000
GCR_He,min,3,562.341325190349,1.0,0,135,8.24803e-16,9.69216e-14,10000
GCR_He,min,3,562.341325190349,1.0,0,136,7.70116e-16,1.02819e-13,10000
GCR_He,min,3,562.341325190349,1.0,0,137,4.25197e-15,8.50224e-14,10000
GCR_He,min,3,562.341325190349,1.0,0,138,1.90274e-14,9.51371e-14,10000
GCR_He,min,3,562.341325190349,1.0,0,139,0.0,0.0,10000
GCR_He,min,3,562.341325190349,1.0,0,140,5.58876e-15,2.79438e-11,10000
GCR_He,min,3,562.341325190349,1.0,0,141,7.97553e-15,5.16885e-14,10000
GCR_He,min,4,1778.2794100389228,0.0,0,0,1.20208e-09,0.0,10000
GCR_He,min,4,1778.2794100389228,0.0,0,1,2.09147e-15,2.98782e-13,10000
GCR_He,min,4,1778.2794100389228,0.0,0,2,5.16925e-15,7.38464e-13,10000
GCR_He,min,4,1778.2794100389228,0.0,0,3,5.67911e-12,5.14879e-10,10000
GCR_He,min,4,1778.2794100389228,0.0,0,4,1.07918e-11,3.79859e-10,10000
GCR_He,min,4,1778.2794100389228,0.0,0,5,1.38519e-11,4.50762e-10,10000
GCR_He,min,4,1778.2794100389228,0.0,0,6,1.49639e-12,2.9341e-10,10000
GCR_He,min,4,1778.2794100389228,0.0,0,7,3.10812e-13,3.10501e-11,10000
GCR_He,min,4,1778.2794100389228,0.0,0,8,1.62295e-11,2.44753e-10,10000
GCR_He,min,4,1778.2794100389228,0.0,0,9,0.0,0.0,10000
GCR_He,min,4,1778.2794100389228,0.0,0,10,9.56774e-11,3.51846e-10,10000
GCR_He,min,4,1778.2794100389228,0.0,0,11,3.18586e-12,2.02663e-10,10000
GCR_He,min,4,1778.2794100389228,0.0,0,12,2.16601e-11,2.60839e-10,10000
GCR_He,min,4,1778.2794100389228,0.0,0,13,2.02476e-11,1.49694e-10,10000
GCR_He,min,4,1778.2794100389228,0.0,0,14,2.45206e-11,1.32644e-10,10000
GCR_He,min,4,1778.2794100389228,0.0,0,15,5.6547e-12,1.68898e-10,10000
GCR_He,min,4,1778.2794100389228,0.0,0,16,3.4998e-11,2.73358e-10,10000
GCR_He,min,4,1778.2794100389228,0.0,0,17,1.78792e-11,2.99333e-10,10000
GCR_He,min,4,1778.2794100389228,0.0,0,18,1.15824e-11,3.11941e-10,10000
GCR_He,min,4,1778.2794100389228,0.0,0,19,9.33995e-11,3.44902e-10,10000
GCR_He,min,4,1778.2794100389228,0.0,0,20,5.3035e-11,2.91545e-10,10000
GCR_He,min,4,1778.2794100389228,0.0,0,21,6.67182e-12,2.94302e-10,10000
GCR_He,min,4,1778.2794100389228,0.0,0,22,6.01005e-11,3.34375e-10,10000
GCR_He,min,4,1778.2794100389228,0.0,0,23,4.13472e-11,2.96204e-10,10000
GCR_He,min,4,1778.2794100389228,0.0,0,24,3.94603e-12,8.25875e-11,10000
GCR_He,min,4,1778.2794100389228,0.0,0,25,3.42575e-12,6.45637e-11,10000
GCR_He,min,4,1778.2794100389228,0.0,0,26,1.98272e-10,3.52265e-10,10000
GCR_He,min,4,1778.2794100389228,0.0,0,27,1.50517e-10,3.33696e-10,10000
GCR_He,min,4,1778.2794100389228,0.0,0,28,1.31173e-10,5.01273e-10,10000
GCR_He,min,4,1778.2794100389228,0.0,0,29,2.84931e-10,6.03603e-10,10000
GCR_He,min,4,1778.2794100389228,0.0,0,30,2.67753e-11,1.03861e-09,10000
GCR_He,min,4,1778.2794100389228,0.0,0,31,9.94158e-11,3.38045e-10,10000
GCR_He,min,4,1778.2794100389228,0.0,0,32,1.42005e-10,3.23791e-10,10000
GCR_He,min,4,1778.2794100389228,0.0,0,33,2.90482e-11,3.59107e-10,10000
GCR_He,min,4,1778.2794100389228,0.0,0,34,1.08626e-10,2.04434e-10,10000
GCR_He,min,4,1778.2794100389228,0.0,0,35,2.29168e-10,3.14195e-10,10000
GCR_He,min,4,1778.2794100389228,0.0,0,36,3.56162e-12,4.52729e-11,10000
GCR_He,min,4,1778.2794100389228,0.0,0,37,8.57137e-11,3.68566e-10,10000
GCR_He,min,4,1778.2794100389228,0.0,0,38,2.16039e-10,4.25458e-10,10000
GCR_He,min,4,1778.2794100389228,0.0,0,39,2.24174e-11,2.945e-10,10000
GCR_He,min,4,1778.2794100389228,0.0,0,40,2.90437e-11,3.93014e-10,10000
GCR_He,min,4,1778.2794100389228,0.0,0,41,2.0175e-10,5.06122e-10,10000
GCR_He,min,4,1778.2794100389228,0.0,0,42,3.42602e-10,5.02954e-10,10000
GCR_He,min,4,1778.2794100389228,0.0,0,43,7.06704e-11,1.93533e-10,10000
GCR_He,min,4,1778.2794100389228,0.0,0,44,1.22514e-10,2.35576e-10,10000
GCR_He,min,4,1778.2794100389228,0.0,0,45,1.08385e-11,4.9014e-11,10000
GCR_He,min,4,1778.2794100389228,0.0,0,46,1.52732e-11,7.94612e-11,10000
GCR_He,min,4,1778.2794100389228,0.0,0,47,1.75234e-11,1.70262e-10,10000
GCR_He,min,4,1778.2794100389228,0.0,0,48,1.94657e-11,2.64659e-10,10000
GCR_He,min,4,1778.2794100389228,0.0,0,49,5.21168e-11,1.81858e-10,10000
GCR_He,min,4,1778.2794100389228,0.0,0,50,8.9615e-11,2.67236e-10,10000
GCR_He,min,4,1778.2794100389228,0.0,0,51,5.08662e-11,2.73195e-10,10000
GCR_He,min,4,1778.2794100389228,0.0,0,52,9.70367e-11,3.21239e-10,10000
GCR_He,min,4,1778.2794100389228,0.0,0,53,6.2009e-11,5.67692e-10,10000
GCR_He,min,4,1778.2794100389228,0.0,0,54,1.01588e-10,5.85485e-10,10000
GCR_He,min,4,1778.2794100389228,0.0,0,55,3.06395e-13,3.09802e-11,10000
GCR_He,min,4,1778.2794100389228,0.0,0,56,6.05316e-12,1.07497e-10,10000
GCR_He,min,4,1778.2794100389228,0.0,0,57,2.73749e-12,1.71522e-10,10000
GCR_He,min,4,1778.2794100389228,0.0,0,58,3.40582e-11,3.84101e-10,10000
GCR_He,min,4,1778.2794100389228,0.0,0,59,1.58019e-12,2.67376e-10,10000
GCR_He,min,4,1778.2794100389228,0.0,0,60,1.6503e-11,4.75181e-10,10000
GCR_He,min,4,1778.2794100389228,0.0,0,61,6.01185e-10,4.1461e-10,10000
GCR_He,min,4,1778.2794100389228,0.0,0,62,2.39715e-14,3.1962e-12,10000
GCR_He,min,4,1778.2794100389228,0.0,0,63,0.0,0.0,10000
GCR_He,min,4,1778.2794100389228,0.0,0,64,6.45178e-12,8.60237e-10,10000
GCR_He,min,4,1778.2794100389228,0.0,0,65,9.17662e-13,1.839e-10,10000
GCR_He,min,4,1778.2794100389228,0.0,0,66,2.688e-13,1.41474e-09,10000
GCR_He,min,4,1778.2794100389228,0.0,0,67,3.36408e-12,4.61465e-10,10000
GCR_He,min,4,1778.2794100389228,0.0,0,68,0.0,0.0,10000
GCR_He,min,4,1778.2794100389228,0.0,0,69,5.71559e-12,7.79754e-10,10000
GCR_He,min,4,1778.2794100389228,0.0,0,70,5.03112e-12,3.61431e-10,10000
GCR_He,min,4,1778.2794100389228,0.0,0,71,1.84957e-11,3.42006e-10,10000
GCR_He,min,4,1778.2794100389228,0.0,0,72,3.91378e-11,2.60936e-10,10000
GCR_He,min,4,1778.2794100389228,0.0,0,73,6.79633e-11,2.71842e-10,10000
GCR_He,min,4,1778.2794100389228,0.0,0,74,2.18087e-10,3.35519e-10,10000
GCR_He,min,4,1778.2794100389228,0.0,0,75,7.56454e-11,2.16117e-10,10000
GCR_He,min,4,1778.2794100389228,0.0,0,76,1.16142e-11,1.29061e-10,10000
GCR_He,min,4,1778.2794100389228,0.0,0,77,1.42889e-11,2.59704e-10,10000
GCR_He,min,4,1778.2794100389228,0.0,0,78,1.3604e-12,2.26733e-11,10000
GCR_He,min,4,1778.2794100389228,0.0,0,79,2.07029e-12,2.17925e-11,10000
GCR_He,min,4,1778.2794100389228,0.0,0,80,9.5851e-12,1.59752e-10,10000
GCR_He,min,4,1778.2794100389228,0.0,0,81,1.20053e-11,3.00057e-10,10000
GCR_He,min,4,1778.2794100389228,0.0,0,82,3.19189e-11,3.54694e-10,10000
GCR_He,min,4,1778.2794100389228,0.0,0,83,1.07579e-11,3.07368e-10,10000
GCR_He,min,4,1778.2794100389228,0.0,0,84,3.19369e-11,7.98222e-10,10000
GCR_He,min,4,1778.2794100389228,0.0,0,85,3.32289e-11,4.43229e-10,10000
GCR_He,min,4,1778.2794100389228,0.0,0,86,4.26913e-12,1.42399e-10,10000
GCR_He,min,4,1778.2794100389228,0.0,0,87,8.48249e-11,2.57061e-10,10000
GCR_He,min,4,1778.2794100389228,0.0,0,88,1.65867e-10,3.25223e-10,10000
GCR_He,min,4,1778.2794100389228,0.0,0,89,2.88275e-11,2.69114e-10,10000
GCR_He,min,4,1778.2794100389228,0.0,0,90,1.01616e-11,2.65663e-10,10000
GCR_He,min,4,1778.2794100389228,0.0,0,91,7.2209e-13,9.46383e-11,10000
GCR_He,min,4,1778.2794100389228,0.0,0,92,3.6876e-11,3.3548e-10,10000
GCR_He,min,4,1778.2794100389228,0.0,0,93,6.77861e-12,1.72703e-10,10000
GCR_He,min,4,1778.2794100389228,0.0,0,94,2.69694e-12,3.42686e-10,10000
GCR_He,min,4,1778.2794100389228,0.0,0,95,4.9624e-10,2.75687e-10,10000
GCR_He,min,4,1778.2794100389228,0.0,0,96,1.58057e-11,2.00046e-10,10000
GCR_He,min,4,1778.2794100389228,0.0,0,97,1.03686e-10,2.17034e-10,10000
GCR_He,min,4,1778.2794100389228,0.0,0,98,1.60953e-11,2.24983e-10,10000
GCR_He,min,4,1778.2794100389228,0.0,0,99,9.59862e-11,1.65471e-10,10000
GCR_He,min,4,1778.2794100389228,0.0,0,100,5.68682e-13,2.51629e-10,10000
GCR_He,min,4,1778.2794100389228,0.0,0,101,1.69711e-12,2.65173e-10,10000
GCR_He,min,4,1778.2794100389228,0.0,0,102,6.12372e-13,1.02403e-10,10000
GCR_He,min,4,1778.2794100389228,0.0,0,103,3.30345e-11,3.16423e-10,10000
GCR_He,min,4,1778.2794100389228,0.0,0,104,9.56155e-13,1.22114e-10,10000
GCR_He,min,4,1778.2794100389228,0.0,0,105,4.22089e-12,3.8026e-10,10000
GCR_He,min,4,1778.2794100389228,0.0,0,106,2.82151e-10,2.31687e-10,10000
GCR_He,min,4,1778.2794100389228,0.0,0,107,5.20569e-09,3.46888e-10,10000
GCR_He,min,4,1778.2794100389228,0.0,0,108,9.02725e-10,3.282e-10,10000
GCR_He,min,4,1778.2794100389228,0.0,0,109,3.39106e-09,3.38261e-10,10000
GCR_He,min,4,1778.2794100389228,0.0,0,110,4.44574e-12,1.11116e-10,10000
GCR_He,min,4,1778.2794100389228,0.0,0,111,0.0,0.0,10000
GCR_He,min,4,1778.2794100389228,0.0,0,112,0.0,0.0,10000
GCR_He,min,4,1778.2794100389228,0.0,0,113,6.87573e-11,4.91123e-10,10000
GCR_He,min,4,1778.2794100389228,0.0,0,114,2.78895e-20,4.64825e-17,10000
GCR_He,min,4,1778.2794100389228,0.0,0,115,2.5747e-11,1.51364e-09,10000
GCR_He,min,4,1778.2794100389228,0.0,0,116,3.33588e-10,3.18154e-10,10000
GCR_He,min,4,1778.2794100389228,0.0,0,117,4.07413e-09,3.29355e-10,10000
GCR_He,min,4,1778.2794100389228,0.0,0,118,5.0774e-10,3.08944e-10,10000
GCR_He,min,4,1778.2794100389228,0.0,0,119,1.9203e-09,3.55844e-10,10000
GCR_He,min,4,1778.2794100389228,0.0,0,120,1.19863e-12,2.82098e-11,10000
GCR_He,min,4,1778.2794100389228,0.0,0,121,8.54257e-12,2.01049e-10,10000
GCR_He,min,4,1778.2794100389228,0.0,0,122,9.90509e-11,3.39984e-10,10000
GCR_He,min,4,1778.2794100389228,0.0,0,123,4.38651e-10,2.99378e-10,10000
GCR_He,min,4,1778.2794100389228,0.0,0,124,1.9724e-10,3.08655e-10,10000
GCR_He,min,4,1778.2794100389228,0.0,0,125,4.79001e-10,3.59495e-10,10000
GCR_He,min,4,1778.2794100389228,0.0,0,126,9.66147e-12,2.6383e-10,10000
GCR_He,min,4,1778.2794100389228,0.0,0,127,4.87915e-11,3.25298e-10,10000
GCR_He,min,4,1778.2794100389228,0.0,0,128,2.8681e-11,5.73161e-10,10000
GCR_He,min,4,1778.2794100389228,0.0,0,129,7.74959e-12,4.4334e-10,10000
GCR_He,min,4,1778.2794100389228,0.0,0,130,3.71659e-12,2.12134e-10,10000
GCR_He,min,4,1778.2794100389228,0.0,0,131,0.0,0.0,10000
GCR_He,min,4,1778.2794100389228,0.0,0,132,5.99785e-12,3.00042e-10,10000
GCR_He,min,4,1778.2794100389228,0.0,0,133,1.21783e-11,2.88038e-10,10000
GCR_He,min,4,1778.2794100389228,0.0,0,134,0.0,0.0,10000
GCR_He,min,4,1778.2794100389228,0.0,0,135,1.07172e-12,1.25936e-10,10000
GCR_He,min,4,1778.2794100389228,0.0,0,136,2.77663e-12,3.70711e-10,10000
GCR_He,min,4,1778.2794100389228,0.0,0,137,3.40968e-11,6.818e-10,10000
GCR_He,min,4,1778.2794100389228,0.0,0,138,1.45161e-10,7.25804e-10,10000
GCR_He,min,4,1778.2794100389228,0.0,0,139,0.0,0.0,10000
GCR_He,min,4,1778.2794100389228,0.0,0,140,5.25396e-14,2.62698e-10,10000
GCR_He,min,4,1778.2794100389228,0.0,0,141,4.46388e-11,2.89299e-10,10000
GCR_He,min,4,1778.2794100389228,1.0,0,0,5.78886e-10,0.0,10000
GCR_He,min,4,1778.2794100389228,1.0,0,1,2.66359e-16,3.80513e-14,10000
GCR_He,min,4,1778.2794100389228,1.0,0,2,0.0,0.0,10000
GCR_He,min,4,1778.2794100389228,1.0,0,3,1.44601e-15,1.31098e-13,10000
GCR_He,min,4,1778.2794100389228,1.0,0,4,1.00116e-14,3.52397e-13,10000
GCR_He,min,4,1778.2794100389228,1.0,0,5,9.36742e-15,3.0483e-13,10000
GCR_He,min,4,1778.2794100389228,1.0,0,6,1.77814e-15,3.48654e-13,10000
GCR_He,min,4,1778.2794100389228,1.0,0,7,1.2978e-15,1.2965e-13,10000
GCR_He,min,4,1778.2794100389228,1.0,0,8,1.1275e-14,1.70035e-13,10000
GCR_He,min,4,1778.2794100389228,1.0,0,9,0.0,0.0,10000
GCR_He,min,4,1778.2794100389228,1.0,0,10,5.31858e-14,1.95586e-13,10000
GCR_He,min,4,1778.2794100389228,1.0,0,11,2.99316e-15,1.90405e-13,10000
GCR_He,min,4,1778.2794100389228,1.0,0,12,1.47269e-14,1.77347e-13,10000
GCR_He,min,4,1778.2794100389228,1.0,0,13,1.713e-14,1.26645e-13,10000
GCR_He,min,4,1778.2794100389228,1.0,0,14,2.10473e-15,1.13855e-14,10000
GCR_He,min,4,1778.2794100389228,1.0,0,15,6.18458e-15,1.84725e-13,10000
GCR_He,min,4,1778.2794100389228,1.0,0,16,8.2173e-15,6.41826e-14,10000
GCR_He,min,4,1778.2794100389228,1.0,0,17,1.18381e-14,1.98193e-13,10000
GCR_He,min,4,1778.2794100389228,1.0,0,18,1.04197e-15,2.80628e-14,10000
GCR_He,min,4,1778.2794100389228,1.0,0,19,5.49613e-14,2.02959e-13,10000
GCR_He,min,4,1778.2794100389228,1.0,0,20,7.29071e-14,4.00787e-13,10000
GCR_He,min,4,1778.2794100389228,1.0,0,21,5.68627e-15,2.50828e-13,10000
GCR_He,min,4,1778.2794100389228,1.0,0,22,3.70607e-14,2.06191e-13,10000
GCR_He,min,4,1778.2794100389228,1.0,0,23,4.95887e-14,3.55246e-13,10000
GCR_He,min,4,1778.2794100389228,1.0,0,24,1.09937e-15,2.30089e-14,10000
GCR_He,min,4,1778.2794100389228,1.0,0,25,2.32956e-15,4.39043e-14,10000
GCR_He,min,4,1778.2794100389228,1.0,0,26,9.6201e-14,1.70918e-13,10000
GCR_He,min,4,1778.2794100389228,1.0,0,27,1.17738e-13,2.61026e-13,10000
GCR_He,min,4,1778.2794100389228,1.0,0,28,5.05224e-14,1.93069e-13,10000
GCR_He,min,4,1778.2794100389228,1.0,0,29,1.51105e-13,3.20105e-13,10000
GCR_He,min,4,1778.2794100389228,1.0,0,30,1.29035e-15,5.00524e-14,10000
GCR_He,min,4,1778.2794100389228,1.0,0,31,3.15963e-14,1.07437e-13,10000
GCR_He,min,4,1778.2794100389228,1.0,0,32,4.90243e-14,1.11782e-13,10000
GCR_He,min,4,1778.2794100389228,1.0,0,33,1.68237e-14,2.07983e-13,10000
GCR_He,min,4,1778.2794100389228,1.0,0,34,6.26353e-14,1.1788e-13,10000
GCR_He,min,4,1778.2794100389228,1.0,0,35,2.35198e-13,3.22464e-13,10000
GCR_He,min,4,1778.2794100389228,1.0,0,36,1.21724e-14,1.54727e-13,10000
GCR_He,min,4,1778.2794100389228,1.0,0,37,4.41667e-14,1.89915e-13,10000
GCR_He,min,4,1778.2794100389228,1.0,0,38,1.57278e-13,3.09737e-13,10000
GCR_He,min,4,1778.2794100389228,1.0,0,39,1.03994e-14,1.36618e-13,10000
GCR_He,min,4,1778.2794100389228,1.0,0,40,1.15273e-14,1.55985e-13,10000
GCR_He,min,4,1778.2794100389228,1.0,0,41,9.05938e-14,2.27269e-13,10000
GCR_He,min,4,1778.2794100389228,1.0,0,42,2.36274e-13,3.4686e-13,10000
GCR_He,min,4,1778.2794100389228,1.0,0,43,3.54338e-14,9.70364e-14,10000
GCR_He,min,4,1778.2794100389228,1.0,0,44,6.56177e-14,1.26173e-13,10000
GCR_He,min,4,1778.2794100389228,1.0,0,45,1.16156e-14,5.25282e-14,10000
GCR_He,min,4,1778.2794100389228,1.0,0,46,6.17806e-15,3.21422e-14,10000
GCR_He,min,4,1778.2794100389228,1.0,0,47,7.2357e-15,7.03041e-14,10000
GCR_He,min,4,1778.2794100389228,1.0,0,48,5.91483e-15,8.04191e-14,10000
GCR_He,min,4,1778.2794100389228,1.0,0,49,2.36991e-14,8.26962e-14,10000
GCR_He,min,4,1778.2794100389228,1.0,0,50,7.26004e-14,2.16498e-13,10000
GCR_He,min,4,1778.2794100389228,1.0,0,51,3.09637e-14,1.66302e-13,10000
GCR_He,min,4,1778.2794100389228,1.0,0,52,6.69489e-14,2.21634e-13,10000
GCR_He,min,4,1778.2794100389228,1.0,0,53,2.24027e-14,2.05097e-13,10000
GCR_He,min,4,1778.2794100389228,1.0,0,54,5.9535e-14,3.43122e-13,10000
GCR_He,min,4,1778.2794100389228,1.0,0,55,0.0,0.0,10000
GCR_He,min,4,1778.2794100389228,1.0,0,56,1.18828e-14,2.11024e-13,10000
GCR_He,min,4,1778.2794100389228,1.0,0,57,2.43925e-15,1.52835e-13,10000
GCR_He,min,4,1778.2794100389228,1.0,0,58,2.62848e-14,2.96434e-13,10000
GCR_He,min,4,1778.2794100389228,1.0,0,59,2.20454e-15,3.73019e-13,10000
GCR_He,min,4,1778.2794100389228,1.0,0,60,1.42421e-14,4.1008e-13,10000
GCR_He,min,4,1778.2794100389228,1.0,0,61,4.70739e-13,3.24647e-13,10000
GCR_He,min,4,1778.2794100389228,1.0,0,62,8.09787e-17,1.07972e-14,10000
GCR_He,min,4,1778.2794100389228,1.0,0,63,0.0,0.0,10000
GCR_He,min,4,1778.2794100389228,1.0,0,64,1.9076e-15,2.54347e-13,10000
GCR_He,min,4,1778.2794100389228,1.0,0,65,6.32299e-16,1.26713e-13,10000
GCR_He,min,4,1778.2794100389228,1.0,0,66,0.0,0.0,10000
GCR_He,min,4,1778.2794100389228,1.0,0,67,2.48251e-15,3.40536e-13,10000
GCR_He,min,4,1778.2794100389228,1.0,0,68,0.0,0.0,10000
GCR_He,min,4,1778.2794100389228,1.0,0,69,1.15224e-15,1.57195e-13,10000
GCR_He,min,4,1778.2794100389228,1.0,0,70,2.27626e-15,1.63524e-13,10000
GCR_He,min,4,1778.2794100389228,1.0,0,71,2.58838e-15,4.78621e-14,10000
GCR_He,min,4,1778.2794100389228,1.0,0,72,2.60222e-14,1.73493e-13,10000
GCR_He,min,4,1778.2794100389228,1.0,0,73,3.47964e-14,1.3918e-13,10000
GCR_He,min,4,1778.2794100389228,1.0,0,74,1.7069e-13,2.62601e-13,10000
GCR_He,min,4,1778.2794100389228,1.0,0,75,5.336e-14,1.52448e-13,10000
GCR_He,min,4,1778.2794100389228,1.0,0,76,1.9167e-14,2.12991e-13,10000
GCR_He,min,4,1778.2794100389228,1.0,0,77,4.39072e-15,7.98023e-14,10000
GCR_He,min,4,1778.2794100389228,1.0,0,78,2.8143e-15,4.6905e-14,10000
GCR_He,min,4,1778.2794100389228,1.0,0,79,1.49553e-14,1.57424e-13,10000
GCR_He,min,4,1778.2794100389228,1.0,0,80,6.40449e-15,1.06742e-13,10000
GCR_He,min,4,1778.2794100389228,1.0,0,81,1.1066e-14,2.76581e-13,10000
GCR_He,min,4,1778.2794100389228,1.0,0,82,1.59226e-14,1.76937e-13,10000
GCR_He,min,4,1778.2794100389228,1.0,0,83,3.09593e-15,8.84553e-14,10000
GCR_He,min,4,1778.2794100389228,1.0,0,84,4.83032e-15,1.20728e-13,10000
GCR_He,min,4,1778.2794100389228,1.0,0,85,2.65986e-14,3.5479e-13,10000
GCR_He,min,4,1778.2794100389228,1.0,0,86,6.4874e-15,2.16391e-13,10000
GCR_He,min,4,1778.2794100389228,1.0,0,87,7.05263e-14,2.13729e-13,10000
GCR_He,min,4,1778.2794100389228,1.0,0,88,1.22744e-13,2.40671e-13,10000
GCR_He,min,4,1778.2794100389228,1.0,0,89,2.21219e-14,2.06516e-13,10000
GCR_He,min,4,1778.2794100389228,1.0,0,90,7.12512e-15,1.86278e-13,10000
GCR_He,min,4,1778.2794100389228,1.0,0,91,2.06823e-15,2.71065e-13,10000
GCR_He,min,4,1778.2794100389228,1.0,0,92,6.78394e-15,6.17171e-14,10000
GCR_He,min,4,1778.2794100389228,1.0,0,93,3.91667e-15,9.97877e-14,10000
GCR_He,min,4,1778.2794100389228,1.0,0,94,8.57767e-16,1.08992e-13,10000
GCR_He,min,4,1778.2794100389228,1.0,0,95,9.33319e-13,5.18508e-13,10000
GCR_He,min,4,1778.2794100389228,1.0,0,96,1.53716e-14,1.94553e-13,10000
GCR_He,min,4,1778.2794100389228,1.0,0,97,1.74467e-13,3.65193e-13,10000
GCR_He,min,4,1778.2794100389228,1.0,0,98,5.86523e-14,8.19853e-13,10000
GCR_He,min,4,1778.2794100389228,1.0,0,99,6.30871e-13,1.08756e-12,10000
GCR_He,min,4,1778.2794100389228,1.0,0,100,3.96551e-16,1.75465e-13,10000
GCR_He,min,4,1778.2794100389228,1.0,0,101,1.56647e-15,2.44761e-13,10000
GCR_He,min,4,1778.2794100389228,1.0,0,102,7.56786e-16,1.26553e-13,10000
GCR_He,min,4,1778.2794100389228,1.0,0,103,2.65167e-14,2.53991e-13,10000
GCR_He,min,4,1778.2794100389228,1.0,0,104,1.68446e-15,2.15129e-13,10000
GCR_He,min,4,1778.2794100389228,1.0,0,105,1.04119e-15,9.38005e-14,10000
GCR_He,min,4,1778.2794100389228,1.0,0,106,2.33472e-13,1.91715e-13,10000
GCR_He,min,4,1778.2794100389228,1.0,0,107,4.01388e-12,2.6747e-13,10000
GCR_He,min,4,1778.2794100389228,1.0,0,108,6.35947e-13,2.31209e-13,10000
GCR_He,min,4,1778.2794100389228,1.0,0,109,2.40487e-12,2.39888e-13,10000
GCR_He,min,4,1778.2794100389228,1.0,0,110,6.51037e-15,1.62718e-13,10000
GCR_He,min,4,1778.2794100389228,1.0,0,111,0.0,0.0,10000
GCR_He,min,4,1778.2794100389228,1.0,0,112,0.0,0.0,10000
GCR_He,min,4,1778.2794100389228,1.0,0,113,9.30128e-15,6.64377e-14,10000
GCR_He,min,4,1778.2794100389228,1.0,0,114,1.72644e-16,2.8774e-13,10000
GCR_He,min,4,1778.2794100389228,1.0,0,115,5.77921e-15,3.39754e-13,10000
GCR_He,min,4,1778.2794100389228,1.0,0,116,3.45257e-13,3.29284e-13,10000
GCR_He,min,4,1778.2794100389228,1.0,0,117,3.79655e-12,3.06915e-13,10000
GCR_He,min,4,1778.2794100389228,1.0,0,118,4.44671e-13,2.70568e-13,10000
GCR_He,min,4,1778.2794100389228,1.0,0,119,1.70153e-12,3.15305e-13,10000
GCR_He,min,4,1778.2794100389228,1.0,0,120,5.06629e-16,1.19235e-14,10000
GCR_He,min,4,1778.2794100389228,1.0,0,121,1.82657e-15,4.29882e-14,10000
GCR_He,min,4,1778.2794100389228,1.0,0,122,7.68959e-14,2.63939e-13,10000
GCR_He,min,4,1778.2794100389228,1.0,0,123,3.30136e-13,2.25316e-13,10000
GCR_He,min,4,1778.2794100389228,1.0,0,124,1.66104e-13,2.59932e-13,10000
GCR_He,min,4,1778.2794100389228,1.0,0,125,3.12274e-13,2.34364e-13,10000
GCR_He,min,4,1778.2794100389228,1.0,0,126,3.52714e-15,9.63173e-14,10000
GCR_He,min,4,1778.2794100389228,1.0,0,127,3.85301e-14,2.56884e-13,10000
GCR_He,min,4,1778.2794100389228,1.0,0,128,3.69519e-15,7.38447e-14,10000
GCR_He,min,4,1778.2794100389228,1.0,0,129,4.30053e-15,2.46026e-13,10000
GCR_He,min,4,1778.2794100389228,1.0,0,130,4.16431e-15,2.37689e-13,10000
GCR_He,min,4,1778.2794100389228,1.0,0,131,4.20236e-15,1.68162e-13,10000
GCR_He,min,4,1778.2794100389228,1.0,0,132,1.96304e-15,9.82012e-14,10000
GCR_He,min,4,1778.2794100389228,1.0,0,133,1.64512e-14,3.89101e-13,10000
GCR_He,min,4,1778.2794100389228,1.0,0,134,5.25427e-16,1.7456e-13,10000
GCR_He,min,4,1778.2794100389228,1.0,0,135,2.79477e-15,3.2841e-13,10000
GCR_He,min,4,1778.2794100389228,1.0,0,136,3.19805e-16,4.26976e-14,10000
GCR_He,min,4,1778.2794100389228,1.0,0,137,2.2044e-14,4.40792e-13,10000
GCR_He,min,4,1778.2794100389228,1.0,0,138,7.61561e-14,3.8078e-13,10000
GCR_He,min,4,1778.2794100389228,1.0,0,139,0.0,0.0,10000
GCR_He,min,4,1778.2794100389228,1.0,0,140,6.13872e-14,3.06936e-10,10000
GCR_He,min,4,1778.2794100389228,1.0,0,141,2.01349e-14,1.30492e-13,10000
GCR_He,min,5,5623.413251903491,0.0,0,0,2.19918e-10,0.0,10000
GCR_He,min,5,5623.413251903491,0.0,0,1,1.55115e-11,2.21593e-09,10000
GCR_He,min,5,5623.413251903491,0.0,0,2,2.32301e-11,3.31858e-09,10000
GCR_He,min,5,5623.413251903491,0.0,0,3,3.67055e-12,3.32779e-10,10000
GCR_He,min,5,5623.413251903491,0.0,0,4,1.24927e-11,4.39731e-10,10000
GCR_He,min,5,5623.413251903491,0.0,0,5,2.02372e-11,6.58548e-10,10000
GCR_He,min,5,5623.413251903491,0.0,0,6,3.46758e-12,6.79917e-10,10000
GCR_He,min,5,5623.413251903491,0.0,0,7,5.61533e-12,5.60972e-10,10000
GCR_He,min,5,5623.413251903491,0.0,0,8,1.22895e-10,1.85334e-09,10000
GCR_He,min,5,5623.413251903491,0.0,0,9,0.0,0.0,10000
GCR_He,min,5,5623.413251903491,0.0,0,10,5.8372e-10,2.14658e-09,10000
GCR_He,min,5,5623.413251903491,0.0,0,11,2.70274e-11,1.7193e-09,10000
GCR_He,min,5,5623.413251903491,0.0,0,12,1.3907e-10,1.67473e-09,10000
GCR_He,min,5,5623.413251903491,0.0,0,13,1.5351e-10,1.13492e-09,10000
GCR_He,min,5,5623.413251903491,0.0,0,14,1.29638e-10,7.01278e-10,10000
GCR_He,min,5,5623.413251903491,0.0,0,15,5.59008e-11,1.66968e-09,10000
GCR_He,min,5,5623.413251903491,0.0,0,16,3.05473e-10,2.38595e-09,10000
GCR_He,min,5,5623.413251903491,0.0,0,17,1.84961e-10,3.09662e-09,10000
GCR_He,min,5,5623.413251903491,0.0,0,18,9.92319e-11,2.67255e-09,10000
GCR_He,min,5,5623.413251903491,0.0,0,19,3.1199e-10,1.15211e-09,10000
GCR_He,min,5,5623.413251903491,0.0,0,20,2.16143e-10,1.18819e-09,10000
GCR_He,min,5,5623.413251903491,0.0,0,21,2.60884e-11,1.15079e-09,10000
GCR_He,min,5,5623.413251903491,0.0,0,22,2.98269e-10,1.65945e-09,10000
GCR_He,min,5,5623.413251903491,0.0,0,23,3.0227e-10,2.16541e-09,10000
GCR_He,min,5,5623.413251903491,0.0,0,24,3.25603e-11,6.81463e-10,10000
GCR_He,min,5,5623.413251903491,0.0,0,25,5.08629e-11,9.58591e-10,10000
GCR_He,min,5,5623.413251903491,0.0,0,26,2.09749e-10,3.72656e-10,10000
GCR_He,min,5,5623.413251903491,0.0,0,27,1.50209e-10,3.33013e-10,10000
GCR_He,min,5,5623.413251903491,0.0,0,28,7.13131e-10,2.7252e-09,10000
GCR_He,min,5,5623.413251903491,0.0,0,29,1.66574e-09,3.52873e-09,10000
GCR_He,min,5,5623.413251903491,0.0,0,30,6.52278e-11,2.53017e-09,10000
GCR_He,min,5,5623.413251903491,0.0,0,31,4.71305e-10,1.60259e-09,10000
GCR_He,min,5,5623.413251903491,0.0,0,32,9.60433e-10,2.18992e-09,10000
GCR_He,min,5,5623.413251903491,0.0,0,33,1.40646e-10,1.73874e-09,10000
GCR_He,min,5,5623.413251903491,0.0,0,34,8.1104e-10,1.52638e-09,10000
GCR_He,min,5,5623.413251903491,0.0,0,35,1.49179e-09,2.04528e-09,10000
GCR_He,min,5,5623.413251903491,0.0,0,36,8.26771e-11,1.05094e-09,10000
GCR_He,min,5,5623.413251903491,0.0,0,37,1.02547e-10,4.40949e-10,10000
GCR_He,min,5,5623.413251903491,0.0,0,38,2.35737e-10,4.6425e-10,10000
GCR_He,min,5,5623.413251903491,0.0,0,39,3.63728e-11,4.77835e-10,10000
GCR_He,min,5,5623.413251903491,0.0,0,40,3.65463e-11,4.94537e-10,10000
GCR_He,min,5,5623.413251903491,0.0,0,41,1.10105e-09,2.76217e-09,10000
GCR_He,min,5,5623.413251903491,0.0,0,42,2.00458e-09,2.94281e-09,10000
GCR_He,min,5,5623.413251903491,0.0,0,43,6.71104e-10,1.83783e-09,10000
GCR_He,min,5,5623.413251903491,0.0,0,44,1.30164e-09,2.50286e-09,10000
GCR_He,min,5,5623.413251903491,0.0,0,45,2.99047e-10,1.35236e-09,10000
GCR_He,min,5,5623.413251903491,0.0,0,46,2.45937e-10,1.27952e-09,10000
GCR_He,min,5,5623.413251903491,0.0,0,47,6.1251e-11,5.95132e-10,10000
GCR_He,min,5,5623.413251903491,0.0,0,48,5.00864e-11,6.80984e-10,10000
GCR_He,min,5,5623.413251903491,0.0,0,49,4.45461e-10,1.5544e-09,10000
GCR_He,min,5,5623.413251903491,0.0,0,50,6.42188e-10,1.91504e-09,10000
GCR_He,min,5,5623.413251903491,0.0,0,51,2.96666e-10,1.59335e-09,10000
GCR_He,min,5,5623.413251903491,0.0,0,52,4.71486e-10,1.56085e-09,10000
GCR_He,min,5,5623.413251903491,0.0,0,53,2.50314e-10,2.29162e-09,10000
GCR_He,min,5,5623.413251903491,0.0,0,54,4.63115e-10,2.6691e-09,10000
GCR_He,min,5,5623.413251903491,0.0,0,55,9.75546e-12,9.86397e-10,10000
GCR_He,min,5,5623.413251903491,0.0,0,56,5.36143e-11,9.52128e-10,10000
GCR_He,min,5,5623.413251903491,0.0,0,57,8.95589e-12,5.61146e-10,10000
GCR_He,min,5,5623.413251903491,0.0,0,58,1.8312e-10,2.06519e-09,10000
GCR_He,min,5,5623.413251903491,0.0,0,59,1.47782e-11,2.50054e-09,10000
GCR_He,min,5,5623.413251903491,0.0,0,60,7.66274e-11,2.20638e-09,10000
GCR_He,min,5,5623.413251903491,0.0,0,61,5.05793e-10,3.48823e-10,10000
GCR_He,min,5,5623.413251903491,0.0,0,62,1.16315e-11,1.55087e-09,10000
GCR_He,min,5,5623.413251903491,0.0,0,63,6.9455e-12,1.39188e-09,10000
GCR_He,min,5,5623.413251903491,0.0,0,64,1.66488e-11,2.21984e-09,10000
GCR_He,min,5,5623.413251903491,0.0,0,65,5.05198e-12,1.01242e-09,10000
GCR_He,min,5,5623.413251903491,0.0,0,66,0.0,0.0,10000
GCR_He,min,5,5623.413251903491,0.0,0,67,6.48572e-13,8.89673e-11,10000
GCR_He,min,5,5623.413251903491,0.0,0,68,9.55068e-14,5.02667e-10,10000
GCR_He,min,5,5623.413251903491,0.0,0,69,3.90446e-12,5.32668e-10,10000
GCR_He,min,5,5623.413251903491,0.0,0,70,4.92309e-11,3.53671e-09,10000
GCR_He,min,5,5623.413251903491,0.0,0,71,1.76718e-10,3.26771e-09,10000
GCR_He,min,5,5623.413251903491,0.0,0,72,4.14251e-10,2.76186e-09,10000
GCR_He,min,5,5623.413251903491,0.0,0,73,7.03248e-10,2.81288e-09,10000
GCR_He,min,5,5623.413251903491,0.0,0,74,1.39351e-09,2.14386e-09,10000
GCR_He,min,5,5623.413251903491,0.0,0,75,7.05375e-10,2.01524e-09,10000
GCR_He,min,5,5623.413251903491,0.0,0,76,8.16379e-11,9.07189e-10,10000
GCR_He,min,5,5623.413251903491,0.0,0,77,6.65503e-11,1.20957e-09,10000
GCR_He,min,5,5623.413251903491,0.0,0,78,3.12426e-10,5.20709e-09,10000
GCR_He,min,5,5623.413251903491,0.0,0,79,4.62383e-10,4.86719e-09,10000
GCR_He,min,5,5623.413251903491,0.0,0,80,2.99543e-10,4.99239e-09,10000
GCR_He,min,5,5623.413251903491,0.0,0,81,1.69376e-10,4.23334e-09,10000
GCR_He,min,5,5623.413251903491,0.0,0,82,2.50915e-10,2.78825e-09,10000
GCR_He,min,5,5623.413251903491,0.0,0,83,1.26326e-10,3.60931e-09,10000
GCR_He,min,5,5623.413251903491,0.0,0,84,8.96054e-11,2.23958e-09,10000
GCR_He,min,5,5623.413251903491,0.0,0,85,1.52308e-10,2.03159e-09,10000
GCR_He,min,5,5623.413251903491,0.0,0,86,1.12918e-10,3.76645e-09,10000
GCR_He,min,5,5623.413251903491,0.0,0,87,7.95073e-10,2.40946e-09,10000
GCR_He,min,5,5623.413251903491,0.0,0,88,1.31833e-09,2.58491e-09,10000
GCR_He,min,5,5623.413251903491,0.0,0,89,2.49752e-10,2.33152e-09,10000
GCR_He,min,5,5623.413251903491,0.0,0,90,9.98791e-11,2.61122e-09,10000
GCR_He,min,5,5623.413251903491,0.0,0,91,7.45648e-12,9.77258e-10,10000
GCR_He,min,5,5623.413251903491,0.0,0,92,1.97591e-10,1.79759e-09,10000
GCR_He,min,5,5623.413251903491,0.0,0,93,1.12836e-10,2.8748e-09,10000
GCR_He,min,5,5623.413251903491,0.0,0,94,6.21032e-12,7.89114e-10,10000
GCR_He,min,5,5623.413251903491,0.0,0,95,5.4642e-09,3.03565e-09,10000
GCR_He,min,5,5623.413251903491,0.0,0,96,1.77568e-10,2.24741e-09,10000
GCR_He,min,5,5623.413251903491,0.0,0,97,1.01138e-09,2.117e-09,10000
GCR_He,min,5,5623.413251903491,0.0,0,98,1.28424e-10,1.79513e-09,10000
GCR_He,min,5,5623.413251903491,0.0,0,99,1.01489e-09,1.74957e-09,10000
GCR_He,min,5,5623.413251903491,0.0,0,100,9.69146e-13,4.28826e-10,10000
GCR_He,min,5,5623.413251903491,0.0,0,101,8.17494e-12,1.27733e-09,10000
GCR_He,min,5,5623.413251903491,0.0,0,102,2.33457e-12,3.90396e-10,10000
GCR_He,min,5,5623.413251903491,0.0,0,103,2.63601e-10,2.52491e-09,10000
GCR_He,min,5,5623.413251903491,0.0,0,104,2.18449e-11,2.7899e-09,10000
GCR_He,min,5,5623.413251903491,0.0,0,105,2.04701e-11,1.84415e-09,10000
GCR_He,min,5,5623.413251903491,0.0,0,106,6.93564e-10,5.69517e-10,10000
GCR_He,min,5,5623.413251903491,0.0,0,107,3.57574e-08,2.38274e-09,10000
GCR_He,min,5,5623.413251903491,0.0,0,108,4.88674e-09,1.77665e-09,10000
GCR_He,min,5,5623.413251903491,0.0,0,109,1.80354e-08,1.79904e-09,10000
GCR_He,min,5,5623.413251903491,0.0,0,110,4.03855e-11,1.00939e-09,10000
GCR_He,min,5,5623.413251903491,0.0,0,111,0.0,0.0,10000
GCR_He,min,5,5623.413251903491,0.0,0,112,0.0,0.0,10000
GCR_He,min,5,5623.413251903491,0.0,0,113,5.13705e-10,3.66932e-09,10000
GCR_He,min,5,5623.413251903491,0.0,0,114,5.23017e-16,8.71694e-13,10000
GCR_He,min,5,5623.413251903491,0.0,0,115,6.90074e-11,4.05687e-09,10000
GCR_He,min,5,5623.413251903491,0.0,0,116,5.46587e-10,5.21299e-10,10000
GCR_He,min,5,5623.413251903491,0.0,0,117,2.99128e-08,2.41816e-09,10000
GCR_He,min,5,5623.413251903491,0.0,0,118,3.0293e-09,1.84323e-09,10000
GCR_He,min,5,5623.413251903491,0.0,0,119,1.04166e-08,1.93026e-09,10000
GCR_He,min,5,5623.413251903491,0.0,0,120,3.88585e-11,9.14534e-10,10000
GCR_He,min,5,5623.413251903491,0.0,0,121,1.9042e-11,4.48154e-10,10000
GCR_He,min,5,5623.413251903491,0.0,0,122,1.50818e-10,5.1767e-10,10000
GCR_He,min,5,5623.413251903491,0.0,0,123,3.32002e-09,2.2659e-09,10000
GCR_He,min,5,5623.413251903491,0.0,0,124,1.07828e-09,1.68737e-09,10000
GCR_He,min,5,5623.413251903491,0.0,0,125,2.051e-09,1.53929e-09,10000
GCR_He,min,5,5623.413251903491,0.0,0,126,5.17465e-11,1.41307e-09,10000
GCR_He,min,5,5623.413251903491,0.0,0,127,4.30609e-10,2.87092e-09,10000
GCR_He,min,5,5623.413251903491,0.0,0,128,3.293e-11,6.58073e-10,10000
GCR_He,min,5,5623.413251903491,0.0,0,129,3.40599e-11,1.94851e-09,10000
GCR_He,min,5,5623.413251903491,0.0,0,130,3.44757e-11,1.96779e-09,10000
GCR_He,min,5,5623.413251903491,0.0,0,131,3.02384e-11,1.21002e-09,10000
GCR_He,min,5,5623.413251903491,0.0,0,132,1.53424e-11,7.67505e-10,10000
GCR_He,min,5,5623.413251903491,0.0,0,133,2.56562e-11,6.06817e-10,10000
GCR_He,min,5,5623.413251903491,0.0,0,134,0.0,0.0,10000
GCR_He,min,5,5623.413251903491,0.0,0,135,1.5378e-11,1.80706e-09,10000
GCR_He,min,5,5623.413251903491,0.0,0,136,1.06358e-11,1.41999e-09,10000
GCR_He,min,5,5623.413251903491,0.0,0,137,1.54276e-10,3.08491e-09,10000
GCR_He,min,5,5623.413251903491,0.0,0,138,6.25012e-10,3.12506e-09,10000
GCR_He,min,5,5623.413251903491,0.0,0,139,0.0,0.0,10000
GCR_He,min,5,5623.413251903491,0.0,0,140,7.83396e-14,3.91698e-10,10000
GCR_He,min,5,5623.413251903491,0.0,0,141,4.73191e-11,3.0667e-10,10000
GCR_He,min,5,5623.413251903491,1.0,0,0,1.86381e-10,0.0,10000
GCR_He,min,5,5623.413251903491,1.0,0,1,1.26855e-14,1.81222e-12,10000
GCR_He,min,5,5623.413251903491,1.0,0,2,7.28083e-15,1.04012e-12,10000
GCR_He,min,5,5623.413251903491,1.0,0,3,2.03343e-15,1.84355e-13,10000
GCR_He,min,5,5623.413251903491,1.0,0,4,1.615e-14,5.68463e-13,10000
GCR_He,min,5,5623.413251903491,1.0,0,5,1.06436e-14,3.46357e-13,10000
GCR_He,min,5,5623.413251903491,1.0,0,6,0.0,0.0,10000
GCR_He,min,5,5623.413251903491,1.0,0,7,1.54806e-14,1.54651e-12,10000
GCR_He,min,5,5623.413251903491,1.0,0,8,7.17161e-14,1.08153e-12,10000
GCR_He,min,5,5623.413251903491,1.0,0,9,3.54651e-17,4.17237e-14,10000
GCR_He,min,5,5623.413251903491,1.0,0,10,2.98285e-13,1.09692e-12,10000
GCR_He,min,5,5623.413251903491,1.0,0,11,1.72138e-14,1.09503e-12,10000
GCR_He,min,5,5623.413251903491,1.0,0,12,1.99769e-13,2.40569e-12,10000
GCR_He,min,5,5623.413251903491,1.0,0,13,5.12099e-14,3.78603e-13,10000
GCR_He,min,5,5623.413251903491,1.0,0,14,1.01406e-13,5.48556e-13,10000
GCR_He,min,5,5623.413251903491,1.0,0,15,2.45108e-14,7.32103e-13,10000
GCR_He,min,5,5623.413251903491,1.0,0,16,9.4018e-14,7.34344e-13,10000
GCR_He,min,5,5623.413251903491,1.0,0,17,6.67881e-14,1.11817e-12,10000
GCR_He,min,5,5623.413251903491,1.0,0,18,4.63485e-14,1.24828e-12,10000
GCR_He,min,5,5623.413251903491,1.0,0,19,1.10274e-13,4.07214e-13,10000
GCR_He,min,5,5623.413251903491,1.0,0,20,1.07451e-13,5.90681e-13,10000
GCR_He,min,5,5623.413251903491,1.0,0,21,1.52299e-14,6.71808e-13,10000
GCR_He,min,5,5623.413251903491,1.0,0,22,5.26659e-13,2.93011e-12,10000
GCR_He,min,5,5623.413251903491,1.0,0,23,2.66819e-13,1.91145e-12,10000
GCR_He,min,5,5623.413251903491,1.0,0,24,1.30867e-14,2.73895e-13,10000
GCR_He,min,5,5623.413251903491,1.0,0,25,2.66318e-14,5.01918e-13,10000
GCR_He,min,5,5623.413251903491,1.0,0,26,9.10244e-14,1.61721e-13,10000
GCR_He,min,5,5623.413251903491,1.0,0,27,9.60685e-14,2.12984e-13,10000
GCR_He,min,5,5623.413251903491,1.0,0,28,2.10835e-13,8.05697e-13,10000
GCR_He,min,5,5623.413251903491,1.0,0,29,7.91428e-13,1.67658e-12,10000
GCR_He,min,5,5623.413251903491,1.0,0,30,3.19204e-14,1.23818e-12,10000
GCR_He,min,5,5623.413251903491,1.0,0,31,1.65538e-13,5.62881e-13,10000
GCR_He,min,5,5623.413251903491,1.0,0,32,5.2456e-13,1.19607e-12,10000
GCR_He,min,5,5623.413251903491,1.0,0,33,5.06279e-14,6.25885e-13,10000
GCR_He,min,5,5623.413251903491,1.0,0,34,2.90738e-13,5.47168e-13,10000
GCR_He,min,5,5623.413251903491,1.0,0,35,7.33163e-13,1.00519e-12,10000
GCR_He,min,5,5623.413251903491,1.0,0,36,6.00942e-14,7.63877e-13,10000
GCR_He,min,5,5623.413251903491,1.0,0,37,4.39282e-14,1.8889e-13,10000
GCR_He,min,5,5623.413251903491,1.0,0,38,1.55167e-13,3.05579e-13,10000
GCR_He,min,5,5623.413251903491,1.0,0,39,1.94166e-14,2.55079e-13,10000
GCR_He,min,5,5623.413251903491,1.0,0,40,3.60119e-14,4.87306e-13,10000
GCR_He,min,5,5623.413251903491,1.0,0,41,3.49543e-13,8.76882e-13,10000
GCR_He,min,5,5623.413251903491,1.0,0,42,9.50873e-13,1.39592e-12,10000
GCR_He,min,5,5623.413251903491,1.0,0,43,2.04223e-13,5.5927e-13,10000
GCR_He,min,5,5623.413251903491,1.0,0,44,6.57701e-13,1.26466e-12,10000
GCR_He,min,5,5623.413251903491,1.0,0,45,9.82713e-14,4.44405e-13,10000
GCR_He,min,5,5623.413251903491,1.0,0,46,1.07773e-13,5.60704e-13,10000
GCR_He,min,5,5623.413251903491,1.0,0,47,2.46343e-14,2.39354e-13,10000
GCR_He,min,5,5623.413251903491,1.0,0,48,3.3208e-14,4.51503e-13,10000
GCR_He,min,5,5623.413251903491,1.0,0,49,1.97282e-13,6.88401e-13,10000
GCR_He,min,5,5623.413251903491,1.0,0,50,4.28879e-13,1.27894e-12,10000
GCR_He,min,5,5623.413251903491,1.0,0,51,7.8555e-14,4.21908e-13,10000
GCR_He,min,5,5623.413251903491,1.0,0,52,1.79086e-13,5.92862e-13,10000
GCR_He,min,5,5623.413251903491,1.0,0,53,7.28907e-14,6.67314e-13,10000
GCR_He,min,5,5623.413251903491,1.0,0,54,1.58834e-13,9.15418e-13,10000
GCR_He,min,5,5623.413251903491,1.0,0,55,3.62361e-15,3.66391e-13,10000
GCR_He,min,5,5623.413251903491,1.0,0,56,3.76633e-14,6.68857e-13,10000
GCR_He,min,5,5623.413251903491,1.0,0,57,1.25917e-14,7.88951e-13,10000
GCR_He,min,5,5623.413251903491,1.0,0,58,8.16806e-14,9.21175e-13,10000
GCR_He,min,5,5623.413251903491,1.0,0,59,4.52541e-15,7.65721e-13,10000
GCR_He,min,5,5623.413251903491,1.0,0,60,3.69599e-14,1.06421e-12,10000
GCR_He,min,5,5623.413251903491,1.0,0,61,4.62744e-13,3.19134e-13,10000
GCR_He,min,5,5623.413251903491,1.0,0,62,1.97764e-14,2.63686e-12,10000
GCR_He,min,5,5623.413251903491,1.0,0,63,5.94088e-15,1.19056e-12,10000
GCR_He,min,5,5623.413251903491,1.0,0,64,5.87594e-15,7.83458e-13,10000
GCR_He,min,5,5623.413251903491,1.0,0,65,4.4746e-15,8.96713e-13,10000
GCR_He,min,5,5623.413251903491,1.0,0,66,0.0,0.0,10000
GCR_He,min,5,5623.413251903491,1.0,0,67,1.88898e-15,2.59119e-13,10000
GCR_He,min,5,5623.413251903491,1.0,0,68,3.73091e-16,1.96364e-12,10000
GCR_He,min,5,5623.413251903491,1.0,0,69,5.33477e-15,7.278e-13,10000
GCR_He,min,5,5623.413251903491,1.0,0,70,3.45363e-14,2.48106e-12,10000
GCR_He,min,5,5623.413251903491,1.0,0,71,1.33538e-13,2.46927e-12,10000
GCR_He,min,5,5623.413251903491,1.0,0,72,2.68355e-13,1.78915e-12,10000
GCR_He,min,5,5623.413251903491,1.0,0,73,5.02551e-13,2.01012e-12,10000
GCR_He,min,5,5623.413251903491,1.0,0,74,6.5305e-13,1.00469e-12,10000
GCR_He,min,5,5623.413251903491,1.0,0,75,4.00369e-13,1.14384e-12,10000
GCR_He,min,5,5623.413251903491,1.0,0,76,1.15665e-13,1.28531e-12,10000
GCR_He,min,5,5623.413251903491,1.0,0,77,5.23175e-14,9.50881e-13,10000
GCR_He,min,5,5623.413251903491,1.0,0,78,1.69391e-13,2.82318e-12,10000
GCR_He,min,5,5623.413251903491,1.0,0,79,2.61159e-13,2.74904e-12,10000
GCR_He,min,5,5623.413251903491,1.0,0,80,1.57123e-13,2.61872e-12,10000
GCR_He,min,5,5623.413251903491,1.0,0,81,1.48762e-13,3.71812e-12,10000
GCR_He,min,5,5623.413251903491,1.0,0,82,2.19362e-13,2.43763e-12,10000
GCR_He,min,5,5623.413251903491,1.0,0,83,8.6156e-14,2.4616e-12,10000
GCR_He,min,5,5623.413251903491,1.0,0,84,3.18456e-14,7.95942e-13,10000
GCR_He,min,5,5623.413251903491,1.0,0,85,6.78816e-14,9.0545e-13,10000
GCR_He,min,5,5623.413251903491,1.0,0,86,5.17673e-14,1.72673e-12,10000
GCR_He,min,5,5623.413251903491,1.0,0,87,3.99209e-13,1.2098e-12,10000
GCR_He,min,5,5623.413251903491,1.0,0,88,6.28126e-13,1.2316e-12,10000
GCR_He,min,5,5623.413251903491,1.0,0,89,1.37474e-13,1.28336e-12,10000
GCR_He,min,5,5623.413251903491,1.0,0,90,4.73517e-14,1.23795e-12,10000
GCR_He,min,5,5623.413251903491,1.0,0,91,8.70231e-15,1.14054e-12,10000
GCR_He,min,5,5623.413251903491,1.0,0,92,9.58531e-14,8.72026e-13,10000
GCR_He,min,5,5623.413251903491,1.0,0,93,4.41878e-14,1.1258e-12,10000
GCR_He,min,5,5623.413251903491,1.0,0,94,1.64276e-15,2.08737e-13,10000
GCR_He,min,5,5623.413251903491,1.0,0,95,3.24687e-12,1.80381e-12,10000
GCR_He,min,5,5623.413251903491,1.0,0,96,6.96573e-14,8.81626e-13,10000
GCR_He,min,5,5623.413251903491,1.0,0,97,1.17676e-12,2.46318e-12,10000
GCR_He,min,5,5623.413251903491,1.0,0,98,7.14829e-14,9.99202e-13,10000
GCR_He,min,5,5623.413251903491,1.0,0,99,1.62194e-12,2.79606e-12,10000
GCR_He,min,5,5623.413251903491,1.0,0,100,2.66576e-15,1.17954e-12,10000
GCR_He,min,5,5623.413251903491,1.0,0,101,1.11675e-14,1.74491e-12,10000
GCR_He,min,5,5623.413251903491,1.0,0,102,2.31832e-15,3.87679e-13,10000
GCR_He,min,5,5623.413251903491,1.0,0,103,1.29508e-13,1.24049e-12,10000
GCR_He,min,5,5623.413251903491,1.0,0,104,7.95897e-15,1.01647e-12,10000
GCR_He,min,5,5623.413251903491,1.0,0,105,1.1361e-14,1.02351e-12,10000
GCR_He,min,5,5623.413251903491,1.0,0,106,5.42301e-13,4.45308e-13,10000
GCR_He,min,5,5623.413251903491,1.0,0,107,2.24989e-11,1.49924e-12,10000
GCR_He,min,5,5623.413251903491,1.0,0,108,2.96836e-12,1.07919e-12,10000
GCR_He,min,5,5623.413251903491,1.0,0,109,1.09226e-11,1.08953e-12,10000
GCR_He,min,5,5623.413251903491,1.0,0,110,4.58817e-14,1.14675e-12,10000
GCR_He,min,5,5623.413251903491,1.0,0,111,0.0,0.0,10000
GCR_He,min,5,5623.413251903491,1.0,0,112,0.0,0.0,10000
GCR_He,min,5,5623.413251903491,1.0,0,113,2.57288e-13,1.83777e-12,10000
GCR_He,min,5,5623.413251903491,1.0,0,114,0.0,0.0,10000
GCR_He,min,5,5623.413251903491,1.0,0,115,3.61822e-14,2.12711e-12,10000
GCR_He,min,5,5623.413251903491,1.0,0,116,4.14554e-13,3.95374e-13,10000
GCR_He,min,5,5623.413251903491,1.0,0,117,1.97648e-11,1.59779e-12,10000
GCR_He,min,5,5623.413251903491,1.0,0,118,2.09747e-12,1.27625e-12,10000
GCR_He,min,5,5623.413251903491,1.0,0,119,6.83917e-12,1.26734e-12,10000
GCR_He,min,5,5623.413251903491,1.0,0,120,1.93657e-14,4.5577e-13,10000
GCR_He,min,5,5623.413251903491,1.0,0,121,1.32702e-14,3.12315e-13,10000
GCR_He,min,5,5623.413251903491,1.0,0,122,8.70639e-14,2.98839e-13,10000
GCR_He,min,5,5623.413251903491,1.0,0,123,1.99034e-12,1.3584e-12,10000
GCR_He,min,5,5623.413251903491,1.0,0,124,6.90561e-13,1.08064e-12,10000
GCR_He,min,5,5623.413251903491,1.0,0,125,1.35374e-12,1.016e-12,10000
GCR_He,min,5,5623.413251903491,1.0,0,126,3.29449e-14,8.99641e-13,10000
GCR_He,min,5,5623.413251903491,1.0,0,127,3.13051e-13,2.08714e-12,10000
GCR_He,min,5,5623.413251903491,1.0,0,128,8.13074e-15,1.62485e-13,10000
GCR_He,min,5,5623.413251903491,1.0,0,129,2.08543e-14,1.19304e-12,10000
GCR_He,min,5,5623.413251903491,1.0,0,130,2.26258e-14,1.29143e-12,10000
GCR_He,min,5,5623.413251903491,1.0,0,131,7.89296e-15,3.15845e-13,10000
GCR_He,min,5,5623.413251903491,1.0,0,132,1.99407e-14,9.97533e-13,10000
GCR_He,min,5,5623.413251903491,1.0,0,133,1.73777e-14,4.11014e-13,10000
GCR_He,min,5,5623.413251903491,1.0,0,134,1.23207e-15,4.09327e-13,10000
GCR_He,min,5,5623.413251903491,1.0,0,135,4.41745e-15,5.19089e-13,10000
GCR_He,min,5,5623.413251903491,1.0,0,136,5.26506e-15,7.02946e-13,10000
GCR_He,min,5,5623.413251903491,1.0,0,137,8.40688e-14,1.68104e-12,10000
GCR_He,min,5,5623.413251903491,1.0,0,138,3.17265e-13,1.58632e-12,10000
GCR_He,min,5,5623.413251903491,1.0,0,139,0.0,0.0,10000
GCR_He,min,5,5623.413251903491,1.0,0,140,9.23007e-14,4.61504e-10,10000
GCR_He,min,5,5623.413251903491,1.0,0,141,4.5456e-14,2.94595e-13,10000
