combo_label,M,seed_idx,organo_id,edep_J,s1_j,s2_j2,n,se_run_j,se_run_total_j
SEP_p_max_0,2500,0,0,0.0,0.0,0.0,0,0.0,0.0
SEP_p_max_0,2500,0,1,0.0,0.0,0.0,0,0.0,0.0
SEP_p_max_0,2500,0,2,0.0,0.0,0.0,0,0.0,0.0
SEP_p_max_0,2500,0,3,0.0,0.0,0.0,0,0.0,0.0
SEP_p_max_0,2500,0,4,0.0,0.0,0.0,0,0.0,0.0
SEP_p_max_0,2500,0,5,0.0,0.0,0.0,0,0.0,0.0
SEP_p_max_0,2500,0,6,0.0,0.0,0.0,0,0.0,0.0
SEP_p_max_0,2500,0,7,0.0,0.0,0.0,0,0.0,0.0
SEP_p_max_0,2500,0,8,0.0,0.0,0.0,0,0.0,0.0
SEP_p_max_0,2500,0,9,0.0,0.0,0.0,0,0.0,0.0
SEP_p_max_0,2500,0,10,0.0,0.0,0.0,0,0.0,0.0
SEP_p_max_0,2500,0,11,0.0,0.0,0.0,0,0.0,0.0
SEP_p_max_0,2500,0,12,0.0,0.0,0.0,0,0.0,0.0
SEP_p_max_0,2500,0,13,0.0,0.0,0.0,0,0.0,0.0
SEP_p_max_0,2500,0,14,0.0,0.0,0.0,0,0.0,0.0
SEP_p_max_0,2500,0,15,0.0,0.0,0.0,0,0.0,0.0
SEP_p_max_0,2500,0,16,0.0,0.0,0.0,0,0.0,0.0
SEP_p_max_0,2500,0,17,0.0,0.0,0.0,0,0.0,0.0
SEP_p_max_0,2500,0,18,0.0,0.0,0.0,0,0.0,0.0
SEP_p_max_0,2500,0,19,0.0,0.0,0.0,0,0.0,0.0
SEP_p_max_0,2500,0,20,0.0,0.0,0.0,0,0.0,0.0
SEP_p_max_0,2500,0,21,0.0,0.0,0.0,0,0.0,0.0
SEP_p_max_0,2500,0,22,0.0,0.0,0.0,0,0.0,0.0
SEP_p_max_0,2500,0,23,0.0,0.0,0.0,0,0.0,0.0
SEP_p_max_0,2500,0,24,0.0,0.0,0.0,0,0.0,0.0
SEP_p_max_0,2500,0,25,0.0,0.0,0.0,0,0.0,0.0
SEP_p_max_0,2500,0,26,0.0,0.0,0.0,0,0.0,0.0
SEP_p_max_0,2500,0,27,0.0,0.0,0.0,0,0.0,0.0
SEP_p_max_0,2500,0,28,0.0,0.0,0.0,0,0.0,0.0
SEP_p_max_0,2500,0,29,0.0,0.0,0.0,0,0.0,0.0
SEP_p_max_0,2500,0,30,0.0,0.0,0.0,0,0.0,0.0
SEP_p_max_0,2500,0,31,0.0,0.0,0.0,0,0.0,0.0
SEP_p_max_0,2500,0,32,0.0,0.0,0.0,0,0.0,0.0
SEP_p_max_0,2500,0,33,0.0,0.0,0.0,0,0.0,0.0
SEP_p_max_0,2500,0,34,0.0,0.0,0.0,0,0.0,0.0
SEP_p_max_0,2500,0,35,0.0,0.0,0.0,0,0.0,0.0
SEP_p_max_0,2500,0,36,0.0,0.0,0.0,0,0.0,0.0
SEP_p_max_0,2500,0,37,0.0,0.0,0.0,0,0.0,0.0
SEP_p_max_0,2500,0,38,0.0,0.0,0.0,0,0.0,0.0
SEP_p_max_0,2500,0,39,0.0,0.0,0.0,0,0.0,0.0
SEP_p_max_0,2500,0,40,0.0,0.0,0.0,0,0.0,0.0
SEP_p_max_0,2500,0,41,0.0,0.0,0.0,0,0.0,0.0
SEP_p_max_0,2500,0,42,0.0,0.0,0.0,0,0.0,0.0
SEP_p_max_0,2500,0,43,0.0,0.0,0.0,0,0.0,0.0
SEP_p_max_0,2500,0,44,0.0,0.0,0.0,0,0.0,0.0
SEP_p_max_0,2500,0,45,0.0,0.0,0.0,0,0.0,0.0
SEP_p_max_0,2500,0,46,0.0,0.0,0.0,0,0.0,0.0
SEP_p_max_0,2500,0,47,0.0,0.0,0.0,0,0.0,0.0
SEP_p_max_0,2500,0,48,0.0,0.0,0.0,0,0.0,0.0
SEP_p_max_0,2500,0,49,0.0,0.0,0.0,0,0.0,0.0
SEP_p_max_0,2500,0,50,0.0,0.0,0.0,0,0.0,0.0
SEP_p_max_0,2500,0,51,0.0,0.0,0.0,0,0.0,0.0
SEP_p_max_0,2500,0,52,0.0,0.0,0.0,0,0.0,0.0
SEP_p_max_0,2500,0,53,0.0,0.0,0.0,0,0.0,0.0
SEP_p_max_0,2500,0,54,0.0,0.0,0.0,0,0.0,0.0
SEP_p_max_0,2500,0,55,0.0,0.0,0.0,0,0.0,0.0
SEP_p_max_0,2500,0,56,0.0,0.0,0.0,0,0.0,0.0
SEP_p_max_0,2500,0,57,0.0,0.0,0.0,0,0.0,0.0
SEP_p_max_0,2500,0,58,0.0,0.0,0.0,0,0.0,0.0
SEP_p_max_0,2500,0,59,0.0,0.0,0.0,0,0.0,0.0
SEP_p_max_0,2500,0,60,0.0,0.0,0.0,0,0.0,0.0
SEP_p_max_0,2500,0,61,0.0,0.0,0.0,0,0.0,0.0
SEP_p_max_0,2500,0,62,0.0,0.0,0.0,0,0.0,0.0
SEP_p_max_0,2500,0,63,0.0,0.0,0.0,0,0.0,0.0
SEP_p_max_0,2500,0,64,0.0,0.0,0.0,0,0.0,0.0
SEP_p_max_0,2500,0,65,0.0,0.0,0.0,0,0.0,0.0
SEP_p_max_0,2500,0,66,0.0,0.0,0.0,0,0.0,0.0
SEP_p_max_0,2500,0,67,0.0,0.0,0.0,0,0.0,0.0
SEP_p_max_0,2500,0,68,0.0,0.0,0.0,0,0.0,0.0
SEP_p_max_0,2500,0,69,0.0,0.0,0.0,0,0.0,0.0
SEP_p_max_0,2500,0,70,0.0,0.0,0.0,0,0.0,0.0
SEP_p_max_0,2500,0,71,0.0,0.0,0.0,0,0.0,0.0
SEP_p_max_0,2500,0,72,0.0,0.0,0.0,0,0.0,0.0
SEP_p_max_0,2500,0,73,0.0,0.0,0.0,0,0.0,0.0
SEP_p_max_0,2500,0,74,0.0,0.0,0.0,0,0.0,0.0
SEP_p_max_0,2500,0,75,0.0,0.0,0.0,0,0.0,0.0
SEP_p_max_0,2500,0,76,0.0,0.0,0.0,0,0.0,0.0
SEP_p_max_0,2500,0,77,0.0,0.0,0.0,0,0.0,0.0
SEP_p_max_0,2500,0,78,0.0,0.0,0.0,0,0.0,0.0
SEP_p_max_0,2500,0,79,0.0,0.0,0.0,0,0.0,0.0
SEP_p_max_0,2500,0,80,0.0,0.0,0.0,0,0.0,0.0
SEP_p_max_0,2500,0,81,0.0,0.0,0.0,0,0.0,0.0
SEP_p_max_0,2500,0,82,0.0,0.0,0.0,0,0.0,0.0
SEP_p_max_0,2500,0,83,0.0,0.0,0.0,0,0.0,0.0
SEP_p_max_0,2500,0,84,0.0,0.0,0.0,0,0.0,0.0
SEP_p_max_0,2500,0,85,0.0,0.0,0.0,0,0.0,0.0
SEP_p_max_0,2500,0,86,0.0,0.0,0.0,0,0.0,0.0
SEP_p_max_0,2500,0,87,0.0,0.0,0.0,0,0.0,0.0
SEP_p_max_0,2500,0,88,0.0,0.0,0.0,0,0.0,0.0
SEP_p_max_0,2500,0,89,0.0,0.0,0.0,0,0.0,0.0
SEP_p_max_0,2500,0,90,0.0,0.0,0.0,0,0.0,0.0
SEP_p_max_0,2500,0,91,0.0,0.0,0.0,0,0.0,0.0
SEP_p_max_0,2500,0,92,0.0,0.0,0.0,0,0.0,0.0
SEP_p_max_0,2500,0,93,0.0,0.0,0.0,0,0.0,0.0
SEP_p_max_0,2500,0,94,0.0,0.0,0.0,0,0.0,0.0
SEP_p_max_0,2500,0,95,0.0,0.0,0.0,0,0.0,0.0
SEP_p_max_0,2500,0,96,0.0,0.0,0.0,0,0.0,0.0
SEP_p_max_0,2500,0,97,0.0,0.0,0.0,0,0.0,0.0
SEP_p_max_0,2500,0,98,0.0,0.0,0.0,0,0.0,0.0
SEP_p_max_0,2500,0,99,0.0,0.0,0.0,0,0.0,0.0
SEP_p_max_0,2500,0,100,0.0,0.0,0.0,0,0.0,0.0
SEP_p_max_0,2500,0,101,0.0,0.0,0.0,0,0.0,0.0
SEP_p_max_0,2500,0,102,0.0,0.0,0.0,0,0.0,0.0
SEP_p_max_0,2500,0,103,0.0,0.0,0.0,0,0.0,0.0
SEP_p_max_0,2500,0,104,0.0,0.0,0.0,0,0.0,0.0
SEP_p_max_0,2500,0,105,0.0,0.0,0.0,0,0.0,0.0
SEP_p_max_0,2500,0,106,0.0,0.0,0.0,0,0.0,0.0
SEP_p_max_0,2500,0,107,0.0,0.0,0.0,0,0.0,0.0
SEP_p_max_0,2500,0,108,0.0,0.0,0.0,0,0.0,0.0
SEP_p_max_0,2500,0,109,0.0,0.0,0.0,0,0.0,0.0
SEP_p_max_0,2500,0,110,0.0,0.0,0.0,0,0.0,0.0
SEP_p_max_0,2500,0,111,0.0,0.0,0.0,0,0.0,0.0
SEP_p_max_0,2500,0,112,0.0,0.0,0.0,0,0.0,0.0
SEP_p_max_0,2500,0,113,0.0,0.0,0.0,0,0.0,0.0
SEP_p_max_0,2500,0,114,0.0,0.0,0.0,0,0.0,0.0
SEP_p_max_0,2500,0,115,0.0,0.0,0.0,0,0.0,0.0
SEP_p_max_0,2500,0,116,0.0,0.0,0.0,0,0.0,0.0
SEP_p_max_0,2500,0,117,0.0,0.0,0.0,0,0.0,0.0
SEP_p_max_0,2500,0,118,0.0,0.0,0.0,0,0.0,0.0
SEP_p_max_0,2500,0,119,0.0,0.0,0.0,0,0.0,0.0
SEP_p_max_0,2500,0,120,0.0,0.0,0.0,0,0.0,0.0
SEP_p_max_0,2500,0,121,0.0,0.0,0.0,0,0.0,0.0
SEP_p_max_0,2500,0,122,0.0,0.0,0.0,0,0.0,0.0
SEP_p_max_0,2500,0,123,0.0,0.0,0.0,0,0.0,0.0
SEP_p_max_0,2500,0,124,0.0,0.0,0.0,0,0.0,0.0
SEP_p_max_0,2500,0,125,0.0,0.0,0.0,0,0.0,0.0
SEP_p_max_0,2500,0,126,0.0,0.0,0.0,0,0.0,0.0
SEP_p_max_0,2500,0,127,0.0,0.0,0.0,0,0.0,0.0
SEP_p_max_0,2500,0,128,0.0,0.0,0.0,0,0.0,0.0
SEP_p_max_0,2500,0,129,0.0,0.0,0.0,0,0.0,0.0
SEP_p_max_0,2500,0,130,0.0,0.0,0.0,0,0.0,0.0
SEP_p_max_0,2500,0,131,0.0,0.0,0.0,0,0.0,0.0
SEP_p_max_0,2500,0,132,0.0,0.0,0.0,0,0.0,0.0
SEP_p_max_0,2500,0,133,0.0,0.0,0.0,0,0.0,0.0
SEP_p_max_0,2500,0,134,0.0,0.0,0.0,0,0.0,0.0
SEP_p_max_0,2500,0,135,0.0,0.0,0.0,0,0.0,0.0
SEP_p_max_0,2500,0,136,0.0,0.0,0.0,0,0.0,0.0
SEP_p_max_0,2500,0,137,0.0,0.0,0.0,0,0.0,0.0
SEP_p_max_0,2500,0,138,0.0,0.0,0.0,0,0.0,0.0
SEP_p_max_0,2500,0,139,0.0,0.0,0.0,0,0.0,0.0
SEP_p_max_0,2500,0,140,0.0,0.0,0.0,0,0.0,0.0
SEP_p_max_0,2500,0,141,0.0,0.0,0.0,0,0.0,0.0
SEP_p_max_0,2500,1,0,0.0,0.0,0.0,0,0.0,0.0
SEP_p_max_0,2500,1,1,0.0,0.0,0.0,0,0.0,0.0
SEP_p_max_0,2500,1,2,0.0,0.0,0.0,0,0.0,0.0
SEP_p_max_0,2500,1,3,0.0,0.0,0.0,0,0.0,0.0
SEP_p_max_0,2500,1,4,0.0,0.0,0.0,0,0.0,0.0
SEP_p_max_0,2500,1,5,0.0,0.0,0.0,0,0.0,0.0
SEP_p_max_0,2500,1,6,0.0,0.0,0.0,0,0.0,0.0
SEP_p_max_0,2500,1,7,0.0,0.0,0.0,0,0.0,0.0
SEP_p_max_0,2500,1,8,0.0,0.0,0.0,0,0.0,0.0
SEP_p_max_0,2500,1,9,0.0,0.0,0.0,0,0.0,0.0
SEP_p_max_0,2500,1,10,0.0,0.0,0.0,0,0.0,0.0
SEP_p_max_0,2500,1,11,0.0,0.0,0.0,0,0.0,0.0
SEP_p_max_0,2500,1,12,0.0,0.0,0.0,0,0.0,0.0
SEP_p_max_0,2500,1,13,0.0,0.0,0.0,0,0.0,0.0
SEP_p_max_0,2500,1,14,0.0,0.0,0.0,0,0.0,0.0
SEP_p_max_0,2500,1,15,0.0,0.0,0.0,0,0.0,0.0
SEP_p_max_0,2500,1,16,0.0,0.0,0.0,0,0.0,0.0
SEP_p_max_0,2500,1,17,0.0,0.0,0.0,0,0.0,0.0
SEP_p_max_0,2500,1,18,0.0,0.0,0.0,0,0.0,0.0
SEP_p_max_0,2500,1,19,0.0,0.0,0.0,0,0.0,0.0
SEP_p_max_0,2500,1,20,0.0,0.0,0.0,0,0.0,0.0
SEP_p_max_0,2500,1,21,0.0,0.0,0.0,0,0.0,0.0
SEP_p_max_0,2500,1,22,0.0,0.0,0.0,0,0.0,0.0
SEP_p_max_0,2500,1,23,0.0,0.0,0.0,0,0.0,0.0
SEP_p_max_0,2500,1,24,0.0,0.0,0.0,0,0.0,0.0
SEP_p_max_0,2500,1,25,0.0,0.0,0.0,0,0.0,0.0
SEP_p_max_0,2500,1,26,0.0,0.0,0.0,0,0.0,0.0
SEP_p_max_0,2500,1,27,0.0,0.0,0.0,0,0.0,0.0
SEP_p_max_0,2500,1,28,0.0,0.0,0.0,0,0.0,0.0
SEP_p_max_0,2500,1,29,0.0,0.0,0.0,0,0.0,0.0
SEP_p_max_0,2500,1,30,0.0,0.0,0.0,0,0.0,0.0
SEP_p_max_0,2500,1,31,0.0,0.0,0.0,0,0.0,0.0
SEP_p_max_0,2500,1,32,0.0,0.0,0.0,0,0.0,0.0
SEP_p_max_0,2500,1,33,0.0,0.0,0.0,0,0.0,0.0
SEP_p_max_0,2500,1,34,0.0,0.0,0.0,0,0.0,0.0
SEP_p_max_0,2500,1,35,0.0,0.0,0.0,0,0.0,0.0
SEP_p_max_0,2500,1,36,0.0,0.0,0.0,0,0.0,0.0
SEP_p_max_0,2500,1,37,0.0,0.0,0.0,0,0.0,0.0
SEP_p_max_0,2500,1,38,0.0,0.0,0.0,0,0.0,0.0
SEP_p_max_0,2500,1,39,0.0,0.0,0.0,0,0.0,0.0
SEP_p_max_0,2500,1,40,0.0,0.0,0.0,0,0.0,0.0
SEP_p_max_0,2500,1,41,0.0,0.0,0.0,0,0.0,0.0
SEP_p_max_0,2500,1,42,0.0,0.0,0.0,0,0.0,0.0
SEP_p_max_0,2500,1,43,0.0,0.0,0.0,0,0.0,0.0
SEP_p_max_0,2500,1,44,0.0,0.0,0.0,0,0.0,0.0
SEP_p_max_0,2500,1,45,0.0,0.0,0.0,0,0.0,0.0
SEP_p_max_0,2500,1,46,0.0,0.0,0.0,0,0.0,0.0
SEP_p_max_0,2500,1,47,0.0,0.0,0.0,0,0.0,0.0
SEP_p_max_0,2500,1,48,0.0,0.0,0.0,0,0.0,0.0
SEP_p_max_0,2500,1,49,0.0,0.0,0.0,0,0.0,0.0
SEP_p_max_0,2500,1,50,0.0,0.0,0.0,0,0.0,0.0
SEP_p_max_0,2500,1,51,0.0,0.0,0.0,0,0.0,0.0
SEP_p_max_0,2500,1,52,0.0,0.0,0.0,0,0.0,0.0
SEP_p_max_0,2500,1,53,0.0,0.0,0.0,0,0.0,0.0
SEP_p_max_0,2500,1,54,0.0,0.0,0.0,0,0.0,0.0
SEP_p_max_0,2500,1,55,0.0,0.0,0.0,0,0.0,0.0
SEP_p_max_0,2500,1,56,0.0,0.0,0.0,0,0.0,0.0
SEP_p_max_0,2500,1,57,0.0,0.0,0.0,0,0.0,0.0
SEP_p_max_0,2500,1,58,0.0,0.0,0.0,0,0.0,0.0
SEP_p_max_0,2500,1,59,0.0,0.0,0.0,0,0.0,0.0
SEP_p_max_0,2500,1,60,0.0,0.0,0.0,0,0.0,0.0
SEP_p_max_0,2500,1,61,0.0,0.0,0.0,0,0.0,0.0
SEP_p_max_0,2500,1,62,0.0,0.0,0.0,0,0.0,0.0
SEP_p_max_0,2500,1,63,0.0,0.0,0.0,0,0.0,0.0
SEP_p_max_0,2500,1,64,0.0,0.0,0.0,0,0.0,0.0
SEP_p_max_0,2500,1,65,0.0,0.0,0.0,0,0.0,0.0
SEP_p_max_0,2500,1,66,0.0,0.0,0.0,0,0.0,0.0
SEP_p_max_0,2500,1,67,0.0,0.0,0.0,0,0.0,0.0
SEP_p_max_0,2500,1,68,0.0,0.0,0.0,0,0.0,0.0
SEP_p_max_0,2500,1,69,0.0,0.0,0.0,0,0.0,0.0
SEP_p_max_0,2500,1,70,0.0,0.0,0.0,0,0.0,0.0
SEP_p_max_0,2500,1,71,0.0,0.0,0.0,0,0.0,0.0
SEP_p_max_0,2500,1,72,0.0,0.0,0.0,0,0.0,0.0
SEP_p_max_0,2500,1,73,0.0,0.0,0.0,0,0.0,0.0
SEP_p_max_0,2500,1,74,0.0,0.0,0.0,0,0.0,0.0
SEP_p_max_0,2500,1,75,0.0,0.0,0.0,0,0.0,0.0
SEP_p_max_0,2500,1,76,0.0,0.0,0.0,0,0.0,0.0
SEP_p_max_0,2500,1,77,0.0,0.0,0.0,0,0.0,0.0
SEP_p_max_0,2500,1,78,0.0,0.0,0.0,0,0.0,0.0
SEP_p_max_0,2500,1,79,0.0,0.0,0.0,0,0.0,0.0
SEP_p_max_0,2500,1,80,0.0,0.0,0.0,0,0.0,0.0
SEP_p_max_0,2500,1,81,0.0,0.0,0.0,0,0.0,0.0
SEP_p_max_0,2500,1,82,0.0,0.0,0.0,0,0.0,0.0
SEP_p_max_0,2500,1,83,0.0,0.0,0.0,0,0.0,0.0
SEP_p_max_0,2500,1,84,0.0,0.0,0.0,0,0.0,0.0
SEP_p_max_0,2500,1,85,0.0,0.0,0.0,0,0.0,0.0
SEP_p_max_0,2500,1,86,0.0,0.0,0.0,0,0.0,0.0
SEP_p_max_0,2500,1,87,0.0,0.0,0.0,0,0.0,0.0
SEP_p_max_0,2500,1,88,0.0,0.0,0.0,0,0.0,0.0
SEP_p_max_0,2500,1,89,0.0,0.0,0.0,0,0.0,0.0
SEP_p_max_0,2500,1,90,0.0,0.0,0.0,0,0.0,0.0
SEP_p_max_0,2500,1,91,0.0,0.0,0.0,0,0.0,0.0
SEP_p_max_0,2500,1,92,0.0,0.0,0.0,0,0.0,0.0
SEP_p_max_0,2500,1,93,0.0,0.0,0.0,0,0.0,0.0
SEP_p_max_0,2500,1,94,0.0,0.0,0.0,0,0.0,0.0
SEP_p_max_0,2500,1,95,0.0,0.0,0.0,0,0.0,0.0
SEP_p_max_0,2500,1,96,0.0,0.0,0.0,0,0.0,0.0
SEP_p_max_0,2500,1,97,0.0,0.0,0.0,0,0.0,0.0
SEP_p_max_0,2500,1,98,0.0,0.0,0.0,0,0.0,0.0
SEP_p_max_0,2500,1,99,0.0,0.0,0.0,0,0.0,0.0
SEP_p_max_0,2500,1,100,0.0,0.0,0.0,0,0.0,0.0
SEP_p_max_0,2500,1,101,0.0,0.0,0.0,0,0.0,0.0
SEP_p_max_0,2500,1,102,0.0,0.0,0.0,0,0.0,0.0
SEP_p_max_0,2500,1,103,0.0,0.0,0.0,0,0.0,0.0
SEP_p_max_0,2500,1,104,0.0,0.0,0.0,0,0.0,0.0
SEP_p_max_0,2500,1,105,0.0,0.0,0.0,0,0.0,0.0
SEP_p_max_0,2500,1,106,0.0,0.0,0.0,0,0.0,0.0
SEP_p_max_0,2500,1,107,0.0,0.0,0.0,0,0.0,0.0
SEP_p_max_0,2500,1,108,0.0,0.0,0.0,0,0.0,0.0
SEP_p_max_0,2500,1,109,0.0,0.0,0.0,0,0.0,0.0
SEP_p_max_0,2500,1,110,0.0,0.0,0.0,0,0.0,0.0
SEP_p_max_0,2500,1,111,0.0,0.0,0.0,0,0.0,0.0
SEP_p_max_0,2500,1,112,0.0,0.0,0.0,0,0.0,0.0
SEP_p_max_0,2500,1,113,0.0,0.0,0.0,0,0.0,0.0
SEP_p_max_0,2500,1,114,0.0,0.0,0.0,0,0.0,0.0
SEP_p_max_0,2500,1,115,0.0,0.0,0.0,0,0.0,0.0
SEP_p_max_0,2500,1,116,0.0,0.0,0.0,0,0.0,0.0
SEP_p_max_0,2500,1,117,0.0,0.0,0.0,0,0.0,0.0
SEP_p_max_0,2500,1,118,0.0,0.0,0.0,0,0.0,0.0
SEP_p_max_0,2500,1,119,0.0,0.0,0.0,0,0.0,0.0
SEP_p_max_0,2500,1,120,0.0,0.0,0.0,0,0.0,0.0
SEP_p_max_0,2500,1,121,0.0,0.0,0.0,0,0.0,0.0
SEP_p_max_0,2500,1,122,0.0,0.0,0.0,0,0.0,0.0
SEP_p_max_0,2500,1,123,0.0,0.0,0.0,0,0.0,0.0
SEP_p_max_0,2500,1,124,0.0,0.0,0.0,0,0.0,0.0
SEP_p_max_0,2500,1,125,0.0,0.0,0.0,0,0.0,0.0
SEP_p_max_0,2500,1,126,0.0,0.0,0.0,0,0.0,0.0
SEP_p_max_0,2500,1,127,0.0,0.0,0.0,0,0.0,0.0
SEP_p_max_0,2500,1,128,0.0,0.0,0.0,0,0.0,0.0
SEP_p_max_0,2500,1,129,0.0,0.0,0.0,0,0.0,0.0
SEP_p_max_0,2500,1,130,0.0,0.0,0.0,0,0.0,0.0
SEP_p_max_0,2500,1,131,0.0,0.0,0.0,0,0.0,0.0
SEP_p_max_0,2500,1,132,0.0,0.0,0.0,0,0.0,0.0
SEP_p_max_0,2500,1,133,0.0,0.0,0.0,0,0.0,0.0
SEP_p_max_0,2500,1,134,0.0,0.0,0.0,0,0.0,0.0
SEP_p_max_0,2500,1,135,0.0,0.0,0.0,0,0.0,0.0
SEP_p_max_0,2500,1,136,0.0,0.0,0.0,0,0.0,0.0
SEP_p_max_0,2500,1,137,0.0,0.0,0.0,0,0.0,0.0
SEP_p_max_0,2500,1,138,0.0,0.0,0.0,0,0.0,0.0
SEP_p_max_0,2500,1,139,0.0,0.0,0.0,0,0.0,0.0
SEP_p_max_0,2500,1,140,0.0,0.0,0.0,0,0.0,0.0
SEP_p_max_0,2500,1,141,0.0,0.0,0.0,0,0.0,0.0
SEP_p_max_0,2500,2,0,0.0,0.0,0.0,0,0.0,0.0
SEP_p_max_0,2500,2,1,0.0,0.0,0.0,0,0.0,0.0
SEP_p_max_0,2500,2,2,0.0,0.0,0.0,0,0.0,0.0
SEP_p_max_0,2500,2,3,0.0,0.0,0.0,0,0.0,0.0
SEP_p_max_0,2500,2,4,0.0,0.0,0.0,0,0.0,0.0
SEP_p_max_0,2500,2,5,0.0,0.0,0.0,0,0.0,0.0
SEP_p_max_0,2500,2,6,0.0,0.0,0.0,0,0.0,0.0
SEP_p_max_0,2500,2,7,0.0,0.0,0.0,0,0.0,0.0
SEP_p_max_0,2500,2,8,0.0,0.0,0.0,0,0.0,0.0
SEP_p_max_0,2500,2,9,0.0,0.0,0.0,0,0.0,0.0
SEP_p_max_0,2500,2,10,0.0,0.0,0.0,0,0.0,0.0
SEP_p_max_0,2500,2,11,0.0,0.0,0.0,0,0.0,0.0
SEP_p_max_0,2500,2,12,0.0,0.0,0.0,0,0.0,0.0
SEP_p_max_0,2500,2,13,0.0,0.0,0.0,0,0.0,0.0
SEP_p_max_0,2500,2,14,0.0,0.0,0.0,0,0.0,0.0
SEP_p_max_0,2500,2,15,0.0,0.0,0.0,0,0.0,0.0
SEP_p_max_0,2500,2,16,0.0,0.0,0.0,0,0.0,0.0
SEP_p_max_0,2500,2,17,0.0,0.0,0.0,0,0.0,0.0
SEP_p_max_0,2500,2,18,0.0,0.0,0.0,0,0.0,0.0
SEP_p_max_0,2500,2,19,0.0,0.0,0.0,0,0.0,0.0
SEP_p_max_0,2500,2,20,0.0,0.0,0.0,0,0.0,0.0
SEP_p_max_0,2500,2,21,0.0,0.0,0.0,0,0.0,0.0
SEP_p_max_0,2500,2,22,0.0,0.0,0.0,0,0.0,0.0
SEP_p_max_0,2500,2,23,0.0,0.0,0.0,0,0.0,0.0
SEP_p_max_0,2500,2,24,0.0,0.0,0.0,0,0.0,0.0
SEP_p_max_0,2500,2,25,0.0,0.0,0.0,0,0.0,0.0
SEP_p_max_0,2500,2,26,0.0,0.0,0.0,0,0.0,0.0
SEP_p_max_0,2500,2,27,0.0,0.0,0.0,0,0.0,0.0
SEP_p_max_0,2500,2,28,0.0,0.0,0.0,0,0.0,0.0
SEP_p_max_0,2500,2,29,0.0,0.0,0.0,0,0.0,0.0
SEP_p_max_0,2500,2,30,0.0,0.0,0.0,0,0.0,0.0
SEP_p_max_0,2500,2,31,0.0,0.0,0.0,0,0.0,0.0
SEP_p_max_0,2500,2,32,0.0,0.0,0.0,0,0.0,0.0
SEP_p_max_0,2500,2,33,0.0,0.0,0.0,0,0.0,0.0
SEP_p_max_0,2500,2,34,0.0,0.0,0.0,0,0.0,0.0
SEP_p_max_0,2500,2,35,0.0,0.0,0.0,0,0.0,0.0
SEP_p_max_0,2500,2,36,0.0,0.0,0.0,0,0.0,0.0
SEP_p_max_0,2500,2,37,0.0,0.0,0.0,0,0.0,0.0
SEP_p_max_0,2500,2,38,0.0,0.0,0.0,0,0.0,0.0
SEP_p_max_0,2500,2,39,0.0,0.0,0.0,0,0.0,0.0
SEP_p_max_0,2500,2,40,0.0,0.0,0.0,0,0.0,0.0
SEP_p_max_0,2500,2,41,0.0,0.0,0.0,0,0.0,0.0
SEP_p_max_0,2500,2,42,0.0,0.0,0.0,0,0.0,0.0
SEP_p_max_0,2500,2,43,0.0,0.0,0.0,0,0.0,0.0
SEP_p_max_0,2500,2,44,0.0,0.0,0.0,0,0.0,0.0
SEP_p_max_0,2500,2,45,0.0,0.0,0.0,0,0.0,0.0
SEP_p_max_0,2500,2,46,0.0,0.0,0.0,0,0.0,0.0
SEP_p_max_0,2500,2,47,0.0,0.0,0.0,0,0.0,0.0
SEP_p_max_0,2500,2,48,0.0,0.0,0.0,0,0.0,0.0
SEP_p_max_0,2500,2,49,0.0,0.0,0.0,0,0.0,0.0
SEP_p_max_0,2500,2,50,0.0,0.0,0.0,0,0.0,0.0
SEP_p_max_0,2500,2,51,0.0,0.0,0.0,0,0.0,0.0
SEP_p_max_0,2500,2,52,0.0,0.0,0.0,0,0.0,0.0
SEP_p_max_0,2500,2,53,0.0,0.0,0.0,0,0.0,0.0
SEP_p_max_0,2500,2,54,0.0,0.0,0.0,0,0.0,0.0
SEP_p_max_0,2500,2,55,0.0,0.0,0.0,0,0.0,0.0
SEP_p_max_0,2500,2,56,0.0,0.0,0.0,0,0.0,0.0
SEP_p_max_0,2500,2,57,0.0,0.0,0.0,0,0.0,0.0
SEP_p_max_0,2500,2,58,0.0,0.0,0.0,0,0.0,0.0
SEP_p_max_0,2500,2,59,0.0,0.0,0.0,0,0.0,0.0
SEP_p_max_0,2500,2,60,0.0,0.0,0.0,0,0.0,0.0
SEP_p_max_0,2500,2,61,0.0,0.0,0.0,0,0.0,0.0
SEP_p_max_0,2500,2,62,0.0,0.0,0.0,0,0.0,0.0
SEP_p_max_0,2500,2,63,0.0,0.0,0.0,0,0.0,0.0
SEP_p_max_0,2500,2,64,0.0,0.0,0.0,0,0.0,0.0
SEP_p_max_0,2500,2,65,0.0,0.0,0.0,0,0.0,0.0
SEP_p_max_0,2500,2,66,0.0,0.0,0.0,0,0.0,0.0
SEP_p_max_0,2500,2,67,0.0,0.0,0.0,0,0.0,0.0
SEP_p_max_0,2500,2,68,0.0,0.0,0.0,0,0.0,0.0
SEP_p_max_0,2500,2,69,0.0,0.0,0.0,0,0.0,0.0
SEP_p_max_0,2500,2,70,0.0,0.0,0.0,0,0.0,0.0
SEP_p_max_0,2500,2,71,0.0,0.0,0.0,0,0.0,0.0
SEP_p_max_0,2500,2,72,0.0,0.0,0.0,0,0.0,0.0
SEP_p_max_0,2500,2,73,0.0,0.0,0.0,0,0.0,0.0
SEP_p_max_0,2500,2,74,0.0,0.0,0.0,0,0.0,0.0
SEP_p_max_0,2500,2,75,0.0,0.0,0.0,0,0.0,0.0
SEP_p_max_0,2500,2,76,0.0,0.0,0.0,0,0.0,0.0
SEP_p_max_0,2500,2,77,0.0,0.0,0.0,0,0.0,0.0
SEP_p_max_0,2500,2,78,0.0,0.0,0.0,0,0.0,0.0
SEP_p_max_0,2500,2,79,0.0,0.0,0.0,0,0.0,0.0
SEP_p_max_0,2500,2,80,0.0,0.0,0.0,0,0.0,0.0
SEP_p_max_0,2500,2,81,0.0,0.0,0.0,0,0.0,0.0
SEP_p_max_0,2500,2,82,0.0,0.0,0.0,0,0.0,0.0
SEP_p_max_0,2500,2,83,0.0,0.0,0.0,0,0.0,0.0
SEP_p_max_0,2500,2,84,0.0,0.0,0.0,0,0.0,0.0
SEP_p_max_0,2500,2,85,0.0,0.0,0.0,0,0.0,0.0
SEP_p_max_0,2500,2,86,0.0,0.0,0.0,0,0.0,0.0
SEP_p_max_0,2500,2,87,0.0,0.0,0.0,0,0.0,0.0
SEP_p_max_0,2500,2,88,0.0,0.0,0.0,0,0.0,0.0
SEP_p_max_0,2500,2,89,0.0,0.0,0.0,0,0.0,0.0
SEP_p_max_0,2500,2,90,0.0,0.0,0.0,0,0.0,0.0
SEP_p_max_0,2500,2,91,0.0,0.0,0.0,0,0.0,0.0
SEP_p_max_0,2500,2,92,0.0,0.0,0.0,0,0.0,0.0
SEP_p_max_0,2500,2,93,0.0,0.0,0.0,0,0.0,0.0
SEP_p_max_0,2500,2,94,0.0,0.0,0.0,0,0.0,0.0
SEP_p_max_0,2500,2,95,0.0,0.0,0.0,0,0.0,0.0
SEP_p_max_0,2500,2,96,0.0,0.0,0.0,0,0.0,0.0
SEP_p_max_0,2500,2,97,0.0,0.0,0.0,0,0.0,0.0
SEP_p_max_0,2500,2,98,0.0,0.0,0.0,0,0.0,0.0
SEP_p_max_0,2500,2,99,0.0,0.0,0.0,0,0.0,0.0
SEP_p_max_0,2500,2,100,0.0,0.0,0.0,0,0.0,0.0
SEP_p_max_0,2500,2,101,0.0,0.0,0.0,0,0.0,0.0
SEP_p_max_0,2500,2,102,0.0,0.0,0.0,0,0.0,0.0
SEP_p_max_0,2500,2,103,0.0,0.0,0.0,0,0.0,0.0
SEP_p_max_0,2500,2,104,0.0,0.0,0.0,0,0.0,0.0
SEP_p_max_0,2500,2,105,0.0,0.0,0.0,0,0.0,0.0
SEP_p_max_0,2500,2,106,0.0,0.0,0.0,0,0.0,0.0
SEP_p_max_0,2500,2,107,0.0,0.0,0.0,0,0.0,0.0
SEP_p_max_0,2500,2,108,0.0,0.0,0.0,0,0.0,0.0
SEP_p_max_0,2500,2,109,0.0,0.0,0.0,0,0.0,0.0
SEP_p_max_0,2500,2,110,0.0,0.0,0.0,0,0.0,0.0
SEP_p_max_0,2500,2,111,0.0,0.0,0.0,0,0.0,0.0
SEP_p_max_0,2500,2,112,0.0,0.0,0.0,0,0.0,0.0
SEP_p_max_0,2500,2,113,0.0,0.0,0.0,0,0.0,0.0
SEP_p_max_0,2500,2,114,0.0,0.0,0.0,0,0.0,0.0
SEP_p_max_0,2500,2,115,0.0,0.0,0.0,0,0.0,0.0
SEP_p_max_0,2500,2,116,0.0,0.0,0.0,0,0.0,0.0
SEP_p_max_0,2500,2,117,0.0,0.0,0.0,0,0.0,0.0
SEP_p_max_0,2500,2,118,0.0,0.0,0.0,0,0.0,0.0
SEP_p_max_0,2500,2,119,0.0,0.0,0.0,0,0.0,0.0
SEP_p_max_0,2500,2,120,0.0,0.0,0.0,0,0.0,0.0
SEP_p_max_0,2500,2,121,0.0,0.0,0.0,0,0.0,0.0
SEP_p_max_0,2500,2,122,0.0,0.0,0.0,0,0.0,0.0
SEP_p_max_0,2500,2,123,0.0,0.0,0.0,0,0.0,0.0
SEP_p_max_0,2500,2,124,0.0,0.0,0.0,0,0.0,0.0
SEP_p_max_0,2500,2,125,0.0,0.0,0.0,0,0.0,0.0
SEP_p_max_0,2500,2,126,0.0,0.0,0.0,0,0.0,0.0
SEP_p_max_0,2500,2,127,0.0,0.0,0.0,0,0.0,0.0
SEP_p_max_0,2500,2,128,0.0,0.0,0.0,0,0.0,0.0
SEP_p_max_0,2500,2,129,0.0,0.0,0.0,0,0.0,0.0
SEP_p_max_0,2500,2,130,0.0,0.0,0.0,0,0.0,0.0
SEP_p_max_0,2500,2,131,0.0,0.0,0.0,0,0.0,0.0
SEP_p_max_0,2500,2,132,0.0,0.0,0.0,0,0.0,0.0
SEP_p_max_0,2500,2,133,0.0,0.0,0.0,0,0.0,0.0
SEP_p_max_0,2500,2,134,0.0,0.0,0.0,0,0.0,0.0
SEP_p_max_0,2500,2,135,0.0,0.0,0.0,0,0.0,0.0
SEP_p_max_0,2500,2,136,0.0,0.0,0.0,0,0.0,0.0
SEP_p_max_0,2500,2,137,0.0,0.0,0.0,0,0.0,0.0
SEP_p_max_0,2500,2,138,0.0,0.0,0.0,0,0.0,0.0
SEP_p_max_0,2500,2,139,0.0,0.0,0.0,0,0.0,0.0
SEP_p_max_0,2500,2,140,0.0,0.0,0.0,0,0.0,0.0
SEP_p_max_0,2500,2,141,0.0,0.0,0.0,0,0.0,0.0
SEP_p_max_0,5000,0,0,0.0,0.0,0.0,0,0.0,0.0
SEP_p_max_0,5000,0,1,0.0,0.0,0.0,0,0.0,0.0
SEP_p_max_0,5000,0,2,0.0,0.0,0.0,0,0.0,0.0
SEP_p_max_0,5000,0,3,0.0,0.0,0.0,0,0.0,0.0
SEP_p_max_0,5000,0,4,0.0,0.0,0.0,0,0.0,0.0
SEP_p_max_0,5000,0,5,0.0,0.0,0.0,0,0.0,0.0
SEP_p_max_0,5000,0,6,0.0,0.0,0.0,0,0.0,0.0
SEP_p_max_0,5000,0,7,0.0,0.0,0.0,0,0.0,0.0
SEP_p_max_0,5000,0,8,0.0,0.0,0.0,0,0.0,0.0
SEP_p_max_0,5000,0,9,0.0,0.0,0.0,0,0.0,0.0
SEP_p_max_0,5000,0,10,0.0,0.0,0.0,0,0.0,0.0
SEP_p_max_0,5000,0,11,0.0,0.0,0.0,0,0.0,0.0
SEP_p_max_0,5000,0,12,0.0,0.0,0.0,0,0.0,0.0
SEP_p_max_0,5000,0,13,0.0,0.0,0.0,0,0.0,0.0
SEP_p_max_0,5000,0,14,0.0,0.0,0.0,0,0.0,0.0
SEP_p_max_0,5000,0,15,0.0,0.0,0.0,0,0.0,0.0
SEP_p_max_0,5000,0,16,0.0,0.0,0.0,0,0.0,0.0
SEP_p_max_0,5000,0,17,0.0,0.0,0.0,0,0.0,0.0
SEP_p_max_0,5000,0,18,0.0,0.0,0.0,0,0.0,0.0
SEP_p_max_0,5000,0,19,0.0,0.0,0.0,0,0.0,0.0
SEP_p_max_0,5000,0,20,0.0,0.0,0.0,0,0.0,0.0
SEP_p_max_0,5000,0,21,0.0,0.0,0.0,0,0.0,0.0
SEP_p_max_0,5000,0,22,0.0,0.0,0.0,0,0.0,0.0
SEP_p_max_0,5000,0,23,0.0,0.0,0.0,0,0.0,0.0
SEP_p_max_0,5000,0,24,0.0,0.0,0.0,0,0.0,0.0
SEP_p_max_0,5000,0,25,0.0,0.0,0.0,0,0.0,0.0
SEP_p_max_0,5000,0,26,0.0,0.0,0.0,0,0.0,0.0
SEP_p_max_0,5000,0,27,0.0,0.0,0.0,0,0.0,0.0
SEP_p_max_0,5000,0,28,0.0,0.0,0.0,0,0.0,0.0
SEP_p_max_0,5000,0,29,0.0,0.0,0.0,0,0.0,0.0
SEP_p_max_0,5000,0,30,0.0,0.0,0.0,0,0.0,0.0
SEP_p_max_0,5000,0,31,0.0,0.0,0.0,0,0.0,0.0
SEP_p_max_0,5000,0,32,0.0,0.0,0.0,0,0.0,0.0
SEP_p_max_0,5000,0,33,0.0,0.0,0.0,0,0.0,0.0
SEP_p_max_0,5000,0,34,0.0,0.0,0.0,0,0.0,0.0
SEP_p_max_0,5000,0,35,0.0,0.0,0.0,0,0.0,0.0
SEP_p_max_0,5000,0,36,0.0,0.0,0.0,0,0.0,0.0
SEP_p_max_0,5000,0,37,0.0,0.0,0.0,0,0.0,0.0
SEP_p_max_0,5000,0,38,0.0,0.0,0.0,0,0.0,0.0
SEP_p_max_0,5000,0,39,0.0,0.0,0.0,0,0.0,0.0
SEP_p_max_0,5000,0,40,0.0,0.0,0.0,0,0.0,0.0
SEP_p_max_0,5000,0,41,0.0,0.0,0.0,0,0.0,0.0
SEP_p_max_0,5000,0,42,0.0,0.0,0.0,0,0.0,0.0
SEP_p_max_0,5000,0,43,0.0,0.0,0.0,0,0.0,0.0
SEP_p_max_0,5000,0,44,0.0,0.0,0.0,0,0.0,0.0
SEP_p_max_0,5000,0,45,0.0,0.0,0.0,0,0.0,0.0
SEP_p_max_0,5000,0,46,0.0,0.0,0.0,0,0.0,0.0
SEP_p_max_0,5000,0,47,0.0,0.0,0.0,0,0.0,0.0
SEP_p_max_0,5000,0,48,0.0,0.0,0.0,0,0.0,0.0
SEP_p_max_0,5000,0,49,0.0,0.0,0.0,0,0.0,0.0
SEP_p_max_0,5000,0,50,0.0,0.0,0.0,0,0.0,0.0
SEP_p_max_0,5000,0,51,0.0,0.0,0.0,0,0.0,0.0
SEP_p_max_0,5000,0,52,0.0,0.0,0.0,0,0.0,0.0
SEP_p_max_0,5000,0,53,0.0,0.0,0.0,0,0.0,0.0
SEP_p_max_0,5000,0,54,0.0,0.0,0.0,0,0.0,0.0
SEP_p_max_0,5000,0,55,0.0,0.0,0.0,0,0.0,0.0
SEP_p_max_0,5000,0,56,0.0,0.0,0.0,0,0.0,0.0
SEP_p_max_0,5000,0,57,0.0,0.0,0.0,0,0.0,0.0
SEP_p_max_0,5000,0,58,0.0,0.0,0.0,0,0.0,0.0
SEP_p_max_0,5000,0,59,0.0,0.0,0.0,0,0.0,0.0
SEP_p_max_0,5000,0,60,0.0,0.0,0.0,0,0.0,0.0
SEP_p_max_0,5000,0,61,0.0,0.0,0.0,0,0.0,0.0
SEP_p_max_0,5000,0,62,0.0,0.0,0.0,0,0.0,0.0
SEP_p_max_0,5000,0,63,0.0,0.0,0.0,0,0.0,0.0
SEP_p_max_0,5000,0,64,0.0,0.0,0.0,0,0.0,0.0
SEP_p_max_0,5000,0,65,0.0,0.0,0.0,0,0.0,0.0
SEP_p_max_0,5000,0,66,0.0,0.0,0.0,0,0.0,0.0
SEP_p_max_0,5000,0,67,0.0,0.0,0.0,0,0.0,0.0
SEP_p_max_0,5000,0,68,0.0,0.0,0.0,0,0.0,0.0
SEP_p_max_0,5000,0,69,0.0,0.0,0.0,0,0.0,0.0
SEP_p_max_0,5000,0,70,0.0,0.0,0.0,0,0.0,0.0
SEP_p_max_0,5000,0,71,0.0,0.0,0.0,0,0.0,0.0
SEP_p_max_0,5000,0,72,0.0,0.0,0.0,0,0.0,0.0
SEP_p_max_0,5000,0,73,0.0,0.0,0.0,0,0.0,0.0
SEP_p_max_0,5000,0,74,0.0,0.0,0.0,0,0.0,0.0
SEP_p_max_0,5000,0,75,0.0,0.0,0.0,0,0.0,0.0
SEP_p_max_0,5000,0,76,0.0,0.0,0.0,0,0.0,0.0
SEP_p_max_0,5000,0,77,0.0,0.0,0.0,0,0.0,0.0
SEP_p_max_0,5000,0,78,0.0,0.0,0.0,0,0.0,0.0
SEP_p_max_0,5000,0,79,0.0,0.0,0.0,0,0.0,0.0
SEP_p_max_0,5000,0,80,0.0,0.0,0.0,0,0.0,0.0
SEP_p_max_0,5000,0,81,0.0,0.0,0.0,0,0.0,0.0
SEP_p_max_0,5000,0,82,0.0,0.0,0.0,0,0.0,0.0
SEP_p_max_0,5000,0,83,0.0,0.0,0.0,0,0.0,0.0
SEP_p_max_0,5000,0,84,0.0,0.0,0.0,0,0.0,0.0
SEP_p_max_0,5000,0,85,0.0,0.0,0.0,0,0.0,0.0
SEP_p_max_0,5000,0,86,0.0,0.0,0.0,0,0.0,0.0
SEP_p_max_0,5000,0,87,0.0,0.0,0.0,0,0.0,0.0
SEP_p_max_0,5000,0,88,0.0,0.0,0.0,0,0.0,0.0
SEP_p_max_0,5000,0,89,0.0,0.0,0.0,0,0.0,0.0
SEP_p_max_0,5000,0,90,0.0,0.0,0.0,0,0.0,0.0
SEP_p_max_0,5000,0,91,0.0,0.0,0.0,0,0.0,0.0
SEP_p_max_0,5000,0,92,0.0,0.0,0.0,0,0.0,0.0
SEP_p_max_0,5000,0,93,0.0,0.0,0.0,0,0.0,0.0
SEP_p_max_0,5000,0,94,0.0,0.0,0.0,0,0.0,0.0
SEP_p_max_0,5000,0,95,0.0,0.0,0.0,0,0.0,0.0
SEP_p_max_0,5000,0,96,0.0,0.0,0.0,0,0.0,0.0
SEP_p_max_0,5000,0,97,0.0,0.0,0.0,0,0.0,0.0
SEP_p_max_0,5000,0,98,0.0,0.0,0.0,0,0.0,0.0
SEP_p_max_0,5000,0,99,0.0,0.0,0.0,0,0.0,0.0
SEP_p_max_0,5000,0,100,0.0,0.0,0.0,0,0.0,0.0
SEP_p_max_0,5000,0,101,0.0,0.0,0.0,0,0.0,0.0
SEP_p_max_0,5000,0,102,0.0,0.0,0.0,0,0.0,0.0
SEP_p_max_0,5000,0,103,0.0,0.0,0.0,0,0.0,0.0
SEP_p_max_0,5000,0,104,0.0,0.0,0.0,0,0.0,0.0
SEP_p_max_0,5000,0,105,0.0,0.0,0.0,0,0.0,0.0
SEP_p_max_0,5000,0,106,0.0,0.0,0.0,0,0.0,0.0
SEP_p_max_0,5000,0,107,0.0,0.0,0.0,0,0.0,0.0
SEP_p_max_0,5000,0,108,0.0,0.0,0.0,0,0.0,0.0
SEP_p_max_0,5000,0,109,0.0,0.0,0.0,0,0.0,0.0
SEP_p_max_0,5000,0,110,0.0,0.0,0.0,0,0.0,0.0
SEP_p_max_0,5000,0,111,0.0,0.0,0.0,0,0.0,0.0
SEP_p_max_0,5000,0,112,0.0,0.0,0.0,0,0.0,0.0
SEP_p_max_0,5000,0,113,0.0,0.0,0.0,0,0.0,0.0
SEP_p_max_0,5000,0,114,0.0,0.0,0.0,0,0.0,0.0
SEP_p_max_0,5000,0,115,0.0,0.0,0.0,0,0.0,0.0
SEP_p_max_0,5000,0,116,0.0,0.0,0.0,0,0.0,0.0
SEP_p_max_0,5000,0,117,0.0,0.0,0.0,0,0.0,0.0
SEP_p_max_0,5000,0,118,0.0,0.0,0.0,0,0.0,0.0
SEP_p_max_0,5000,0,119,0.0,0.0,0.0,0,0.0,0.0
SEP_p_max_0,5000,0,120,0.0,0.0,0.0,0,0.0,0.0
SEP_p_max_0,5000,0,121,0.0,0.0,0.0,0,0.0,0.0
SEP_p_max_0,5000,0,122,0.0,0.0,0.0,0,0.0,0.0
SEP_p_max_0,5000,0,123,0.0,0.0,0.0,0,0.0,0.0
SEP_p_max_0,5000,0,124,0.0,0.0,0.0,0,0.0,0.0
SEP_p_max_0,5000,0,125,0.0,0.0,0.0,0,0.0,0.0
SEP_p_max_0,5000,0,126,0.0,0.0,0.0,0,0.0,0.0
SEP_p_max_0,5000,0,127,0.0,0.0,0.0,0,0.0,0.0
SEP_p_max_0,5000,0,128,0.0,0.0,0.0,0,0.0,0.0
SEP_p_max_0,5000,0,129,0.0,0.0,0.0,0,0.0,0.0
SEP_p_max_0,5000,0,130,0.0,0.0,0.0,0,0.0,0.0
SEP_p_max_0,5000,0,131,0.0,0.0,0.0,0,0.0,0.0
SEP_p_max_0,5000,0,132,0.0,0.0,0.0,0,0.0,0.0
SEP_p_max_0,5000,0,133,0.0,0.0,0.0,0,0.0,0.0
SEP_p_max_0,5000,0,134,0.0,0.0,0.0,0,0.0,0.0
SEP_p_max_0,5000,0,135,0.0,0.0,0.0,0,0.0,0.0
SEP_p_max_0,5000,0,136,0.0,0.0,0.0,0,0.0,0.0
SEP_p_max_0,5000,0,137,0.0,0.0,0.0,0,0.0,0.0
SEP_p_max_0,5000,0,138,0.0,0.0,0.0,0,0.0,0.0
SEP_p_max_0,5000,0,139,0.0,0.0,0.0,0,0.0,0.0
SEP_p_max_0,5000,0,140,0.0,0.0,0.0,0,0.0,0.0
SEP_p_max_0,5000,0,141,0.0,0.0,0.0,0,0.0,0.0
SEP_p_max_0,5000,1,0,0.0,0.0,0.0,0,0.0,0.0
SEP_p_max_0,5000,1,1,0.0,0.0,0.0,0,0.0,0.0
SEP_p_max_0,5000,1,2,0.0,0.0,0.0,0,0.0,0.0
SEP_p_max_0,5000,1,3,0.0,0.0,0.0,0,0.0,0.0
SEP_p_max_0,5000,1,4,0.0,0.0,0.0,0,0.0,0.0
SEP_p_max_0,5000,1,5,0.0,0.0,0.0,0,0.0,0.0
SEP_p_max_0,5000,1,6,0.0,0.0,0.0,0,0.0,0.0
SEP_p_max_0,5000,1,7,0.0,0.0,0.0,0,0.0,0.0
SEP_p_max_0,5000,1,8,0.0,0.0,0.0,0,0.0,0.0
SEP_p_max_0,5000,1,9,0.0,0.0,0.0,0,0.0,0.0
SEP_p_max_0,5000,1,10,0.0,0.0,0.0,0,0.0,0.0
SEP_p_max_0,5000,1,11,0.0,0.0,0.0,0,0.0,0.0
SEP_p_max_0,5000,1,12,0.0,0.0,0.0,0,0.0,0.0
SEP_p_max_0,5000,1,13,0.0,0.0,0.0,0,0.0,0.0
SEP_p_max_0,5000,1,14,0.0,0.0,0.0,0,0.0,0.0
SEP_p_max_0,5000,1,15,0.0,0.0,0.0,0,0.0,0.0
SEP_p_max_0,5000,1,16,0.0,0.0,0.0,0,0.0,0.0
SEP_p_max_0,5000,1,17,0.0,0.0,0.0,0,0.0,0.0
SEP_p_max_0,5000,1,18,0.0,0.0,0.0,0,0.0,0.0
SEP_p_max_0,5000,1,19,0.0,0.0,0.0,0,0.0,0.0
SEP_p_max_0,5000,1,20,0.0,0.0,0.0,0,0.0,0.0
SEP_p_max_0,5000,1,21,0.0,0.0,0.0,0,0.0,0.0
SEP_p_max_0,5000,1,22,0.0,0.0,0.0,0,0.0,0.0
SEP_p_max_0,5000,1,23,0.0,0.0,0.0,0,0.0,0.0
SEP_p_max_0,5000,1,24,0.0,0.0,0.0,0,0.0,0.0
SEP_p_max_0,5000,1,25,0.0,0.0,0.0,0,0.0,0.0
SEP_p_max_0,5000,1,26,0.0,0.0,0.0,0,0.0,0.0
SEP_p_max_0,5000,1,27,0.0,0.0,0.0,0,0.0,0.0
SEP_p_max_0,5000,1,28,0.0,0.0,0.0,0,0.0,0.0
SEP_p_max_0,5000,1,29,0.0,0.0,0.0,0,0.0,0.0
SEP_p_max_0,5000,1,30,0.0,0.0,0.0,0,0.0,0.0
SEP_p_max_0,5000,1,31,0.0,0.0,0.0,0,0.0,0.0
SEP_p_max_0,5000,1,32,0.0,0.0,0.0,0,0.0,0.0
SEP_p_max_0,5000,1,33,0.0,0.0,0.0,0,0.0,0.0
SEP_p_max_0,5000,1,34,0.0,0.0,0.0,0,0.0,0.0
SEP_p_max_0,5000,1,35,0.0,0.0,0.0,0,0.0,0.0
SEP_p_max_0,5000,1,36,0.0,0.0,0.0,0,0.0,0.0
SEP_p_max_0,5000,1,37,0.0,0.0,0.0,0,0.0,0.0
SEP_p_max_0,5000,1,38,0.0,0.0,0.0,0,0.0,0.0
SEP_p_max_0,5000,1,39,0.0,0.0,0.0,0,0.0,0.0
SEP_p_max_0,5000,1,40,0.0,0.0,0.0,0,0.0,0.0
SEP_p_max_0,5000,1,41,0.0,0.0,0.0,0,0.0,0.0
SEP_p_max_0,5000,1,42,0.0,0.0,0.0,0,0.0,0.0
SEP_p_max_0,5000,1,43,0.0,0.0,0.0,0,0.0,0.0
SEP_p_max_0,5000,1,44,0.0,0.0,0.0,0,0.0,0.0
SEP_p_max_0,5000,1,45,0.0,0.0,0.0,0,0.0,0.0
SEP_p_max_0,5000,1,46,0.0,0.0,0.0,0,0.0,0.0
SEP_p_max_0,5000,1,47,0.0,0.0,0.0,0,0.0,0.0
SEP_p_max_0,5000,1,48,0.0,0.0,0.0,0,0.0,0.0
SEP_p_max_0,5000,1,49,0.0,0.0,0.0,0,0.0,0.0
SEP_p_max_0,5000,1,50,0.0,0.0,0.0,0,0.0,0.0
SEP_p_max_0,5000,1,51,0.0,0.0,0.0,0,0.0,0.0
SEP_p_max_0,5000,1,52,0.0,0.0,0.0,0,0.0,0.0
SEP_p_max_0,5000,1,53,0.0,0.0,0.0,0,0.0,0.0
SEP_p_max_0,5000,1,54,0.0,0.0,0.0,0,0.0,0.0
SEP_p_max_0,5000,1,55,0.0,0.0,0.0,0,0.0,0.0
SEP_p_max_0,5000,1,56,0.0,0.0,0.0,0,0.0,0.0
SEP_p_max_0,5000,1,57,0.0,0.0,0.0,0,0.0,0.0
SEP_p_max_0,5000,1,58,0.0,0.0,0.0,0,0.0,0.0
SEP_p_max_0,5000,1,59,0.0,0.0,0.0,0,0.0,0.0
SEP_p_max_0,5000,1,60,0.0,0.0,0.0,0,0.0,0.0
SEP_p_max_0,5000,1,61,0.0,0.0,0.0,0,0.0,0.0
SEP_p_max_0,5000,1,62,0.0,0.0,0.0,0,0.0,0.0
SEP_p_max_0,5000,1,63,0.0,0.0,0.0,0,0.0,0.0
SEP_p_max_0,5000,1,64,0.0,0.0,0.0,0,0.0,0.0
SEP_p_max_0,5000,1,65,0.0,0.0,0.0,0,0.0,0.0
SEP_p_max_0,5000,1,66,0.0,0.0,0.0,0,0.0,0.0
SEP_p_max_0,5000,1,67,0.0,0.0,0.0,0,0.0,0.0
SEP_p_max_0,5000,1,68,0.0,0.0,0.0,0,0.0,0.0
SEP_p_max_0,5000,1,69,0.0,0.0,0.0,0,0.0,0.0
SEP_p_max_0,5000,1,70,0.0,0.0,0.0,0,0.0,0.0
SEP_p_max_0,5000,1,71,0.0,0.0,0.0,0,0.0,0.0
SEP_p_max_0,5000,1,72,0.0,0.0,0.0,0,0.0,0.0
SEP_p_max_0,5000,1,73,0.0,0.0,0.0,0,0.0,0.0
SEP_p_max_0,5000,1,74,0.0,0.0,0.0,0,0.0,0.0
SEP_p_max_0,5000,1,75,0.0,0.0,0.0,0,0.0,0.0
SEP_p_max_0,5000,1,76,0.0,0.0,0.0,0,0.0,0.0
SEP_p_max_0,5000,1,77,0.0,0.0,0.0,0,0.0,0.0
SEP_p_max_0,5000,1,78,0.0,0.0,0.0,0,0.0,0.0
SEP_p_max_0,5000,1,79,0.0,0.0,0.0,0,0.0,0.0
SEP_p_max_0,5000,1,80,0.0,0.0,0.0,0,0.0,0.0
SEP_p_max_0,5000,1,81,0.0,0.0,0.0,0,0.0,0.0
SEP_p_max_0,5000,1,82,0.0,0.0,0.0,0,0.0,0.0
SEP_p_max_0,5000,1,83,0.0,0.0,0.0,0,0.0,0.0
SEP_p_max_0,5000,1,84,0.0,0.0,0.0,0,0.0,0.0
SEP_p_max_0,5000,1,85,0.0,0.0,0.0,0,0.0,0.0
SEP_p_max_0,5000,1,86,0.0,0.0,0.0,0,0.0,0.0
SEP_p_max_0,5000,1,87,0.0,0.0,0.0,0,0.0,0.0
SEP_p_max_0,5000,1,88,0.0,0.0,0.0,0,0.0,0.0
SEP_p_max_0,5000,1,89,0.0,0.0,0.0,0,0.0,0.0
SEP_p_max_0,5000,1,90,0.0,0.0,0.0,0,0.0,0.0
SEP_p_max_0,5000,1,91,0.0,0.0,0.0,0,0.0,0.0
SEP_p_max_0,5000,1,92,0.0,0.0,0.0,0,0.0,0.0
SEP_p_max_0,5000,1,93,0.0,0.0,0.0,0,0.0,0.0
SEP_p_max_0,5000,1,94,0.0,0.0,0.0,0,0.0,0.0
SEP_p_max_0,5000,1,95,0.0,0.0,0.0,0,0.0,0.0
SEP_p_max_0,5000,1,96,0.0,0.0,0.0,0,0.0,0.0
SEP_p_max_0,5000,1,97,0.0,0.0,0.0,0,0.0,0.0
SEP_p_max_0,5000,1,98,0.0,0.0,0.0,0,0.0,0.0
SEP_p_max_0,5000,1,99,0.0,0.0,0.0,0,0.0,0.0
SEP_p_max_0,5000,1,100,0.0,0.0,0.0,0,0.0,0.0
SEP_p_max_0,5000,1,101,0.0,0.0,0.0,0,0.0,0.0
SEP_p_max_0,5000,1,102,0.0,0.0,0.0,0,0.0,0.0
SEP_p_max_0,5000,1,103,0.0,0.0,0.0,0,0.0,0.0
SEP_p_max_0,5000,1,104,0.0,0.0,0.0,0,0.0,0.0
SEP_p_max_0,5000,1,105,0.0,0.0,0.0,0,0.0,0.0
SEP_p_max_0,5000,1,106,0.0,0.0,0.0,0,0.0,0.0
SEP_p_max_0,5000,1,107,0.0,0.0,0.0,0,0.0,0.0
SEP_p_max_0,5000,1,108,0.0,0.0,0.0,0,0.0,0.0
SEP_p_max_0,5000,1,109,0.0,0.0,0.0,0,0.0,0.0
SEP_p_max_0,5000,1,110,0.0,0.0,0.0,0,0.0,0.0
SEP_p_max_0,5000,1,111,0.0,0.0,0.0,0,0.0,0.0
SEP_p_max_0,5000,1,112,0.0,0.0,0.0,0,0.0,0.0
SEP_p_max_0,5000,1,113,0.0,0.0,0.0,0,0.0,0.0
SEP_p_max_0,5000,1,114,0.0,0.0,0.0,0,0.0,0.0
SEP_p_max_0,5000,1,115,0.0,0.0,0.0,0,0.0,0.0
SEP_p_max_0,5000,1,116,0.0,0.0,0.0,0,0.0,0.0
SEP_p_max_0,5000,1,117,0.0,0.0,0.0,0,0.0,0.0
SEP_p_max_0,5000,1,118,0.0,0.0,0.0,0,0.0,0.0
SEP_p_max_0,5000,1,119,0.0,0.0,0.0,0,0.0,0.0
SEP_p_max_0,5000,1,120,0.0,0.0,0.0,0,0.0,0.0
SEP_p_max_0,5000,1,121,0.0,0.0,0.0,0,0.0,0.0
SEP_p_max_0,5000,1,122,0.0,0.0,0.0,0,0.0,0.0
SEP_p_max_0,5000,1,123,0.0,0.0,0.0,0,0.0,0.0
SEP_p_max_0,5000,1,124,0.0,0.0,0.0,0,0.0,0.0
SEP_p_max_0,5000,1,125,0.0,0.0,0.0,0,0.0,0.0
SEP_p_max_0,5000,1,126,0.0,0.0,0.0,0,0.0,0.0
SEP_p_max_0,5000,1,127,0.0,0.0,0.0,0,0.0,0.0
SEP_p_max_0,5000,1,128,0.0,0.0,0.0,0,0.0,0.0
SEP_p_max_0,5000,1,129,0.0,0.0,0.0,0,0.0,0.0
SEP_p_max_0,5000,1,130,0.0,0.0,0.0,0,0.0,0.0
SEP_p_max_0,5000,1,131,0.0,0.0,0.0,0,0.0,0.0
SEP_p_max_0,5000,1,132,0.0,0.0,0.0,0,0.0,0.0
SEP_p_max_0,5000,1,133,0.0,0.0,0.0,0,0.0,0.0
SEP_p_max_0,5000,1,134,0.0,0.0,0.0,0,0.0,0.0
SEP_p_max_0,5000,1,135,0.0,0.0,0.0,0,0.0,0.0
SEP_p_max_0,5000,1,136,0.0,0.0,0.0,0,0.0,0.0
SEP_p_max_0,5000,1,137,0.0,0.0,0.0,0,0.0,0.0
SEP_p_max_0,5000,1,138,0.0,0.0,0.0,0,0.0,0.0
SEP_p_max_0,5000,1,139,0.0,0.0,0.0,0,0.0,0.0
SEP_p_max_0,5000,1,140,0.0,0.0,0.0,0,0.0,0.0
SEP_p_max_0,5000,1,141,0.0,0.0,0.0,0,0.0,0.0
SEP_p_max_0,5000,2,0,0.0,0.0,0.0,0,0.0,0.0
SEP_p_max_0,5000,2,1,0.0,0.0,0.0,0,0.0,0.0
SEP_p_max_0,5000,2,2,0.0,0.0,0.0,0,0.0,0.0
SEP_p_max_0,5000,2,3,0.0,0.0,0.0,0,0.0,0.0
SEP_p_max_0,5000,2,4,0.0,0.0,0.0,0,0.0,0.0
SEP_p_max_0,5000,2,5,0.0,0.0,0.0,0,0.0,0.0
SEP_p_max_0,5000,2,6,0.0,0.0,0.0,0,0.0,0.0
SEP_p_max_0,5000,2,7,0.0,0.0,0.0,0,0.0,0.0
SEP_p_max_0,5000,2,8,0.0,0.0,0.0,0,0.0,0.0
SEP_p_max_0,5000,2,9,0.0,0.0,0.0,0,0.0,0.0
SEP_p_max_0,5000,2,10,0.0,0.0,0.0,0,0.0,0.0
SEP_p_max_0,5000,2,11,0.0,0.0,0.0,0,0.0,0.0
SEP_p_max_0,5000,2,12,0.0,0.0,0.0,0,0.0,0.0
SEP_p_max_0,5000,2,13,0.0,0.0,0.0,0,0.0,0.0
SEP_p_max_0,5000,2,14,0.0,0.0,0.0,0,0.0,0.0
SEP_p_max_0,5000,2,15,0.0,0.0,0.0,0,0.0,0.0
SEP_p_max_0,5000,2,16,0.0,0.0,0.0,0,0.0,0.0
SEP_p_max_0,5000,2,17,0.0,0.0,0.0,0,0.0,0.0
SEP_p_max_0,5000,2,18,0.0,0.0,0.0,0,0.0,0.0
SEP_p_max_0,5000,2,19,0.0,0.0,0.0,0,0.0,0.0
SEP_p_max_0,5000,2,20,0.0,0.0,0.0,0,0.0,0.0
SEP_p_max_0,5000,2,21,0.0,0.0,0.0,0,0.0,0.0
SEP_p_max_0,5000,2,22,0.0,0.0,0.0,0,0.0,0.0
SEP_p_max_0,5000,2,23,0.0,0.0,0.0,0,0.0,0.0
SEP_p_max_0,5000,2,24,0.0,0.0,0.0,0,0.0,0.0
SEP_p_max_0,5000,2,25,0.0,0.0,0.0,0,0.0,0.0
SEP_p_max_0,5000,2,26,0.0,0.0,0.0,0,0.0,0.0
SEP_p_max_0,5000,2,27,0.0,0.0,0.0,0,0.0,0.0
SEP_p_max_0,5000,2,28,0.0,0.0,0.0,0,0.0,0.0
SEP_p_max_0,5000,2,29,0.0,0.0,0.0,0,0.0,0.0
SEP_p_max_0,5000,2,30,0.0,0.0,0.0,0,0.0,0.0
SEP_p_max_0,5000,2,31,0.0,0.0,0.0,0,0.0,0.0
SEP_p_max_0,5000,2,32,0.0,0.0,0.0,0,0.0,0.0
SEP_p_max_0,5000,2,33,0.0,0.0,0.0,0,0.0,0.0
SEP_p_max_0,5000,2,34,0.0,0.0,0.0,0,0.0,0.0
SEP_p_max_0,5000,2,35,0.0,0.0,0.0,0,0.0,0.0
SEP_p_max_0,5000,2,36,0.0,0.0,0.0,0,0.0,0.0
SEP_p_max_0,5000,2,37,0.0,0.0,0.0,0,0.0,0.0
SEP_p_max_0,5000,2,38,0.0,0.0,0.0,0,0.0,0.0
SEP_p_max_0,5000,2,39,0.0,0.0,0.0,0,0.0,0.0
SEP_p_max_0,5000,2,40,0.0,0.0,0.0,0,0.0,0.0
SEP_p_max_0,5000,2,41,0.0,0.0,0.0,0,0.0,0.0
SEP_p_max_0,5000,2,42,0.0,0.0,0.0,0,0.0,0.0
SEP_p_max_0,5000,2,43,0.0,0.0,0.0,0,0.0,0.0
SEP_p_max_0,5000,2,44,0.0,0.0,0.0,0,0.0,0.0
SEP_p_max_0,5000,2,45,0.0,0.0,0.0,0,0.0,0.0
SEP_p_max_0,5000,2,46,0.0,0.0,0.0,0,0.0,0.0
SEP_p_max_0,5000,2,47,0.0,0.0,0.0,0,0.0,0.0
SEP_p_max_0,5000,2,48,0.0,0.0,0.0,0,0.0,0.0
SEP_p_max_0,5000,2,49,0.0,0.0,0.0,0,0.0,0.0
SEP_p_max_0,5000,2,50,0.0,0.0,0.0,0,0.0,0.0
SEP_p_max_0,5000,2,51,0.0,0.0,0.0,0,0.0,0.0
SEP_p_max_0,5000,2,52,0.0,0.0,0.0,0,0.0,0.0
SEP_p_max_0,5000,2,53,0.0,0.0,0.0,0,0.0,0.0
SEP_p_max_0,5000,2,54,0.0,0.0,0.0,0,0.0,0.0
SEP_p_max_0,5000,2,55,0.0,0.0,0.0,0,0.0,0.0
SEP_p_max_0,5000,2,56,0.0,0.0,0.0,0,0.0,0.0
SEP_p_max_0,5000,2,57,0.0,0.0,0.0,0,0.0,0.0
SEP_p_max_0,5000,2,58,0.0,0.0,0.0,0,0.0,0.0
SEP_p_max_0,5000,2,59,0.0,0.0,0.0,0,0.0,0.0
SEP_p_max_0,5000,2,60,0.0,0.0,0.0,0,0.0,0.0
SEP_p_max_0,5000,2,61,0.0,0.0,0.0,0,0.0,0.0
SEP_p_max_0,5000,2,62,0.0,0.0,0.0,0,0.0,0.0
SEP_p_max_0,5000,2,63,0.0,0.0,0.0,0,0.0,0.0
SEP_p_max_0,5000,2,64,0.0,0.0,0.0,0,0.0,0.0
SEP_p_max_0,5000,2,65,0.0,0.0,0.0,0,0.0,0.0
SEP_p_max_0,5000,2,66,0.0,0.0,0.0,0,0.0,0.0
SEP_p_max_0,5000,2,67,0.0,0.0,0.0,0,0.0,0.0
SEP_p_max_0,5000,2,68,0.0,0.0,0.0,0,0.0,0.0
SEP_p_max_0,5000,2,69,0.0,0.0,0.0,0,0.0,0.0
SEP_p_max_0,5000,2,70,0.0,0.0,0.0,0,0.0,0.0
SEP_p_max_0,5000,2,71,0.0,0.0,0.0,0,0.0,0.0
SEP_p_max_0,5000,2,72,0.0,0.0,0.0,0,0.0,0.0
SEP_p_max_0,5000,2,73,0.0,0.0,0.0,0,0.0,0.0
SEP_p_max_0,5000,2,74,0.0,0.0,0.0,0,0.0,0.0
SEP_p_max_0,5000,2,75,0.0,0.0,0.0,0,0.0,0.0
SEP_p_max_0,5000,2,76,0.0,0.0,0.0,0,0.0,0.0
SEP_p_max_0,5000,2,77,0.0,0.0,0.0,0,0.0,0.0
SEP_p_max_0,5000,2,78,0.0,0.0,0.0,0,0.0,0.0
SEP_p_max_0,5000,2,79,0.0,0.0,0.0,0,0.0,0.0
SEP_p_max_0,5000,2,80,0.0,0.0,0.0,0,0.0,0.0
SEP_p_max_0,5000,2,81,0.0,0.0,0.0,0,0.0,0.0
SEP_p_max_0,5000,2,82,0.0,0.0,0.0,0,0.0,0.0
SEP_p_max_0,5000,2,83,0.0,0.0,0.0,0,0.0,0.0
SEP_p_max_0,5000,2,84,0.0,0.0,0.0,0,0.0,0.0
SEP_p_max_0,5000,2,85,0.0,0.0,0.0,0,0.0,0.0
SEP_p_max_0,5000,2,86,0.0,0.0,0.0,0,0.0,0.0
SEP_p_max_0,5000,2,87,0.0,0.0,0.0,0,0.0,0.0
SEP_p_max_0,5000,2,88,0.0,0.0,0.0,0,0.0,0.0
SEP_p_max_0,5000,2,89,0.0,0.0,0.0,0,0.0,0.0
SEP_p_max_0,5000,2,90,0.0,0.0,0.0,0,0.0,0.0
SEP_p_max_0,5000,2,91,0.0,0.0,0.0,0,0.0,0.0
SEP_p_max_0,5000,2,92,0.0,0.0,0.0,0,0.0,0.0
SEP_p_max_0,5000,2,93,0.0,0.0,0.0,0,0.0,0.0
SEP_p_max_0,5000,2,94,0.0,0.0,0.0,0,0.0,0.0
SEP_p_max_0,5000,2,95,0.0,0.0,0.0,0,0.0,0.0
SEP_p_max_0,5000,2,96,0.0,0.0,0.0,0,0.0,0.0
SEP_p_max_0,5000,2,97,0.0,0.0,0.0,0,0.0,0.0
SEP_p_max_0,5000,2,98,0.0,0.0,0.0,0,0.0,0.0
SEP_p_max_0,5000,2,99,0.0,0.0,0.0,0,0.0,0.0
SEP_p_max_0,5000,2,100,0.0,0.0,0.0,0,0.0,0.0
SEP_p_max_0,5000,2,101,0.0,0.0,0.0,0,0.0,0.0
SEP_p_max_0,5000,2,102,0.0,0.0,0.0,0,0.0,0.0
SEP_p_max_0,5000,2,103,0.0,0.0,0.0,0,0.0,0.0
SEP_p_max_0,5000,2,104,0.0,0.0,0.0,0,0.0,0.0
SEP_p_max_0,5000,2,105,0.0,0.0,0.0,0,0.0,0.0
SEP_p_max_0,5000,2,106,0.0,0.0,0.0,0,0.0,0.0
SEP_p_max_0,5000,2,107,0.0,0.0,0.0,0,0.0,0.0
SEP_p_max_0,5000,2,108,0.0,0.0,0.0,0,0.0,0.0
SEP_p_max_0,5000,2,109,0.0,0.0,0.0,0,0.0,0.0
SEP_p_max_0,5000,2,110,0.0,0.0,0.0,0,0.0,0.0
SEP_p_max_0,5000,2,111,0.0,0.0,0.0,0,0.0,0.0
SEP_p_max_0,5000,2,112,0.0,0.0,0.0,0,0.0,0.0
SEP_p_max_0,5000,2,113,0.0,0.0,0.0,0,0.0,0.0
SEP_p_max_0,5000,2,114,0.0,0.0,0.0,0,0.0,0.0
SEP_p_max_0,5000,2,115,0.0,0.0,0.0,0,0.0,0.0
SEP_p_max_0,5000,2,116,0.0,0.0,0.0,0,0.0,0.0
SEP_p_max_0,5000,2,117,0.0,0.0,0.0,0,0.0,0.0
SEP_p_max_0,5000,2,118,0.0,0.0,0.0,0,0.0,0.0
SEP_p_max_0,5000,2,119,0.0,0.0,0.0,0,0.0,0.0
SEP_p_max_0,5000,2,120,0.0,0.0,0.0,0,0.0,0.0
SEP_p_max_0,5000,2,121,0.0,0.0,0.0,0,0.0,0.0
SEP_p_max_0,5000,2,122,0.0,0.0,0.0,0,0.0,0.0
SEP_p_max_0,5000,2,123,0.0,0.0,0.0,0,0.0,0.0
SEP_p_max_0,5000,2,124,0.0,0.0,0.0,0,0.0,0.0
SEP_p_max_0,5000,2,125,0.0,0.0,0.0,0,0.0,0.0
SEP_p_max_0,5000,2,126,0.0,0.0,0.0,0,0.0,0.0
SEP_p_max_0,5000,2,127,0.0,0.0,0.0,0,0.0,0.0
SEP_p_max_0,5000,2,128,0.0,0.0,0.0,0,0.0,0.0
SEP_p_max_0,5000,2,129,0.0,0.0,0.0,0,0.0,0.0
SEP_p_max_0,5000,2,130,0.0,0.0,0.0,0,0.0,0.0
SEP_p_max_0,5000,2,131,0.0,0.0,0.0,0,0.0,0.0
SEP_p_max_0,5000,2,132,0.0,0.0,0.0,0,0.0,0.0
SEP_p_max_0,5000,2,133,0.0,0.0,0.0,0,0.0,0.0
SEP_p_max_0,5000,2,134,0.0,0.0,0.0,0,0.0,0.0
SEP_p_max_0,5000,2,135,0.0,0.0,0.0,0,0.0,0.0
SEP_p_max_0,5000,2,136,0.0,0.0,0.0,0,0.0,0.0
SEP_p_max_0,5000,2,137,0.0,0.0,0.0,0,0.0,0.0
SEP_p_max_0,5000,2,138,0.0,0.0,0.0,0,0.0,0.0
SEP_p_max_0,5000,2,139,0.0,0.0,0.0,0,0.0,0.0
SEP_p_max_0,5000,2,140,0.0,0.0,0.0,0,0.0,0.0
SEP_p_max_0,5000,2,141,0.0,0.0,0.0,0,0.0,0.0
SEP_p_max_0,10000,0,0,0.0,0.0,0.0,0,0.0,0.0
SEP_p_max_0,10000,0,1,0.0,0.0,0.0,0,0.0,0.0
SEP_p_max_0,10000,0,2,0.0,0.0,0.0,0,0.0,0.0
SEP_p_max_0,10000,0,3,0.0,0.0,0.0,0,0.0,0.0
SEP_p_max_0,10000,0,4,0.0,0.0,0.0,0,0.0,0.0
SEP_p_max_0,10000,0,5,0.0,0.0,0.0,0,0.0,0.0
SEP_p_max_0,10000,0,6,0.0,0.0,0.0,0,0.0,0.0
SEP_p_max_0,10000,0,7,0.0,0.0,0.0,0,0.0,0.0
SEP_p_max_0,10000,0,8,0.0,0.0,0.0,0,0.0,0.0
SEP_p_max_0,10000,0,9,0.0,0.0,0.0,0,0.0,0.0
SEP_p_max_0,10000,0,10,0.0,0.0,0.0,0,0.0,0.0
SEP_p_max_0,10000,0,11,0.0,0.0,0.0,0,0.0,0.0
SEP_p_max_0,10000,0,12,0.0,0.0,0.0,0,0.0,0.0
SEP_p_max_0,10000,0,13,0.0,0.0,0.0,0,0.0,0.0
SEP_p_max_0,10000,0,14,0.0,0.0,0.0,0,0.0,0.0
SEP_p_max_0,10000,0,15,0.0,0.0,0.0,0,0.0,0.0
SEP_p_max_0,10000,0,16,0.0,0.0,0.0,0,0.0,0.0
SEP_p_max_0,10000,0,17,0.0,0.0,0.0,0,0.0,0.0
SEP_p_max_0,10000,0,18,0.0,0.0,0.0,0,0.0,0.0
SEP_p_max_0,10000,0,19,0.0,0.0,0.0,0,0.0,0.0
SEP_p_max_0,10000,0,20,0.0,0.0,0.0,0,0.0,0.0
SEP_p_max_0,10000,0,21,0.0,0.0,0.0,0,0.0,0.0
SEP_p_max_0,10000,0,22,0.0,0.0,0.0,0,0.0,0.0
SEP_p_max_0,10000,0,23,0.0,0.0,0.0,0,0.0,0.0
SEP_p_max_0,10000,0,24,0.0,0.0,0.0,0,0.0,0.0
SEP_p_max_0,10000,0,25,0.0,0.0,0.0,0,0.0,0.0
SEP_p_max_0,10000,0,26,0.0,0.0,0.0,0,0.0,0.0
SEP_p_max_0,10000,0,27,0.0,0.0,0.0,0,0.0,0.0
SEP_p_max_0,10000,0,28,0.0,0.0,0.0,0,0.0,0.0
SEP_p_max_0,10000,0,29,0.0,0.0,0.0,0,0.0,0.0
SEP_p_max_0,10000,0,30,0.0,0.0,0.0,0,0.0,0.0
SEP_p_max_0,10000,0,31,0.0,0.0,0.0,0,0.0,0.0
SEP_p_max_0,10000,0,32,0.0,0.0,0.0,0,0.0,0.0
SEP_p_max_0,10000,0,33,0.0,0.0,0.0,0,0.0,0.0
SEP_p_max_0,10000,0,34,0.0,0.0,0.0,0,0.0,0.0
SEP_p_max_0,10000,0,35,0.0,0.0,0.0,0,0.0,0.0
SEP_p_max_0,10000,0,36,0.0,0.0,0.0,0,0.0,0.0
SEP_p_max_0,10000,0,37,0.0,0.0,0.0,0,0.0,0.0
SEP_p_max_0,10000,0,38,0.0,0.0,0.0,0,0.0,0.0
SEP_p_max_0,10000,0,39,0.0,0.0,0.0,0,0.0,0.0
SEP_p_max_0,10000,0,40,0.0,0.0,0.0,0,0.0,0.0
SEP_p_max_0,10000,0,41,0.0,0.0,0.0,0,0.0,0.0
SEP_p_max_0,10000,0,42,0.0,0.0,0.0,0,0.0,0.0
SEP_p_max_0,10000,0,43,0.0,0.0,0.0,0,0.0,0.0
SEP_p_max_0,10000,0,44,0.0,0.0,0.0,0,0.0,0.0
SEP_p_max_0,10000,0,45,0.0,0.0,0.0,0,0.0,0.0
SEP_p_max_0,10000,0,46,0.0,0.0,0.0,0,0.0,0.0
SEP_p_max_0,10000,0,47,0.0,0.0,0.0,0,0.0,0.0
SEP_p_max_0,10000,0,48,0.0,0.0,0.0,0,0.0,0.0
SEP_p_max_0,10000,0,49,0.0,0.0,0.0,0,0.0,0.0
SEP_p_max_0,10000,0,50,0.0,0.0,0.0,0,0.0,0.0
SEP_p_max_0,10000,0,51,0.0,0.0,0.0,0,0.0,0.0
SEP_p_max_0,10000,0,52,0.0,0.0,0.0,0,0.0,0.0
SEP_p_max_0,10000,0,53,0.0,0.0,0.0,0,0.0,0.0
SEP_p_max_0,10000,0,54,0.0,0.0,0.0,0,0.0,0.0
SEP_p_max_0,10000,0,55,0.0,0.0,0.0,0,0.0,0.0
SEP_p_max_0,10000,0,56,0.0,0.0,0.0,0,0.0,0.0
SEP_p_max_0,10000,0,57,0.0,0.0,0.0,0,0.0,0.0
SEP_p_max_0,10000,0,58,0.0,0.0,0.0,0,0.0,0.0
SEP_p_max_0,10000,0,59,0.0,0.0,0.0,0,0.0,0.0
SEP_p_max_0,10000,0,60,0.0,0.0,0.0,0,0.0,0.0
SEP_p_max_0,10000,0,61,0.0,0.0,0.0,0,0.0,0.0
SEP_p_max_0,10000,0,62,0.0,0.0,0.0,0,0.0,0.0
SEP_p_max_0,10000,0,63,0.0,0.0,0.0,0,0.0,0.0
SEP_p_max_0,10000,0,64,0.0,0.0,0.0,0,0.0,0.0
SEP_p_max_0,10000,0,65,0.0,0.0,0.0,0,0.0,0.0
SEP_p_max_0,10000,0,66,0.0,0.0,0.0,0,0.0,0.0
SEP_p_max_0,10000,0,67,0.0,0.0,0.0,0,0.0,0.0
SEP_p_max_0,10000,0,68,0.0,0.0,0.0,0,0.0,0.0
SEP_p_max_0,10000,0,69,0.0,0.0,0.0,0,0.0,0.0
SEP_p_max_0,10000,0,70,0.0,0.0,0.0,0,0.0,0.0
SEP_p_max_0,10000,0,71,0.0,0.0,0.0,0,0.0,0.0
SEP_p_max_0,10000,0,72,0.0,0.0,0.0,0,0.0,0.0
SEP_p_max_0,10000,0,73,0.0,0.0,0.0,0,0.0,0.0
SEP_p_max_0,10000,0,74,0.0,0.0,0.0,0,0.0,0.0
SEP_p_max_0,10000,0,75,0.0,0.0,0.0,0,0.0,0.0
SEP_p_max_0,10000,0,76,0.0,0.0,0.0,0,0.0,0.0
SEP_p_max_0,10000,0,77,0.0,0.0,0.0,0,0.0,0.0
SEP_p_max_0,10000,0,78,0.0,0.0,0.0,0,0.0,0.0
SEP_p_max_0,10000,0,79,0.0,0.0,0.0,0,0.0,0.0
SEP_p_max_0,10000,0,80,0.0,0.0,0.0,0,0.0,0.0
SEP_p_max_0,10000,0,81,0.0,0.0,0.0,0,0.0,0.0
SEP_p_max_0,10000,0,82,0.0,0.0,0.0,0,0.0,0.0
SEP_p_max_0,10000,0,83,0.0,0.0,0.0,0,0.0,0.0
SEP_p_max_0,10000,0,84,0.0,0.0,0.0,0,0.0,0.0
SEP_p_max_0,10000,0,85,0.0,0.0,0.0,0,0.0,0.0
SEP_p_max_0,10000,0,86,0.0,0.0,0.0,0,0.0,0.0
SEP_p_max_0,10000,0,87,0.0,0.0,0.0,0,0.0,0.0
SEP_p_max_0,10000,0,88,0.0,0.0,0.0,0,0.0,0.0
SEP_p_max_0,10000,0,89,0.0,0.0,0.0,0,0.0,0.0
SEP_p_max_0,10000,0,90,0.0,0.0,0.0,0,0.0,0.0
SEP_p_max_0,10000,0,91,0.0,0.0,0.0,0,0.0,0.0
SEP_p_max_0,10000,0,92,0.0,0.0,0.0,0,0.0,0.0
SEP_p_max_0,10000,0,93,0.0,0.0,0.0,0,0.0,0.0
SEP_p_max_0,10000,0,94,0.0,0.0,0.0,0,0.0,0.0
SEP_p_max_0,10000,0,95,0.0,0.0,0.0,0,0.0,0.0
SEP_p_max_0,10000,0,96,0.0,0.0,0.0,0,0.0,0.0
SEP_p_max_0,10000,0,97,0.0,0.0,0.0,0,0.0,0.0
SEP_p_max_0,10000,0,98,0.0,0.0,0.0,0,0.0,0.0
SEP_p_max_0,10000,0,99,0.0,0.0,0.0,0,0.0,0.0
SEP_p_max_0,10000,0,100,0.0,0.0,0.0,0,0.0,0.0
SEP_p_max_0,10000,0,101,0.0,0.0,0.0,0,0.0,0.0
SEP_p_max_0,10000,0,102,0.0,0.0,0.0,0,0.0,0.0
SEP_p_max_0,10000,0,103,0.0,0.0,0.0,0,0.0,0.0
SEP_p_max_0,10000,0,104,0.0,0.0,0.0,0,0.0,0.0
SEP_p_max_0,10000,0,105,0.0,0.0,0.0,0,0.0,0.0
SEP_p_max_0,10000,0,106,0.0,0.0,0.0,0,0.0,0.0
SEP_p_max_0,10000,0,107,0.0,0.0,0.0,0,0.0,0.0
SEP_p_max_0,10000,0,108,0.0,0.0,0.0,0,0.0,0.0
SEP_p_max_0,10000,0,109,0.0,0.0,0.0,0,0.0,0.0
SEP_p_max_0,10000,0,110,0.0,0.0,0.0,0,0.0,0.0
SEP_p_max_0,10000,0,111,0.0,0.0,0.0,0,0.0,0.0
SEP_p_max_0,10000,0,112,0.0,0.0,0.0,0,0.0,0.0
SEP_p_max_0,10000,0,113,0.0,0.0,0.0,0,0.0,0.0
SEP_p_max_0,10000,0,114,0.0,0.0,0.0,0,0.0,0.0
SEP_p_max_0,10000,0,115,0.0,0.0,0.0,0,0.0,0.0
SEP_p_max_0,10000,0,116,0.0,0.0,0.0,0,0.0,0.0
SEP_p_max_0,10000,0,117,0.0,0.0,0.0,0,0.0,0.0
SEP_p_max_0,10000,0,118,0.0,0.0,0.0,0,0.0,0.0
SEP_p_max_0,10000,0,119,0.0,0.0,0.0,0,0.0,0.0
SEP_p_max_0,10000,0,120,0.0,0.0,0.0,0,0.0,0.0
SEP_p_max_0,10000,0,121,0.0,0.0,0.0,0,0.0,0.0
SEP_p_max_0,10000,0,122,0.0,0.0,0.0,0,0.0,0.0
SEP_p_max_0,10000,0,123,0.0,0.0,0.0,0,0.0,0.0
SEP_p_max_0,10000,0,124,0.0,0.0,0.0,0,0.0,0.0
SEP_p_max_0,10000,0,125,0.0,0.0,0.0,0,0.0,0.0
SEP_p_max_0,10000,0,126,0.0,0.0,0.0,0,0.0,0.0
SEP_p_max_0,10000,0,127,0.0,0.0,0.0,0,0.0,0.0
SEP_p_max_0,10000,0,128,0.0,0.0,0.0,0,0.0,0.0
SEP_p_max_0,10000,0,129,0.0,0.0,0.0,0,0.0,0.0
SEP_p_max_0,10000,0,130,0.0,0.0,0.0,0,0.0,0.0
SEP_p_max_0,10000,0,131,0.0,0.0,0.0,0,0.0,0.0
SEP_p_max_0,10000,0,132,0.0,0.0,0.0,0,0.0,0.0
SEP_p_max_0,10000,0,133,0.0,0.0,0.0,0,0.0,0.0
SEP_p_max_0,10000,0,134,0.0,0.0,0.0,0,0.0,0.0
SEP_p_max_0,10000,0,135,0.0,0.0,0.0,0,0.0,0.0
SEP_p_max_0,10000,0,136,0.0,0.0,0.0,0,0.0,0.0
SEP_p_max_0,10000,0,137,0.0,0.0,0.0,0,0.0,0.0
SEP_p_max_0,10000,0,138,0.0,0.0,0.0,0,0.0,0.0
SEP_p_max_0,10000,0,139,0.0,0.0,0.0,0,0.0,0.0
SEP_p_max_0,10000,0,140,0.0,0.0,0.0,0,0.0,0.0
SEP_p_max_0,10000,0,141,0.0,0.0,0.0,0,0.0,0.0
SEP_p_max_0,10000,1,0,0.0,0.0,0.0,0,0.0,0.0
SEP_p_max_0,10000,1,1,0.0,0.0,0.0,0,0.0,0.0
SEP_p_max_0,10000,1,2,0.0,0.0,0.0,0,0.0,0.0
SEP_p_max_0,10000,1,3,0.0,0.0,0.0,0,0.0,0.0
SEP_p_max_0,10000,1,4,0.0,0.0,0.0,0,0.0,0.0
SEP_p_max_0,10000,1,5,0.0,0.0,0.0,0,0.0,0.0
SEP_p_max_0,10000,1,6,0.0,0.0,0.0,0,0.0,0.0
SEP_p_max_0,10000,1,7,0.0,0.0,0.0,0,0.0,0.0
SEP_p_max_0,10000,1,8,0.0,0.0,0.0,0,0.0,0.0
SEP_p_max_0,10000,1,9,0.0,0.0,0.0,0,0.0,0.0
SEP_p_max_0,10000,1,10,0.0,0.0,0.0,0,0.0,0.0
SEP_p_max_0,10000,1,11,0.0,0.0,0.0,0,0.0,0.0
SEP_p_max_0,10000,1,12,0.0,0.0,0.0,0,0.0,0.0
SEP_p_max_0,10000,1,13,0.0,0.0,0.0,0,0.0,0.0
SEP_p_max_0,10000,1,14,0.0,0.0,0.0,0,0.0,0.0
SEP_p_max_0,10000,1,15,0.0,0.0,0.0,0,0.0,0.0
SEP_p_max_0,10000,1,16,0.0,0.0,0.0,0,0.0,0.0
SEP_p_max_0,10000,1,17,0.0,0.0,0.0,0,0.0,0.0
SEP_p_max_0,10000,1,18,0.0,0.0,0.0,0,0.0,0.0
SEP_p_max_0,10000,1,19,0.0,0.0,0.0,0,0.0,0.0
SEP_p_max_0,10000,1,20,0.0,0.0,0.0,0,0.0,0.0
SEP_p_max_0,10000,1,21,0.0,0.0,0.0,0,0.0,0.0
SEP_p_max_0,10000,1,22,0.0,0.0,0.0,0,0.0,0.0
SEP_p_max_0,10000,1,23,0.0,0.0,0.0,0,0.0,0.0
SEP_p_max_0,10000,1,24,0.0,0.0,0.0,0,0.0,0.0
SEP_p_max_0,10000,1,25,0.0,0.0,0.0,0,0.0,0.0
SEP_p_max_0,10000,1,26,0.0,0.0,0.0,0,0.0,0.0
SEP_p_max_0,10000,1,27,0.0,0.0,0.0,0,0.0,0.0
SEP_p_max_0,10000,1,28,0.0,0.0,0.0,0,0.0,0.0
SEP_p_max_0,10000,1,29,0.0,0.0,0.0,0,0.0,0.0
SEP_p_max_0,10000,1,30,0.0,0.0,0.0,0,0.0,0.0
SEP_p_max_0,10000,1,31,0.0,0.0,0.0,0,0.0,0.0
SEP_p_max_0,10000,1,32,0.0,0.0,0.0,0,0.0,0.0
SEP_p_max_0,10000,1,33,0.0,0.0,0.0,0,0.0,0.0
SEP_p_max_0,10000,1,34,0.0,0.0,0.0,0,0.0,0.0
SEP_p_max_0,10000,1,35,0.0,0.0,0.0,0,0.0,0.0
SEP_p_max_0,10000,1,36,0.0,0.0,0.0,0,0.0,0.0
SEP_p_max_0,10000,1,37,0.0,0.0,0.0,0,0.0,0.0
SEP_p_max_0,10000,1,38,0.0,0.0,0.0,0,0.0,0.0
SEP_p_max_0,10000,1,39,0.0,0.0,0.0,0,0.0,0.0
SEP_p_max_0,10000,1,40,0.0,0.0,0.0,0,0.0,0.0
SEP_p_max_0,10000,1,41,0.0,0.0,0.0,0,0.0,0.0
SEP_p_max_0,10000,1,42,0.0,0.0,0.0,0,0.0,0.0
SEP_p_max_0,10000,1,43,0.0,0.0,0.0,0,0.0,0.0
SEP_p_max_0,10000,1,44,0.0,0.0,0.0,0,0.0,0.0
SEP_p_max_0,10000,1,45,0.0,0.0,0.0,0,0.0,0.0
SEP_p_max_0,10000,1,46,0.0,0.0,0.0,0,0.0,0.0
SEP_p_max_0,10000,1,47,0.0,0.0,0.0,0,0.0,0.0
SEP_p_max_0,10000,1,48,0.0,0.0,0.0,0,0.0,0.0
SEP_p_max_0,10000,1,49,0.0,0.0,0.0,0,0.0,0.0
SEP_p_max_0,10000,1,50,0.0,0.0,0.0,0,0.0,0.0
SEP_p_max_0,10000,1,51,0.0,0.0,0.0,0,0.0,0.0
SEP_p_max_0,10000,1,52,0.0,0.0,0.0,0,0.0,0.0
SEP_p_max_0,10000,1,53,0.0,0.0,0.0,0,0.0,0.0
SEP_p_max_0,10000,1,54,0.0,0.0,0.0,0,0.0,0.0
SEP_p_max_0,10000,1,55,0.0,0.0,0.0,0,0.0,0.0
SEP_p_max_0,10000,1,56,0.0,0.0,0.0,0,0.0,0.0
SEP_p_max_0,10000,1,57,0.0,0.0,0.0,0,0.0,0.0
SEP_p_max_0,10000,1,58,0.0,0.0,0.0,0,0.0,0.0
SEP_p_max_0,10000,1,59,0.0,0.0,0.0,0,0.0,0.0
SEP_p_max_0,10000,1,60,0.0,0.0,0.0,0,0.0,0.0
SEP_p_max_0,10000,1,61,0.0,0.0,0.0,0,0.0,0.0
SEP_p_max_0,10000,1,62,0.0,0.0,0.0,0,0.0,0.0
SEP_p_max_0,10000,1,63,0.0,0.0,0.0,0,0.0,0.0
SEP_p_max_0,10000,1,64,0.0,0.0,0.0,0,0.0,0.0
SEP_p_max_0,10000,1,65,0.0,0.0,0.0,0,0.0,0.0
SEP_p_max_0,10000,1,66,0.0,0.0,0.0,0,0.0,0.0
SEP_p_max_0,10000,1,67,0.0,0.0,0.0,0,0.0,0.0
SEP_p_max_0,10000,1,68,0.0,0.0,0.0,0,0.0,0.0
SEP_p_max_0,10000,1,69,0.0,0.0,0.0,0,0.0,0.0
SEP_p_max_0,10000,1,70,0.0,0.0,0.0,0,0.0,0.0
SEP_p_max_0,10000,1,71,0.0,0.0,0.0,0,0.0,0.0
SEP_p_max_0,10000,1,72,0.0,0.0,0.0,0,0.0,0.0
SEP_p_max_0,10000,1,73,0.0,0.0,0.0,0,0.0,0.0
SEP_p_max_0,10000,1,74,0.0,0.0,0.0,0,0.0,0.0
SEP_p_max_0,10000,1,75,0.0,0.0,0.0,0,0.0,0.0
SEP_p_max_0,10000,1,76,0.0,0.0,0.0,0,0.0,0.0
SEP_p_max_0,10000,1,77,0.0,0.0,0.0,0,0.0,0.0
SEP_p_max_0,10000,1,78,0.0,0.0,0.0,0,0.0,0.0
SEP_p_max_0,10000,1,79,0.0,0.0,0.0,0,0.0,0.0
SEP_p_max_0,10000,1,80,0.0,0.0,0.0,0,0.0,0.0
SEP_p_max_0,10000,1,81,0.0,0.0,0.0,0,0.0,0.0
SEP_p_max_0,10000,1,82,0.0,0.0,0.0,0,0.0,0.0
SEP_p_max_0,10000,1,83,0.0,0.0,0.0,0,0.0,0.0
SEP_p_max_0,10000,1,84,0.0,0.0,0.0,0,0.0,0.0
SEP_p_max_0,10000,1,85,0.0,0.0,0.0,0,0.0,0.0
SEP_p_max_0,10000,1,86,0.0,0.0,0.0,0,0.0,0.0
SEP_p_max_0,10000,1,87,0.0,0.0,0.0,0,0.0,0.0
SEP_p_max_0,10000,1,88,0.0,0.0,0.0,0,0.0,0.0
SEP_p_max_0,10000,1,89,0.0,0.0,0.0,0,0.0,0.0
SEP_p_max_0,10000,1,90,0.0,0.0,0.0,0,0.0,0.0
SEP_p_max_0,10000,1,91,0.0,0.0,0.0,0,0.0,0.0
SEP_p_max_0,10000,1,92,0.0,0.0,0.0,0,0.0,0.0
SEP_p_max_0,10000,1,93,0.0,0.0,0.0,0,0.0,0.0
SEP_p_max_0,10000,1,94,0.0,0.0,0.0,0,0.0,0.0
SEP_p_max_0,10000,1,95,0.0,0.0,0.0,0,0.0,0.0
SEP_p_max_0,10000,1,96,0.0,0.0,0.0,0,0.0,0.0
SEP_p_max_0,10000,1,97,0.0,0.0,0.0,0,0.0,0.0
SEP_p_max_0,10000,1,98,0.0,0.0,0.0,0,0.0,0.0
SEP_p_max_0,10000,1,99,0.0,0.0,0.0,0,0.0,0.0
SEP_p_max_0,10000,1,100,0.0,0.0,0.0,0,0.0,0.0
SEP_p_max_0,10000,1,101,0.0,0.0,0.0,0,0.0,0.0
SEP_p_max_0,10000,1,102,0.0,0.0,0.0,0,0.0,0.0
SEP_p_max_0,10000,1,103,0.0,0.0,0.0,0,0.0,0.0
SEP_p_max_0,10000,1,104,0.0,0.0,0.0,0,0.0,0.0
SEP_p_max_0,10000,1,105,0.0,0.0,0.0,0,0.0,0.0
SEP_p_max_0,10000,1,106,0.0,0.0,0.0,0,0.0,0.0
SEP_p_max_0,10000,1,107,0.0,0.0,0.0,0,0.0,0.0
SEP_p_max_0,10000,1,108,0.0,0.0,0.0,0,0.0,0.0
SEP_p_max_0,10000,1,109,0.0,0.0,0.0,0,0.0,0.0
SEP_p_max_0,10000,1,110,0.0,0.0,0.0,0,0.0,0.0
SEP_p_max_0,10000,1,111,0.0,0.0,0.0,0,0.0,0.0
SEP_p_max_0,10000,1,112,0.0,0.0,0.0,0,0.0,0.0
SEP_p_max_0,10000,1,113,0.0,0.0,0.0,0,0.0,0.0
SEP_p_max_0,10000,1,114,0.0,0.0,0.0,0,0.0,0.0
SEP_p_max_0,10000,1,115,0.0,0.0,0.0,0,0.0,0.0
SEP_p_max_0,10000,1,116,0.0,0.0,0.0,0,0.0,0.0
SEP_p_max_0,10000,1,117,0.0,0.0,0.0,0,0.0,0.0
SEP_p_max_0,10000,1,118,0.0,0.0,0.0,0,0.0,0.0
SEP_p_max_0,10000,1,119,0.0,0.0,0.0,0,0.0,0.0
SEP_p_max_0,10000,1,120,0.0,0.0,0.0,0,0.0,0.0
SEP_p_max_0,10000,1,121,0.0,0.0,0.0,0,0.0,0.0
SEP_p_max_0,10000,1,122,0.0,0.0,0.0,0,0.0,0.0
SEP_p_max_0,10000,1,123,0.0,0.0,0.0,0,0.0,0.0
SEP_p_max_0,10000,1,124,0.0,0.0,0.0,0,0.0,0.0
SEP_p_max_0,10000,1,125,0.0,0.0,0.0,0,0.0,0.0
SEP_p_max_0,10000,1,126,0.0,0.0,0.0,0,0.0,0.0
SEP_p_max_0,10000,1,127,0.0,0.0,0.0,0,0.0,0.0
SEP_p_max_0,10000,1,128,0.0,0.0,0.0,0,0.0,0.0
SEP_p_max_0,10000,1,129,0.0,0.0,0.0,0,0.0,0.0
SEP_p_max_0,10000,1,130,0.0,0.0,0.0,0,0.0,0.0
SEP_p_max_0,10000,1,131,0.0,0.0,0.0,0,0.0,0.0
SEP_p_max_0,10000,1,132,0.0,0.0,0.0,0,0.0,0.0
SEP_p_max_0,10000,1,133,0.0,0.0,0.0,0,0.0,0.0
SEP_p_max_0,10000,1,134,0.0,0.0,0.0,0,0.0,0.0
SEP_p_max_0,10000,1,135,0.0,0.0,0.0,0,0.0,0.0
SEP_p_max_0,10000,1,136,0.0,0.0,0.0,0,0.0,0.0
SEP_p_max_0,10000,1,137,0.0,0.0,0.0,0,0.0,0.0
SEP_p_max_0,10000,1,138,0.0,0.0,0.0,0,0.0,0.0
SEP_p_max_0,10000,1,139,0.0,0.0,0.0,0,0.0,0.0
SEP_p_max_0,10000,1,140,0.0,0.0,0.0,0,0.0,0.0
SEP_p_max_0,10000,1,141,0.0,0.0,0.0,0,0.0,0.0
SEP_p_max_0,10000,2,0,0.0,0.0,0.0,0,0.0,0.0
SEP_p_max_0,10000,2,1,0.0,0.0,0.0,0,0.0,0.0
SEP_p_max_0,10000,2,2,0.0,0.0,0.0,0,0.0,0.0
SEP_p_max_0,10000,2,3,0.0,0.0,0.0,0,0.0,0.0
SEP_p_max_0,10000,2,4,0.0,0.0,0.0,0,0.0,0.0
SEP_p_max_0,10000,2,5,0.0,0.0,0.0,0,0.0,0.0
SEP_p_max_0,10000,2,6,0.0,0.0,0.0,0,0.0,0.0
SEP_p_max_0,10000,2,7,0.0,0.0,0.0,0,0.0,0.0
SEP_p_max_0,10000,2,8,0.0,0.0,0.0,0,0.0,0.0
SEP_p_max_0,10000,2,9,0.0,0.0,0.0,0,0.0,0.0
SEP_p_max_0,10000,2,10,0.0,0.0,0.0,0,0.0,0.0
SEP_p_max_0,10000,2,11,0.0,0.0,0.0,0,0.0,0.0
SEP_p_max_0,10000,2,12,0.0,0.0,0.0,0,0.0,0.0
SEP_p_max_0,10000,2,13,0.0,0.0,0.0,0,0.0,0.0
SEP_p_max_0,10000,2,14,0.0,0.0,0.0,0,0.0,0.0
SEP_p_max_0,10000,2,15,0.0,0.0,0.0,0,0.0,0.0
SEP_p_max_0,10000,2,16,0.0,0.0,0.0,0,0.0,0.0
SEP_p_max_0,10000,2,17,0.0,0.0,0.0,0,0.0,0.0
SEP_p_max_0,10000,2,18,0.0,0.0,0.0,0,0.0,0.0
SEP_p_max_0,10000,2,19,0.0,0.0,0.0,0,0.0,0.0
SEP_p_max_0,10000,2,20,0.0,0.0,0.0,0,0.0,0.0
SEP_p_max_0,10000,2,21,0.0,0.0,0.0,0,0.0,0.0
SEP_p_max_0,10000,2,22,0.0,0.0,0.0,0,0.0,0.0
SEP_p_max_0,10000,2,23,0.0,0.0,0.0,0,0.0,0.0
SEP_p_max_0,10000,2,24,0.0,0.0,0.0,0,0.0,0.0
SEP_p_max_0,10000,2,25,0.0,0.0,0.0,0,0.0,0.0
SEP_p_max_0,10000,2,26,0.0,0.0,0.0,0,0.0,0.0
SEP_p_max_0,10000,2,27,0.0,0.0,0.0,0,0.0,0.0
SEP_p_max_0,10000,2,28,0.0,0.0,0.0,0,0.0,0.0
SEP_p_max_0,10000,2,29,0.0,0.0,0.0,0,0.0,0.0
SEP_p_max_0,10000,2,30,0.0,0.0,0.0,0,0.0,0.0
SEP_p_max_0,10000,2,31,0.0,0.0,0.0,0,0.0,0.0
SEP_p_max_0,10000,2,32,0.0,0.0,0.0,0,0.0,0.0
SEP_p_max_0,10000,2,33,0.0,0.0,0.0,0,0.0,0.0
SEP_p_max_0,10000,2,34,0.0,0.0,0.0,0,0.0,0.0
SEP_p_max_0,10000,2,35,0.0,0.0,0.0,0,0.0,0.0
SEP_p_max_0,10000,2,36,0.0,0.0,0.0,0,0.0,0.0
SEP_p_max_0,10000,2,37,0.0,0.0,0.0,0,0.0,0.0
SEP_p_max_0,10000,2,38,0.0,0.0,0.0,0,0.0,0.0
SEP_p_max_0,10000,2,39,0.0,0.0,0.0,0,0.0,0.0
SEP_p_max_0,10000,2,40,0.0,0.0,0.0,0,0.0,0.0
SEP_p_max_0,10000,2,41,0.0,0.0,0.0,0,0.0,0.0
SEP_p_max_0,10000,2,42,0.0,0.0,0.0,0,0.0,0.0
SEP_p_max_0,10000,2,43,0.0,0.0,0.0,0,0.0,0.0
SEP_p_max_0,10000,2,44,0.0,0.0,0.0,0,0.0,0.0
SEP_p_max_0,10000,2,45,0.0,0.0,0.0,0,0.0,0.0
SEP_p_max_0,10000,2,46,0.0,0.0,0.0,0,0.0,0.0
SEP_p_max_0,10000,2,47,0.0,0.0,0.0,0,0.0,0.0
SEP_p_max_0,10000,2,48,0.0,0.0,0.0,0,0.0,0.0
SEP_p_max_0,10000,2,49,0.0,0.0,0.0,0,0.0,0.0
SEP_p_max_0,10000,2,50,0.0,0.0,0.0,0,0.0,0.0
SEP_p_max_0,10000,2,51,0.0,0.0,0.0,0,0.0,0.0
SEP_p_max_0,10000,2,52,0.0,0.0,0.0,0,0.0,0.0
SEP_p_max_0,10000,2,53,0.0,0.0,0.0,0,0.0,0.0
SEP_p_max_0,10000,2,54,0.0,0.0,0.0,0,0.0,0.0
SEP_p_max_0,10000,2,55,0.0,0.0,0.0,0,0.0,0.0
SEP_p_max_0,10000,2,56,0.0,0.0,0.0,0,0.0,0.0
SEP_p_max_0,10000,2,57,0.0,0.0,0.0,0,0.0,0.0
SEP_p_max_0,10000,2,58,0.0,0.0,0.0,0,0.0,0.0
SEP_p_max_0,10000,2,59,0.0,0.0,0.0,0,0.0,0.0
SEP_p_max_0,10000,2,60,0.0,0.0,0.0,0,0.0,0.0
SEP_p_max_0,10000,2,61,0.0,0.0,0.0,0,0.0,0.0
SEP_p_max_0,10000,2,62,0.0,0.0,0.0,0,0.0,0.0
SEP_p_max_0,10000,2,63,0.0,0.0,0.0,0,0.0,0.0
SEP_p_max_0,10000,2,64,0.0,0.0,0.0,0,0.0,0.0
SEP_p_max_0,10000,2,65,0.0,0.0,0.0,0,0.0,0.0
SEP_p_max_0,10000,2,66,0.0,0.0,0.0,0,0.0,0.0
SEP_p_max_0,10000,2,67,0.0,0.0,0.0,0,0.0,0.0
SEP_p_max_0,10000,2,68,0.0,0.0,0.0,0,0.0,0.0
SEP_p_max_0,10000,2,69,0.0,0.0,0.0,0,0.0,0.0
SEP_p_max_0,10000,2,70,0.0,0.0,0.0,0,0.0,0.0
SEP_p_max_0,10000,2,71,0.0,0.0,0.0,0,0.0,0.0
SEP_p_max_0,10000,2,72,0.0,0.0,0.0,0,0.0,0.0
SEP_p_max_0,10000,2,73,0.0,0.0,0.0,0,0.0,0.0
SEP_p_max_0,10000,2,74,0.0,0.0,0.0,0,0.0,0.0
SEP_p_max_0,10000,2,75,0.0,0.0,0.0,0,0.0,0.0
SEP_p_max_0,10000,2,76,0.0,0.0,0.0,0,0.0,0.0
SEP_p_max_0,10000,2,77,0.0,0.0,0.0,0,0.0,0.0
SEP_p_max_0,10000,2,78,0.0,0.0,0.0,0,0.0,0.0
SEP_p_max_0,10000,2,79,0.0,0.0,0.0,0,0.0,0.0
SEP_p_max_0,10000,2,80,0.0,0.0,0.0,0,0.0,0.0
SEP_p_max_0,10000,2,81,0.0,0.0,0.0,0,0.0,0.0
SEP_p_max_0,10000,2,82,0.0,0.0,0.0,0,0.0,0.0
SEP_p_max_0,10000,2,83,0.0,0.0,0.0,0,0.0,0.0
SEP_p_max_0,10000,2,84,0.0,0.0,0.0,0,0.0,0.0
SEP_p_max_0,10000,2,85,0.0,0.0,0.0,0,0.0,0.0
SEP_p_max_0,10000,2,86,0.0,0.0,0.0,0,0.0,0.0
SEP_p_max_0,10000,2,87,0.0,0.0,0.0,0,0.0,0.0
SEP_p_max_0,10000,2,88,0.0,0.0,0.0,0,0.0,0.0
SEP_p_max_0,10000,2,89,0.0,0.0,0.0,0,0.0,0.0
SEP_p_max_0,10000,2,90,0.0,0.0,0.0,0,0.0,0.0
SEP_p_max_0,10000,2,91,0.0,0.0,0.0,0,0.0,0.0
SEP_p_max_0,10000,2,92,0.0,0.0,0.0,0,0.0,0.0
SEP_p_max_0,10000,2,93,0.0,0.0,0.0,0,0.0,0.0
SEP_p_max_0,10000,2,94,0.0,0.0,0.0,0,0.0,0.0
SEP_p_max_0,10000,2,95,0.0,0.0,0.0,0,0.0,0.0
SEP_p_max_0,10000,2,96,0.0,0.0,0.0,0,0.0,0.0
SEP_p_max_0,10000,2,97,0.0,0.0,0.0,0,0.0,0.0
SEP_p_max_0,10000,2,98,0.0,0.0,0.0,0,0.0,0.0
SEP_p_max_0,10000,2,99,0.0,0.0,0.0,0,0.0,0.0
SEP_p_max_0,10000,2,100,0.0,0.0,0.0,0,0.0,0.0
SEP_p_max_0,10000,2,101,0.0,0.0,0.0,0,0.0,0.0
SEP_p_max_0,10000,2,102,0.0,0.0,0.0,0,0.0,0.0
SEP_p_max_0,10000,2,103,0.0,0.0,0.0,0,0.0,0.0
SEP_p_max_0,10000,2,104,0.0,0.0,0.0,0,0.0,0.0
SEP_p_max_0,10000,2,105,0.0,0.0,0.0,0,0.0,0.0
SEP_p_max_0,10000,2,106,0.0,0.0,0.0,0,0.0,0.0
SEP_p_max_0,10000,2,107,0.0,0.0,0.0,0,0.0,0.0
SEP_p_max_0,10000,2,108,0.0,0.0,0.0,0,0.0,0.0
SEP_p_max_0,10000,2,109,0.0,0.0,0.0,0,0.0,0.0
SEP_p_max_0,10000,2,110,0.0,0.0,0.0,0,0.0,0.0
SEP_p_max_0,10000,2,111,0.0,0.0,0.0,0,0.0,0.0
SEP_p_max_0,10000,2,112,0.0,0.0,0.0,0,0.0,0.0
SEP_p_max_0,10000,2,113,0.0,0.0,0.0,0,0.0,0.0
SEP_p_max_0,10000,2,114,0.0,0.0,0.0,0,0.0,0.0
SEP_p_max_0,10000,2,115,0.0,0.0,0.0,0,0.0,0.0
SEP_p_max_0,10000,2,116,0.0,0.0,0.0,0,0.0,0.0
SEP_p_max_0,10000,2,117,0.0,0.0,0.0,0,0.0,0.0
SEP_p_max_0,10000,2,118,0.0,0.0,0.0,0,0.0,0.0
SEP_p_max_0,10000,2,119,0.0,0.0,0.0,0,0.0,0.0
SEP_p_max_0,10000,2,120,0.0,0.0,0.0,0,0.0,0.0
SEP_p_max_0,10000,2,121,0.0,0.0,0.0,0,0.0,0.0
SEP_p_max_0,10000,2,122,0.0,0.0,0.0,0,0.0,0.0
SEP_p_max_0,10000,2,123,0.0,0.0,0.0,0,0.0,0.0
SEP_p_max_0,10000,2,124,0.0,0.0,0.0,0,0.0,0.0
SEP_p_max_0,10000,2,125,0.0,0.0,0.0,0,0.0,0.0
SEP_p_max_0,10000,2,126,0.0,0.0,0.0,0,0.0,0.0
SEP_p_max_0,10000,2,127,0.0,0.0,0.0,0,0.0,0.0
SEP_p_max_0,10000,2,128,0.0,0.0,0.0,0,0.0,0.0
SEP_p_max_0,10000,2,129,0.0,0.0,0.0,0,0.0,0.0
SEP_p_max_0,10000,2,130,0.0,0.0,0.0,0,0.0,0.0
SEP_p_max_0,10000,2,131,0.0,0.0,0.0,0,0.0,0.0
SEP_p_max_0,10000,2,132,0.0,0.0,0.0,0,0.0,0.0
SEP_p_max_0,10000,2,133,0.0,0.0,0.0,0,0.0,0.0
SEP_p_max_0,10000,2,134,0.0,0.0,0.0,0,0.0,0.0
SEP_p_max_0,10000,2,135,0.0,0.0,0.0,0,0.0,0.0
SEP_p_max_0,10000,2,136,0.0,0.0,0.0,0,0.0,0.0
SEP_p_max_0,10000,2,137,0.0,0.0,0.0,0,0.0,0.0
SEP_p_max_0,10000,2,138,0.0,0.0,0.0,0,0.0,0.0
SEP_p_max_0,10000,2,139,0.0,0.0,0.0,0,0.0,0.0
SEP_p_max_0,10000,2,140,0.0,0.0,0.0,0,0.0,0.0
SEP_p_max_0,10000,2,141,0.0,0.0,0.0,0,0.0,0.0
SEP_p_max_0,20000,0,0,0.0,0.0,0.0,0,0.0,0.0
SEP_p_max_0,20000,0,1,0.0,0.0,0.0,0,0.0,0.0
SEP_p_max_0,20000,0,2,0.0,0.0,0.0,0,0.0,0.0
SEP_p_max_0,20000,0,3,0.0,0.0,0.0,0,0.0,0.0
SEP_p_max_0,20000,0,4,0.0,0.0,0.0,0,0.0,0.0
SEP_p_max_0,20000,0,5,0.0,0.0,0.0,0,0.0,0.0
SEP_p_max_0,20000,0,6,0.0,0.0,0.0,0,0.0,0.0
SEP_p_max_0,20000,0,7,0.0,0.0,0.0,0,0.0,0.0
SEP_p_max_0,20000,0,8,0.0,0.0,0.0,0,0.0,0.0
SEP_p_max_0,20000,0,9,0.0,0.0,0.0,0,0.0,0.0
SEP_p_max_0,20000,0,10,0.0,0.0,0.0,0,0.0,0.0
SEP_p_max_0,20000,0,11,0.0,0.0,0.0,0,0.0,0.0
SEP_p_max_0,20000,0,12,0.0,0.0,0.0,0,0.0,0.0
SEP_p_max_0,20000,0,13,0.0,0.0,0.0,0,0.0,0.0
SEP_p_max_0,20000,0,14,0.0,0.0,0.0,0,0.0,0.0
SEP_p_max_0,20000,0,15,0.0,0.0,0.0,0,0.0,0.0
SEP_p_max_0,20000,0,16,0.0,0.0,0.0,0,0.0,0.0
SEP_p_max_0,20000,0,17,0.0,0.0,0.0,0,0.0,0.0
SEP_p_max_0,20000,0,18,0.0,0.0,0.0,0,0.0,0.0
SEP_p_max_0,20000,0,19,0.0,0.0,0.0,0,0.0,0.0
SEP_p_max_0,20000,0,20,0.0,0.0,0.0,0,0.0,0.0
SEP_p_max_0,20000,0,21,0.0,0.0,0.0,0,0.0,0.0
SEP_p_max_0,20000,0,22,0.0,0.0,0.0,0,0.0,0.0
SEP_p_max_0,20000,0,23,0.0,0.0,0.0,0,0.0,0.0
SEP_p_max_0,20000,0,24,0.0,0.0,0.0,0,0.0,0.0
SEP_p_max_0,20000,0,25,0.0,0.0,0.0,0,0.0,0.0
SEP_p_max_0,20000,0,26,0.0,0.0,0.0,0,0.0,0.0
SEP_p_max_0,20000,0,27,0.0,0.0,0.0,0,0.0,0.0
SEP_p_max_0,20000,0,28,0.0,0.0,0.0,0,0.0,0.0
SEP_p_max_0,20000,0,29,0.0,0.0,0.0,0,0.0,0.0
SEP_p_max_0,20000,0,30,0.0,0.0,0.0,0,0.0,0.0
SEP_p_max_0,20000,0,31,0.0,0.0,0.0,0,0.0,0.0
SEP_p_max_0,20000,0,32,0.0,0.0,0.0,0,0.0,0.0
SEP_p_max_0,20000,0,33,0.0,0.0,0.0,0,0.0,0.0
SEP_p_max_0,20000,0,34,0.0,0.0,0.0,0,0.0,0.0
SEP_p_max_0,20000,0,35,0.0,0.0,0.0,0,0.0,0.0
SEP_p_max_0,20000,0,36,0.0,0.0,0.0,0,0.0,0.0
SEP_p_max_0,20000,0,37,0.0,0.0,0.0,0,0.0,0.0
SEP_p_max_0,20000,0,38,0.0,0.0,0.0,0,0.0,0.0
SEP_p_max_0,20000,0,39,0.0,0.0,0.0,0,0.0,0.0
SEP_p_max_0,20000,0,40,0.0,0.0,0.0,0,0.0,0.0
SEP_p_max_0,20000,0,41,0.0,0.0,0.0,0,0.0,0.0
SEP_p_max_0,20000,0,42,0.0,0.0,0.0,0,0.0,0.0
SEP_p_max_0,20000,0,43,0.0,0.0,0.0,0,0.0,0.0
SEP_p_max_0,20000,0,44,0.0,0.0,0.0,0,0.0,0.0
SEP_p_max_0,20000,0,45,0.0,0.0,0.0,0,0.0,0.0
SEP_p_max_0,20000,0,46,0.0,0.0,0.0,0,0.0,0.0
SEP_p_max_0,20000,0,47,0.0,0.0,0.0,0,0.0,0.0
SEP_p_max_0,20000,0,48,0.0,0.0,0.0,0,0.0,0.0
SEP_p_max_0,20000,0,49,0.0,0.0,0.0,0,0.0,0.0
SEP_p_max_0,20000,0,50,0.0,0.0,0.0,0,0.0,0.0
SEP_p_max_0,20000,0,51,0.0,0.0,0.0,0,0.0,0.0
SEP_p_max_0,20000,0,52,0.0,0.0,0.0,0,0.0,0.0
SEP_p_max_0,20000,0,53,0.0,0.0,0.0,0,0.0,0.0
SEP_p_max_0,20000,0,54,0.0,0.0,0.0,0,0.0,0.0
SEP_p_max_0,20000,0,55,0.0,0.0,0.0,0,0.0,0.0
SEP_p_max_0,20000,0,56,0.0,0.0,0.0,0,0.0,0.0
SEP_p_max_0,20000,0,57,0.0,0.0,0.0,0,0.0,0.0
SEP_p_max_0,20000,0,58,0.0,0.0,0.0,0,0.0,0.0
SEP_p_max_0,20000,0,59,0.0,0.0,0.0,0,0.0,0.0
SEP_p_max_0,20000,0,60,0.0,0.0,0.0,0,0.0,0.0
SEP_p_max_0,20000,0,61,0.0,0.0,0.0,0,0.0,0.0
SEP_p_max_0,20000,0,62,0.0,0.0,0.0,0,0.0,0.0
SEP_p_max_0,20000,0,63,0.0,0.0,0.0,0,0.0,0.0
SEP_p_max_0,20000,0,64,0.0,0.0,0.0,0,0.0,0.0
SEP_p_max_0,20000,0,65,0.0,0.0,0.0,0,0.0,0.0
SEP_p_max_0,20000,0,66,0.0,0.0,0.0,0,0.0,0.0
SEP_p_max_0,20000,0,67,0.0,0.0,0.0,0,0.0,0.0
SEP_p_max_0,20000,0,68,0.0,0.0,0.0,0,0.0,0.0
SEP_p_max_0,20000,0,69,0.0,0.0,0.0,0,0.0,0.0
SEP_p_max_0,20000,0,70,0.0,0.0,0.0,0,0.0,0.0
SEP_p_max_0,20000,0,71,0.0,0.0,0.0,0,0.0,0.0
SEP_p_max_0,20000,0,72,0.0,0.0,0.0,0,0.0,0.0
SEP_p_max_0,20000,0,73,0.0,0.0,0.0,0,0.0,0.0
SEP_p_max_0,20000,0,74,0.0,0.0,0.0,0,0.0,0.0
SEP_p_max_0,20000,0,75,0.0,0.0,0.0,0,0.0,0.0
SEP_p_max_0,20000,0,76,0.0,0.0,0.0,0,0.0,0.0
SEP_p_max_0,20000,0,77,0.0,0.0,0.0,0,0.0,0.0
SEP_p_max_0,20000,0,78,0.0,0.0,0.0,0,0.0,0.0
SEP_p_max_0,20000,0,79,0.0,0.0,0.0,0,0.0,0.0
SEP_p_max_0,20000,0,80,0.0,0.0,0.0,0,0.0,0.0
SEP_p_max_0,20000,0,81,0.0,0.0,0.0,0,0.0,0.0
SEP_p_max_0,20000,0,82,0.0,0.0,0.0,0,0.0,0.0
SEP_p_max_0,20000,0,83,0.0,0.0,0.0,0,0.0,0.0
SEP_p_max_0,20000,0,84,0.0,0.0,0.0,0,0.0,0.0
SEP_p_max_0,20000,0,85,0.0,0.0,0.0,0,0.0,0.0
SEP_p_max_0,20000,0,86,0.0,0.0,0.0,0,0.0,0.0
SEP_p_max_0,20000,0,87,0.0,0.0,0.0,0,0.0,0.0
SEP_p_max_0,20000,0,88,0.0,0.0,0.0,0,0.0,0.0
SEP_p_max_0,20000,0,89,0.0,0.0,0.0,0,0.0,0.0
SEP_p_max_0,20000,0,90,0.0,0.0,0.0,0,0.0,0.0
SEP_p_max_0,20000,0,91,0.0,0.0,0.0,0,0.0,0.0
SEP_p_max_0,20000,0,92,0.0,0.0,0.0,0,0.0,0.0
SEP_p_max_0,20000,0,93,0.0,0.0,0.0,0,0.0,0.0
SEP_p_max_0,20000,0,94,0.0,0.0,0.0,0,0.0,0.0
SEP_p_max_0,20000,0,95,0.0,0.0,0.0,0,0.0,0.0
SEP_p_max_0,20000,0,96,0.0,0.0,0.0,0,0.0,0.0
SEP_p_max_0,20000,0,97,0.0,0.0,0.0,0,0.0,0.0
SEP_p_max_0,20000,0,98,0.0,0.0,0.0,0,0.0,0.0
SEP_p_max_0,20000,0,99,0.0,0.0,0.0,0,0.0,0.0
SEP_p_max_0,20000,0,100,0.0,0.0,0.0,0,0.0,0.0
SEP_p_max_0,20000,0,101,0.0,0.0,0.0,0,0.0,0.0
SEP_p_max_0,20000,0,102,0.0,0.0,0.0,0,0.0,0.0
SEP_p_max_0,20000,0,103,0.0,0.0,0.0,0,0.0,0.0
SEP_p_max_0,20000,0,104,0.0,0.0,0.0,0,0.0,0.0
SEP_p_max_0,20000,0,105,0.0,0.0,0.0,0,0.0,0.0
SEP_p_max_0,20000,0,106,0.0,0.0,0.0,0,0.0,0.0
SEP_p_max_0,20000,0,107,0.0,0.0,0.0,0,0.0,0.0
SEP_p_max_0,20000,0,108,0.0,0.0,0.0,0,0.0,0.0
SEP_p_max_0,20000,0,109,0.0,0.0,0.0,0,0.0,0.0
SEP_p_max_0,20000,0,110,0.0,0.0,0.0,0,0.0,0.0
SEP_p_max_0,20000,0,111,0.0,0.0,0.0,0,0.0,0.0
SEP_p_max_0,20000,0,112,0.0,0.0,0.0,0,0.0,0.0
SEP_p_max_0,20000,0,113,0.0,0.0,0.0,0,0.0,0.0
SEP_p_max_0,20000,0,114,0.0,0.0,0.0,0,0.0,0.0
SEP_p_max_0,20000,0,115,0.0,0.0,0.0,0,0.0,0.0
SEP_p_max_0,20000,0,116,0.0,0.0,0.0,0,0.0,0.0
SEP_p_max_0,20000,0,117,0.0,0.0,0.0,0,0.0,0.0
SEP_p_max_0,20000,0,118,0.0,0.0,0.0,0,0.0,0.0
SEP_p_max_0,20000,0,119,0.0,0.0,0.0,0,0.0,0.0
SEP_p_max_0,20000,0,120,0.0,0.0,0.0,0,0.0,0.0
SEP_p_max_0,20000,0,121,0.0,0.0,0.0,0,0.0,0.0
SEP_p_max_0,20000,0,122,0.0,0.0,0.0,0,0.0,0.0
SEP_p_max_0,20000,0,123,0.0,0.0,0.0,0,0.0,0.0
SEP_p_max_0,20000,0,124,0.0,0.0,0.0,0,0.0,0.0
SEP_p_max_0,20000,0,125,0.0,0.0,0.0,0,0.0,0.0
SEP_p_max_0,20000,0,126,0.0,0.0,0.0,0,0.0,0.0
SEP_p_max_0,20000,0,127,0.0,0.0,0.0,0,0.0,0.0
SEP_p_max_0,20000,0,128,0.0,0.0,0.0,0,0.0,0.0
SEP_p_max_0,20000,0,129,0.0,0.0,0.0,0,0.0,0.0
SEP_p_max_0,20000,0,130,0.0,0.0,0.0,0,0.0,0.0
SEP_p_max_0,20000,0,131,0.0,0.0,0.0,0,0.0,0.0
SEP_p_max_0,20000,0,132,0.0,0.0,0.0,0,0.0,0.0
SEP_p_max_0,20000,0,133,0.0,0.0,0.0,0,0.0,0.0
SEP_p_max_0,20000,0,134,0.0,0.0,0.0,0,0.0,0.0
SEP_p_max_0,20000,0,135,0.0,0.0,0.0,0,0.0,0.0
SEP_p_max_0,20000,0,136,0.0,0.0,0.0,0,0.0,0.0
SEP_p_max_0,20000,0,137,0.0,0.0,0.0,0,0.0,0.0
SEP_p_max_0,20000,0,138,0.0,0.0,0.0,0,0.0,0.0
SEP_p_max_0,20000,0,139,0.0,0.0,0.0,0,0.0,0.0
SEP_p_max_0,20000,0,140,0.0,0.0,0.0,0,0.0,0.0
SEP_p_max_0,20000,0,141,0.0,0.0,0.0,0,0.0,0.0
SEP_p_max_0,20000,1,0,0.0,0.0,0.0,0,0.0,0.0
SEP_p_max_0,20000,1,1,0.0,0.0,0.0,0,0.0,0.0
SEP_p_max_0,20000,1,2,0.0,0.0,0.0,0,0.0,0.0
SEP_p_max_0,20000,1,3,0.0,0.0,0.0,0,0.0,0.0
SEP_p_max_0,20000,1,4,0.0,0.0,0.0,0,0.0,0.0
SEP_p_max_0,20000,1,5,0.0,0.0,0.0,0,0.0,0.0
SEP_p_max_0,20000,1,6,0.0,0.0,0.0,0,0.0,0.0
SEP_p_max_0,20000,1,7,0.0,0.0,0.0,0,0.0,0.0
SEP_p_max_0,20000,1,8,0.0,0.0,0.0,0,0.0,0.0
SEP_p_max_0,20000,1,9,0.0,0.0,0.0,0,0.0,0.0
SEP_p_max_0,20000,1,10,0.0,0.0,0.0,0,0.0,0.0
SEP_p_max_0,20000,1,11,0.0,0.0,0.0,0,0.0,0.0
SEP_p_max_0,20000,1,12,0.0,0.0,0.0,0,0.0,0.0
SEP_p_max_0,20000,1,13,0.0,0.0,0.0,0,0.0,0.0
SEP_p_max_0,20000,1,14,0.0,0.0,0.0,0,0.0,0.0
SEP_p_max_0,20000,1,15,0.0,0.0,0.0,0,0.0,0.0
SEP_p_max_0,20000,1,16,0.0,0.0,0.0,0,0.0,0.0
SEP_p_max_0,20000,1,17,0.0,0.0,0.0,0,0.0,0.0
SEP_p_max_0,20000,1,18,0.0,0.0,0.0,0,0.0,0.0
SEP_p_max_0,20000,1,19,0.0,0.0,0.0,0,0.0,0.0
SEP_p_max_0,20000,1,20,0.0,0.0,0.0,0,0.0,0.0
SEP_p_max_0,20000,1,21,0.0,0.0,0.0,0,0.0,0.0
SEP_p_max_0,20000,1,22,0.0,0.0,0.0,0,0.0,0.0
SEP_p_max_0,20000,1,23,0.0,0.0,0.0,0,0.0,0.0
SEP_p_max_0,20000,1,24,0.0,0.0,0.0,0,0.0,0.0
SEP_p_max_0,20000,1,25,0.0,0.0,0.0,0,0.0,0.0
SEP_p_max_0,20000,1,26,0.0,0.0,0.0,0,0.0,0.0
SEP_p_max_0,20000,1,27,0.0,0.0,0.0,0,0.0,0.0
SEP_p_max_0,20000,1,28,0.0,0.0,0.0,0,0.0,0.0
SEP_p_max_0,20000,1,29,0.0,0.0,0.0,0,0.0,0.0
SEP_p_max_0,20000,1,30,0.0,0.0,0.0,0,0.0,0.0
SEP_p_max_0,20000,1,31,0.0,0.0,0.0,0,0.0,0.0
SEP_p_max_0,20000,1,32,0.0,0.0,0.0,0,0.0,0.0
SEP_p_max_0,20000,1,33,0.0,0.0,0.0,0,0.0,0.0
SEP_p_max_0,20000,1,34,0.0,0.0,0.0,0,0.0,0.0
SEP_p_max_0,20000,1,35,0.0,0.0,0.0,0,0.0,0.0
SEP_p_max_0,20000,1,36,0.0,0.0,0.0,0,0.0,0.0
SEP_p_max_0,20000,1,37,0.0,0.0,0.0,0,0.0,0.0
SEP_p_max_0,20000,1,38,0.0,0.0,0.0,0,0.0,0.0
SEP_p_max_0,20000,1,39,0.0,0.0,0.0,0,0.0,0.0
SEP_p_max_0,20000,1,40,0.0,0.0,0.0,0,0.0,0.0
SEP_p_max_0,20000,1,41,0.0,0.0,0.0,0,0.0,0.0
SEP_p_max_0,20000,1,42,0.0,0.0,0.0,0,0.0,0.0
SEP_p_max_0,20000,1,43,0.0,0.0,0.0,0,0.0,0.0
SEP_p_max_0,20000,1,44,0.0,0.0,0.0,0,0.0,0.0
SEP_p_max_0,20000,1,45,0.0,0.0,0.0,0,0.0,0.0
SEP_p_max_0,20000,1,46,0.0,0.0,0.0,0,0.0,0.0
SEP_p_max_0,20000,1,47,0.0,0.0,0.0,0,0.0,0.0
SEP_p_max_0,20000,1,48,0.0,0.0,0.0,0,0.0,0.0
SEP_p_max_0,20000,1,49,0.0,0.0,0.0,0,0.0,0.0
SEP_p_max_0,20000,1,50,0.0,0.0,0.0,0,0.0,0.0
SEP_p_max_0,20000,1,51,0.0,0.0,0.0,0,0.0,0.0
SEP_p_max_0,20000,1,52,0.0,0.0,0.0,0,0.0,0.0
SEP_p_max_0,20000,1,53,0.0,0.0,0.0,0,0.0,0.0
SEP_p_max_0,20000,1,54,0.0,0.0,0.0,0,0.0,0.0
SEP_p_max_0,20000,1,55,0.0,0.0,0.0,0,0.0,0.0
SEP_p_max_0,20000,1,56,0.0,0.0,0.0,0,0.0,0.0
SEP_p_max_0,20000,1,57,0.0,0.0,0.0,0,0.0,0.0
SEP_p_max_0,20000,1,58,0.0,0.0,0.0,0,0.0,0.0
SEP_p_max_0,20000,1,59,0.0,0.0,0.0,0,0.0,0.0
SEP_p_max_0,20000,1,60,0.0,0.0,0.0,0,0.0,0.0
SEP_p_max_0,20000,1,61,0.0,0.0,0.0,0,0.0,0.0
SEP_p_max_0,20000,1,62,0.0,0.0,0.0,0,0.0,0.0
SEP_p_max_0,20000,1,63,0.0,0.0,0.0,0,0.0,0.0
SEP_p_max_0,20000,1,64,0.0,0.0,0.0,0,0.0,0.0
SEP_p_max_0,20000,1,65,0.0,0.0,0.0,0,0.0,0.0
SEP_p_max_0,20000,1,66,0.0,0.0,0.0,0,0.0,0.0
SEP_p_max_0,20000,1,67,0.0,0.0,0.0,0,0.0,0.0
SEP_p_max_0,20000,1,68,0.0,0.0,0.0,0,0.0,0.0
SEP_p_max_0,20000,1,69,0.0,0.0,0.0,0,0.0,0.0
SEP_p_max_0,20000,1,70,0.0,0.0,0.0,0,0.0,0.0
SEP_p_max_0,20000,1,71,0.0,0.0,0.0,0,0.0,0.0
SEP_p_max_0,20000,1,72,0.0,0.0,0.0,0,0.0,0.0
SEP_p_max_0,20000,1,73,0.0,0.0,0.0,0,0.0,0.0
SEP_p_max_0,20000,1,74,0.0,0.0,0.0,0,0.0,0.0
SEP_p_max_0,20000,1,75,0.0,0.0,0.0,0,0.0,0.0
SEP_p_max_0,20000,1,76,0.0,0.0,0.0,0,0.0,0.0
SEP_p_max_0,20000,1,77,0.0,0.0,0.0,0,0.0,0.0
SEP_p_max_0,20000,1,78,0.0,0.0,0.0,0,0.0,0.0
SEP_p_max_0,20000,1,79,0.0,0.0,0.0,0,0.0,0.0
SEP_p_max_0,20000,1,80,0.0,0.0,0.0,0,0.0,0.0
SEP_p_max_0,20000,1,81,0.0,0.0,0.0,0,0.0,0.0
SEP_p_max_0,20000,1,82,0.0,0.0,0.0,0,0.0,0.0
SEP_p_max_0,20000,1,83,0.0,0.0,0.0,0,0.0,0.0
SEP_p_max_0,20000,1,84,0.0,0.0,0.0,0,0.0,0.0
SEP_p_max_0,20000,1,85,0.0,0.0,0.0,0,0.0,0.0
SEP_p_max_0,20000,1,86,0.0,0.0,0.0,0,0.0,0.0
SEP_p_max_0,20000,1,87,0.0,0.0,0.0,0,0.0,0.0
SEP_p_max_0,20000,1,88,0.0,0.0,0.0,0,0.0,0.0
SEP_p_max_0,20000,1,89,0.0,0.0,0.0,0,0.0,0.0
SEP_p_max_0,20000,1,90,0.0,0.0,0.0,0,0.0,0.0
SEP_p_max_0,20000,1,91,0.0,0.0,0.0,0,0.0,0.0
SEP_p_max_0,20000,1,92,0.0,0.0,0.0,0,0.0,0.0
SEP_p_max_0,20000,1,93,0.0,0.0,0.0,0,0.0,0.0
SEP_p_max_0,20000,1,94,0.0,0.0,0.0,0,0.0,0.0
SEP_p_max_0,20000,1,95,0.0,0.0,0.0,0,0.0,0.0
SEP_p_max_0,20000,1,96,0.0,0.0,0.0,0,0.0,0.0
SEP_p_max_0,20000,1,97,0.0,0.0,0.0,0,0.0,0.0
SEP_p_max_0,20000,1,98,0.0,0.0,0.0,0,0.0,0.0
SEP_p_max_0,20000,1,99,0.0,0.0,0.0,0,0.0,0.0
SEP_p_max_0,20000,1,100,0.0,0.0,0.0,0,0.0,0.0
SEP_p_max_0,20000,1,101,0.0,0.0,0.0,0,0.0,0.0
SEP_p_max_0,20000,1,102,0.0,0.0,0.0,0,0.0,0.0
SEP_p_max_0,20000,1,103,0.0,0.0,0.0,0,0.0,0.0
SEP_p_max_0,20000,1,104,0.0,0.0,0.0,0,0.0,0.0
SEP_p_max_0,20000,1,105,0.0,0.0,0.0,0,0.0,0.0
SEP_p_max_0,20000,1,106,0.0,0.0,0.0,0,0.0,0.0
SEP_p_max_0,20000,1,107,0.0,0.0,0.0,0,0.0,0.0
SEP_p_max_0,20000,1,108,0.0,0.0,0.0,0,0.0,0.0
SEP_p_max_0,20000,1,109,0.0,0.0,0.0,0,0.0,0.0
SEP_p_max_0,20000,1,110,0.0,0.0,0.0,0,0.0,0.0
SEP_p_max_0,20000,1,111,0.0,0.0,0.0,0,0.0,0.0
SEP_p_max_0,20000,1,112,0.0,0.0,0.0,0,0.0,0.0
SEP_p_max_0,20000,1,113,0.0,0.0,0.0,0,0.0,0.0
SEP_p_max_0,20000,1,114,0.0,0.0,0.0,0,0.0,0.0
SEP_p_max_0,20000,1,115,0.0,0.0,0.0,0,0.0,0.0
SEP_p_max_0,20000,1,116,0.0,0.0,0.0,0,0.0,0.0
SEP_p_max_0,20000,1,117,0.0,0.0,0.0,0,0.0,0.0
SEP_p_max_0,20000,1,118,0.0,0.0,0.0,0,0.0,0.0
SEP_p_max_0,20000,1,119,0.0,0.0,0.0,0,0.0,0.0
SEP_p_max_0,20000,1,120,0.0,0.0,0.0,0,0.0,0.0
SEP_p_max_0,20000,1,121,0.0,0.0,0.0,0,0.0,0.0
SEP_p_max_0,20000,1,122,0.0,0.0,0.0,0,0.0,0.0
SEP_p_max_0,20000,1,123,0.0,0.0,0.0,0,0.0,0.0
SEP_p_max_0,20000,1,124,0.0,0.0,0.0,0,0.0,0.0
SEP_p_max_0,20000,1,125,0.0,0.0,0.0,0,0.0,0.0
SEP_p_max_0,20000,1,126,0.0,0.0,0.0,0,0.0,0.0
SEP_p_max_0,20000,1,127,0.0,0.0,0.0,0,0.0,0.0
SEP_p_max_0,20000,1,128,0.0,0.0,0.0,0,0.0,0.0
SEP_p_max_0,20000,1,129,0.0,0.0,0.0,0,0.0,0.0
SEP_p_max_0,20000,1,130,0.0,0.0,0.0,0,0.0,0.0
SEP_p_max_0,20000,1,131,0.0,0.0,0.0,0,0.0,0.0
SEP_p_max_0,20000,1,132,0.0,0.0,0.0,0,0.0,0.0
SEP_p_max_0,20000,1,133,0.0,0.0,0.0,0,0.0,0.0
SEP_p_max_0,20000,1,134,0.0,0.0,0.0,0,0.0,0.0
SEP_p_max_0,20000,1,135,0.0,0.0,0.0,0,0.0,0.0
SEP_p_max_0,20000,1,136,0.0,0.0,0.0,0,0.0,0.0
SEP_p_max_0,20000,1,137,0.0,0.0,0.0,0,0.0,0.0
SEP_p_max_0,20000,1,138,0.0,0.0,0.0,0,0.0,0.0
SEP_p_max_0,20000,1,139,0.0,0.0,0.0,0,0.0,0.0
SEP_p_max_0,20000,1,140,0.0,0.0,0.0,0,0.0,0.0
SEP_p_max_0,20000,1,141,0.0,0.0,0.0,0,0.0,0.0
SEP_p_max_0,20000,2,0,0.0,0.0,0.0,0,0.0,0.0
SEP_p_max_0,20000,2,1,0.0,0.0,0.0,0,0.0,0.0
SEP_p_max_0,20000,2,2,0.0,0.0,0.0,0,0.0,0.0
SEP_p_max_0,20000,2,3,0.0,0.0,0.0,0,0.0,0.0
SEP_p_max_0,20000,2,4,0.0,0.0,0.0,0,0.0,0.0
SEP_p_max_0,20000,2,5,0.0,0.0,0.0,0,0.0,0.0
SEP_p_max_0,20000,2,6,0.0,0.0,0.0,0,0.0,0.0
SEP_p_max_0,20000,2,7,0.0,0.0,0.0,0,0.0,0.0
SEP_p_max_0,20000,2,8,0.0,0.0,0.0,0,0.0,0.0
SEP_p_max_0,20000,2,9,0.0,0.0,0.0,0,0.0,0.0
SEP_p_max_0,20000,2,10,0.0,0.0,0.0,0,0.0,0.0
SEP_p_max_0,20000,2,11,0.0,0.0,0.0,0,0.0,0.0
SEP_p_max_0,20000,2,12,0.0,0.0,0.0,0,0.0,0.0
SEP_p_max_0,20000,2,13,0.0,0.0,0.0,0,0.0,0.0
SEP_p_max_0,20000,2,14,0.0,0.0,0.0,0,0.0,0.0
SEP_p_max_0,20000,2,15,0.0,0.0,0.0,0,0.0,0.0
SEP_p_max_0,20000,2,16,0.0,0.0,0.0,0,0.0,0.0
SEP_p_max_0,20000,2,17,0.0,0.0,0.0,0,0.0,0.0
SEP_p_max_0,20000,2,18,0.0,0.0,0.0,0,0.0,0.0
SEP_p_max_0,20000,2,19,0.0,0.0,0.0,0,0.0,0.0
SEP_p_max_0,20000,2,20,0.0,0.0,0.0,0,0.0,0.0
SEP_p_max_0,20000,2,21,0.0,0.0,0.0,0,0.0,0.0
SEP_p_max_0,20000,2,22,0.0,0.0,0.0,0,0.0,0.0
SEP_p_max_0,20000,2,23,0.0,0.0,0.0,0,0.0,0.0
SEP_p_max_0,20000,2,24,0.0,0.0,0.0,0,0.0,0.0
SEP_p_max_0,20000,2,25,0.0,0.0,0.0,0,0.0,0.0
SEP_p_max_0,20000,2,26,0.0,0.0,0.0,0,0.0,0.0
SEP_p_max_0,20000,2,27,0.0,0.0,0.0,0,0.0,0.0
SEP_p_max_0,20000,2,28,0.0,0.0,0.0,0,0.0,0.0
SEP_p_max_0,20000,2,29,0.0,0.0,0.0,0,0.0,0.0
SEP_p_max_0,20000,2,30,0.0,0.0,0.0,0,0.0,0.0
SEP_p_max_0,20000,2,31,0.0,0.0,0.0,0,0.0,0.0
SEP_p_max_0,20000,2,32,0.0,0.0,0.0,0,0.0,0.0
SEP_p_max_0,20000,2,33,0.0,0.0,0.0,0,0.0,0.0
SEP_p_max_0,20000,2,34,0.0,0.0,0.0,0,0.0,0.0
SEP_p_max_0,20000,2,35,0.0,0.0,0.0,0,0.0,0.0
SEP_p_max_0,20000,2,36,0.0,0.0,0.0,0,0.0,0.0
SEP_p_max_0,20000,2,37,0.0,0.0,0.0,0,0.0,0.0
SEP_p_max_0,20000,2,38,0.0,0.0,0.0,0,0.0,0.0
SEP_p_max_0,20000,2,39,0.0,0.0,0.0,0,0.0,0.0
SEP_p_max_0,20000,2,40,0.0,0.0,0.0,0,0.0,0.0
SEP_p_max_0,20000,2,41,0.0,0.0,0.0,0,0.0,0.0
SEP_p_max_0,20000,2,42,0.0,0.0,0.0,0,0.0,0.0
SEP_p_max_0,20000,2,43,0.0,0.0,0.0,0,0.0,0.0
SEP_p_max_0,20000,2,44,0.0,0.0,0.0,0,0.0,0.0
SEP_p_max_0,20000,2,45,0.0,0.0,0.0,0,0.0,0.0
SEP_p_max_0,20000,2,46,0.0,0.0,0.0,0,0.0,0.0
SEP_p_max_0,20000,2,47,0.0,0.0,0.0,0,0.0,0.0
SEP_p_max_0,20000,2,48,0.0,0.0,0.0,0,0.0,0.0
SEP_p_max_0,20000,2,49,0.0,0.0,0.0,0,0.0,0.0
SEP_p_max_0,20000,2,50,0.0,0.0,0.0,0,0.0,0.0
SEP_p_max_0,20000,2,51,0.0,0.0,0.0,0,0.0,0.0
SEP_p_max_0,20000,2,52,0.0,0.0,0.0,0,0.0,0.0
SEP_p_max_0,20000,2,53,0.0,0.0,0.0,0,0.0,0.0
SEP_p_max_0,20000,2,54,0.0,0.0,0.0,0,0.0,0.0
SEP_p_max_0,20000,2,55,0.0,0.0,0.0,0,0.0,0.0
SEP_p_max_0,20000,2,56,0.0,0.0,0.0,0,0.0,0.0
SEP_p_max_0,20000,2,57,0.0,0.0,0.0,0,0.0,0.0
SEP_p_max_0,20000,2,58,0.0,0.0,0.0,0,0.0,0.0
SEP_p_max_0,20000,2,59,0.0,0.0,0.0,0,0.0,0.0
SEP_p_max_0,20000,2,60,0.0,0.0,0.0,0,0.0,0.0
SEP_p_max_0,20000,2,61,0.0,0.0,0.0,0,0.0,0.0
SEP_p_max_0,20000,2,62,0.0,0.0,0.0,0,0.0,0.0
SEP_p_max_0,20000,2,63,0.0,0.0,0.0,0,0.0,0.0
SEP_p_max_0,20000,2,64,0.0,0.0,0.0,0,0.0,0.0
SEP_p_max_0,20000,2,65,0.0,0.0,0.0,0,0.0,0.0
SEP_p_max_0,20000,2,66,0.0,0.0,0.0,0,0.0,0.0
SEP_p_max_0,20000,2,67,0.0,0.0,0.0,0,0.0,0.0
SEP_p_max_0,20000,2,68,0.0,0.0,0.0,0,0.0,0.0
SEP_p_max_0,20000,2,69,0.0,0.0,0.0,0,0.0,0.0
SEP_p_max_0,20000,2,70,0.0,0.0,0.0,0,0.0,0.0
SEP_p_max_0,20000,2,71,0.0,0.0,0.0,0,0.0,0.0
SEP_p_max_0,20000,2,72,0.0,0.0,0.0,0,0.0,0.0
SEP_p_max_0,20000,2,73,0.0,0.0,0.0,0,0.0,0.0
SEP_p_max_0,20000,2,74,0.0,0.0,0.0,0,0.0,0.0
SEP_p_max_0,20000,2,75,0.0,0.0,0.0,0,0.0,0.0
SEP_p_max_0,20000,2,76,0.0,0.0,0.0,0,0.0,0.0
SEP_p_max_0,20000,2,77,0.0,0.0,0.0,0,0.0,0.0
SEP_p_max_0,20000,2,78,0.0,0.0,0.0,0,0.0,0.0
SEP_p_max_0,20000,2,79,0.0,0.0,0.0,0,0.0,0.0
SEP_p_max_0,20000,2,80,0.0,0.0,0.0,0,0.0,0.0
SEP_p_max_0,20000,2,81,0.0,0.0,0.0,0,0.0,0.0
SEP_p_max_0,20000,2,82,0.0,0.0,0.0,0,0.0,0.0
SEP_p_max_0,20000,2,83,0.0,0.0,0.0,0,0.0,0.0
SEP_p_max_0,20000,2,84,0.0,0.0,0.0,0,0.0,0.0
SEP_p_max_0,20000,2,85,0.0,0.0,0.0,0,0.0,0.0
SEP_p_max_0,20000,2,86,0.0,0.0,0.0,0,0.0,0.0
SEP_p_max_0,20000,2,87,0.0,0.0,0.0,0,0.0,0.0
SEP_p_max_0,20000,2,88,0.0,0.0,0.0,0,0.0,0.0
SEP_p_max_0,20000,2,89,0.0,0.0,0.0,0,0.0,0.0
SEP_p_max_0,20000,2,90,0.0,0.0,0.0,0,0.0,0.0
SEP_p_max_0,20000,2,91,0.0,0.0,0.0,0,0.0,0.0
SEP_p_max_0,20000,2,92,0.0,0.0,0.0,0,0.0,0.0
SEP_p_max_0,20000,2,93,0.0,0.0,0.0,0,0.0,0.0
SEP_p_max_0,20000,2,94,0.0,0.0,0.0,0,0.0,0.0
SEP_p_max_0,20000,2,95,0.0,0.0,0.0,0,0.0,0.0
SEP_p_max_0,20000,2,96,0.0,0.0,0.0,0,0.0,0.0
SEP_p_max_0,20000,2,97,0.0,0.0,0.0,0,0.0,0.0
SEP_p_max_0,20000,2,98,0.0,0.0,0.0,0,0.0,0.0
SEP_p_max_0,20000,2,99,0.0,0.0,0.0,0,0.0,0.0
SEP_p_max_0,20000,2,100,0.0,0.0,0.0,0,0.0,0.0
SEP_p_max_0,20000,2,101,0.0,0.0,0.0,0,0.0,0.0
SEP_p_max_0,20000,2,102,0.0,0.0,0.0,0,0.0,0.0
SEP_p_max_0,20000,2,103,0.0,0.0,0.0,0,0.0,0.0
SEP_p_max_0,20000,2,104,0.0,0.0,0.0,0,0.0,0.0
SEP_p_max_0,20000,2,105,0.0,0.0,0.0,0,0.0,0.0
SEP_p_max_0,20000,2,106,0.0,0.0,0.0,0,0.0,0.0
SEP_p_max_0,20000,2,107,0.0,0.0,0.0,0,0.0,0.0
SEP_p_max_0,20000,2,108,0.0,0.0,0.0,0,0.0,0.0
SEP_p_max_0,20000,2,109,0.0,0.0,0.0,0,0.0,0.0
SEP_p_max_0,20000,2,110,0.0,0.0,0.0,0,0.0,0.0
SEP_p_max_0,20000,2,111,0.0,0.0,0.0,0,0.0,0.0
SEP_p_max_0,20000,2,112,0.0,0.0,0.0,0,0.0,0.0
SEP_p_max_0,20000,2,113,0.0,0.0,0.0,0,0.0,0.0
SEP_p_max_0,20000,2,114,0.0,0.0,0.0,0,0.0,0.0
SEP_p_max_0,20000,2,115,0.0,0.0,0.0,0,0.0,0.0
SEP_p_max_0,20000,2,116,0.0,0.0,0.0,0,0.0,0.0
SEP_p_max_0,20000,2,117,0.0,0.0,0.0,0,0.0,0.0
SEP_p_max_0,20000,2,118,0.0,0.0,0.0,0,0.0,0.0
SEP_p_max_0,20000,2,119,0.0,0.0,0.0,0,0.0,0.0
SEP_p_max_0,20000,2,120,0.0,0.0,0.0,0,0.0,0.0
SEP_p_max_0,20000,2,121,0.0,0.0,0.0,0,0.0,0.0
SEP_p_max_0,20000,2,122,0.0,0.0,0.0,0,0.0,0.0
SEP_p_max_0,20000,2,123,0.0,0.0,0.0,0,0.0,0.0
SEP_p_max_0,20000,2,124,0.0,0.0,0.0,0,0.0,0.0
SEP_p_max_0,20000,2,125,0.0,0.0,0.0,0,0.0,0.0
SEP_p_max_0,20000,2,126,0.0,0.0,0.0,0,0.0,0.0
SEP_p_max_0,20000,2,127,0.0,0.0,0.0,0,0.0,0.0
SEP_p_max_0,20000,2,128,0.0,0.0,0.0,0,0.0,0.0
SEP_p_max_0,20000,2,129,0.0,0.0,0.0,0,0.0,0.0
SEP_p_max_0,20000,2,130,0.0,0.0,0.0,0,0.0,0.0
SEP_p_max_0,20000,2,131,0.0,0.0,0.0,0,0.0,0.0
SEP_p_max_0,20000,2,132,0.0,0.0,0.0,0,0.0,0.0
SEP_p_max_0,20000,2,133,0.0,0.0,0.0,0,0.0,0.0
SEP_p_max_0,20000,2,134,0.0,0.0,0.0,0,0.0,0.0
SEP_p_max_0,20000,2,135,0.0,0.0,0.0,0,0.0,0.0
SEP_p_max_0,20000,2,136,0.0,0.0,0.0,0,0.0,0.0
SEP_p_max_0,20000,2,137,0.0,0.0,0.0,0,0.0,0.0
SEP_p_max_0,20000,2,138,0.0,0.0,0.0,0,0.0,0.0
SEP_p_max_0,20000,2,139,0.0,0.0,0.0,0,0.0,0.0
SEP_p_max_0,20000,2,140,0.0,0.0,0.0,0,0.0,0.0
SEP_p_max_0,20000,2,141,0.0,0.0,0.0,0,0.0,0.0
GCR_H_min_2,2500,0,0,4.12748e-13,4.12748e-13,2.88608e-28,1751,7.90154e-18,1.383559654e-14
GCR_H_min_2,2500,0,1,0.0,0.0,0.0,0,0.0,0.0
GCR_H_min_2,2500,0,2,0.0,0.0,0.0,0,0.0,0.0
GCR_H_min_2,2500,0,3,0.0,0.0,0.0,0,0.0,0.0
GCR_H_min_2,2500,0,4,0.0,0.0,0.0,0,0.0,0.0
GCR_H_min_2,2500,0,5,0.0,0.0,0.0,0,0.0,0.0
GCR_H_min_2,2500,0,6,0.0,0.0,0.0,0,0.0,0.0
GCR_H_min_2,2500,0,7,0.0,0.0,0.0,0,0.0,0.0
GCR_H_min_2,2500,0,8,0.0,0.0,0.0,0,0.0,0.0
GCR_H_min_2,2500,0,9,0.0,0.0,0.0,0,0.0,0.0
GCR_H_min_2,2500,0,10,0.0,0.0,0.0,0,0.0,0.0
GCR_H_min_2,2500,0,11,0.0,0.0,0.0,0,0.0,0.0
GCR_H_min_2,2500,0,12,1.04832e-12,1.04832e-12,1.88019e-25,7,2.71778e-14,1.9024459999999998e-13
GCR_H_min_2,2500,0,13,0.0,0.0,0.0,0,0.0,0.0
GCR_H_min_2,2500,0,14,0.0,0.0,0.0,0,0.0,0.0
GCR_H_min_2,2500,0,15,0.0,0.0,0.0,0,0.0,0.0
GCR_H_min_2,2500,0,16,0.0,0.0,0.0,0,0.0,0.0
GCR_H_min_2,2500,0,17,0.0,0.0,0.0,0,0.0,0.0
GCR_H_min_2,2500,0,18,0.0,0.0,0.0,0,0.0,0.0
GCR_H_min_2,2500,0,19,4.9058e-13,4.9058e-13,8.8653e-26,3,3.74836e-14,1.124508e-13
GCR_H_min_2,2500,0,20,1.51878e-12,1.51878e-12,2.94343e-25,9,2.29868e-14,2.068812e-13
GCR_H_min_2,2500,0,21,0.0,0.0,0.0,0,0.0,0.0
GCR_H_min_2,2500,0,22,0.0,0.0,0.0,0,0.0,0.0
GCR_H_min_2,2500,0,23,0.0,0.0,0.0,0,0.0,0.0
GCR_H_min_2,2500,0,24,0.0,0.0,0.0,0,0.0,0.0
GCR_H_min_2,2500,0,25,0.0,0.0,0.0,0,0.0,0.0
GCR_H_min_2,2500,0,26,0.0,0.0,0.0,0,0.0,0.0
GCR_H_min_2,2500,0,27,0.0,0.0,0.0,0,0.0,0.0
GCR_H_min_2,2500,0,28,0.0,0.0,0.0,0,0.0,0.0
GCR_H_min_2,2500,0,29,0.0,0.0,0.0,0,0.0,0.0
GCR_H_min_2,2500,0,30,0.0,0.0,0.0,0,0.0,0.0
GCR_H_min_2,2500,0,31,0.0,0.0,0.0,0,0.0,0.0
GCR_H_min_2,2500,0,32,0.0,0.0,0.0,0,0.0,0.0
GCR_H_min_2,2500,0,33,0.0,0.0,0.0,0,0.0,0.0
GCR_H_min_2,2500,0,34,5.23805e-13,5.23805e-13,1.94539e-25,2,1.69342e-13,3.38684e-13
GCR_H_min_2,2500,0,35,0.0,0.0,0.0,0,0.0,0.0
GCR_H_min_2,2500,0,36,0.0,0.0,0.0,0,0.0,0.0
GCR_H_min_2,2500,0,37,0.0,0.0,0.0,0,0.0,0.0
GCR_H_min_2,2500,0,38,0.0,0.0,0.0,0,0.0,0.0
GCR_H_min_2,2500,0,39,0.0,0.0,0.0,0,0.0,0.0
GCR_H_min_2,2500,0,40,0.0,0.0,0.0,0,0.0,0.0
GCR_H_min_2,2500,0,41,0.0,0.0,0.0,0,0.0,0.0
GCR_H_min_2,2500,0,42,0.0,0.0,0.0,0,0.0,0.0
GCR_H_min_2,2500,0,43,0.0,0.0,0.0,0,0.0,0.0
GCR_H_min_2,2500,0,44,0.0,0.0,0.0,0,0.0,0.0
GCR_H_min_2,2500,0,45,0.0,0.0,0.0,0,0.0,0.0
GCR_H_min_2,2500,0,46,0.0,0.0,0.0,0,0.0,0.0
GCR_H_min_2,2500,0,47,0.0,0.0,0.0,0,0.0,0.0
GCR_H_min_2,2500,0,48,0.0,0.0,0.0,0,0.0,0.0
GCR_H_min_2,2500,0,49,0.0,0.0,0.0,0,0.0,0.0
GCR_H_min_2,2500,0,50,0.0,0.0,0.0,0,0.0,0.0
GCR_H_min_2,2500,0,51,0.0,0.0,0.0,0,0.0,0.0
GCR_H_min_2,2500,0,52,0.0,0.0,0.0,0,0.0,0.0
GCR_H_min_2,2500,0,53,0.0,0.0,0.0,0,0.0,0.0
GCR_H_min_2,2500,0,54,0.0,0.0,0.0,0,0.0,0.0
GCR_H_min_2,2500,0,55,0.0,0.0,0.0,0,0.0,0.0
GCR_H_min_2,2500,0,56,0.0,0.0,0.0,0,0.0,0.0
GCR_H_min_2,2500,0,57,0.0,0.0,0.0,0,0.0,0.0
GCR_H_min_2,2500,0,58,0.0,0.0,0.0,0,0.0,0.0
GCR_H_min_2,2500,0,59,0.0,0.0,0.0,0,0.0,0.0
GCR_H_min_2,2500,0,60,0.0,0.0,0.0,0,0.0,0.0
GCR_H_min_2,2500,0,61,0.0,0.0,0.0,0,0.0,0.0
GCR_H_min_2,2500,0,62,0.0,0.0,0.0,0,0.0,0.0
GCR_H_min_2,2500,0,63,0.0,0.0,0.0,0,0.0,0.0
GCR_H_min_2,2500,0,64,0.0,0.0,0.0,0,0.0,0.0
GCR_H_min_2,2500,0,65,0.0,0.0,0.0,0,0.0,0.0
GCR_H_min_2,2500,0,66,0.0,0.0,0.0,0,0.0,0.0
GCR_H_min_2,2500,0,67,0.0,0.0,0.0,0,0.0,0.0
GCR_H_min_2,2500,0,68,0.0,0.0,0.0,0,0.0,0.0
GCR_H_min_2,2500,0,69,0.0,0.0,0.0,0,0.0,0.0
GCR_H_min_2,2500,0,70,0.0,0.0,0.0,0,0.0,0.0
GCR_H_min_2,2500,0,71,0.0,0.0,0.0,0,0.0,0.0
GCR_H_min_2,2500,0,72,0.0,0.0,0.0,0,0.0,0.0
GCR_H_min_2,2500,0,73,0.0,0.0,0.0,0,0.0,0.0
GCR_H_min_2,2500,0,74,0.0,0.0,0.0,0,0.0,0.0
GCR_H_min_2,2500,0,75,0.0,0.0,0.0,0,0.0,0.0
GCR_H_min_2,2500,0,76,0.0,0.0,0.0,0,0.0,0.0
GCR_H_min_2,2500,0,77,0.0,0.0,0.0,0,0.0,0.0
GCR_H_min_2,2500,0,78,0.0,0.0,0.0,0,0.0,0.0
GCR_H_min_2,2500,0,79,0.0,0.0,0.0,0,0.0,0.0
GCR_H_min_2,2500,0,80,0.0,0.0,0.0,0,0.0,0.0
GCR_H_min_2,2500,0,81,0.0,0.0,0.0,0,0.0,0.0
GCR_H_min_2,2500,0,82,0.0,0.0,0.0,0,0.0,0.0
GCR_H_min_2,2500,0,83,0.0,0.0,0.0,0,0.0,0.0
GCR_H_min_2,2500,0,84,0.0,0.0,0.0,0,0.0,0.0
GCR_H_min_2,2500,0,85,0.0,0.0,0.0,0,0.0,0.0
GCR_H_min_2,2500,0,86,0.0,0.0,0.0,0,0.0,0.0
GCR_H_min_2,2500,0,87,0.0,0.0,0.0,0,0.0,0.0
GCR_H_min_2,2500,0,88,0.0,0.0,0.0,0,0.0,0.0
GCR_H_min_2,2500,0,89,0.0,0.0,0.0,0,0.0,0.0
GCR_H_min_2,2500,0,90,0.0,0.0,0.0,0,0.0,0.0
GCR_H_min_2,2500,0,91,0.0,0.0,0.0,0,0.0,0.0
GCR_H_min_2,2500,0,92,0.0,0.0,0.0,0,0.0,0.0
GCR_H_min_2,2500,0,93,0.0,0.0,0.0,0,0.0,0.0
GCR_H_min_2,2500,0,94,0.0,0.0,0.0,0,0.0,0.0
GCR_H_min_2,2500,0,95,0.0,0.0,0.0,0,0.0,0.0
GCR_H_min_2,2500,0,96,0.0,0.0,0.0,0,0.0,0.0
GCR_H_min_2,2500,0,97,0.0,0.0,0.0,0,0.0,0.0
GCR_H_min_2,2500,0,98,0.0,0.0,0.0,0,0.0,0.0
GCR_H_min_2,2500,0,99,0.0,0.0,0.0,0,0.0,0.0
GCR_H_min_2,2500,0,100,0.0,0.0,0.0,0,0.0,0.0
GCR_H_min_2,2500,0,101,0.0,0.0,0.0,0,0.0,0.0
GCR_H_min_2,2500,0,102,0.0,0.0,0.0,0,0.0,0.0
GCR_H_min_2,2500,0,103,0.0,0.0,0.0,0,0.0,0.0
GCR_H_min_2,2500,0,104,0.0,0.0,0.0,0,0.0,0.0
GCR_H_min_2,2500,0,105,0.0,0.0,0.0,0,0.0,0.0
GCR_H_min_2,2500,0,106,3.56466e-13,3.56466e-13,1.27068e-25,1,0.0,0.0
GCR_H_min_2,2500,0,107,0.0,0.0,0.0,0,0.0,0.0
GCR_H_min_2,2500,0,108,1.98759e-11,1.98759e-11,9.72122e-24,72,2.87806e-14,2.0722032e-12
GCR_H_min_2,2500,0,109,3.22186e-11,3.22186e-11,1.34267e-23,125,1.81791e-14,2.2723875e-12
GCR_H_min_2,2500,0,110,0.0,0.0,0.0,0,0.0,0.0
GCR_H_min_2,2500,0,111,0.0,0.0,0.0,0,0.0,0.0
GCR_H_min_2,2500,0,112,0.0,0.0,0.0,0,0.0,0.0
GCR_H_min_2,2500,0,113,0.0,0.0,0.0,0,0.0,0.0
GCR_H_min_2,2500,0,114,0.0,0.0,0.0,0,0.0,0.0
GCR_H_min_2,2500,0,115,0.0,0.0,0.0,0,0.0,0.0
GCR_H_min_2,2500,0,116,5.06858e-12,5.06858e-12,5.86904e-24,7,2.28815e-13,1.6017050000000002e-12
GCR_H_min_2,2500,0,117,1.27574e-12,1.27574e-12,1.62751e-24,1,0.0,0.0
GCR_H_min_2,2500,0,118,3.1254e-12,3.1254e-12,7.5086e-25,18,2.60835e-14,4.69503e-13
GCR_H_min_2,2500,0,119,1.8772e-11,1.8772e-11,5.71877e-24,88,1.49641e-14,1.3168408e-12
GCR_H_min_2,2500,0,120,0.0,0.0,0.0,0,0.0,0.0
GCR_H_min_2,2500,0,121,0.0,0.0,0.0,0,0.0,0.0
GCR_H_min_2,2500,0,122,2.42137e-12,2.42137e-12,1.71006e-24,7,1.4413e-13,1.00891e-12
GCR_H_min_2,2500,0,123,1.036e-12,1.036e-12,1.0733e-24,1,0.0,0.0
GCR_H_min_2,2500,0,124,9.45077e-13,9.45077e-13,2.17284e-25,5,4.396e-14,2.198e-13
GCR_H_min_2,2500,0,125,2.58219e-12,2.58219e-12,1.1906e-24,8,7.98587e-14,6.388696e-13
GCR_H_min_2,2500,0,126,0.0,0.0,0.0,0,0.0,0.0
GCR_H_min_2,2500,0,127,0.0,0.0,0.0,0,0.0,0.0
GCR_H_min_2,2500,0,128,0.0,0.0,0.0,0,0.0,0.0
GCR_H_min_2,2500,0,129,0.0,0.0,0.0,0,0.0,0.0
GCR_H_min_2,2500,0,130,1.37376e-12,1.37376e-12,1.8872e-24,1,0.0,0.0
GCR_H_min_2,2500,0,131,0.0,0.0,0.0,0,0.0,0.0
GCR_H_min_2,2500,0,132,0.0,0.0,0.0,0,0.0,0.0
GCR_H_min_2,2500,0,133,0.0,0.0,0.0,0,0.0,0.0
GCR_H_min_2,2500,0,134,0.0,0.0,0.0,0,0.0,0.0
GCR_H_min_2,2500,0,135,0.0,0.0,0.0,0,0.0,0.0
GCR_H_min_2,2500,0,136,0.0,0.0,0.0,0,0.0,0.0
GCR_H_min_2,2500,0,137,0.0,0.0,0.0,0,0.0,0.0
GCR_H_min_2,2500,0,138,0.0,0.0,0.0,0,0.0,0.0
GCR_H_min_2,2500,0,139,0.0,0.0,0.0,0,0.0,0.0
GCR_H_min_2,2500,0,140,0.0,0.0,0.0,0,0.0,0.0
GCR_H_min_2,2500,0,141,9.73855e-13,9.73855e-13,1.7342e-25,6,2.26235e-14,1.35741e-13
GCR_H_min_2,2500,1,0,1.09611e-13,1.09611e-13,5.70726e-29,754,8.51216e-18,6.418168639999999e-15
GCR_H_min_2,2500,1,1,0.0,0.0,0.0,0,0.0,0.0
GCR_H_min_2,2500,1,2,0.0,0.0,0.0,0,0.0,0.0
GCR_H_min_2,2500,1,3,0.0,0.0,0.0,0,0.0,0.0
GCR_H_min_2,2500,1,4,0.0,0.0,0.0,0,0.0,0.0
GCR_H_min_2,2500,1,5,0.0,0.0,0.0,0,0.0,0.0
GCR_H_min_2,2500,1,6,0.0,0.0,0.0,0,0.0,0.0
GCR_H_min_2,2500,1,7,0.0,0.0,0.0,0,0.0,0.0
GCR_H_min_2,2500,1,8,0.0,0.0,0.0,0,0.0,0.0
GCR_H_min_2,2500,1,9,0.0,0.0,0.0,0,0.0,0.0
GCR_H_min_2,2500,1,10,0.0,0.0,0.0,0,0.0,0.0
GCR_H_min_2,2500,1,11,0.0,0.0,0.0,0,0.0,0.0
GCR_H_min_2,2500,1,12,0.0,0.0,0.0,0,0.0,0.0
GCR_H_min_2,2500,1,13,0.0,0.0,0.0,0,0.0,0.0
GCR_H_min_2,2500,1,14,0.0,0.0,0.0,0,0.0,0.0
GCR_H_min_2,2500,1,15,0.0,0.0,0.0,0,0.0,0.0
GCR_H_min_2,2500,1,16,0.0,0.0,0.0,0,0.0,0.0
GCR_H_min_2,2500,1,17,0.0,0.0,0.0,0,0.0,0.0
GCR_H_min_2,2500,1,18,0.0,0.0,0.0,0,0.0,0.0
GCR_H_min_2,2500,1,19,0.0,0.0,0.0,0,0.0,0.0
GCR_H_min_2,2500,1,20,0.0,0.0,0.0,0,0.0,0.0
GCR_H_min_2,2500,1,21,0.0,0.0,0.0,0,0.0,0.0
GCR_H_min_2,2500,1,22,0.0,0.0,0.0,0,0.0,0.0
GCR_H_min_2,2500,1,23,0.0,0.0,0.0,0,0.0,0.0
GCR_H_min_2,2500,1,24,0.0,0.0,0.0,0,0.0,0.0
GCR_H_min_2,2500,1,25,0.0,0.0,0.0,0,0.0,0.0
GCR_H_min_2,2500,1,26,0.0,0.0,0.0,0,0.0,0.0
GCR_H_min_2,2500,1,27,0.0,0.0,0.0,0,0.0,0.0
GCR_H_min_2,2500,1,28,0.0,0.0,0.0,0,0.0,0.0
GCR_H_min_2,2500,1,29,0.0,0.0,0.0,0,0.0,0.0
GCR_H_min_2,2500,1,30,0.0,0.0,0.0,0,0.0,0.0
GCR_H_min_2,2500,1,31,0.0,0.0,0.0,0,0.0,0.0
GCR_H_min_2,2500,1,32,1.21251e-15,1.21251e-15,1.47017e-30,1,0.0,0.0
GCR_H_min_2,2500,1,33,0.0,0.0,0.0,0,0.0,0.0
GCR_H_min_2,2500,1,34,7.871e-13,7.871e-13,3.15539e-25,2,5.37395e-14,1.07479e-13
GCR_H_min_2,2500,1,35,4.2698e-12,4.2698e-12,9.89286e-25,25,2.08181e-14,5.204525e-13
GCR_H_min_2,2500,1,36,0.0,0.0,0.0,0,0.0,0.0
GCR_H_min_2,2500,1,37,0.0,0.0,0.0,0,0.0,0.0
GCR_H_min_2,2500,1,38,0.0,0.0,0.0,0,0.0,0.0
GCR_H_min_2,2500,1,39,0.0,0.0,0.0,0,0.0,0.0
GCR_H_min_2,2500,1,40,0.0,0.0,0.0,0,0.0,0.0
GCR_H_min_2,2500,1,41,0.0,0.0,0.0,0,0.0,0.0
GCR_H_min_2,2500,1,42,0.0,0.0,0.0,0,0.0,0.0
GCR_H_min_2,2500,1,43,0.0,0.0,0.0,0,0.0,0.0
GCR_H_min_2,2500,1,44,0.0,0.0,0.0,0,0.0,0.0
GCR_H_min_2,2500,1,45,0.0,0.0,0.0,0,0.0,0.0
GCR_H_min_2,2500,1,46,0.0,0.0,0.0,0,0.0,0.0
GCR_H_min_2,2500,1,47,0.0,0.0,0.0,0,0.0,0.0
GCR_H_min_2,2500,1,48,0.0,0.0,0.0,0,0.0,0.0
GCR_H_min_2,2500,1,49,0.0,0.0,0.0,0,0.0,0.0
GCR_H_min_2,2500,1,50,0.0,0.0,0.0,0,0.0,0.0
GCR_H_min_2,2500,1,51,0.0,0.0,0.0,0,0.0,0.0
GCR_H_min_2,2500,1,52,0.0,0.0,0.0,0,0.0,0.0
GCR_H_min_2,2500,1,53,0.0,0.0,0.0,0,0.0,0.0
GCR_H_min_2,2500,1,54,0.0,0.0,0.0,0,0.0,0.0
GCR_H_min_2,2500,1,55,0.0,0.0,0.0,0,0.0,0.0
GCR_H_min_2,2500,1,56,0.0,0.0,0.0,0,0.0,0.0
GCR_H_min_2,2500,1,57,0.0,0.0,0.0,0,0.0,0.0
GCR_H_min_2,2500,1,58,0.0,0.0,0.0,0,0.0,0.0
GCR_H_min_2,2500,1,59,0.0,0.0,0.0,0,0.0,0.0
GCR_H_min_2,2500,1,60,0.0,0.0,0.0,0,0.0,0.0
GCR_H_min_2,2500,1,61,0.0,0.0,0.0,0,0.0,0.0
GCR_H_min_2,2500,1,62,0.0,0.0,0.0,0,0.0,0.0
GCR_H_min_2,2500,1,63,0.0,0.0,0.0,0,0.0,0.0
GCR_H_min_2,2500,1,64,0.0,0.0,0.0,0,0.0,0.0
GCR_H_min_2,2500,1,65,0.0,0.0,0.0,0,0.0,0.0
GCR_H_min_2,2500,1,66,0.0,0.0,0.0,0,0.0,0.0
GCR_H_min_2,2500,1,67,0.0,0.0,0.0,0,0.0,0.0
GCR_H_min_2,2500,1,68,0.0,0.0,0.0,0,0.0,0.0
GCR_H_min_2,2500,1,69,0.0,0.0,0.0,0,0.0,0.0
GCR_H_min_2,2500,1,70,0.0,0.0,0.0,0,0.0,0.0
GCR_H_min_2,2500,1,71,0.0,0.0,0.0,0,0.0,0.0
GCR_H_min_2,2500,1,72,0.0,0.0,0.0,0,0.0,0.0
GCR_H_min_2,2500,1,73,0.0,0.0,0.0,0,0.0,0.0
GCR_H_min_2,2500,1,74,0.0,0.0,0.0,0,0.0,0.0
GCR_H_min_2,2500,1,75,0.0,0.0,0.0,0,0.0,0.0
GCR_H_min_2,2500,1,76,0.0,0.0,0.0,0,0.0,0.0
GCR_H_min_2,2500,1,77,0.0,0.0,0.0,0,0.0,0.0
GCR_H_min_2,2500,1,78,0.0,0.0,0.0,0,0.0,0.0
GCR_H_min_2,2500,1,79,0.0,0.0,0.0,0,0.0,0.0
GCR_H_min_2,2500,1,80,0.0,0.0,0.0,0,0.0,0.0
GCR_H_min_2,2500,1,81,0.0,0.0,0.0,0,0.0,0.0
GCR_H_min_2,2500,1,82,0.0,0.0,0.0,0,0.0,0.0
GCR_H_min_2,2500,1,83,0.0,0.0,0.0,0,0.0,0.0
GCR_H_min_2,2500,1,84,0.0,0.0,0.0,0,0.0,0.0
GCR_H_min_2,2500,1,85,0.0,0.0,0.0,0,0.0,0.0
GCR_H_min_2,2500,1,86,0.0,0.0,0.0,0,0.0,0.0
GCR_H_min_2,2500,1,87,0.0,0.0,0.0,0,0.0,0.0
GCR_H_min_2,2500,1,88,0.0,0.0,0.0,0,0.0,0.0
GCR_H_min_2,2500,1,89,0.0,0.0,0.0,0,0.0,0.0
GCR_H_min_2,2500,1,90,0.0,0.0,0.0,0,0.0,0.0
GCR_H_min_2,2500,1,91,0.0,0.0,0.0,0,0.0,0.0
GCR_H_min_2,2500,1,92,0.0,0.0,0.0,0,0.0,0.0
GCR_H_min_2,2500,1,93,0.0,0.0,0.0,0,0.0,0.0
GCR_H_min_2,2500,1,94,0.0,0.0,0.0,0,0.0,0.0
GCR_H_min_2,2500,1,95,0.0,0.0,0.0,0,0.0,0.0
GCR_H_min_2,2500,1,96,0.0,0.0,0.0,0,0.0,0.0
GCR_H_min_2,2500,1,97,0.0,0.0,0.0,0,0.0,0.0
GCR_H_min_2,2500,1,98,0.0,0.0,0.0,0,0.0,0.0
GCR_H_min_2,2500,1,99,0.0,0.0,0.0,0,0.0,0.0
GCR_H_min_2,2500,1,100,0.0,0.0,0.0,0,0.0,0.0
GCR_H_min_2,2500,1,101,0.0,0.0,0.0,0,0.0,0.0
GCR_H_min_2,2500,1,102,0.0,0.0,0.0,0,0.0,0.0
GCR_H_min_2,2500,1,103,0.0,0.0,0.0,0,0.0,0.0
GCR_H_min_2,2500,1,104,0.0,0.0,0.0,0,0.0,0.0
GCR_H_min_2,2500,1,105,0.0,0.0,0.0,0,0.0,0.0
GCR_H_min_2,2500,1,106,0.0,0.0,0.0,0,0.0,0.0
GCR_H_min_2,2500,1,107,3.87686e-15,3.87686e-15,1.331e-29,2,1.70219e-15,3.40438e-15
GCR_H_min_2,2500,1,108,5.23909e-14,5.23909e-14,2.4614e-27,2,2.33345e-14,4.6669e-14
GCR_H_min_2,2500,1,109,3.85992e-12,3.85992e-12,8.47099e-25,24,2.02479e-14,4.859496e-13
GCR_H_min_2,2500,1,110,0.0,0.0,0.0,0,0.0,0.0
GCR_H_min_2,2500,1,111,0.0,0.0,0.0,0,0.0,0.0
GCR_H_min_2,2500,1,112,0.0,0.0,0.0,0,0.0,0.0
GCR_H_min_2,2500,1,113,0.0,0.0,0.0,0,0.0,0.0
GCR_H_min_2,2500,1,114,0.0,0.0,0.0,0,0.0,0.0
GCR_H_min_2,2500,1,115,0.0,0.0,0.0,0,0.0,0.0
GCR_H_min_2,2500,1,116,0.0,0.0,0.0,0,0.0,0.0
GCR_H_min_2,2500,1,117,1.09347e-11,1.09347e-11,2.48186e-24,64,1.23365e-14,7.89536e-13
GCR_H_min_2,2500,1,118,1.97553e-12,1.97553e-12,6.84985e-25,7,5.50878e-14,3.856146e-13
GCR_H_min_2,2500,1,119,5.38643e-12,5.38643e-12,8.84332e-25,42,1.06013e-14,4.452546e-13
GCR_H_min_2,2500,1,120,0.0,0.0,0.0,0,0.0,0.0
GCR_H_min_2,2500,1,121,0.0,0.0,0.0,0,0.0,0.0
GCR_H_min_2,2500,1,122,0.0,0.0,0.0,0,0.0,0.0
GCR_H_min_2,2500,1,123,9.50318e-13,9.50318e-13,2.63606e-25,4,5.61472e-14,2.245888e-13
GCR_H_min_2,2500,1,124,4.05849e-13,4.05849e-13,1.64713e-25,1,0.0,0.0
GCR_H_min_2,2500,1,125,1.50821e-12,1.50821e-12,3.48008e-25,8,3.3719e-14,2.69752e-13
GCR_H_min_2,2500,1,126,0.0,0.0,0.0,0,0.0,0.0
GCR_H_min_2,2500,1,127,0.0,0.0,0.0,0,0.0,0.0
GCR_H_min_2,2500,1,128,0.0,0.0,0.0,0,0.0,0.0
GCR_H_min_2,2500,1,129,0.0,0.0,0.0,0,0.0,0.0
GCR_H_min_2,2500,1,130,0.0,0.0,0.0,0,0.0,0.0
GCR_H_min_2,2500,1,131,0.0,0.0,0.0,0,0.0,0.0
GCR_H_min_2,2500,1,132,0.0,0.0,0.0,0,0.0,0.0
GCR_H_min_2,2500,1,133,0.0,0.0,0.0,0,0.0,0.0
GCR_H_min_2,2500,1,134,0.0,0.0,0.0,0,0.0,0.0
GCR_H_min_2,2500,1,135,0.0,0.0,0.0,0,0.0,0.0
GCR_H_min_2,2500,1,136,0.0,0.0,0.0,0,0.0,0.0
GCR_H_min_2,2500,1,137,0.0,0.0,0.0,0,0.0,0.0
GCR_H_min_2,2500,1,138,0.0,0.0,0.0,0,0.0,0.0
GCR_H_min_2,2500,1,139,0.0,0.0,0.0,0,0.0,0.0
GCR_H_min_2,2500,1,140,0.0,0.0,0.0,0,0.0,0.0
GCR_H_min_2,2500,1,141,0.0,0.0,0.0,0,0.0,0.0
GCR_H_min_2,2500,2,0,1.69372e-13,1.69372e-13,1.01915e-28,1053,8.21027e-18,8.645414309999999e-15
GCR_H_min_2,2500,2,1,0.0,0.0,0.0,0,0.0,0.0
GCR_H_min_2,2500,2,2,0.0,0.0,0.0,0,0.0,0.0
GCR_H_min_2,2500,2,3,0.0,0.0,0.0,0,0.0,0.0
GCR_H_min_2,2500,2,4,0.0,0.0,0.0,0,0.0,0.0
GCR_H_min_2,2500,2,5,0.0,0.0,0.0,0,0.0,0.0
GCR_H_min_2,2500,2,6,0.0,0.0,0.0,0,0.0,0.0
GCR_H_min_2,2500,2,7,0.0,0.0,0.0,0,0.0,0.0
GCR_H_min_2,2500,2,8,0.0,0.0,0.0,0,0.0,0.0
GCR_H_min_2,2500,2,9,0.0,0.0,0.0,0,0.0,0.0
GCR_H_min_2,2500,2,10,0.0,0.0,0.0,0,0.0,0.0
GCR_H_min_2,2500,2,11,0.0,0.0,0.0,0,0.0,0.0
GCR_H_min_2,2500,2,12,7.1179e-13,7.1179e-13,1.33412e-25,4,2.3718e-14,9.4872e-14
GCR_H_min_2,2500,2,13,0.0,0.0,0.0,0,0.0,0.0
GCR_H_min_2,2500,2,14,1.9392e-14,1.9392e-14,3.76051e-28,1,0.0,0.0
GCR_H_min_2,2500,2,15,0.0,0.0,0.0,0,0.0,0.0
GCR_H_min_2,2500,2,16,0.0,0.0,0.0,0,0.0,0.0
GCR_H_min_2,2500,2,17,0.0,0.0,0.0,0,0.0,0.0
GCR_H_min_2,2500,2,18,0.0,0.0,0.0,0,0.0,0.0
GCR_H_min_2,2500,2,19,0.0,0.0,0.0,0,0.0,0.0
GCR_H_min_2,2500,2,20,0.0,0.0,0.0,0,0.0,0.0
GCR_H_min_2,2500,2,21,0.0,0.0,0.0,0,0.0,0.0
GCR_H_min_2,2500,2,22,0.0,0.0,0.0,0,0.0,0.0
GCR_H_min_2,2500,2,23,0.0,0.0,0.0,0,0.0,0.0
GCR_H_min_2,2500,2,24,0.0,0.0,0.0,0,0.0,0.0
GCR_H_min_2,2500,2,25,0.0,0.0,0.0,0,0.0,0.0
GCR_H_min_2,2500,2,26,0.0,0.0,0.0,0,0.0,0.0
GCR_H_min_2,2500,2,27,0.0,0.0,0.0,0,0.0,0.0
GCR_H_min_2,2500,2,28,0.0,0.0,0.0,0,0.0,0.0
GCR_H_min_2,2500,2,29,0.0,0.0,0.0,0,0.0,0.0
GCR_H_min_2,2500,2,30,0.0,0.0,0.0,0,0.0,0.0
GCR_H_min_2,2500,2,31,0.0,0.0,0.0,0,0.0,0.0
GCR_H_min_2,2500,2,32,0.0,0.0,0.0,0,0.0,0.0
GCR_H_min_2,2500,2,33,0.0,0.0,0.0,0,0.0,0.0
GCR_H_min_2,2500,2,34,0.0,0.0,0.0,0,0.0,0.0
GCR_H_min_2,2500,2,35,0.0,0.0,0.0,0,0.0,0.0
GCR_H_min_2,2500,2,36,0.0,0.0,0.0,0,0.0,0.0
GCR_H_min_2,2500,2,37,0.0,0.0,0.0,0,0.0,0.0
GCR_H_min_2,2500,2,38,0.0,0.0,0.0,0,0.0,0.0
GCR_H_min_2,2500,2,39,0.0,0.0,0.0,0,0.0,0.0
GCR_H_min_2,2500,2,40,0.0,0.0,0.0,0,0.0,0.0
GCR_H_min_2,2500,2,41,0.0,0.0,0.0,0,0.0,0.0
GCR_H_min_2,2500,2,42,0.0,0.0,0.0,0,0.0,0.0
GCR_H_min_2,2500,2,43,0.0,0.0,0.0,0,0.0,0.0
GCR_H_min_2,2500,2,44,0.0,0.0,0.0,0,0.0,0.0
GCR_H_min_2,2500,2,45,0.0,0.0,0.0,0,0.0,0.0
GCR_H_min_2,2500,2,46,0.0,0.0,0.0,0,0.0,0.0
GCR_H_min_2,2500,2,47,0.0,0.0,0.0,0,0.0,0.0
GCR_H_min_2,2500,2,48,0.0,0.0,0.0,0,0.0,0.0
GCR_H_min_2,2500,2,49,0.0,0.0,0.0,0,0.0,0.0
GCR_H_min_2,2500,2,50,0.0,0.0,0.0,0,0.0,0.0
GCR_H_min_2,2500,2,51,1.12955e-12,1.12955e-12,1.25479e-24,2,5.55357e-13,1.110714e-12
GCR_H_min_2,2500,2,52,5.38889e-12,5.38889e-12,4.76914e-24,7,1.21553e-13,8.508710000000001e-13
GCR_H_min_2,2500,2,53,0.0,0.0,0.0,0,0.0,0.0
GCR_H_min_2,2500,2,54,0.0,0.0,0.0,0,0.0,0.0
GCR_H_min_2,2500,2,55,0.0,0.0,0.0,0,0.0,0.0
GCR_H_min_2,2500,2,56,0.0,0.0,0.0,0,0.0,0.0
GCR_H_min_2,2500,2,57,0.0,0.0,0.0,0,0.0,0.0
GCR_H_min_2,2500,2,58,0.0,0.0,0.0,0,0.0,0.0
GCR_H_min_2,2500,2,59,0.0,0.0,0.0,0,0.0,0.0
GCR_H_min_2,2500,2,60,0.0,0.0,0.0,0,0.0,0.0
GCR_H_min_2,2500,2,61,0.0,0.0,0.0,0,0.0,0.0
GCR_H_min_2,2500,2,62,0.0,0.0,0.0,0,0.0,0.0
GCR_H_min_2,2500,2,63,0.0,0.0,0.0,0,0.0,0.0
GCR_H_min_2,2500,2,64,0.0,0.0,0.0,0,0.0,0.0
GCR_H_min_2,2500,2,65,0.0,0.0,0.0,0,0.0,0.0
GCR_H_min_2,2500,2,66,0.0,0.0,0.0,0,0.0,0.0
GCR_H_min_2,2500,2,67,0.0,0.0,0.0,0,0.0,0.0
GCR_H_min_2,2500,2,68,0.0,0.0,0.0,0,0.0,0.0
GCR_H_min_2,2500,2,69,0.0,0.0,0.0,0,0.0,0.0
GCR_H_min_2,2500,2,70,0.0,0.0,0.0,0,0.0,0.0
GCR_H_min_2,2500,2,71,0.0,0.0,0.0,0,0.0,0.0
GCR_H_min_2,2500,2,72,0.0,0.0,0.0,0,0.0,0.0
GCR_H_min_2,2500,2,73,0.0,0.0,0.0,0,0.0,0.0
GCR_H_min_2,2500,2,74,3.05941e-13,3.05941e-13,8.2589e-26,2,1.3377e-13,2.6754e-13
GCR_H_min_2,2500,2,75,0.0,0.0,0.0,0,0.0,0.0
GCR_H_min_2,2500,2,76,0.0,0.0,0.0,0,0.0,0.0
GCR_H_min_2,2500,2,77,0.0,0.0,0.0,0,0.0,0.0
GCR_H_min_2,2500,2,78,0.0,0.0,0.0,0,0.0,0.0
GCR_H_min_2,2500,2,79,0.0,0.0,0.0,0,0.0,0.0
GCR_H_min_2,2500,2,80,0.0,0.0,0.0,0,0.0,0.0
GCR_H_min_2,2500,2,81,0.0,0.0,0.0,0,0.0,0.0
GCR_H_min_2,2500,2,82,2.54354e-12,2.54354e-12,5.8916e-25,16,2.77497e-14,4.439952e-13
GCR_H_min_2,2500,2,83,1.62944e-12,1.62944e-12,3.46662e-25,9,2.67842e-14,2.410578e-13
GCR_H_min_2,2500,2,84,0.0,0.0,0.0,0,0.0,0.0
GCR_H_min_2,2500,2,85,0.0,0.0,0.0,0,0.0,0.0
GCR_H_min_2,2500,2,86,0.0,0.0,0.0,0,0.0,0.0
GCR_H_min_2,2500,2,87,0.0,0.0,0.0,0,0.0,0.0
GCR_H_min_2,2500,2,88,0.0,0.0,0.0,0,0.0,0.0
GCR_H_min_2,2500,2,89,0.0,0.0,0.0,0,0.0,0.0
GCR_H_min_2,2500,2,90,0.0,0.0,0.0,0,0.0,0.0
GCR_H_min_2,2500,2,91,0.0,0.0,0.0,0,0.0,0.0
GCR_H_min_2,2500,2,92,0.0,0.0,0.0,0,0.0,0.0
GCR_H_min_2,2500,2,93,0.0,0.0,0.0,0,0.0,0.0
GCR_H_min_2,2500,2,94,0.0,0.0,0.0,0,0.0,0.0
GCR_H_min_2,2500,2,95,0.0,0.0,0.0,0,0.0,0.0
GCR_H_min_2,2500,2,96,0.0,0.0,0.0,0,0.0,0.0
GCR_H_min_2,2500,2,97,0.0,0.0,0.0,0,0.0,0.0
GCR_H_min_2,2500,2,98,0.0,0.0,0.0,0,0.0,0.0
GCR_H_min_2,2500,2,99,0.0,0.0,0.0,0,0.0,0.0
GCR_H_min_2,2500,2,100,0.0,0.0,0.0,0,0.0,0.0
GCR_H_min_2,2500,2,101,0.0,0.0,0.0,0,0.0,0.0
GCR_H_min_2,2500,2,102,0.0,0.0,0.0,0,0.0,0.0
GCR_H_min_2,2500,2,103,0.0,0.0,0.0,0,0.0,0.0
GCR_H_min_2,2500,2,104,0.0,0.0,0.0,0,0.0,0.0
GCR_H_min_2,2500,2,105,0.0,0.0,0.0,0,0.0,0.0
GCR_H_min_2,2500,2,106,0.0,0.0,0.0,0,0.0,0.0
GCR_H_min_2,2500,2,107,4.24726e-12,4.24726e-12,1.39421e-24,19,3.60628e-14,6.851932000000001e-13
GCR_H_min_2,2500,2,108,0.0,0.0,0.0,0,0.0,0.0
GCR_H_min_2,2500,2,109,1.79742e-11,1.79742e-11,5.10168e-24,93,1.37931e-14,1.2827583e-12
GCR_H_min_2,2500,2,110,0.0,0.0,0.0,0,0.0,0.0
GCR_H_min_2,2500,2,111,0.0,0.0,0.0,0,0.0,0.0
GCR_H_min_2,2500,2,112,0.0,0.0,0.0,0,0.0,0.0
GCR_H_min_2,2500,2,113,0.0,0.0,0.0,0,0.0,0.0
GCR_H_min_2,2500,2,114,0.0,0.0,0.0,0,0.0,0.0
GCR_H_min_2,2500,2,115,0.0,0.0,0.0,0,0.0,0.0
GCR_H_min_2,2500,2,116,0.0,0.0,0.0,0,0.0,0.0
GCR_H_min_2,2500,2,117,4.58872e-11,4.58872e-11,3.8356e-23,140,3.46141e-14,4.845974e-12
GCR_H_min_2,2500,2,118,0.0,0.0,0.0,0,0.0,0.0
GCR_H_min_2,2500,2,119,3.01583e-12,3.01583e-12,8.34966e-25,17,3.32079e-14,5.645343e-13
GCR_H_min_2,2500,2,120,0.0,0.0,0.0,0,0.0,0.0
GCR_H_min_2,2500,2,121,0.0,0.0,0.0,0,0.0,0.0
GCR_H_min_2,2500,2,122,0.0,0.0,0.0,0,0.0,0.0
GCR_H_min_2,2500,2,123,3.77003e-12,3.77003e-12,1.22701e-24,15,3.64803e-14,5.472045e-13
GCR_H_min_2,2500,2,124,0.0,0.0,0.0,0,0.0,0.0
GCR_H_min_2,2500,2,125,1.55315e-12,1.55315e-12,7.9515e-25,8,9.3886e-14,7.51088e-13
GCR_H_min_2,2500,2,126,0.0,0.0,0.0,0,0.0,0.0
GCR_H_min_2,2500,2,127,0.0,0.0,0.0,0,0.0,0.0
GCR_H_min_2,2500,2,128,0.0,0.0,0.0,0,0.0,0.0
GCR_H_min_2,2500,2,129,0.0,0.0,0.0,0,0.0,0.0
GCR_H_min_2,2500,2,130,0.0,0.0,0.0,0,0.0,0.0
GCR_H_min_2,2500,2,131,0.0,0.0,0.0,0,0.0,0.0
GCR_H_min_2,2500,2,132,0.0,0.0,0.0,0,0.0,0.0
GCR_H_min_2,2500,2,133,0.0,0.0,0.0,0,0.0,0.0
GCR_H_min_2,2500,2,134,0.0,0.0,0.0,0,0.0,0.0
GCR_H_min_2,2500,2,135,9.33304e-13,9.33304e-13,2.89998e-25,4,7.75854e-14,3.103416e-13
GCR_H_min_2,2500,2,136,0.0,0.0,0.0,0,0.0,0.0
GCR_H_min_2,2500,2,137,0.0,0.0,0.0,0,0.0,0.0
GCR_H_min_2,2500,2,138,0.0,0.0,0.0,0,0.0,0.0
GCR_H_min_2,2500,2,139,0.0,0.0,0.0,0,0.0,0.0
GCR_H_min_2,2500,2,140,0.0,0.0,0.0,0,0.0,0.0
GCR_H_min_2,2500,2,141,0.0,0.0,0.0,0,0.0,0.0
GCR_H_min_2,5000,0,0,1.35892e-12,1.35892e-12,1.44162e-27,6457,5.26515e-18,3.399707355e-14
GCR_H_min_2,5000,0,1,0.0,0.0,0.0,0,0.0,0.0
GCR_H_min_2,5000,0,2,0.0,0.0,0.0,0,0.0,0.0
GCR_H_min_2,5000,0,3,0.0,0.0,0.0,0,0.0,0.0
GCR_H_min_2,5000,0,4,0.0,0.0,0.0,0,0.0,0.0
GCR_H_min_2,5000,0,5,0.0,0.0,0.0,0,0.0,0.0
GCR_H_min_2,5000,0,6,0.0,0.0,0.0,0,0.0,0.0
GCR_H_min_2,5000,0,7,0.0,0.0,0.0,0,0.0,0.0
GCR_H_min_2,5000,0,8,0.0,0.0,0.0,0,0.0,0.0
GCR_H_min_2,5000,0,9,0.0,0.0,0.0,0,0.0,0.0
GCR_H_min_2,5000,0,10,0.0,0.0,0.0,0,0.0,0.0
GCR_H_min_2,5000,0,11,4.37985e-13,4.37985e-13,1.07807e-25,2,7.71097e-14,1.542194e-13
GCR_H_min_2,5000,0,12,6.79068e-13,6.79068e-13,2.49104e-25,2,9.6273e-14,1.92546e-13
GCR_H_min_2,5000,0,13,0.0,0.0,0.0,0,0.0,0.0
GCR_H_min_2,5000,0,14,0.0,0.0,0.0,0,0.0,0.0
GCR_H_min_2,5000,0,15,0.0,0.0,0.0,0,0.0,0.0
GCR_H_min_2,5000,0,16,0.0,0.0,0.0,0,0.0,0.0
GCR_H_min_2,5000,0,17,0.0,0.0,0.0,0,0.0,0.0
GCR_H_min_2,5000,0,18,0.0,0.0,0.0,0,0.0,0.0
GCR_H_min_2,5000,0,19,3.0157e-12,3.0157e-12,1.87261e-24,7,1.16844e-13,8.17908e-13
GCR_H_min_2,5000,0,20,0.0,0.0,0.0,0,0.0,0.0
GCR_H_min_2,5000,0,21,5.20527e-12,5.20527e-12,9.47331e-24,4,4.74307e-13,1.897228e-12
GCR_H_min_2,5000,0,22,0.0,0.0,0.0,0,0.0,0.0
GCR_H_min_2,5000,0,23,0.0,0.0,0.0,0,0.0,0.0
GCR_H_min_2,5000,0,24,0.0,0.0,0.0,0,0.0,0.0
GCR_H_min_2,5000,0,25,0.0,0.0,0.0,0,0.0,0.0
GCR_H_min_2,5000,0,26,1.01324e-12,1.01324e-12,3.46871e-25,3,2.78436e-14,8.35308e-14
GCR_H_min_2,5000,0,27,4.98926e-12,4.98926e-12,1.99784e-24,17,4.42903e-14,7.529351e-13
GCR_H_min_2,5000,0,28,2.15731e-12,2.15731e-12,9.33115e-25,6,7.24457e-14,4.346742e-13
GCR_H_min_2,5000,0,29,0.0,0.0,0.0,0,0.0,0.0
GCR_H_min_2,5000,0,30,2.13867e-12,2.13867e-12,4.64617e-25,12,2.5145e-14,3.0174e-13
GCR_H_min_2,5000,0,31,3.82264e-13,3.82264e-13,1.46126e-25,1,0.0,0.0
GCR_H_min_2,5000,0,32,4.0489e-12,4.0489e-12,1.04162e-24,20,2.41669e-14,4.83338e-13
GCR_H_min_2,5000,0,33,0.0,0.0,0.0,0,0.0,0.0
GCR_H_min_2,5000,0,34,2.49194e-12,2.49194e-12,1.66764e-24,7,1.36323e-13,9.54261e-13
GCR_H_min_2,5000,0,35,3.13255e-12,3.13255e-12,7.46919e-25,18,2.56778e-14,4.622004e-13
GCR_H_min_2,5000,0,36,0.0,0.0,0.0,0,0.0,0.0
GCR_H_min_2,5000,0,37,7.6265e-13,7.6265e-13,2.74642e-25,3,1.1602e-13,3.4806e-13
GCR_H_min_2,5000,0,38,1.79804e-12,1.79804e-12,4.07297e-25,10,3.0551e-14,3.0551000000000003e-13
GCR_H_min_2,5000,0,39,0.0,0.0,0.0,0,0.0,0.0
GCR_H_min_2,5000,0,40,0.0,0.0,0.0,0,0.0,0.0
GCR_H_min_2,5000,0,41,0.0,0.0,0.0,0,0.0,0.0
GCR_H_min_2,5000,0,42,0.0,0.0,0.0,0,0.0,0.0
GCR_H_min_2,5000,0,43,1.68805e-12,1.68805e-12,1.0246e-24,4,1.61302e-13,6.45208e-13
GCR_H_min_2,5000,0,44,2.23349e-12,2.23349e-12,7.33532e-25,9,4.98966e-14,4.490694e-13
GCR_H_min_2,5000,0,45,0.0,0.0,0.0,0,0.0,0.0
GCR_H_min_2,5000,0,46,0.0,0.0,0.0,0,0.0,0.0
GCR_H_min_2,5000,0,47,0.0,0.0,0.0,0,0.0,0.0
GCR_H_min_2,5000,0,48,0.0,0.0,0.0,0,0.0,0.0
GCR_H_min_2,5000,0,49,7.34494e-13,7.34494e-13,4.93007e-25,2,3.34115e-13,6.6823e-13
GCR_H_min_2,5000,0,50,1.2498e-11,1.2498e-11,1.03643e-23,26,8.18688e-14,2.1285888e-12
GCR_H_min_2,5000,0,51,8.06938e-13,8.06938e-13,6.51149e-25,1,0.0,0.0
GCR_H_min_2,5000,0,52,8.86197e-12,8.86197e-12,9.18734e-24,16,1.33525e-13,2.1364e-12
GCR_H_min_2,5000,0,53,0.0,0.0,0.0,0,0.0,0.0
GCR_H_min_2,5000,0,54,0.0,0.0,0.0,0,0.0,0.0
GCR_H_min_2,5000,0,55,0.0,0.0,0.0,0,0.0,0.0
GCR_H_min_2,5000,0,56,0.0,0.0,0.0,0,0.0,0.0
GCR_H_min_2,5000,0,57,0.0,0.0,0.0,0,0.0,0.0
GCR_H_min_2,5000,0,58,0.0,0.0,0.0,0,0.0,0.0
GCR_H_min_2,5000,0,59,0.0,0.0,0.0,0,0.0,0.0
GCR_H_min_2,5000,0,60,0.0,0.0,0.0,0,0.0,0.0
GCR_H_min_2,5000,0,61,9.13734e-12,9.13734e-12,7.87649e-24,13,9.65461e-14,1.2550993e-12
GCR_H_min_2,5000,0,62,0.0,0.0,0.0,0,0.0,0.0
GCR_H_min_2,5000,0,63,0.0,0.0,0.0,0,0.0,0.0
GCR_H_min_2,5000,0,64,0.0,0.0,0.0,0,0.0,0.0
GCR_H_min_2,5000,0,65,0.0,0.0,0.0,0,0.0,0.0
GCR_H_min_2,5000,0,66,0.0,0.0,0.0,0,0.0,0.0
GCR_H_min_2,5000,0,67,0.0,0.0,0.0,0,0.0,0.0
GCR_H_min_2,5000,0,68,0.0,0.0,0.0,0,0.0,0.0
GCR_H_min_2,5000,0,69,0.0,0.0,0.0,0,0.0,0.0
GCR_H_min_2,5000,0,70,0.0,0.0,0.0,0,0.0,0.0
GCR_H_min_2,5000,0,71,0.0,0.0,0.0,0,0.0,0.0
GCR_H_min_2,5000,0,72,0.0,0.0,0.0,0,0.0,0.0
GCR_H_min_2,5000,0,73,0.0,0.0,0.0,0,0.0,0.0
GCR_H_min_2,5000,0,74,2.16637e-12,2.16637e-12,4.77234e-25,12,2.55451e-14,3.065412e-13
GCR_H_min_2,5000,0,75,1.48253e-12,1.48253e-12,3.4574e-25,8,3.56076e-14,2.848608e-13
GCR_H_min_2,5000,0,76,0.0,0.0,0.0,0,0.0,0.0
GCR_H_min_2,5000,0,77,0.0,0.0,0.0,0,0.0,0.0
GCR_H_min_2,5000,0,78,1.58958e-12,1.58958e-12,1.4466e-24,2,3.02669e-13,6.05338e-13
GCR_H_min_2,5000,0,79,7.19763e-12,7.19763e-12,1.26141e-23,5,3.35626e-13,1.67813e-12
GCR_H_min_2,5000,0,80,0.0,0.0,0.0,0,0.0,0.0
GCR_H_min_2,5000,0,81,0.0,0.0,0.0,0,0.0,0.0
GCR_H_min_2,5000,0,82,1.03032e-12,1.03032e-12,1.87162e-25,7,2.90771e-14,2.035397e-13
GCR_H_min_2,5000,0,83,4.47179e-13,4.47179e-13,1.04331e-25,2,4.66191e-14,9.32382e-14
GCR_H_min_2,5000,0,84,0.0,0.0,0.0,0,0.0,0.0
GCR_H_min_2,5000,0,85,0.0,0.0,0.0,0,0.0,0.0
GCR_H_min_2,5000,0,86,0.0,0.0,0.0,0,0.0,0.0
GCR_H_min_2,5000,0,87,0.0,0.0,0.0,0,0.0,0.0
GCR_H_min_2,5000,0,88,0.0,0.0,0.0,0,0.0,0.0
GCR_H_min_2,5000,0,89,0.0,0.0,0.0,0,0.0,0.0
GCR_H_min_2,5000,0,90,0.0,0.0,0.0,0,0.0,0.0
GCR_H_min_2,5000,0,91,0.0,0.0,0.0,0,0.0,0.0
GCR_H_min_2,5000,0,92,0.0,0.0,0.0,0,0.0,0.0
GCR_H_min_2,5000,0,93,0.0,0.0,0.0,0,0.0,0.0
GCR_H_min_2,5000,0,94,0.0,0.0,0.0,0,0.0,0.0
GCR_H_min_2,5000,0,95,1.30174e-11,1.30174e-11,4.23515e-24,58,1.99328e-14,1.1561024e-12
GCR_H_min_2,5000,0,96,0.0,0.0,0.0,0,0.0,0.0
GCR_H_min_2,5000,0,97,0.0,0.0,0.0,0,0.0,0.0
GCR_H_min_2,5000,0,98,0.0,0.0,0.0,0,0.0,0.0
GCR_H_min_2,5000,0,99,0.0,0.0,0.0,0,0.0,0.0
GCR_H_min_2,5000,0,100,0.0,0.0,0.0,0,0.0,0.0
GCR_H_min_2,5000,0,101,0.0,0.0,0.0,0,0.0,0.0
GCR_H_min_2,5000,0,102,0.0,0.0,0.0,0,0.0,0.0
GCR_H_min_2,5000,0,103,3.37966e-13,3.37966e-13,7.80167e-26,2,1.0224e-13,2.0448e-13
GCR_H_min_2,5000,0,104,0.0,0.0,0.0,0,0.0,0.0
GCR_H_min_2,5000,0,105,0.0,0.0,0.0,0,0.0,0.0
GCR_H_min_2,5000,0,106,0.0,0.0,0.0,0,0.0,0.0
GCR_H_min_2,5000,0,107,6.51754e-11,6.51754e-11,4.83992e-23,194,2.66054e-14,5.1614476e-12
GCR_H_min_2,5000,0,108,2.10729e-12,2.10729e-12,4.13686e-25,14,2.30259e-14,3.223626e-13
GCR_H_min_2,5000,0,109,6.68963e-11,6.68963e-11,3.87247e-23,262,1.77909e-14,4.661215800000001e-12
GCR_H_min_2,5000,0,110,0.0,0.0,0.0,0,0.0,0.0
GCR_H_min_2,5000,0,111,0.0,0.0,0.0,0,0.0,0.0
GCR_H_min_2,5000,0,112,0.0,0.0,0.0,0,0.0,0.0
GCR_H_min_2,5000,0,113,0.0,0.0,0.0,0,0.0,0.0
GCR_H_min_2,5000,0,114,0.0,0.0,0.0,0,0.0,0.0
GCR_H_min_2,5000,0,115,0.0,0.0,0.0,0,0.0,0.0
GCR_H_min_2,5000,0,116,1.81366e-12,1.81366e-12,3.33532e-25,12,2.12167e-14,2.546004e-13
GCR_H_min_2,5000,0,117,3.38289e-11,3.38289e-11,2.13187e-23,114,2.95914e-14,3.3734195999999997e-12
GCR_H_min_2,5000,0,118,1.15319e-12,1.15319e-12,2.49386e-25,7,3.76099e-14,2.632693e-13
GCR_H_min_2,5000,0,119,3.59204e-11,3.59204e-11,1.74474e-23,143,2.03685e-14,2.9126955e-12
GCR_H_min_2,5000,0,120,0.0,0.0,0.0,0,0.0,0.0
GCR_H_min_2,5000,0,121,0.0,0.0,0.0,0,0.0,0.0
GCR_H_min_2,5000,0,122,1.67193e-12,1.67193e-12,3.21995e-25,12,2.59733e-14,3.116796e-13
GCR_H_min_2,5000,0,123,6.33205e-12,6.33205e-12,2.73159e-24,26,4.27782e-14,1.1122332e-12
GCR_H_min_2,5000,0,124,9.82945e-13,9.82945e-13,1.89689e-25,7,3.50724e-14,2.455068e-13
GCR_H_min_2,5000,0,125,6.62872e-12,6.62872e-12,1.94862e-24,30,2.35854e-14,7.07562e-13
GCR_H_min_2,5000,0,126,0.0,0.0,0.0,0,0.0,0.0
GCR_H_min_2,5000,0,127,0.0,0.0,0.0,0,0.0,0.0
GCR_H_min_2,5000,0,128,0.0,0.0,0.0,0,0.0,0.0
GCR_H_min_2,5000,0,129,0.0,0.0,0.0,0,0.0,0.0
GCR_H_min_2,5000,0,130,0.0,0.0,0.0,0,0.0,0.0
GCR_H_min_2,5000,0,131,6.60832e-12,6.60832e-12,8.53769e-24,7,2.33968e-13,1.637776e-12
GCR_H_min_2,5000,0,132,0.0,0.0,0.0,0,0.0,0.0
GCR_H_min_2,5000,0,133,0.0,0.0,0.0,0,0.0,0.0
GCR_H_min_2,5000,0,134,0.0,0.0,0.0,0,0.0,0.0
GCR_H_min_2,5000,0,135,0.0,0.0,0.0,0,0.0,0.0
GCR_H_min_2,5000,0,136,0.0,0.0,0.0,0,0.0,0.0
GCR_H_min_2,5000,0,137,0.0,0.0,0.0,0,0.0,0.0
GCR_H_min_2,5000,0,138,0.0,0.0,0.0,0,0.0,0.0
GCR_H_min_2,5000,0,139,0.0,0.0,0.0,0,0.0,0.0
GCR_H_min_2,5000,0,140,0.0,0.0,0.0,0,0.0,0.0
GCR_H_min_2,5000,0,141,1.8867e-12,1.8867e-12,5.88805e-25,7,4.37208e-14,3.0604560000000003e-13
GCR_H_min_2,5000,1,0,4.05246e-13,4.05246e-13,2.01648e-28,2636,4.47906e-18,1.1806802159999999e-14
GCR_H_min_2,5000,1,1,0.0,0.0,0.0,0,0.0,0.0
GCR_H_min_2,5000,1,2,0.0,0.0,0.0,0,0.0,0.0
GCR_H_min_2,5000,1,3,0.0,0.0,0.0,0,0.0,0.0
GCR_H_min_2,5000,1,4,0.0,0.0,0.0,0,0.0,0.0
GCR_H_min_2,5000,1,5,0.0,0.0,0.0,0,0.0,0.0
GCR_H_min_2,5000,1,6,0.0,0.0,0.0,0,0.0,0.0
GCR_H_min_2,5000,1,7,0.0,0.0,0.0,0,0.0,0.0
GCR_H_min_2,5000,1,8,3.52629e-12,3.52629e-12,2.38763e-24,7,1.20637e-13,8.444589999999999e-13
GCR_H_min_2,5000,1,9,0.0,0.0,0.0,0,0.0,0.0
GCR_H_min_2,5000,1,10,3.16776e-12,3.16776e-12,4.41307e-24,3,4.21932e-13,1.265796e-12
GCR_H_min_2,5000,1,11,0.0,0.0,0.0,0,0.0,0.0
GCR_H_min_2,5000,1,12,4.8205e-13,4.8205e-13,2.16741e-25,2,2.24226e-13,4.48452e-13
GCR_H_min_2,5000,1,13,0.0,0.0,0.0,0,0.0,0.0
GCR_H_min_2,5000,1,14,0.0,0.0,0.0,0,0.0,0.0
GCR_H_min_2,5000,1,15,0.0,0.0,0.0,0,0.0,0.0
GCR_H_min_2,5000,1,16,0.0,0.0,0.0,0,0.0,0.0
GCR_H_min_2,5000,1,17,0.0,0.0,0.0,0,0.0,0.0
GCR_H_min_2,5000,1,18,0.0,0.0,0.0,0,0.0,0.0
GCR_H_min_2,5000,1,19,6.13932e-13,6.13932e-13,2.03047e-25,2,8.54148e-14,1.708296e-13
GCR_H_min_2,5000,1,20,3.06556e-12,3.06556e-12,6.77774e-25,17,2.14348e-14,3.643916e-13
GCR_H_min_2,5000,1,21,0.0,0.0,0.0,0,0.0,0.0
GCR_H_min_2,5000,1,22,0.0,0.0,0.0,0,0.0,0.0
GCR_H_min_2,5000,1,23,0.0,0.0,0.0,0,0.0,0.0
GCR_H_min_2,5000,1,24,0.0,0.0,0.0,0,0.0,0.0
GCR_H_min_2,5000,1,25,0.0,0.0,0.0,0,0.0,0.0
GCR_H_min_2,5000,1,26,1.16646e-11,1.16646e-11,1.25764e-23,24,1.11861e-13,2.684664e-12
GCR_H_min_2,5000,1,27,1.34764e-11,1.34764e-11,1.01477e-23,30,6.8598e-14,2.05794e-12
GCR_H_min_2,5000,1,28,0.0,0.0,0.0,0,0.0,0.0
GCR_H_min_2,5000,1,29,0.0,0.0,0.0,0,0.0,0.0
GCR_H_min_2,5000,1,30,0.0,0.0,0.0,0,0.0,0.0
GCR_H_min_2,5000,1,31,0.0,0.0,0.0,0,0.0,0.0
GCR_H_min_2,5000,1,32,0.0,0.0,0.0,0,0.0,0.0
GCR_H_min_2,5000,1,33,0.0,0.0,0.0,0,0.0,0.0
GCR_H_min_2,5000,1,34,1.49481e-12,1.49481e-12,4.53783e-25,7,5.66055e-14,3.962385e-13
GCR_H_min_2,5000,1,35,3.11159e-12,3.11159e-12,6.73234e-25,18,2.10311e-14,3.785598e-13
GCR_H_min_2,5000,1,36,0.0,0.0,0.0,0,0.0,0.0
GCR_H_min_2,5000,1,37,1.88883e-13,1.88883e-13,3.56769e-26,1,0.0,0.0
GCR_H_min_2,5000,1,38,0.0,0.0,0.0,0,0.0,0.0
GCR_H_min_2,5000,1,39,3.89182e-12,3.89182e-12,9.30633e-24,3,8.42374e-13,2.5271219999999998e-12
GCR_H_min_2,5000,1,40,1.00118e-13,1.00118e-13,1.00235e-26,1,0.0,0.0
GCR_H_min_2,5000,1,41,0.0,0.0,0.0,0,0.0,0.0
GCR_H_min_2,5000,1,42,0.0,0.0,0.0,0,0.0,0.0
GCR_H_min_2,5000,1,43,6.38735e-13,6.38735e-13,2.08237e-25,2,4.60744e-14,9.21488e-14
GCR_H_min_2,5000,1,44,1.64077e-12,1.64077e-12,4.10959e-25,8,3.64605e-14,2.91684e-13
GCR_H_min_2,5000,1,45,0.0,0.0,0.0,0,0.0,0.0
GCR_H_min_2,5000,1,46,0.0,0.0,0.0,0,0.0,0.0
GCR_H_min_2,5000,1,47,0.0,0.0,0.0,0,0.0,0.0
GCR_H_min_2,5000,1,48,0.0,0.0,0.0,0,0.0,0.0
GCR_H_min_2,5000,1,49,0.0,0.0,0.0,0,0.0,0.0
GCR_H_min_2,5000,1,50,0.0,0.0,0.0,0,0.0,0.0
GCR_H_min_2,5000,1,51,0.0,0.0,0.0,0,0.0,0.0
GCR_H_min_2,5000,1,52,9.12351e-15,9.12351e-15,8.32384e-29,1,0.0,0.0
GCR_H_min_2,5000,1,53,0.0,0.0,0.0,0,0.0,0.0
GCR_H_min_2,5000,1,54,0.0,0.0,0.0,0,0.0,0.0
GCR_H_min_2,5000,1,55,0.0,0.0,0.0,0,0.0,0.0
GCR_H_min_2,5000,1,56,2.24273e-12,2.24273e-12,4.44902e-25,13,1.92805e-14,2.506465e-13
GCR_H_min_2,5000,1,57,0.0,0.0,0.0,0,0.0,0.0
GCR_H_min_2,5000,1,58,4.4854e-13,4.4854e-13,7.97428e-26,3,4.5971e-14,1.37913e-13
GCR_H_min_2,5000,1,59,0.0,0.0,0.0,0,0.0,0.0
GCR_H_min_2,5000,1,60,0.0,0.0,0.0,0,0.0,0.0
GCR_H_min_2,5000,1,61,3.25481e-12,3.25481e-12,7.94249e-25,17,2.50796e-14,4.2635320000000003e-13
GCR_H_min_2,5000,1,62,0.0,0.0,0.0,0,0.0,0.0
GCR_H_min_2,5000,1,63,0.0,0.0,0.0,0,0.0,0.0
GCR_H_min_2,5000,1,64,0.0,0.0,0.0,0,0.0,0.0
GCR_H_min_2,5000,1,65,0.0,0.0,0.0,0,0.0,0.0
GCR_H_min_2,5000,1,66,0.0,0.0,0.0,0,0.0,0.0
GCR_H_min_2,5000,1,67,0.0,0.0,0.0,0,0.0,0.0
GCR_H_min_2,5000,1,68,0.0,0.0,0.0,0,0.0,0.0
GCR_H_min_2,5000,1,69,0.0,0.0,0.0,0,0.0,0.0
GCR_H_min_2,5000,1,70,0.0,0.0,0.0,0,0.0,0.0
GCR_H_min_2,5000,1,71,0.0,0.0,0.0,0,0.0,0.0
GCR_H_min_2,5000,1,72,0.0,0.0,0.0,0,0.0,0.0
GCR_H_min_2,5000,1,73,0.0,0.0,0.0,0,0.0,0.0
GCR_H_min_2,5000,1,74,0.0,0.0,0.0,0,0.0,0.0
GCR_H_min_2,5000,1,75,0.0,0.0,0.0,0,0.0,0.0
GCR_H_min_2,5000,1,76,0.0,0.0,0.0,0,0.0,0.0
GCR_H_min_2,5000,1,77,0.0,0.0,0.0,0,0.0,0.0
GCR_H_min_2,5000,1,78,0.0,0.0,0.0,0,0.0,0.0
GCR_H_min_2,5000,1,79,0.0,0.0,0.0,0,0.0,0.0
GCR_H_min_2,5000,1,80,0.0,0.0,0.0,0,0.0,0.0
GCR_H_min_2,5000,1,81,0.0,0.0,0.0,0,0.0,0.0
GCR_H_min_2,5000,1,82,0.0,0.0,0.0,0,0.0,0.0
GCR_H_min_2,5000,1,83,0.0,0.0,0.0,0,0.0,0.0
GCR_H_min_2,5000,1,84,0.0,0.0,0.0,0,0.0,0.0
GCR_H_min_2,5000,1,85,0.0,0.0,0.0,0,0.0,0.0
GCR_H_min_2,5000,1,86,0.0,0.0,0.0,0,0.0,0.0
GCR_H_min_2,5000,1,87,2.85629e-12,2.85629e-12,9.38459e-25,12,4.42611e-14,5.311332e-13
GCR_H_min_2,5000,1,88,7.16432e-12,7.16432e-12,1.96463e-24,32,1.90672e-14,6.101504e-13
GCR_H_min_2,5000,1,89,0.0,0.0,0.0,0,0.0,0.0
GCR_H_min_2,5000,1,90,0.0,0.0,0.0,0,0.0,0.0
GCR_H_min_2,5000,1,91,0.0,0.0,0.0,0,0.0,0.0
GCR_H_min_2,5000,1,92,0.0,0.0,0.0,0,0.0,0.0
GCR_H_min_2,5000,1,93,0.0,0.0,0.0,0,0.0,0.0
GCR_H_min_2,5000,1,94,0.0,0.0,0.0,0,0.0,0.0
GCR_H_min_2,5000,1,95,2.91305e-11,2.91305e-11,1.40762e-23,109,2.31172e-14,2.5197748e-12
GCR_H_min_2,5000,1,96,0.0,0.0,0.0,0,0.0,0.0
GCR_H_min_2,5000,1,97,4.22649e-12,4.22649e-12,2.30105e-24,16,7.02554e-14,1.1240864e-12
GCR_H_min_2,5000,1,98,0.0,0.0,0.0,0,0.0,0.0
GCR_H_min_2,5000,1,99,9.84102e-14,9.84102e-14,9.68457e-27,1,0.0,0.0
GCR_H_min_2,5000,1,100,0.0,0.0,0.0,0,0.0,0.0
GCR_H_min_2,5000,1,101,0.0,0.0,0.0,0,0.0,0.0
GCR_H_min_2,5000,1,102,0.0,0.0,0.0,0,0.0,0.0
GCR_H_min_2,5000,1,103,1.94801e-13,1.94801e-13,3.44827e-26,2,8.80597e-14,1.761194e-13
GCR_H_min_2,5000,1,104,0.0,0.0,0.0,0,0.0,0.0
GCR_H_min_2,5000,1,105,0.0,0.0,0.0,0,0.0,0.0
GCR_H_min_2,5000,1,106,9.01547e-12,9.01547e-12,4.30896e-24,29,4.30695e-14,1.2490155e-12
GCR_H_min_2,5000,1,107,3.1995e-12,3.1995e-12,7.52158e-25,18,2.44848e-14,4.407264e-13
GCR_H_min_2,5000,1,108,3.99136e-12,3.99136e-12,8.12459e-25,25,1.70889e-14,4.2722249999999995e-13
GCR_H_min_2,5000,1,109,3.26965e-11,3.26965e-11,1.52169e-23,125,2.07356e-14,2.5919499999999997e-12
GCR_H_min_2,5000,1,110,0.0,0.0,0.0,0,0.0,0.0
GCR_H_min_2,5000,1,111,0.0,0.0,0.0,0,0.0,0.0
GCR_H_min_2,5000,1,112,0.0,0.0,0.0,0,0.0,0.0
GCR_H_min_2,5000,1,113,0.0,0.0,0.0,0,0.0,0.0
GCR_H_min_2,5000,1,114,0.0,0.0,0.0,0,0.0,0.0
GCR_H_min_2,5000,1,115,0.0,0.0,0.0,0,0.0,0.0
GCR_H_min_2,5000,1,116,9.6406e-12,9.6406e-12,2.61065e-24,51,1.7582e-14,8.966819999999999e-13
GCR_H_min_2,5000,1,117,1.21949e-11,1.21949e-11,7.3772e-24,68,3.3752e-14,2.295136e-12
GCR_H_min_2,5000,1,118,1.52671e-12,1.52671e-12,3.7258e-25,7,3.07069e-14,2.1494829999999999e-13
GCR_H_min_2,5000,1,119,1.26675e-11,1.26675e-11,7.95538e-24,49,4.46098e-14,2.1858801999999997e-12
GCR_H_min_2,5000,1,120,0.0,0.0,0.0,0,0.0,0.0
GCR_H_min_2,5000,1,121,0.0,0.0,0.0,0,0.0,0.0
GCR_H_min_2,5000,1,122,2.51359e-12,2.51359e-12,1.04572e-24,8,6.76061e-14,5.408488e-13
GCR_H_min_2,5000,1,123,1.29978e-12,1.29978e-12,3.02218e-25,9,3.98787e-14,3.5890829999999996e-13
GCR_H_min_2,5000,1,124,6.09201e-13,6.09201e-13,9.97663e-26,5,3.57359e-14,1.7867950000000002e-13
GCR_H_min_2,5000,1,125,4.17779e-12,4.17779e-12,1.9276e-24,18,5.59512e-14,1.0071216e-12
GCR_H_min_2,5000,1,126,0.0,0.0,0.0,0,0.0,0.0
GCR_H_min_2,5000,1,127,0.0,0.0,0.0,0,0.0,0.0
GCR_H_min_2,5000,1,128,0.0,0.0,0.0,0,0.0,0.0
GCR_H_min_2,5000,1,129,0.0,0.0,0.0,0,0.0,0.0
GCR_H_min_2,5000,1,130,0.0,0.0,0.0,0,0.0,0.0
GCR_H_min_2,5000,1,131,0.0,0.0,0.0,0,0.0,0.0
GCR_H_min_2,5000,1,132,0.0,0.0,0.0,0,0.0,0.0
GCR_H_min_2,5000,1,133,0.0,0.0,0.0,0,0.0,0.0
GCR_H_min_2,5000,1,134,0.0,0.0,0.0,0,0.0,0.0
GCR_H_min_2,5000,1,135,0.0,0.0,0.0,0,0.0,0.0
GCR_H_min_2,5000,1,136,0.0,0.0,0.0,0,0.0,0.0
GCR_H_min_2,5000,1,137,0.0,0.0,0.0,0,0.0,0.0
GCR_H_min_2,5000,1,138,0.0,0.0,0.0,0,0.0,0.0
GCR_H_min_2,5000,1,139,0.0,0.0,0.0,0,0.0,0.0
GCR_H_min_2,5000,1,140,3.40583e-16,3.40583e-16,1.15997e-31,1,0.0,0.0
GCR_H_min_2,5000,1,141,0.0,0.0,0.0,0,0.0,0.0
GCR_H_min_2,5000,2,0,6.55693e-13,6.55693e-13,3.36925e-28,4615,3.38346e-18,1.56146679e-14
GCR_H_min_2,5000,2,1,0.0,0.0,0.0,0,0.0,0.0
GCR_H_min_2,5000,2,2,0.0,0.0,0.0,0,0.0,0.0
GCR_H_min_2,5000,2,3,0.0,0.0,0.0,0,0.0,0.0
GCR_H_min_2,5000,2,4,0.0,0.0,0.0,0,0.0,0.0
GCR_H_min_2,5000,2,5,0.0,0.0,0.0,0,0.0,0.0
GCR_H_min_2,5000,2,6,0.0,0.0,0.0,0,0.0,0.0
GCR_H_min_2,5000,2,7,0.0,0.0,0.0,0,0.0,0.0
GCR_H_min_2,5000,2,8,0.0,0.0,0.0,0,0.0,0.0
GCR_H_min_2,5000,2,9,0.0,0.0,0.0,0,0.0,0.0
GCR_H_min_2,5000,2,10,1.20064e-12,1.20064e-12,2.72945e-25,13,3.22308e-14,4.190004e-13
GCR_H_min_2,5000,2,11,0.0,0.0,0.0,0,0.0,0.0
GCR_H_min_2,5000,2,12,0.0,0.0,0.0,0,0.0,0.0
GCR_H_min_2,5000,2,13,0.0,0.0,0.0,0,0.0,0.0
GCR_H_min_2,5000,2,14,0.0,0.0,0.0,0,0.0,0.0
GCR_H_min_2,5000,2,15,0.0,0.0,0.0,0,0.0,0.0
GCR_H_min_2,5000,2,16,0.0,0.0,0.0,0,0.0,0.0
GCR_H_min_2,5000,2,17,0.0,0.0,0.0,0,0.0,0.0
GCR_H_min_2,5000,2,18,0.0,0.0,0.0,0,0.0,0.0
GCR_H_min_2,5000,2,19,4.45486e-12,4.45486e-12,3.74641e-24,6,1.20939e-13,7.256339999999999e-13
GCR_H_min_2,5000,2,20,0.0,0.0,0.0,0,0.0,0.0
GCR_H_min_2,5000,2,21,0.0,0.0,0.0,0,0.0,0.0
GCR_H_min_2,5000,2,22,0.0,0.0,0.0,0,0.0,0.0
GCR_H_min_2,5000,2,23,0.0,0.0,0.0,0,0.0,0.0
GCR_H_min_2,5000,2,24,1.37461e-12,1.37461e-12,3.63151e-25,9,4.61282e-14,4.151538e-13
GCR_H_min_2,5000,2,25,2.7703e-12,2.7703e-12,6.46235e-25,15,2.53168e-14,3.79752e-13
GCR_H_min_2,5000,2,26,1.3041e-12,1.3041e-12,5.81647e-25,4,1.14191e-13,4.56764e-13
GCR_H_min_2,5000,2,27,2.57641e-12,2.57641e-12,9.62259e-25,10,5.75877e-14,5.75877e-13
GCR_H_min_2,5000,2,28,0.0,0.0,0.0,0,0.0,0.0
GCR_H_min_2,5000,2,29,0.0,0.0,0.0,0,0.0,0.0
GCR_H_min_2,5000,2,30,0.0,0.0,0.0,0,0.0,0.0
GCR_H_min_2,5000,2,31,0.0,0.0,0.0,0,0.0,0.0
GCR_H_min_2,5000,2,32,0.0,0.0,0.0,0,0.0,0.0
GCR_H_min_2,5000,2,33,0.0,0.0,0.0,0,0.0,0.0
GCR_H_min_2,5000,2,34,2.80473e-12,2.80473e-12,8.03407e-25,12,3.3469e-14,4.01628e-13
GCR_H_min_2,5000,2,35,1.17359e-12,1.17359e-12,2.13649e-25,7,2.00525e-14,1.403675e-13
GCR_H_min_2,5000,2,36,0.0,0.0,0.0,0,0.0,0.0
GCR_H_min_2,5000,2,37,9.66364e-13,9.66364e-13,3.44155e-25,4,9.60427e-14,3.841708e-13
GCR_H_min_2,5000,2,38,5.5073e-12,5.5073e-12,1.35323e-24,30,1.9833e-14,5.9499e-13
GCR_H_min_2,5000,2,39,0.0,0.0,0.0,0,0.0,0.0
GCR_H_min_2,5000,2,40,0.0,0.0,0.0,0,0.0,0.0
GCR_H_min_2,5000,2,41,0.0,0.0,0.0,0,0.0,0.0
GCR_H_min_2,5000,2,42,0.0,0.0,0.0,0,0.0,0.0
GCR_H_min_2,5000,2,43,1.83862e-12,1.83862e-12,2.59263e-24,6,2.60077e-13,1.5604620000000001e-12
GCR_H_min_2,5000,2,44,2.18085e-12,2.18085e-12,3.09027e-24,17,1.0165e-13,1.72805e-12
GCR_H_min_2,5000,2,45,5.04227e-12,5.04227e-12,2.46094e-24,14,5.95265e-14,8.33371e-13
GCR_H_min_2,5000,2,46,8.17442e-12,8.17442e-12,2.14639e-24,44,1.82149e-14,8.014556e-13
GCR_H_min_2,5000,2,47,0.0,0.0,0.0,0,0.0,0.0
GCR_H_min_2,5000,2,48,0.0,0.0,0.0,0,0.0,0.0
GCR_H_min_2,5000,2,49,2.30173e-12,2.30173e-12,7.32014e-25,11,4.77094e-14,5.248034e-13
GCR_H_min_2,5000,2,50,1.5413e-12,1.5413e-12,3.65738e-25,20,2.54929e-14,5.09858e-13
GCR_H_min_2,5000,2,51,0.0,0.0,0.0,0,0.0,0.0
GCR_H_min_2,5000,2,52,0.0,0.0,0.0,0,0.0,0.0
GCR_H_min_2,5000,2,53,0.0,0.0,0.0,0,0.0,0.0
GCR_H_min_2,5000,2,54,0.0,0.0,0.0,0,0.0,0.0
GCR_H_min_2,5000,2,55,0.0,0.0,0.0,0,0.0,0.0
GCR_H_min_2,5000,2,56,0.0,0.0,0.0,0,0.0,0.0
GCR_H_min_2,5000,2,57,0.0,0.0,0.0,0,0.0,0.0
GCR_H_min_2,5000,2,58,4.72002e-13,4.72002e-13,1.27613e-25,2,9.00553e-14,1.801106e-13
GCR_H_min_2,5000,2,59,0.0,0.0,0.0,0,0.0,0.0
GCR_H_min_2,5000,2,60,2.88917e-13,2.88917e-13,4.82843e-26,2,5.72182e-14,1.144364e-13
GCR_H_min_2,5000,2,61,8.49092e-12,8.49092e-12,2.28152e-24,41,1.78593e-14,7.322312999999999e-13
GCR_H_min_2,5000,2,62,0.0,0.0,0.0,0,0.0,0.0
GCR_H_min_2,5000,2,63,0.0,0.0,0.0,0,0.0,0.0
GCR_H_min_2,5000,2,64,0.0,0.0,0.0,0,0.0,0.0
GCR_H_min_2,5000,2,65,0.0,0.0,0.0,0,0.0,0.0
GCR_H_min_2,5000,2,66,0.0,0.0,0.0,0,0.0,0.0
GCR_H_min_2,5000,2,67,0.0,0.0,0.0,0,0.0,0.0
GCR_H_min_2,5000,2,68,0.0,0.0,0.0,0,0.0,0.0
GCR_H_min_2,5000,2,69,0.0,0.0,0.0,0,0.0,0.0
GCR_H_min_2,5000,2,70,0.0,0.0,0.0,0,0.0,0.0
GCR_H_min_2,5000,2,71,0.0,0.0,0.0,0,0.0,0.0
GCR_H_min_2,5000,2,72,1.5696e-20,1.5696e-20,2.46366e-40,1,0.0,0.0
GCR_H_min_2,5000,2,73,0.0,0.0,0.0,0,0.0,0.0
GCR_H_min_2,5000,2,74,0.0,0.0,0.0,0,0.0,0.0
GCR_H_min_2,5000,2,75,0.0,0.0,0.0,0,0.0,0.0
GCR_H_min_2,5000,2,76,0.0,0.0,0.0,0,0.0,0.0
GCR_H_min_2,5000,2,77,0.0,0.0,0.0,0,0.0,0.0
GCR_H_min_2,5000,2,78,0.0,0.0,0.0,0,0.0,0.0
GCR_H_min_2,5000,2,79,0.0,0.0,0.0,0,0.0,0.0
GCR_H_min_2,5000,2,80,0.0,0.0,0.0,0,0.0,0.0
GCR_H_min_2,5000,2,81,0.0,0.0,0.0,0,0.0,0.0
GCR_H_min_2,5000,2,82,0.0,0.0,0.0,0,0.0,0.0
GCR_H_min_2,5000,2,83,0.0,0.0,0.0,0,0.0,0.0
GCR_H_min_2,5000,2,84,0.0,0.0,0.0,0,0.0,0.0
GCR_H_min_2,5000,2,85,0.0,0.0,0.0,0,0.0,0.0
GCR_H_min_2,5000,2,86,0.0,0.0,0.0,0,0.0,0.0
GCR_H_min_2,5000,2,87,4.73898e-19,4.73898e-19,9.73604e-38,8,3.51751e-20,2.814008e-19
GCR_H_min_2,5000,2,88,6.46194e-21,6.46194e-21,4.17567e-41,1,0.0,0.0
GCR_H_min_2,5000,2,89,0.0,0.0,0.0,0,0.0,0.0
GCR_H_min_2,5000,2,90,0.0,0.0,0.0,0,0.0,0.0
GCR_H_min_2,5000,2,91,0.0,0.0,0.0,0,0.0,0.0
GCR_H_min_2,5000,2,92,0.0,0.0,0.0,0,0.0,0.0
GCR_H_min_2,5000,2,93,0.0,0.0,0.0,0,0.0,0.0
GCR_H_min_2,5000,2,94,0.0,0.0,0.0,0,0.0,0.0
GCR_H_min_2,5000,2,95,2.67763e-13,2.67763e-13,4.24335e-26,23,8.81476e-15,2.0273948000000002e-13
GCR_H_min_2,5000,2,96,1.15923e-13,1.15923e-13,8.29555e-27,5,1.67451e-14,8.37255e-14
GCR_H_min_2,5000,2,97,2.11989e-20,2.11989e-20,2.11519e-40,3,3.2073e-21,9.6219e-21
GCR_H_min_2,5000,2,98,2.15783e-12,2.15783e-12,7.2479e-25,19,3.74527e-14,7.116013000000001e-13
GCR_H_min_2,5000,2,99,7.51725e-12,7.51725e-12,1.14058e-24,125,6.6648e-15,8.331e-13
GCR_H_min_2,5000,2,100,0.0,0.0,0.0,0,0.0,0.0
GCR_H_min_2,5000,2,101,1.90437e-13,1.90437e-13,3.62661e-26,1,0.0,0.0
GCR_H_min_2,5000,2,102,0.0,0.0,0.0,0,0.0,0.0
GCR_H_min_2,5000,2,103,3.65172e-14,3.65172e-14,1.33348e-27,4,9.12919e-15,3.651676e-14
GCR_H_min_2,5000,2,104,0.0,0.0,0.0,0,0.0,0.0
GCR_H_min_2,5000,2,105,0.0,0.0,0.0,0,0.0,0.0
GCR_H_min_2,5000,2,106,1.1737e-11,1.1737e-11,9.02697e-24,28,7.37063e-14,2.0637764000000003e-12
GCR_H_min_2,5000,2,107,8.09649e-11,8.09649e-11,5.27767e-23,298,1.86484e-14,5.5572231999999994e-12
GCR_H_min_2,5000,2,108,1.95306e-11,1.95306e-11,1.79888e-23,49,6.58674e-14,3.2275026e-12
GCR_H_min_2,5000,2,109,8.49706e-12,8.49706e-12,1.80077e-24,60,1.29911e-14,7.794659999999999e-13
GCR_H_min_2,5000,2,110,4.3553e-20,4.3553e-20,4.08188e-40,6,1.75161e-21,1.0509660000000001e-20
GCR_H_min_2,5000,2,111,0.0,0.0,0.0,0,0.0,0.0
GCR_H_min_2,5000,2,112,0.0,0.0,0.0,0,0.0,0.0
GCR_H_min_2,5000,2,113,0.0,0.0,0.0,0,0.0,0.0
GCR_H_min_2,5000,2,114,0.0,0.0,0.0,0,0.0,0.0
GCR_H_min_2,5000,2,115,0.0,0.0,0.0,0,0.0,0.0
GCR_H_min_2,5000,2,116,3.79092e-12,3.79092e-12,1.18165e-24,18,3.53905e-14,6.37029e-13
GCR_H_min_2,5000,2,117,2.98524e-11,2.98524e-11,5.48058e-23,117,5.89655e-14,6.8989635e-12
GCR_H_min_2,5000,2,118,4.70873e-12,4.70873e-12,2.24401e-24,15,6.03903e-14,9.058545000000001e-13
GCR_H_min_2,5000,2,119,1.05722e-11,1.05722e-11,9.58079e-24,34,7.48938e-14,2.5463892e-12
GCR_H_min_2,5000,2,120,0.0,0.0,0.0,0,0.0,0.0
GCR_H_min_2,5000,2,121,0.0,0.0,0.0,0,0.0,0.0
GCR_H_min_2,5000,2,122,6.01342e-13,6.01342e-13,1.39114e-25,3,5.56425e-14,1.669275e-13
GCR_H_min_2,5000,2,123,5.55031e-12,5.55031e-12,1.19927e-24,27,9.11382e-15,2.4607314e-13
GCR_H_min_2,5000,2,124,1.85189e-12,1.85189e-12,7.5383e-25,6,7.79415e-14,4.67649e-13
GCR_H_min_2,5000,2,125,2.52285e-12,2.52285e-12,6.00633e-25,15,2.89756e-14,4.3463399999999997e-13
GCR_H_min_2,5000,2,126,0.0,0.0,0.0,0,0.0,0.0
GCR_H_min_2,5000,2,127,0.0,0.0,0.0,0,0.0,0.0
GCR_H_min_2,5000,2,128,0.0,0.0,0.0,0,0.0,0.0
GCR_H_min_2,5000,2,129,0.0,0.0,0.0,0,0.0,0.0
GCR_H_min_2,5000,2,130,0.0,0.0,0.0,0,0.0,0.0
GCR_H_min_2,5000,2,131,1.04896e-12,1.04896e-12,2.06152e-25,6,2.75473e-14,1.652838e-13
GCR_H_min_2,5000,2,132,0.0,0.0,0.0,0,0.0,0.0
GCR_H_min_2,5000,2,133,0.0,0.0,0.0,0,0.0,0.0
GCR_H_min_2,5000,2,134,0.0,0.0,0.0,0,0.0,0.0
GCR_H_min_2,5000,2,135,0.0,0.0,0.0,0,0.0,0.0
GCR_H_min_2,5000,2,136,0.0,0.0,0.0,0,0.0,0.0
GCR_H_min_2,5000,2,137,0.0,0.0,0.0,0,0.0,0.0
GCR_H_min_2,5000,2,138,0.0,0.0,0.0,0,0.0,0.0
GCR_H_min_2,5000,2,139,0.0,0.0,0.0,0,0.0,0.0
GCR_H_min_2,5000,2,140,0.0,0.0,0.0,0,0.0,0.0
GCR_H_min_2,5000,2,141,0.0,0.0,0.0,0,0.0,0.0
GCR_H_min_2,10000,0,0,1.82583e-12,1.82583e-12,1.07414e-26,7534,1.34709e-17,1.014897606e-13
GCR_H_min_2,10000,0,1,0.0,0.0,0.0,0,0.0,0.0
GCR_H_min_2,10000,0,2,3.42685e-14,3.42685e-14,1.17433e-27,1,0.0,0.0
GCR_H_min_2,10000,0,3,6.30559e-13,6.30559e-13,1.37202e-25,3,2.78898e-14,8.366939999999999e-14
GCR_H_min_2,10000,0,4,5.2448e-13,5.2448e-13,8.37014e-26,4,3.52745e-14,1.41098e-13
GCR_H_min_2,10000,0,5,3.99067e-12,3.99067e-12,6.31779e-24,4,4.41251e-13,1.765004e-12
GCR_H_min_2,10000,0,6,5.10684e-13,5.10684e-13,1.00093e-25,3,4.68332e-14,1.404996e-13
GCR_H_min_2,10000,0,7,0.0,0.0,0.0,0,0.0,0.0
GCR_H_min_2,10000,0,8,0.0,0.0,0.0,0,0.0,0.0
GCR_H_min_2,10000,0,9,0.0,0.0,0.0,0,0.0,0.0
GCR_H_min_2,10000,0,10,2.00732e-12,2.00732e-12,4.02934e-24,3,6.69107e-13,2.007321e-12
GCR_H_min_2,10000,0,11,0.0,0.0,0.0,0,0.0,0.0
GCR_H_min_2,10000,0,12,0.0,0.0,0.0,0,0.0,0.0
GCR_H_min_2,10000,0,13,0.0,0.0,0.0,0,0.0,0.0
GCR_H_min_2,10000,0,14,0.0,0.0,0.0,0,0.0,0.0
GCR_H_min_2,10000,0,15,0.0,0.0,0.0,0,0.0,0.0
GCR_H_min_2,10000,0,16,6.59001e-13,6.59001e-13,2.2898e-25,2,7.69386e-14,1.538772e-13
GCR_H_min_2,10000,0,17,5.60766e-13,5.60766e-13,1.16383e-25,4,5.61011e-14,2.244044e-13
GCR_H_min_2,10000,0,18,0.0,0.0,0.0,0,0.0,0.0
GCR_H_min_2,10000,0,19,5.06385e-13,5.06385e-13,2.56426e-25,1,0.0,0.0
GCR_H_min_2,10000,0,20,3.58144e-12,3.58144e-12,7.52476e-25,21,1.83665e-14,3.856965e-13
GCR_H_min_2,10000,0,21,0.0,0.0,0.0,0,0.0,0.0
GCR_H_min_2,10000,0,22,0.0,0.0,0.0,0,0.0,0.0
GCR_H_min_2,10000,0,23,0.0,0.0,0.0,0,0.0,0.0
GCR_H_min_2,10000,0,24,0.0,0.0,0.0,0,0.0,0.0
GCR_H_min_2,10000,0,25,0.0,0.0,0.0,0,0.0,0.0
GCR_H_min_2,10000,0,26,1.82668e-11,1.82668e-11,1.30479e-23,46,5.2906e-14,2.433676e-12
GCR_H_min_2,10000,0,27,1.22818e-11,1.22818e-11,1.38631e-23,38,8.38848e-14,3.1876224e-12
GCR_H_min_2,10000,0,28,0.0,0.0,0.0,0,0.0,0.0
GCR_H_min_2,10000,0,29,0.0,0.0,0.0,0,0.0,0.0
GCR_H_min_2,10000,0,30,0.0,0.0,0.0,0,0.0,0.0
GCR_H_min_2,10000,0,31,1.19049e-12,1.19049e-12,3.18904e-25,5,4.21017e-14,2.1050850000000002e-13
GCR_H_min_2,10000,0,32,6.12878e-12,6.12878e-12,1.5358e-24,33,1.9403e-14,6.40299e-13
GCR_H_min_2,10000,0,33,0.0,0.0,0.0,0,0.0,0.0
GCR_H_min_2,10000,0,34,3.80601e-13,3.80601e-13,9.61171e-26,3,8.92855e-14,2.6785650000000003e-13
GCR_H_min_2,10000,0,35,2.19437e-13,2.19437e-13,2.09553e-26,3,2.859e-14,8.577e-14
GCR_H_min_2,10000,0,36,0.0,0.0,0.0,0,0.0,0.0
GCR_H_min_2,10000,0,37,0.0,0.0,0.0,0,0.0,0.0
GCR_H_min_2,10000,0,38,0.0,0.0,0.0,0,0.0,0.0
GCR_H_min_2,10000,0,39,4.97907e-13,4.97907e-13,1.24055e-25,2,7.03569e-15,1.407138e-14
GCR_H_min_2,10000,0,40,2.80989e-13,2.80989e-13,7.89546e-26,1,0.0,0.0
GCR_H_min_2,10000,0,41,0.0,0.0,0.0,0,0.0,0.0
GCR_H_min_2,10000,0,42,0.0,0.0,0.0,0,0.0,0.0
GCR_H_min_2,10000,0,43,1.13659e-14,1.13659e-14,1.29184e-28,1,0.0,0.0
GCR_H_min_2,10000,0,44,1.1278e-12,1.1278e-12,2.50393e-25,8,4.03998e-14,3.231984e-13
GCR_H_min_2,10000,0,45,3.64171e-12,3.64171e-12,2.13348e-24,10,9.47089e-14,9.47089e-13
GCR_H_min_2,10000,0,46,1.91968e-12,1.91968e-12,7.31272e-25,8,6.95168e-14,5.561344e-13
GCR_H_min_2,10000,0,47,0.0,0.0,0.0,0,0.0,0.0
GCR_H_min_2,10000,0,48,0.0,0.0,0.0,0,0.0,0.0
GCR_H_min_2,10000,0,49,0.0,0.0,0.0,0,0.0,0.0
GCR_H_min_2,10000,0,50,0.0,0.0,0.0,0,0.0,0.0
GCR_H_min_2,10000,0,51,2.97853e-13,2.97853e-13,8.87165e-26,1,0.0,0.0
GCR_H_min_2,10000,0,52,3.84142e-12,3.84142e-12,7.78491e-24,4,5.84222e-13,2.336888e-12
GCR_H_min_2,10000,0,53,0.0,0.0,0.0,0,0.0,0.0
GCR_H_min_2,10000,0,54,0.0,0.0,0.0,0,0.0,0.0
GCR_H_min_2,10000,0,55,0.0,0.0,0.0,0,0.0,0.0
GCR_H_min_2,10000,0,56,4.23164e-12,4.23164e-12,1.19026e-24,17,2.24357e-14,3.814069e-13
GCR_H_min_2,10000,0,57,3.31131e-13,3.31131e-13,4.33726e-26,3,3.37226e-14,1.011678e-13
GCR_H_min_2,10000,0,58,0.0,0.0,0.0,0,0.0,0.0
GCR_H_min_2,10000,0,59,0.0,0.0,0.0,0,0.0,0.0
GCR_H_min_2,10000,0,60,0.0,0.0,0.0,0,0.0,0.0
GCR_H_min_2,10000,0,61,2.35846e-11,2.35846e-11,7.28174e-24,106,1.35193e-14,1.4330458e-12
GCR_H_min_2,10000,0,62,0.0,0.0,0.0,0,0.0,0.0
GCR_H_min_2,10000,0,63,0.0,0.0,0.0,0,0.0,0.0
GCR_H_min_2,10000,0,64,0.0,0.0,0.0,0,0.0,0.0
GCR_H_min_2,10000,0,65,0.0,0.0,0.0,0,0.0,0.0
GCR_H_min_2,10000,0,66,0.0,0.0,0.0,0,0.0,0.0
GCR_H_min_2,10000,0,67,0.0,0.0,0.0,0,0.0,0.0
GCR_H_min_2,10000,0,68,0.0,0.0,0.0,0,0.0,0.0
GCR_H_min_2,10000,0,69,0.0,0.0,0.0,0,0.0,0.0
GCR_H_min_2,10000,0,70,1.56378e-19,1.56378e-19,1.63042e-38,4,2.91415e-20,1.16566e-19
GCR_H_min_2,10000,0,71,3.54902e-14,3.54902e-14,1.25952e-27,9,3.94329e-15,3.548961e-14
GCR_H_min_2,10000,0,72,4.06098e-12,4.06098e-12,6.18845e-24,5,3.80141e-13,1.9007050000000002e-12
GCR_H_min_2,10000,0,73,1.01607e-11,1.01607e-11,4.61405e-24,33,3.75075e-14,1.2377475e-12
GCR_H_min_2,10000,0,74,3.67955e-13,3.67955e-13,9.94552e-26,2,1.26015e-13,2.5203e-13
GCR_H_min_2,10000,0,75,8.60562e-19,8.60562e-19,7.40567e-37,1,0.0,0.0
GCR_H_min_2,10000,0,76,0.0,0.0,0.0,0,0.0,0.0
GCR_H_min_2,10000,0,77,0.0,0.0,0.0,0,0.0,0.0
GCR_H_min_2,10000,0,78,8.86014e-13,8.86014e-13,1.93861e-25,5,4.29285e-14,2.1464249999999999e-13
GCR_H_min_2,10000,0,79,1.17848e-12,1.17848e-12,2.56419e-25,7,3.71666e-14,2.601662e-13
GCR_H_min_2,10000,0,80,0.0,0.0,0.0,0,0.0,0.0
GCR_H_min_2,10000,0,81,0.0,0.0,0.0,0,0.0,0.0
GCR_H_min_2,10000,0,82,5.73111e-14,5.73111e-14,3.28456e-27,1,0.0,0.0
GCR_H_min_2,10000,0,83,1.98096e-12,1.98096e-12,3.97015e-25,13,2.46975e-14,3.210675e-13
GCR_H_min_2,10000,0,84,0.0,0.0,0.0,0,0.0,0.0
GCR_H_min_2,10000,0,85,0.0,0.0,0.0,0,0.0,0.0
GCR_H_min_2,10000,0,86,8.10272e-16,8.10272e-16,6.56541e-31,1,0.0,0.0
GCR_H_min_2,10000,0,87,7.85538e-12,7.85538e-12,1.96433e-24,40,1.64406e-14,6.57624e-13
GCR_H_min_2,10000,0,88,5.67306e-12,5.67306e-12,1.41685e-24,30,1.98865e-14,5.96595e-13
GCR_H_min_2,10000,0,89,2.53469e-12,2.53469e-12,5.89759e-25,15,2.77273e-14,4.159095e-13
GCR_H_min_2,10000,0,90,1.52103e-12,1.52103e-12,3.71763e-25,7,3.1342e-14,2.1939400000000002e-13
GCR_H_min_2,10000,0,91,0.0,0.0,0.0,0,0.0,0.0
GCR_H_min_2,10000,0,92,0.0,0.0,0.0,0,0.0,0.0
GCR_H_min_2,10000,0,93,0.0,0.0,0.0,0,0.0,0.0
GCR_H_min_2,10000,0,94,0.0,0.0,0.0,0,0.0,0.0
GCR_H_min_2,10000,0,95,2.02032e-11,2.02032e-11,1.1697e-23,103,2.71325e-14,2.7946475e-12
GCR_H_min_2,10000,0,96,0.0,0.0,0.0,0,0.0,0.0
GCR_H_min_2,10000,0,97,7.68951e-12,7.68951e-12,3.23296e-24,35,3.60155e-14,1.2605425e-12
GCR_H_min_2,10000,0,98,0.0,0.0,0.0,0,0.0,0.0
GCR_H_min_2,10000,0,99,2.90422e-12,2.90422e-12,2.79987e-25,36,6.02219e-15,2.1679884e-13
GCR_H_min_2,10000,0,100,0.0,0.0,0.0,0,0.0,0.0
GCR_H_min_2,10000,0,101,0.0,0.0,0.0,0,0.0,0.0
GCR_H_min_2,10000,0,102,0.0,0.0,0.0,0,0.0,0.0
GCR_H_min_2,10000,0,103,1.62538e-13,1.62538e-13,2.64185e-26,2,8.12689e-14,1.625378e-13
GCR_H_min_2,10000,0,104,0.0,0.0,0.0,0,0.0,0.0
GCR_H_min_2,10000,0,105,0.0,0.0,0.0,0,0.0,0.0
GCR_H_min_2,10000,0,106,2.04422e-11,2.04422e-11,1.86998e-23,60,5.75759e-14,3.454554e-12
GCR_H_min_2,10000,0,107,9.571e-11,9.571e-11,5.82688e-23,375,1.55335e-14,5.8250625e-12
GCR_H_min_2,10000,0,108,2.55025e-12,2.55025e-12,5.96613e-25,15,2.78626e-14,4.17939e-13
GCR_H_min_2,10000,0,109,8.71533e-11,8.71533e-11,3.85024e-23,365,1.15397e-14,4.2119904999999996e-12
GCR_H_min_2,10000,0,110,0.0,0.0,0.0,0,0.0,0.0
GCR_H_min_2,10000,0,111,0.0,0.0,0.0,0,0.0,0.0
GCR_H_min_2,10000,0,112,0.0,0.0,0.0,0,0.0,0.0
GCR_H_min_2,10000,0,113,1.46331e-20,1.46331e-20,1.26716e-40,2,3.13473e-21,6.26946e-21
GCR_H_min_2,10000,0,114,0.0,0.0,0.0,0,0.0,0.0
GCR_H_min_2,10000,0,115,0.0,0.0,0.0,0,0.0,0.0
GCR_H_min_2,10000,0,116,2.69552e-11,2.69552e-11,1.68955e-23,118,2.78886e-14,3.2908548000000002e-12
GCR_H_min_2,10000,0,117,6.06069e-11,6.06069e-11,2.51711e-23,290,1.2215e-14,3.54235e-12
GCR_H_min_2,10000,0,118,2.47659e-12,2.47659e-12,6.03102e-25,15,3.04101e-14,4.561515e-13
GCR_H_min_2,10000,0,119,4.54771e-11,4.54771e-11,1.70673e-23,225,1.25004e-14,2.81259e-12
GCR_H_min_2,10000,0,120,0.0,0.0,0.0,0,0.0,0.0
GCR_H_min_2,10000,0,121,0.0,0.0,0.0,0,0.0,0.0
GCR_H_min_2,10000,0,122,7.17694e-12,7.17694e-12,6.05578e-24,25,8.16032e-14,2.0400800000000003e-12
GCR_H_min_2,10000,0,123,5.34708e-12,5.34708e-12,1.83069e-24,29,3.22548e-14,9.353892e-13
GCR_H_min_2,10000,0,124,5.86529e-13,5.86529e-13,1.52975e-25,4,7.47057e-14,2.988228e-13
GCR_H_min_2,10000,0,125,7.07383e-12,7.07383e-12,2.46291e-24,33,2.99396e-14,9.880068e-13
GCR_H_min_2,10000,0,126,0.0,0.0,0.0,0,0.0,0.0
GCR_H_min_2,10000,0,127,0.0,0.0,0.0,0,0.0,0.0
GCR_H_min_2,10000,0,128,4.56527e-12,4.56527e-12,2.1185e-24,14,5.88257e-14,8.235598000000001e-13
GCR_H_min_2,10000,0,129,0.0,0.0,0.0,0,0.0,0.0
GCR_H_min_2,10000,0,130,0.0,0.0,0.0,0,0.0,0.0
GCR_H_min_2,10000,0,131,0.0,0.0,0.0,0,0.0,0.0
GCR_H_min_2,10000,0,132,0.0,0.0,0.0,0,0.0,0.0
GCR_H_min_2,10000,0,133,1.27433e-12,1.27433e-12,8.68297e-25,2,1.67841e-13,3.35682e-13
GCR_H_min_2,10000,0,134,0.0,0.0,0.0,0,0.0,0.0
GCR_H_min_2,10000,0,135,0.0,0.0,0.0,0,0.0,0.0
GCR_H_min_2,10000,0,136,0.0,0.0,0.0,0,0.0,0.0
GCR_H_min_2,10000,0,137,0.0,0.0,0.0,0,0.0,0.0
GCR_H_min_2,10000,0,138,0.0,0.0,0.0,0,0.0,0.0
GCR_H_min_2,10000,0,139,0.0,0.0,0.0,0,0.0,0.0
GCR_H_min_2,10000,0,140,3.30202e-15,3.30202e-15,6.76205e-31,28,1.94773e-17,5.453644e-16
GCR_H_min_2,10000,0,141,0.0,0.0,0.0,0,0.0,0.0
GCR_H_min_2,10000,1,0,1.08655e-12,1.08655e-12,5.66294e-28,7505,2.69484e-18,2.02247742e-14
GCR_H_min_2,10000,1,1,0.0,0.0,0.0,0,0.0,0.0
GCR_H_min_2,10000,1,2,0.0,0.0,0.0,0,0.0,0.0
GCR_H_min_2,10000,1,3,0.0,0.0,0.0,0,0.0,0.0
GCR_H_min_2,10000,1,4,0.0,0.0,0.0,0,0.0,0.0
GCR_H_min_2,10000,1,5,0.0,0.0,0.0,0,0.0,0.0
GCR_H_min_2,10000,1,6,0.0,0.0,0.0,0,0.0,0.0
GCR_H_min_2,10000,1,7,0.0,0.0,0.0,0,0.0,0.0
GCR_H_min_2,10000,1,8,1.15779e-12,1.15779e-12,4.94785e-25,3,8.94054e-14,2.682162e-13
GCR_H_min_2,10000,1,9,0.0,0.0,0.0,0,0.0,0.0
GCR_H_min_2,10000,1,10,0.0,0.0,0.0,0,0.0,0.0
GCR_H_min_2,10000,1,11,0.0,0.0,0.0,0,0.0,0.0
GCR_H_min_2,10000,1,12,5.5032e-13,5.5032e-13,1.12639e-25,4,5.54719e-14,2.218876e-13
GCR_H_min_2,10000,1,13,0.0,0.0,0.0,0,0.0,0.0
GCR_H_min_2,10000,1,14,0.0,0.0,0.0,0,0.0,0.0
GCR_H_min_2,10000,1,15,0.0,0.0,0.0,0,0.0,0.0
GCR_H_min_2,10000,1,16,0.0,0.0,0.0,0,0.0,0.0
GCR_H_min_2,10000,1,17,0.0,0.0,0.0,0,0.0,0.0
GCR_H_min_2,10000,1,18,0.0,0.0,0.0,0,0.0,0.0
GCR_H_min_2,10000,1,19,0.0,0.0,0.0,0,0.0,0.0
GCR_H_min_2,10000,1,20,0.0,0.0,0.0,0,0.0,0.0
GCR_H_min_2,10000,1,21,0.0,0.0,0.0,0,0.0,0.0
GCR_H_min_2,10000,1,22,3.80573e-12,3.80573e-12,3.69419e-24,6,2.0658e-13,1.2394799999999999e-12
GCR_H_min_2,10000,1,23,3.96178e-12,3.96178e-12,3.29932e-24,8,1.54536e-13,1.236288e-12
GCR_H_min_2,10000,1,24,0.0,0.0,0.0,0,0.0,0.0
GCR_H_min_2,10000,1,25,0.0,0.0,0.0,0,0.0,0.0
GCR_H_min_2,10000,1,26,0.0,0.0,0.0,0,0.0,0.0
GCR_H_min_2,10000,1,27,0.0,0.0,0.0,0,0.0,0.0
GCR_H_min_2,10000,1,28,2.40181e-12,2.40181e-12,1.01414e-24,6,4.19095e-14,2.51457e-13
GCR_H_min_2,10000,1,29,7.44302e-13,7.44302e-13,1.35564e-25,6,3.79616e-14,2.277696e-13
GCR_H_min_2,10000,1,30,0.0,0.0,0.0,0,0.0,0.0
GCR_H_min_2,10000,1,31,1.14028e-12,1.14028e-12,4.88019e-25,3,9.53984e-14,2.861952e-13
GCR_H_min_2,10000,1,32,8.76301e-13,8.76301e-13,2.4572e-25,5,6.78747e-14,3.393735e-13
GCR_H_min_2,10000,1,33,2.48025e-12,2.48025e-12,5.34831e-25,15,2.43704e-14,3.6555599999999997e-13
GCR_H_min_2,10000,1,34,6.3288e-12,6.3288e-12,8.73609e-24,8,2.58062e-13,2.064496e-12
GCR_H_min_2,10000,1,35,3.42236e-13,3.42236e-13,6.30462e-26,3,6.32513e-14,1.897539e-13
GCR_H_min_2,10000,1,36,0.0,0.0,0.0,0,0.0,0.0
GCR_H_min_2,10000,1,37,1.11562e-12,1.11562e-12,4.25206e-25,3,4.15077e-14,1.245231e-13
GCR_H_min_2,10000,1,38,1.51668e-12,1.51668e-12,3.5484e-25,7,2.49879e-14,1.749153e-13
GCR_H_min_2,10000,1,39,0.0,0.0,0.0,0,0.0,0.0
GCR_H_min_2,10000,1,40,0.0,0.0,0.0,0,0.0,0.0
GCR_H_min_2,10000,1,41,2.33733e-12,2.33733e-12,2.45481e-24,5,2.60978e-13,1.3048900000000001e-12
GCR_H_min_2,10000,1,42,4.5721e-12,4.5721e-12,4.36728e-24,11,1.49755e-13,1.6473050000000001e-12
GCR_H_min_2,10000,1,43,1.02212e-12,1.02212e-12,5.28608e-25,2,5.58556e-14,1.117112e-13
GCR_H_min_2,10000,1,44,9.78487e-13,9.78487e-13,2.68856e-25,4,4.95789e-14,1.983156e-13
GCR_H_min_2,10000,1,45,0.0,0.0,0.0,0,0.0,0.0
GCR_H_min_2,10000,1,46,0.0,0.0,0.0,0,0.0,0.0
GCR_H_min_2,10000,1,47,0.0,0.0,0.0,0,0.0,0.0
GCR_H_min_2,10000,1,48,0.0,0.0,0.0,0,0.0,0.0
GCR_H_min_2,10000,1,49,0.0,0.0,0.0,0,0.0,0.0
GCR_H_min_2,10000,1,50,0.0,0.0,0.0,0,0.0,0.0
GCR_H_min_2,10000,1,51,0.0,0.0,0.0,0,0.0,0.0
GCR_H_min_2,10000,1,52,0.0,0.0,0.0,0,0.0,0.0
GCR_H_min_2,10000,1,53,0.0,0.0,0.0,0,0.0,0.0
GCR_H_min_2,10000,1,54,0.0,0.0,0.0,0,0.0,0.0
GCR_H_min_2,10000,1,55,0.0,0.0,0.0,0,0.0,0.0
GCR_H_min_2,10000,1,56,0.0,0.0,0.0,0,0.0,0.0
GCR_H_min_2,10000,1,57,0.0,0.0,0.0,0,0.0,0.0
GCR_H_min_2,10000,1,58,0.0,0.0,0.0,0,0.0,0.0
GCR_H_min_2,10000,1,59,0.0,0.0,0.0,0,0.0,0.0
GCR_H_min_2,10000,1,60,0.0,0.0,0.0,0,0.0,0.0
GCR_H_min_2,10000,1,61,0.0,0.0,0.0,0,0.0,0.0
GCR_H_min_2,10000,1,62,0.0,0.0,0.0,0,0.0,0.0
GCR_H_min_2,10000,1,63,0.0,0.0,0.0,0,0.0,0.0
GCR_H_min_2,10000,1,64,0.0,0.0,0.0,0,0.0,0.0
GCR_H_min_2,10000,1,65,0.0,0.0,0.0,0,0.0,0.0
GCR_H_min_2,10000,1,66,0.0,0.0,0.0,0,0.0,0.0
GCR_H_min_2,10000,1,67,0.0,0.0,0.0,0,0.0,0.0
GCR_H_min_2,10000,1,68,0.0,0.0,0.0,0,0.0,0.0
GCR_H_min_2,10000,1,69,0.0,0.0,0.0,0,0.0,0.0
GCR_H_min_2,10000,1,70,0.0,0.0,0.0,0,0.0,0.0
GCR_H_min_2,10000,1,71,0.0,0.0,0.0,0,0.0,0.0
GCR_H_min_2,10000,1,72,0.0,0.0,0.0,0,0.0,0.0
GCR_H_min_2,10000,1,73,0.0,0.0,0.0,0,0.0,0.0
GCR_H_min_2,10000,1,74,2.95696e-12,2.95696e-12,8.68591e-25,13,3.54465e-14,4.608045e-13
GCR_H_min_2,10000,1,75,5.51842e-13,5.51842e-13,1.31915e-25,3,7.11868e-14,2.1356040000000003e-13
GCR_H_min_2,10000,1,76,0.0,0.0,0.0,0,0.0,0.0
GCR_H_min_2,10000,1,77,0.0,0.0,0.0,0,0.0,0.0
GCR_H_min_2,10000,1,78,0.0,0.0,0.0,0,0.0,0.0
GCR_H_min_2,10000,1,79,0.0,0.0,0.0,0,0.0,0.0
GCR_H_min_2,10000,1,80,0.0,0.0,0.0,0,0.0,0.0
GCR_H_min_2,10000,1,81,0.0,0.0,0.0,0,0.0,0.0
GCR_H_min_2,10000,1,82,0.0,0.0,0.0,0,0.0,0.0
GCR_H_min_2,10000,1,83,0.0,0.0,0.0,0,0.0,0.0
GCR_H_min_2,10000,1,84,3.88464e-12,3.88464e-12,2.50793e-24,8,1.05359e-13,8.42872e-13
GCR_H_min_2,10000,1,85,2.96005e-12,2.96005e-12,3.48218e-24,4,3.28089e-13,1.312356e-12
GCR_H_min_2,10000,1,86,0.0,0.0,0.0,0,0.0,0.0
GCR_H_min_2,10000,1,87,0.0,0.0,0.0,0,0.0,0.0
GCR_H_min_2,10000,1,88,0.0,0.0,0.0,0,0.0,0.0
GCR_H_min_2,10000,1,89,0.0,0.0,0.0,0,0.0,0.0
GCR_H_min_2,10000,1,90,0.0,0.0,0.0,0,0.0,0.0
GCR_H_min_2,10000,1,91,0.0,0.0,0.0,0,0.0,0.0
GCR_H_min_2,10000,1,92,0.0,0.0,0.0,0,0.0,0.0
GCR_H_min_2,10000,1,93,0.0,0.0,0.0,0,0.0,0.0
GCR_H_min_2,10000,1,94,0.0,0.0,0.0,0,0.0,0.0
GCR_H_min_2,10000,1,95,0.0,0.0,0.0,0,0.0,0.0
GCR_H_min_2,10000,1,96,0.0,0.0,0.0,0,0.0,0.0
GCR_H_min_2,10000,1,97,0.0,0.0,0.0,0,0.0,0.0
GCR_H_min_2,10000,1,98,0.0,0.0,0.0,0,0.0,0.0
GCR_H_min_2,10000,1,99,1.24004e-11,1.24004e-11,4.42208e-24,78,2.01999e-14,1.5755922e-12
GCR_H_min_2,10000,1,100,0.0,0.0,0.0,0,0.0,0.0
GCR_H_min_2,10000,1,101,0.0,0.0,0.0,0,0.0,0.0
GCR_H_min_2,10000,1,102,0.0,0.0,0.0,0,0.0,0.0
GCR_H_min_2,10000,1,103,0.0,0.0,0.0,0,0.0,0.0
GCR_H_min_2,10000,1,104,0.0,0.0,0.0,0,0.0,0.0
GCR_H_min_2,10000,1,105,0.0,0.0,0.0,0,0.0,0.0
GCR_H_min_2,10000,1,106,0.0,0.0,0.0,0,0.0,0.0
GCR_H_min_2,10000,1,107,5.95012e-11,5.95012e-11,1.87419e-23,273,8.81763e-15,2.40721299e-12
GCR_H_min_2,10000,1,108,2.97402e-12,2.97402e-12,1.41361e-24,9,7.73571e-14,6.962139e-13
GCR_H_min_2,10000,1,109,8.54284e-11,8.54284e-11,4.00301e-23,396,1.17514e-14,4.6535544e-12
GCR_H_min_2,10000,1,110,0.0,0.0,0.0,0,0.0,0.0
GCR_H_min_2,10000,1,111,0.0,0.0,0.0,0,0.0,0.0
GCR_H_min_2,10000,1,112,0.0,0.0,0.0,0,0.0,0.0
GCR_H_min_2,10000,1,113,0.0,0.0,0.0,0,0.0,0.0
GCR_H_min_2,10000,1,114,0.0,0.0,0.0,0,0.0,0.0
GCR_H_min_2,10000,1,115,0.0,0.0,0.0,0,0.0,0.0
GCR_H_min_2,10000,1,116,0.0,0.0,0.0,0,0.0,0.0
GCR_H_min_2,10000,1,117,4.66113e-11,4.66113e-11,2.51789e-23,201,1.89066e-14,3.800226600000001e-12
GCR_H_min_2,10000,1,118,1.38108e-11,1.38108e-11,1.10503e-23,54,5.12532e-14,2.7676728e-12
GCR_H_min_2,10000,1,119,4.92832e-11,4.92832e-11,3.45017e-23,196,2.40517e-14,4.7141332e-12
GCR_H_min_2,10000,1,120,0.0,0.0,0.0,0,0.0,0.0
GCR_H_min_2,10000,1,121,0.0,0.0,0.0,0,0.0,0.0
GCR_H_min_2,10000,1,122,1.02294e-13,1.02294e-13,1.04641e-26,1,0.0,0.0
GCR_H_min_2,10000,1,123,5.25361e-12,5.25361e-12,1.70252e-24,28,3.07919e-14,8.621732e-13
GCR_H_min_2,10000,1,124,4.07604e-12,4.07604e-12,2.97579e-24,15,9.43193e-14,1.4147895e-12
GCR_H_min_2,10000,1,125,9.77673e-12,9.77673e-12,2.71929e-24,57,1.80709e-14,1.0300413e-12
GCR_H_min_2,10000,1,126,0.0,0.0,0.0,0,0.0,0.0
GCR_H_min_2,10000,1,127,0.0,0.0,0.0,0,0.0,0.0
GCR_H_min_2,10000,1,128,0.0,0.0,0.0,0,0.0,0.0
GCR_H_min_2,10000,1,129,0.0,0.0,0.0,0,0.0,0.0
GCR_H_min_2,10000,1,130,0.0,0.0,0.0,0,0.0,0.0
GCR_H_min_2,10000,1,131,0.0,0.0,0.0,0,0.0,0.0
GCR_H_min_2,10000,1,132,0.0,0.0,0.0,0,0.0,0.0
GCR_H_min_2,10000,1,133,0.0,0.0,0.0,0,0.0,0.0
GCR_H_min_2,10000,1,134,0.0,0.0,0.0,0,0.0,0.0
GCR_H_min_2,10000,1,135,0.0,0.0,0.0,0,0.0,0.0
GCR_H_min_2,10000,1,136,0.0,0.0,0.0,0,0.0,0.0
GCR_H_min_2,10000,1,137,0.0,0.0,0.0,0,0.0,0.0
GCR_H_min_2,10000,1,138,0.0,0.0,0.0,0,0.0,0.0
GCR_H_min_2,10000,1,139,0.0,0.0,0.0,0,0.0,0.0
GCR_H_min_2,10000,1,140,0.0,0.0,0.0,0,0.0,0.0
GCR_H_min_2,10000,1,141,0.0,0.0,0.0,0,0.0,0.0
GCR_H_min_2,10000,2,0,2.34286e-12,2.34286e-12,2.16015e-27,10516,3.84904e-18,4.047650464e-14
GCR_H_min_2,10000,2,1,0.0,0.0,0.0,0,0.0,0.0
GCR_H_min_2,10000,2,2,0.0,0.0,0.0,0,0.0,0.0
GCR_H_min_2,10000,2,3,0.0,0.0,0.0,0,0.0,0.0
GCR_H_min_2,10000,2,4,0.0,0.0,0.0,0,0.0,0.0
GCR_H_min_2,10000,2,5,0.0,0.0,0.0,0,0.0,0.0
GCR_H_min_2,10000,2,6,0.0,0.0,0.0,0,0.0,0.0
GCR_H_min_2,10000,2,7,0.0,0.0,0.0,0,0.0,0.0
GCR_H_min_2,10000,2,8,0.0,0.0,0.0,0,0.0,0.0
GCR_H_min_2,10000,2,9,0.0,0.0,0.0,0,0.0,0.0
GCR_H_min_2,10000,2,10,1.00885e-12,1.00885e-12,4.69166e-25,3,1.47143e-13,4.41429e-13
GCR_H_min_2,10000,2,11,0.0,0.0,0.0,0,0.0,0.0
GCR_H_min_2,10000,2,12,0.0,0.0,0.0,0,0.0,0.0
GCR_H_min_2,10000,2,13,0.0,0.0,0.0,0,0.0,0.0
GCR_H_min_2,10000,2,14,0.0,0.0,0.0,0,0.0,0.0
GCR_H_min_2,10000,2,15,0.0,0.0,0.0,0,0.0,0.0
GCR_H_min_2,10000,2,16,0.0,0.0,0.0,0,0.0,0.0
GCR_H_min_2,10000,2,17,0.0,0.0,0.0,0,0.0,0.0
GCR_H_min_2,10000,2,18,0.0,0.0,0.0,0,0.0,0.0
GCR_H_min_2,10000,2,19,2.04496e-12,2.04496e-12,1.56878e-24,5,1.91365e-13,9.56825e-13
GCR_H_min_2,10000,2,20,7.18514e-12,7.18514e-12,6.29564e-24,20,9.88662e-14,1.977324e-12
GCR_H_min_2,10000,2,21,0.0,0.0,0.0,0,0.0,0.0
GCR_H_min_2,10000,2,22,0.0,0.0,0.0,0,0.0,0.0
GCR_H_min_2,10000,2,23,0.0,0.0,0.0,0,0.0,0.0
GCR_H_min_2,10000,2,24,0.0,0.0,0.0,0,0.0,0.0
GCR_H_min_2,10000,2,25,0.0,0.0,0.0,0,0.0,0.0
GCR_H_min_2,10000,2,26,3.03889e-15,3.03889e-15,7.65998e-30,2,1.2334e-15,2.4668e-15
GCR_H_min_2,10000,2,27,0.0,0.0,0.0,0,0.0,0.0
GCR_H_min_2,10000,2,28,0.0,0.0,0.0,0,0.0,0.0
GCR_H_min_2,10000,2,29,0.0,0.0,0.0,0,0.0,0.0
GCR_H_min_2,10000,2,30,0.0,0.0,0.0,0,0.0,0.0
GCR_H_min_2,10000,2,31,2.51498e-12,2.51498e-12,1.43026e-24,7,1.11981e-13,7.838670000000001e-13
GCR_H_min_2,10000,2,32,3.45316e-13,3.45316e-13,1.19243e-25,1,0.0,0.0
GCR_H_min_2,10000,2,33,0.0,0.0,0.0,0,0.0,0.0
GCR_H_min_2,10000,2,34,6.86256e-12,6.86256e-12,5.12284e-24,18,9.05045e-14,1.6290810000000001e-12
GCR_H_min_2,10000,2,35,1.97815e-13,1.97815e-13,3.91309e-26,2,9.89077e-14,1.978154e-13
GCR_H_min_2,10000,2,36,4.48778e-12,4.48778e-12,3.57933e-24,11,1.26074e-13,1.386814e-12
GCR_H_min_2,10000,2,37,8.61257e-13,8.61257e-13,3.75087e-25,2,4.58558e-14,9.17116e-14
GCR_H_min_2,10000,2,38,8.43419e-13,8.43419e-13,1.73764e-25,5,3.96816e-14,1.98408e-13
GCR_H_min_2,10000,2,39,0.0,0.0,0.0,0,0.0,0.0
GCR_H_min_2,10000,2,40,0.0,0.0,0.0,0,0.0,0.0
GCR_H_min_2,10000,2,41,0.0,0.0,0.0,0,0.0,0.0
GCR_H_min_2,10000,2,42,0.0,0.0,0.0,0,0.0,0.0
GCR_H_min_2,10000,2,43,0.0,0.0,0.0,0,0.0,0.0
GCR_H_min_2,10000,2,44,0.0,0.0,0.0,0,0.0,0.0
GCR_H_min_2,10000,2,45,0.0,0.0,0.0,0,0.0,0.0
GCR_H_min_2,10000,2,46,0.0,0.0,0.0,0,0.0,0.0
GCR_H_min_2,10000,2,47,0.0,0.0,0.0,0,0.0,0.0
GCR_H_min_2,10000,2,48,0.0,0.0,0.0,0,0.0,0.0
GCR_H_min_2,10000,2,49,2.0414e-12,2.0414e-12,7.38248e-25,6,3.81655e-14,2.28993e-13
GCR_H_min_2,10000,2,50,2.4823e-12,2.4823e-12,6.05181e-25,13,2.89997e-14,3.769961e-13
GCR_H_min_2,10000,2,51,3.94303e-13,3.94303e-13,1.55475e-25,1,0.0,0.0
GCR_H_min_2,10000,2,52,8.58545e-12,8.58545e-12,7.16418e-24,16,1.03225e-13,1.6516e-12
GCR_H_min_2,10000,2,53,0.0,0.0,0.0,0,0.0,0.0
GCR_H_min_2,10000,2,54,0.0,0.0,0.0,0,0.0,0.0
GCR_H_min_2,10000,2,55,0.0,0.0,0.0,0,0.0,0.0
GCR_H_min_2,10000,2,56,0.0,0.0,0.0,0,0.0,0.0
GCR_H_min_2,10000,2,57,0.0,0.0,0.0,0,0.0,0.0
GCR_H_min_2,10000,2,58,1.11335e-12,1.11335e-12,8.53035e-25,2,3.41508e-13,6.83016e-13
GCR_H_min_2,10000,2,59,0.0,0.0,0.0,0,0.0,0.0
GCR_H_min_2,10000,2,60,0.0,0.0,0.0,0,0.0,0.0
GCR_H_min_2,10000,2,61,2.10634e-15,2.10634e-15,4.43667e-30,1,0.0,0.0
GCR_H_min_2,10000,2,62,0.0,0.0,0.0,0,0.0,0.0
GCR_H_min_2,10000,2,63,0.0,0.0,0.0,0,0.0,0.0
GCR_H_min_2,10000,2,64,0.0,0.0,0.0,0,0.0,0.0
GCR_H_min_2,10000,2,65,0.0,0.0,0.0,0,0.0,0.0
GCR_H_min_2,10000,2,66,0.0,0.0,0.0,0,0.0,0.0
GCR_H_min_2,10000,2,67,0.0,0.0,0.0,0,0.0,0.0
GCR_H_min_2,10000,2,68,0.0,0.0,0.0,0,0.0,0.0
GCR_H_min_2,10000,2,69,0.0,0.0,0.0,0,0.0,0.0
GCR_H_min_2,10000,2,70,0.0,0.0,0.0,0,0.0,0.0
GCR_H_min_2,10000,2,71,0.0,0.0,0.0,0,0.0,0.0
GCR_H_min_2,10000,2,72,0.0,0.0,0.0,0,0.0,0.0
GCR_H_min_2,10000,2,73,0.0,0.0,0.0,0,0.0,0.0
GCR_H_min_2,10000,2,74,3.91175e-12,3.91175e-12,9.30382e-25,20,2.08561e-14,4.17122e-13
GCR_H_min_2,10000,2,75,2.87774e-12,2.87774e-12,6.45298e-25,17,2.41136e-14,4.099312e-13
GCR_H_min_2,10000,2,76,0.0,0.0,0.0,0,0.0,0.0
GCR_H_min_2,10000,2,77,0.0,0.0,0.0,0,0.0,0.0
GCR_H_min_2,10000,2,78,0.0,0.0,0.0,0,0.0,0.0
GCR_H_min_2,10000,2,79,0.0,0.0,0.0,0,0.0,0.0
GCR_H_min_2,10000,2,80,0.0,0.0,0.0,0,0.0,0.0
GCR_H_min_2,10000,2,81,0.0,0.0,0.0,0,0.0,0.0
GCR_H_min_2,10000,2,82,6.79301e-14,6.79301e-14,4.61449e-27,1,0.0,0.0
GCR_H_min_2,10000,2,83,0.0,0.0,0.0,0,0.0,0.0
GCR_H_min_2,10000,2,84,0.0,0.0,0.0,0,0.0,0.0
GCR_H_min_2,10000,2,85,0.0,0.0,0.0,0,0.0,0.0
GCR_H_min_2,10000,2,86,0.0,0.0,0.0,0,0.0,0.0
GCR_H_min_2,10000,2,87,0.0,0.0,0.0,0,0.0,0.0
GCR_H_min_2,10000,2,88,0.0,0.0,0.0,0,0.0,0.0
GCR_H_min_2,10000,2,89,0.0,0.0,0.0,0,0.0,0.0
GCR_H_min_2,10000,2,90,0.0,0.0,0.0,0,0.0,0.0
GCR_H_min_2,10000,2,91,0.0,0.0,0.0,0,0.0,0.0
GCR_H_min_2,10000,2,92,0.0,0.0,0.0,0,0.0,0.0
GCR_H_min_2,10000,2,93,0.0,0.0,0.0,0,0.0,0.0
GCR_H_min_2,10000,2,94,0.0,0.0,0.0,0,0.0,0.0
GCR_H_min_2,10000,2,95,8.87478e-12,8.87478e-12,1.95965e-23,5,4.38415e-13,2.192075e-12
GCR_H_min_2,10000,2,96,0.0,0.0,0.0,0,0.0,0.0
GCR_H_min_2,10000,2,97,0.0,0.0,0.0,0,0.0,0.0
GCR_H_min_2,10000,2,98,0.0,0.0,0.0,0,0.0,0.0
GCR_H_min_2,10000,2,99,4.1823e-12,4.1823e-12,1.47625e-24,14,3.53048e-14,4.942672e-13
GCR_H_min_2,10000,2,100,0.0,0.0,0.0,0,0.0,0.0
GCR_H_min_2,10000,2,101,0.0,0.0,0.0,0,0.0,0.0
GCR_H_min_2,10000,2,102,0.0,0.0,0.0,0,0.0,0.0
GCR_H_min_2,10000,2,103,0.0,0.0,0.0,0,0.0,0.0
GCR_H_min_2,10000,2,104,0.0,0.0,0.0,0,0.0,0.0
GCR_H_min_2,10000,2,105,0.0,0.0,0.0,0,0.0,0.0
GCR_H_min_2,10000,2,106,4.45902e-16,4.45902e-16,1.98829e-31,1,0.0,0.0
GCR_H_min_2,10000,2,107,5.86716e-11,5.86716e-11,3.02496e-23,222,1.73352e-14,3.848414400000001e-12
GCR_H_min_2,10000,2,108,1.36862e-11,1.36862e-11,1.35569e-23,44,7.01094e-14,3.0848135999999997e-12
GCR_H_min_2,10000,2,109,6.47051e-11,6.47051e-11,1.87209e-23,332,7.45668e-15,2.47561776e-12
GCR_H_min_2,10000,2,110,0.0,0.0,0.0,0,0.0,0.0
GCR_H_min_2,10000,2,111,0.0,0.0,0.0,0,0.0,0.0
GCR_H_min_2,10000,2,112,0.0,0.0,0.0,0,0.0,0.0
GCR_H_min_2,10000,2,113,0.0,0.0,0.0,0,0.0,0.0
GCR_H_min_2,10000,2,114,0.0,0.0,0.0,0,0.0,0.0
GCR_H_min_2,10000,2,115,0.0,0.0,0.0,0,0.0,0.0
GCR_H_min_2,10000,2,116,0.0,0.0,0.0,0,0.0,0.0
GCR_H_min_2,10000,2,117,6.87842e-11,6.87842e-11,4.17347e-23,263,1.85634e-14,4.8821742e-12
GCR_H_min_2,10000,2,118,1.63062e-11,1.63062e-11,2.07781e-23,33,1.09755e-13,3.621915e-12
GCR_H_min_2,10000,2,119,5.28027e-11,5.28027e-11,5.57606e-23,168,3.73624e-14,6.2768832000000004e-12
GCR_H_min_2,10000,2,120,0.0,0.0,0.0,0,0.0,0.0
GCR_H_min_2,10000,2,121,0.0,0.0,0.0,0,0.0,0.0
GCR_H_min_2,10000,2,122,2.71222e-14,2.71222e-14,4.76746e-28,3,6.21209e-15,1.863627e-14
GCR_H_min_2,10000,2,123,8.47563e-12,8.47563e-12,4.44363e-24,31,4.78161e-14,1.4822991e-12
GCR_H_min_2,10000,2,124,1.51649e-11,1.51649e-11,1.46814e-23,28,9.24964e-14,2.5898992e-12
GCR_H_min_2,10000,2,125,1.56099e-11,1.56099e-11,9.2612e-24,57,3.95237e-14,2.2528509e-12
GCR_H_min_2,10000,2,126,0.0,0.0,0.0,0,0.0,0.0
GCR_H_min_2,10000,2,127,0.0,0.0,0.0,0,0.0,0.0
GCR_H_min_2,10000,2,128,0.0,0.0,0.0,0,0.0,0.0
GCR_H_min_2,10000,2,129,0.0,0.0,0.0,0,0.0,0.0
GCR_H_min_2,10000,2,130,0.0,0.0,0.0,0,0.0,0.0
GCR_H_min_2,10000,2,131,0.0,0.0,0.0,0,0.0,0.0
GCR_H_min_2,10000,2,132,0.0,0.0,0.0,0,0.0,0.0
GCR_H_min_2,10000,2,133,0.0,0.0,0.0,0,0.0,0.0
GCR_H_min_2,10000,2,134,0.0,0.0,0.0,0,0.0,0.0
GCR_H_min_2,10000,2,135,0.0,0.0,0.0,0,0.0,0.0
GCR_H_min_2,10000,2,136,0.0,0.0,0.0,0,0.0,0.0
GCR_H_min_2,10000,2,137,0.0,0.0,0.0,0,0.0,0.0
GCR_H_min_2,10000,2,138,0.0,0.0,0.0,0,0.0,0.0
GCR_H_min_2,10000,2,139,0.0,0.0,0.0,0,0.0,0.0
GCR_H_min_2,10000,2,140,0.0,0.0,0.0,0,0.0,0.0
GCR_H_min_2,10000,2,141,3.77448e-12,3.77448e-12,7.9762e-25,19,1.18214e-14,2.2460660000000002e-13
GCR_H_min_2,20000,0,0,2.33803e-12,2.33803e-12,1.42334e-27,13899,2.30919e-18,3.209543181e-14
GCR_H_min_2,20000,0,1,0.0,0.0,0.0,0,0.0,0.0
GCR_H_min_2,20000,0,2,0.0,0.0,0.0,0,0.0,0.0
GCR_H_min_2,20000,0,3,0.0,0.0,0.0,0,0.0,0.0
GCR_H_min_2,20000,0,4,2.87009e-12,2.87009e-12,5.94309e-25,18,2.11342e-14,3.804156e-13
GCR_H_min_2,20000,0,5,1.09102e-12,1.09102e-12,2.26406e-25,7,3.66322e-14,2.564254e-13
GCR_H_min_2,20000,0,6,2.7791e-12,2.7791e-12,3.7496e-24,3,4.42556e-13,1.327668e-12
GCR_H_min_2,20000,0,7,3.33101e-13,3.33101e-13,1.10957e-25,1,0.0,0.0
GCR_H_min_2,20000,0,8,4.50565e-13,4.50565e-13,1.23197e-25,3,9.62006e-14,2.8860180000000003e-13
GCR_H_min_2,20000,0,9,0.0,0.0,0.0,0,0.0,0.0
GCR_H_min_2,20000,0,10,6.23221e-12,6.23221e-12,2.16878e-24,27,3.22526e-14,8.708202e-13
GCR_H_min_2,20000,0,11,1.17238e-12,1.17238e-12,4.54536e-25,4,9.61423e-14,3.845692e-13
GCR_H_min_2,20000,0,12,1.82144e-12,1.82144e-12,5.38249e-25,7,3.91268e-14,2.738876e-13
GCR_H_min_2,20000,0,13,1.2574e-11,1.2574e-11,2.7541e-23,18,2.47585e-13,4.45653e-12
GCR_H_min_2,20000,0,14,8.50362e-12,8.50362e-12,2.12303e-23,5,5.8172e-13,2.9086e-12
GCR_H_min_2,20000,0,15,1.40841e-12,1.40841e-12,2.55751e-25,11,2.61851e-14,2.8803609999999997e-13
GCR_H_min_2,20000,0,16,0.0,0.0,0.0,0,0.0,0.0
GCR_H_min_2,20000,0,17,0.0,0.0,0.0,0,0.0,0.0
GCR_H_min_2,20000,0,18,0.0,0.0,0.0,0,0.0,0.0
GCR_H_min_2,20000,0,19,2.27412e-12,2.27412e-12,8.21382e-25,9,5.85424e-14,5.268816000000001e-13
GCR_H_min_2,20000,0,20,0.0,0.0,0.0,0,0.0,0.0
GCR_H_min_2,20000,0,21,1.69075e-13,1.69075e-13,2.85863e-26,1,0.0,0.0
GCR_H_min_2,20000,0,22,1.47891e-12,1.47891e-12,4.79401e-25,5,4.58071e-14,2.2903550000000003e-13
GCR_H_min_2,20000,0,23,1.49436e-12,1.49436e-12,2.8672e-25,10,2.65432e-14,2.65432e-13
GCR_H_min_2,20000,0,24,2.11336e-12,2.11336e-12,6.56903e-25,9,4.7236e-14,4.2512400000000005e-13
GCR_H_min_2,20000,0,25,3.03829e-12,3.03829e-12,9.79691e-25,13,4.15718e-14,5.404334e-13
GCR_H_min_2,20000,0,26,2.42485e-12,2.42485e-12,1.01322e-24,9,7.07007e-14,6.363063e-13
GCR_H_min_2,20000,0,27,6.19482e-13,6.19482e-13,1.67217e-25,3,8.09295e-14,2.427885e-13
GCR_H_min_2,20000,0,28,0.0,0.0,0.0,0,0.0,0.0
GCR_H_min_2,20000,0,29,0.0,0.0,0.0,0,0.0,0.0
GCR_H_min_2,20000,0,30,0.0,0.0,0.0,0,0.0,0.0
GCR_H_min_2,20000,0,31,1.25735e-14,1.25735e-14,1.58093e-28,1,0.0,0.0
GCR_H_min_2,20000,0,32,0.0,0.0,0.0,0,0.0,0.0
GCR_H_min_2,20000,0,33,0.0,0.0,0.0,0,0.0,0.0
GCR_H_min_2,20000,0,34,7.33819e-12,7.33819e-12,7.58118e-24,15,1.37862e-13,2.06793e-12
GCR_H_min_2,20000,0,35,5.4291e-13,5.4291e-13,6.86485e-26,8,2.38315e-14,1.90652e-13
GCR_H_min_2,20000,0,36,0.0,0.0,0.0,0,0.0,0.0
GCR_H_min_2,20000,0,37,2.87089e-12,2.87089e-12,1.12848e-24,10,5.81449e-14,5.814489999999999e-13
GCR_H_min_2,20000,0,38,9.61216e-12,9.61216e-12,2.46624e-24,51,1.6022e-14,8.17122e-13
GCR_H_min_2,20000,0,39,2.54751e-12,2.54751e-12,9.07204e-25,8,4.13997e-14,3.311976e-13
GCR_H_min_2,20000,0,40,1.03742e-11,1.03742e-11,3.84327e-24,39,2.70415e-14,1.0546185e-12
GCR_H_min_2,20000,0,41,9.66038e-13,9.66038e-13,9.17216e-25,3,3.17842e-13,9.53526e-13
GCR_H_min_2,20000,0,42,7.73168e-12,7.73168e-12,1.01942e-23,8,2.20465e-13,1.76372e-12
GCR_H_min_2,20000,0,43,7.12907e-12,7.12907e-12,1.02579e-23,14,1.90828e-13,2.6715920000000003e-12
GCR_H_min_2,20000,0,44,5.1466e-12,5.1466e-12,1.66229e-24,23,3.17679e-14,7.306617e-13
GCR_H_min_2,20000,0,45,8.65893e-12,8.65893e-12,1.14463e-23,10,2.09459e-13,2.09459e-12
GCR_H_min_2,20000,0,46,3.24155e-12,3.24155e-12,1.72383e-24,7,7.28244e-14,5.097708e-13
GCR_H_min_2,20000,0,47,0.0,0.0,0.0,0,0.0,0.0
GCR_H_min_2,20000,0,48,0.0,0.0,0.0,0,0.0,0.0
GCR_H_min_2,20000,0,49,0.0,0.0,0.0,0,0.0,0.0
GCR_H_min_2,20000,0,50,1.20899e-14,1.20899e-14,1.46165e-28,1,0.0,0.0
GCR_H_min_2,20000,0,51,2.64949e-12,2.64949e-12,3.54815e-24,2,1.38276e-13,2.76552e-13
GCR_H_min_2,20000,0,52,3.40041e-12,3.40041e-12,5.2697e-24,3,4.85703e-13,1.4571089999999999e-12
GCR_H_min_2,20000,0,53,0.0,0.0,0.0,0,0.0,0.0
GCR_H_min_2,20000,0,54,0.0,0.0,0.0,0,0.0,0.0
GCR_H_min_2,20000,0,55,0.0,0.0,0.0,0,0.0,0.0
GCR_H_min_2,20000,0,56,0.0,0.0,0.0,0,0.0,0.0
GCR_H_min_2,20000,0,57,3.13354e-12,3.13354e-12,6.39806e-25,19,1.89655e-14,3.603445e-13
GCR_H_min_2,20000,0,58,0.0,0.0,0.0,0,0.0,0.0
GCR_H_min_2,20000,0,59,0.0,0.0,0.0,0,0.0,0.0
GCR_H_min_2,20000,0,60,6.82817e-13,6.82817e-13,1.34654e-25,4,3.8831e-14,1.55324e-13
GCR_H_min_2,20000,0,61,1.50407e-11,1.50407e-11,9.12608e-24,35,4.73019e-14,1.6555665000000002e-12
GCR_H_min_2,20000,0,62,0.0,0.0,0.0,0,0.0,0.0
GCR_H_min_2,20000,0,63,0.0,0.0,0.0,0,0.0,0.0
GCR_H_min_2,20000,0,64,0.0,0.0,0.0,0,0.0,0.0
GCR_H_min_2,20000,0,65,0.0,0.0,0.0,0,0.0,0.0
GCR_H_min_2,20000,0,66,4.68279e-13,4.68279e-13,8.71779e-26,3,4.84473e-14,1.453419e-13
GCR_H_min_2,20000,0,67,6.45851e-13,6.45851e-13,1.00986e-25,5,2.9632e-14,1.4816e-13
GCR_H_min_2,20000,0,68,0.0,0.0,0.0,0,0.0,0.0
GCR_H_min_2,20000,0,69,0.0,0.0,0.0,0,0.0,0.0
GCR_H_min_2,20000,0,70,0.0,0.0,0.0,0,0.0,0.0
GCR_H_min_2,20000,0,71,0.0,0.0,0.0,0,0.0,0.0
GCR_H_min_2,20000,0,72,0.0,0.0,0.0,0,0.0,0.0
GCR_H_min_2,20000,0,73,0.0,0.0,0.0,0,0.0,0.0
GCR_H_min_2,20000,0,74,1.62747e-12,1.62747e-12,5.90541e-25,6,7.04977e-14,4.2298620000000003e-13
GCR_H_min_2,20000,0,75,1.83679e-12,1.83679e-12,6.00936e-25,8,5.65705e-14,4.52564e-13
GCR_H_min_2,20000,0,76,0.0,0.0,0.0,0,0.0,0.0
GCR_H_min_2,20000,0,77,0.0,0.0,0.0,0,0.0,0.0
GCR_H_min_2,20000,0,78,2.18431e-12,2.18431e-12,5.50619e-25,11,3.25957e-14,3.5855269999999997e-13
GCR_H_min_2,20000,0,79,2.82123e-12,2.82123e-12,6.92987e-25,16,2.85429e-14,4.566864e-13
GCR_H_min_2,20000,0,80,0.0,0.0,0.0,0,0.0,0.0
GCR_H_min_2,20000,0,81,0.0,0.0,0.0,0,0.0,0.0
GCR_H_min_2,20000,0,82,0.0,0.0,0.0,0,0.0,0.0
GCR_H_min_2,20000,0,83,0.0,0.0,0.0,0,0.0,0.0
GCR_H_min_2,20000,0,84,0.0,0.0,0.0,0,0.0,0.0
GCR_H_min_2,20000,0,85,0.0,0.0,0.0,0,0.0,0.0
GCR_H_min_2,20000,0,86,0.0,0.0,0.0,0,0.0,0.0
GCR_H_min_2,20000,0,87,0.0,0.0,0.0,0,0.0,0.0
GCR_H_min_2,20000,0,88,0.0,0.0,0.0,0,0.0,0.0
GCR_H_min_2,20000,0,89,0.0,0.0,0.0,0,0.0,0.0
GCR_H_min_2,20000,0,90,0.0,0.0,0.0,0,0.0,0.0
GCR_H_min_2,20000,0,91,0.0,0.0,0.0,0,0.0,0.0
GCR_H_min_2,20000,0,92,0.0,0.0,0.0,0,0.0,0.0
GCR_H_min_2,20000,0,93,0.0,0.0,0.0,0,0.0,0.0
GCR_H_min_2,20000,0,94,0.0,0.0,0.0,0,0.0,0.0
GCR_H_min_2,20000,0,95,2.11425e-12,2.11425e-12,4.02439e-25,18,2.24412e-14,4.0394159999999996e-13
GCR_H_min_2,20000,0,96,7.43495e-12,7.43495e-12,6.06081e-24,13,1.07674e-13,1.399762e-12
GCR_H_min_2,20000,0,97,8.72774e-12,8.72774e-12,1.65966e-24,66,1.08552e-14,7.164432000000001e-13
GCR_H_min_2,20000,0,98,1.43919e-12,1.43919e-12,5.82558e-25,4,7.34532e-14,2.938128e-13
GCR_H_min_2,20000,0,99,1.19295e-11,1.19295e-11,3.81814e-24,96,1.60034e-14,1.5363264000000001e-12
GCR_H_min_2,20000,0,100,2.03491e-13,2.03491e-13,4.14087e-26,1,0.0,0.0
GCR_H_min_2,20000,0,101,1.45594e-12,1.45594e-12,3.87487e-25,6,3.37608e-14,2.025648e-13
GCR_H_min_2,20000,0,102,5.25928e-13,5.25928e-13,1.42101e-25,3,9.11971e-14,2.735913e-13
GCR_H_min_2,20000,0,103,7.65923e-13,7.65923e-13,2.7607e-25,4,1.03847e-13,4.15388e-13
GCR_H_min_2,20000,0,104,0.0,0.0,0.0,0,0.0,0.0
GCR_H_min_2,20000,0,105,0.0,0.0,0.0,0,0.0,0.0
GCR_H_min_2,20000,0,106,3.50397e-11,3.50397e-11,1.00634e-23,178,1.00239e-14,1.7842542e-12
GCR_H_min_2,20000,0,107,1.38624e-10,1.38624e-10,6.54185e-23,524,1.02417e-14,5.3666508000000004e-12
GCR_H_min_2,20000,0,108,2.61963e-11,2.61963e-11,8.99049e-24,139,1.45367e-14,2.0206013e-12
GCR_H_min_2,20000,0,109,1.12433e-10,1.12433e-10,5.49253e-23,480,1.11511e-14,5.352528e-12
GCR_H_min_2,20000,0,110,0.0,0.0,0.0,0,0.0,0.0
GCR_H_min_2,20000,0,111,0.0,0.0,0.0,0,0.0,0.0
GCR_H_min_2,20000,0,112,0.0,0.0,0.0,0,0.0,0.0
GCR_H_min_2,20000,0,113,0.0,0.0,0.0,0,0.0,0.0
GCR_H_min_2,20000,0,114,0.0,0.0,0.0,0,0.0,0.0
GCR_H_min_2,20000,0,115,0.0,0.0,0.0,0,0.0,0.0
GCR_H_min_2,20000,0,116,2.18895e-11,2.18895e-11,1.27186e-23,103,2.77095e-14,2.8540785000000002e-12
GCR_H_min_2,20000,0,117,8.48279e-11,8.48279e-11,3.7177e-23,397,1.10084e-14,4.3703347999999996e-12
GCR_H_min_2,20000,0,118,4.37891e-11,4.37891e-11,5.5169e-23,123,5.13575e-14,6.316972499999999e-12
GCR_H_min_2,20000,0,119,7.64063e-11,7.64063e-11,6.6413e-23,263,2.53314e-14,6.6621582000000005e-12
GCR_H_min_2,20000,0,120,0.0,0.0,0.0,0,0.0,0.0
GCR_H_min_2,20000,0,121,1.21429e-12,1.21429e-12,2.47862e-25,7,2.97692e-14,2.083844e-13
GCR_H_min_2,20000,0,122,6.9665e-12,6.9665e-12,1.90071e-24,35,2.07846e-14,7.27461e-13
GCR_H_min_2,20000,0,123,1.11489e-11,1.11489e-11,3.96836e-24,50,2.45981e-14,1.2299049999999999e-12
GCR_H_min_2,20000,0,124,6.63255e-12,6.63255e-12,2.45239e-24,30,3.36656e-14,1.009968e-12
GCR_H_min_2,20000,0,125,1.97432e-11,1.97432e-11,1.0172e-23,78,2.93526e-14,2.2895028000000003e-12
GCR_H_min_2,20000,0,126,0.0,0.0,0.0,0,0.0,0.0
GCR_H_min_2,20000,0,127,0.0,0.0,0.0,0,0.0,0.0
GCR_H_min_2,20000,0,128,5.79425e-12,5.79425e-12,1.08034e-23,10,2.87635e-13,2.8763500000000004e-12
GCR_H_min_2,20000,0,129,0.0,0.0,0.0,0,0.0,0.0
GCR_H_min_2,20000,0,130,0.0,0.0,0.0,0,0.0,0.0
GCR_H_min_2,20000,0,131,0.0,0.0,0.0,0,0.0,0.0
GCR_H_min_2,20000,0,132,0.0,0.0,0.0,0,0.0,0.0
GCR_H_min_2,20000,0,133,0.0,0.0,0.0,0,0.0,0.0
GCR_H_min_2,20000,0,134,0.0,0.0,0.0,0,0.0,0.0
GCR_H_min_2,20000,0,135,0.0,0.0,0.0,0,0.0,0.0
GCR_H_min_2,20000,0,136,0.0,0.0,0.0,0,0.0,0.0
GCR_H_min_2,20000,0,137,0.0,0.0,0.0,0,0.0,0.0
GCR_H_min_2,20000,0,138,0.0,0.0,0.0,0,0.0,0.0
GCR_H_min_2,20000,0,139,0.0,0.0,0.0,0,0.0,0.0
GCR_H_min_2,20000,0,140,7.33439e-15,7.33439e-15,4.08709e-30,51,3.4484e-17,1.758684e-15
GCR_H_min_2,20000,0,141,4.44452e-12,4.44452e-12,1.20296e-24,22,2.56964e-14,5.653207999999999e-13
GCR_H_min_2,20000,1,0,2.97244e-12,2.97244e-12,1.69408e-27,17292,1.98922e-18,3.439759224e-14
GCR_H_min_2,20000,1,1,0.0,0.0,0.0,0,0.0,0.0
GCR_H_min_2,20000,1,2,0.0,0.0,0.0,0,0.0,0.0
GCR_H_min_2,20000,1,3,2.22772e-13,2.22772e-13,4.96273e-26,1,0.0,0.0
GCR_H_min_2,20000,1,4,3.09917e-12,3.09917e-12,6.36257e-25,19,1.95519e-14,3.7148610000000004e-13
GCR_H_min_2,20000,1,5,1.14051e-12,1.14051e-12,3.29313e-25,6,6.12419e-14,3.674514e-13
GCR_H_min_2,20000,1,6,0.0,0.0,0.0,0,0.0,0.0
GCR_H_min_2,20000,1,7,0.0,0.0,0.0,0,0.0,0.0
GCR_H_min_2,20000,1,8,0.0,0.0,0.0,0,0.0,0.0
GCR_H_min_2,20000,1,9,0.0,0.0,0.0,0,0.0,0.0
GCR_H_min_2,20000,1,10,4.89815e-15,4.89815e-15,2.39919e-29,1,0.0,0.0
GCR_H_min_2,20000,1,11,0.0,0.0,0.0,0,0.0,0.0
GCR_H_min_2,20000,1,12,2.29282e-12,2.29282e-12,2.15685e-24,5,2.35101e-13,1.175505e-12
GCR_H_min_2,20000,1,13,1.26212e-12,1.26212e-12,4.4559e-25,5,7.96869e-14,3.984345e-13
GCR_H_min_2,20000,1,14,3.6686e-12,3.6686e-12,8.95296e-25,21,2.46117e-14,5.168457e-13
GCR_H_min_2,20000,1,15,0.0,0.0,0.0,0,0.0,0.0
GCR_H_min_2,20000,1,16,0.0,0.0,0.0,0,0.0,0.0
GCR_H_min_2,20000,1,17,0.0,0.0,0.0,0,0.0,0.0
GCR_H_min_2,20000,1,18,0.0,0.0,0.0,0,0.0,0.0
GCR_H_min_2,20000,1,19,8.33779e-13,8.33779e-13,3.47595e-25,2,7.0712e-16,1.41424e-15
GCR_H_min_2,20000,1,20,9.18757e-13,9.18757e-13,1.70104e-25,8,3.39617e-14,2.716936e-13
GCR_H_min_2,20000,1,21,0.0,0.0,0.0,0,0.0,0.0
GCR_H_min_2,20000,1,22,2.32661e-12,2.32661e-12,6.90304e-25,10,4.06878e-14,4.06878e-13
GCR_H_min_2,20000,1,23,7.63603e-13,7.63603e-13,1.57614e-25,4,3.14134e-14,1.256536e-13
GCR_H_min_2,20000,1,24,3.14713e-13,3.14713e-13,5.2862e-26,2,4.08641e-14,8.17282e-14
GCR_H_min_2,20000,1,25,0.0,0.0,0.0,0,0.0,0.0
GCR_H_min_2,20000,1,26,1.59855e-11,1.59855e-11,7.22716e-24,53,2.9545e-14,1.565885e-12
GCR_H_min_2,20000,1,27,8.12297e-12,8.12297e-12,2.46421e-24,42,2.27749e-14,9.565458e-13
GCR_H_min_2,20000,1,28,0.0,0.0,0.0,0,0.0,0.0
GCR_H_min_2,20000,1,29,0.0,0.0,0.0,0,0.0,0.0
GCR_H_min_2,20000,1,30,0.0,0.0,0.0,0,0.0,0.0
GCR_H_min_2,20000,1,31,1.25178e-12,1.25178e-12,4.45461e-25,5,8.1262e-14,4.0631e-13
GCR_H_min_2,20000,1,32,4.67127e-14,4.67127e-14,7.36017e-28,3,1.20117e-15,3.60351e-15
GCR_H_min_2,20000,1,33,2.79229e-12,2.79229e-12,5.81739e-25,18,2.20351e-14,3.966318e-13
GCR_H_min_2,20000,1,34,9.9218e-12,9.9218e-12,7.42775e-24,27,7.33969e-14,1.9817163e-12
GCR_H_min_2,20000,1,35,9.12486e-12,9.12486e-12,5.43134e-24,33,5.24785e-14,1.7317905e-12
GCR_H_min_2,20000,1,36,2.23139e-12,2.23139e-12,8.13444e-25,10,5.9211e-14,5.9211e-13
GCR_H_min_2,20000,1,37,1.63796e-12,1.63796e-12,6.97679e-25,6,9.13838e-14,5.483028e-13
GCR_H_min_2,20000,1,38,3.85002e-12,3.85002e-12,1.65344e-24,14,5.71618e-14,8.002651999999999e-13
GCR_H_min_2,20000,1,39,3.32266e-12,3.32266e-12,1.91896e-24,7,9.02127e-14,6.314888999999999e-13
GCR_H_min_2,20000,1,40,4.64175e-13,4.64175e-13,1.13377e-25,2,5.31418e-14,1.062836e-13
GCR_H_min_2,20000,1,41,5.74111e-13,5.74111e-13,1.53883e-25,4,7.71805e-14,3.08722e-13
GCR_H_min_2,20000,1,42,1.71899e-12,1.71899e-12,6.1362e-25,7,6.75217e-14,4.726519e-13
GCR_H_min_2,20000,1,43,7.93241e-13,7.93241e-13,3.78543e-25,3,1.67729e-13,5.031870000000001e-13
GCR_H_min_2,20000,1,44,2.58101e-12,2.58101e-12,8.91108e-25,12,5.04504e-14,6.054048e-13
GCR_H_min_2,20000,1,45,0.0,0.0,0.0,0,0.0,0.0
GCR_H_min_2,20000,1,46,2.7598e-12,2.7598e-12,2.64335e-24,7,1.92433e-13,1.3470310000000001e-12
GCR_H_min_2,20000,1,47,0.0,0.0,0.0,0,0.0,0.0
GCR_H_min_2,20000,1,48,0.0,0.0,0.0,0,0.0,0.0
GCR_H_min_2,20000,1,49,3.00936e-12,3.00936e-12,9.05628e-24,1,0.0,0.0
GCR_H_min_2,20000,1,50,0.0,0.0,0.0,0,0.0,0.0
GCR_H_min_2,20000,1,51,2.12103e-14,2.12103e-14,4.49876e-28,1,0.0,0.0
GCR_H_min_2,20000,1,52,0.0,0.0,0.0,0,0.0,0.0
GCR_H_min_2,20000,1,53,0.0,0.0,0.0,0,0.0,0.0
GCR_H_min_2,20000,1,54,0.0,0.0,0.0,0,0.0,0.0
GCR_H_min_2,20000,1,55,0.0,0.0,0.0,0,0.0,0.0
GCR_H_min_2,20000,1,56,0.0,0.0,0.0,0,0.0,0.0
GCR_H_min_2,20000,1,57,0.0,0.0,0.0,0,0.0,0.0
GCR_H_min_2,20000,1,58,1.66455e-13,1.66455e-13,2.77071e-26,1,0.0,0.0
GCR_H_min_2,20000,1,59,0.0,0.0,0.0,0,0.0,0.0
GCR_H_min_2,20000,1,60,0.0,0.0,0.0,0,0.0,0.0
GCR_H_min_2,20000,1,61,3.36514e-11,3.36514e-11,2.03031e-23,140,2.50533e-14,3.507462e-12
GCR_H_min_2,20000,1,62,0.0,0.0,0.0,0,0.0,0.0
GCR_H_min_2,20000,1,63,0.0,0.0,0.0,0,0.0,0.0
GCR_H_min_2,20000,1,64,0.0,0.0,0.0,0,0.0,0.0
GCR_H_min_2,20000,1,65,0.0,0.0,0.0,0,0.0,0.0
GCR_H_min_2,20000,1,66,0.0,0.0,0.0,0,0.0,0.0
GCR_H_min_2,20000,1,67,0.0,0.0,0.0,0,0.0,0.0
GCR_H_min_2,20000,1,68,0.0,0.0,0.0,0,0.0,0.0
GCR_H_min_2,20000,1,69,2.03444e-12,2.03444e-12,4.55594e-25,13,2.96576e-14,3.855488e-13
GCR_H_min_2,20000,1,70,0.0,0.0,0.0,0,0.0,0.0
GCR_H_min_2,20000,1,71,0.0,0.0,0.0,0,0.0,0.0
GCR_H_min_2,20000,1,72,0.0,0.0,0.0,0,0.0,0.0
GCR_H_min_2,20000,1,73,0.0,0.0,0.0,0,0.0,0.0
GCR_H_min_2,20000,1,74,3.00401e-12,3.00401e-12,6.82608e-25,18,2.4339e-14,4.38102e-13
GCR_H_min_2,20000,1,75,3.67302e-14,3.67302e-14,1.08509e-27,3,1.02906e-14,3.08718e-14
GCR_H_min_2,20000,1,76,0.0,0.0,0.0,0,0.0,0.0
GCR_H_min_2,20000,1,77,0.0,0.0,0.0,0,0.0,0.0
GCR_H_min_2,20000,1,78,0.0,0.0,0.0,0,0.0,0.0
GCR_H_min_2,20000,1,79,0.0,0.0,0.0,0,0.0,0.0
GCR_H_min_2,20000,1,80,1.74651e-20,1.74651e-20,8.06885e-41,4,6.07632e-22,2.430528e-21
GCR_H_min_2,20000,1,81,9.26102e-21,9.26102e-21,7.49185e-41,2,4.00221e-21,8.00442e-21
GCR_H_min_2,20000,1,82,6.51615e-16,6.51615e-16,4.24281e-31,3,2.17082e-16,6.51246e-16
GCR_H_min_2,20000,1,83,1.18349e-18,1.18349e-18,1.40066e-36,1,0.0,0.0
GCR_H_min_2,20000,1,84,0.0,0.0,0.0,0,0.0,0.0
GCR_H_min_2,20000,1,85,0.0,0.0,0.0,0,0.0,0.0
GCR_H_min_2,20000,1,86,0.0,0.0,0.0,0,0.0,0.0
GCR_H_min_2,20000,1,87,0.0,0.0,0.0,0,0.0,0.0
GCR_H_min_2,20000,1,88,0.0,0.0,0.0,0,0.0,0.0
GCR_H_min_2,20000,1,89,4.54935e-12,4.54935e-12,3.20533e-24,10,1.12332e-13,1.1233200000000001e-12
GCR_H_min_2,20000,1,90,2.35443e-12,2.35443e-12,1.62986e-24,5,1.61431e-13,8.07155e-13
GCR_H_min_2,20000,1,91,8.25012e-13,8.25012e-13,6.80644e-25,1,0.0,0.0
GCR_H_min_2,20000,1,92,0.0,0.0,0.0,0,0.0,0.0
GCR_H_min_2,20000,1,93,0.0,0.0,0.0,0,0.0,0.0
GCR_H_min_2,20000,1,94,0.0,0.0,0.0,0,0.0,0.0
GCR_H_min_2,20000,1,95,7.56663e-12,7.56663e-12,2.01639e-24,37,1.87641e-14,6.942717e-13
GCR_H_min_2,20000,1,96,0.0,0.0,0.0,0,0.0,0.0
GCR_H_min_2,20000,1,97,0.0,0.0,0.0,0,0.0,0.0
GCR_H_min_2,20000,1,98,2.90377e-12,2.90377e-12,1.34068e-24,8,7.15505e-14,5.72404e-13
GCR_H_min_2,20000,1,99,9.15207e-12,9.15207e-12,1.53525e-24,89,8.70967e-15,7.751606299999999e-13
GCR_H_min_2,20000,1,100,0.0,0.0,0.0,0,0.0,0.0
GCR_H_min_2,20000,1,101,0.0,0.0,0.0,0,0.0,0.0
GCR_H_min_2,20000,1,102,0.0,0.0,0.0,0,0.0,0.0
GCR_H_min_2,20000,1,103,0.0,0.0,0.0,0,0.0,0.0
GCR_H_min_2,20000,1,104,0.0,0.0,0.0,0,0.0,0.0
GCR_H_min_2,20000,1,105,6.47463e-13,6.47463e-13,2.10065e-25,2,1.51676e-14,3.03352e-14
GCR_H_min_2,20000,1,106,3.24998e-11,3.24998e-11,2.88348e-23,92,4.55286e-14,4.1886312e-12
GCR_H_min_2,20000,1,107,8.59359e-11,8.59359e-11,5.01785e-23,331,1.59727e-14,5.2869637000000004e-12
GCR_H_min_2,20000,1,108,2.84087e-11,2.84087e-11,7.85001e-24,153,1.05228e-14,1.6099884e-12
GCR_H_min_2,20000,1,109,1.54161e-10,1.54161e-10,8.18372e-23,633,1.05222e-14,6.6605526e-12
GCR_H_min_2,20000,1,110,0.0,0.0,0.0,0,0.0,0.0
GCR_H_min_2,20000,1,111,0.0,0.0,0.0,0,0.0,0.0
GCR_H_min_2,20000,1,112,0.0,0.0,0.0,0,0.0,0.0
GCR_H_min_2,20000,1,113,0.0,0.0,0.0,0,0.0,0.0
GCR_H_min_2,20000,1,114,0.0,0.0,0.0,0,0.0,0.0
GCR_H_min_2,20000,1,115,0.0,0.0,0.0,0,0.0,0.0
GCR_H_min_2,20000,1,116,2.80775e-11,2.80775e-11,1.54297e-23,121,2.47779e-14,2.9981259e-12
GCR_H_min_2,20000,1,117,7.91052e-11,7.91052e-11,3.57622e-23,371,1.17325e-14,4.3527575e-12
GCR_H_min_2,20000,1,118,1.33792e-11,1.33792e-11,3.14578e-24,79,1.19497e-14,9.440262999999999e-13
GCR_H_min_2,20000,1,119,1.18632e-10,1.18632e-10,1.00714e-22,377,2.11458e-14,7.971966599999999e-12
GCR_H_min_2,20000,1,120,2.99335e-12,2.99335e-12,1.63223e-24,8,9.56378e-14,7.651024e-13
GCR_H_min_2,20000,1,121,1.68141e-12,1.68141e-12,5.81117e-25,7,6.49619e-14,4.5473329999999996e-13
GCR_H_min_2,20000,1,122,7.70682e-12,7.70682e-12,2.77919e-24,35,3.01563e-14,1.0554705e-12
GCR_H_min_2,20000,1,123,7.63885e-12,7.63885e-12,2.66968e-24,40,2.78604e-14,1.1144160000000001e-12
GCR_H_min_2,20000,1,124,4.65715e-12,4.65715e-12,1.14504e-24,26,2.18683e-14,5.685758e-13
GCR_H_min_2,20000,1,125,2.20325e-11,2.20325e-11,1.09766e-23,79,2.80025e-14,2.2121975e-12
GCR_H_min_2,20000,1,126,0.0,0.0,0.0,0,0.0,0.0
GCR_H_min_2,20000,1,127,0.0,0.0,0.0,0,0.0,0.0
GCR_H_min_2,20000,1,128,0.0,0.0,0.0,0,0.0,0.0
GCR_H_min_2,20000,1,129,0.0,0.0,0.0,0,0.0,0.0
GCR_H_min_2,20000,1,130,0.0,0.0,0.0,0,0.0,0.0
GCR_H_min_2,20000,1,131,0.0,0.0,0.0,0,0.0,0.0
GCR_H_min_2,20000,1,132,0.0,0.0,0.0,0,0.0,0.0
GCR_H_min_2,20000,1,133,0.0,0.0,0.0,0,0.0,0.0
GCR_H_min_2,20000,1,134,0.0,0.0,0.0,0,0.0,0.0
GCR_H_min_2,20000,1,135,0.0,0.0,0.0,0,0.0,0.0
GCR_H_min_2,20000,1,136,0.0,0.0,0.0,0,0.0,0.0
GCR_H_min_2,20000,1,137,5.23861e-13,5.23861e-13,1.61804e-25,3,1.08265e-13,3.2479500000000003e-13
GCR_H_min_2,20000,1,138,1.4891e-11,1.4891e-11,1.25663e-23,38,6.91905e-14,2.629239e-12
GCR_H_min_2,20000,1,139,0.0,0.0,0.0,0,0.0,0.0
GCR_H_min_2,20000,1,140,7.09104e-15,7.09104e-15,2.01903e-30,56,1.90788e-17,1.0684128e-15
GCR_H_min_2,20000,1,141,1.90849e-12,1.90849e-12,5.02245e-25,11,3.94421e-14,4.338631e-13
GCR_H_min_2,20000,2,0,3.12629e-12,3.12629e-12,2.29747e-27,17487,2.38447e-18,4.169722689e-14
GCR_H_min_2,20000,2,1,0.0,0.0,0.0,0,0.0,0.0
GCR_H_min_2,20000,2,2,0.0,0.0,0.0,0,0.0,0.0
GCR_H_min_2,20000,2,3,0.0,0.0,0.0,0,0.0,0.0
GCR_H_min_2,20000,2,4,2.02523e-13,2.02523e-13,4.10157e-26,1,0.0,0.0
GCR_H_min_2,20000,2,5,3.24932e-12,3.24932e-12,1.47345e-24,14,6.28664e-14,8.801296000000001e-13
GCR_H_min_2,20000,2,6,0.0,0.0,0.0,0,0.0,0.0
GCR_H_min_2,20000,2,7,4.79986e-13,4.79986e-13,6.5959e-26,4,2.63981e-14,1.055924e-13
GCR_H_min_2,20000,2,8,0.0,0.0,0.0,0,0.0,0.0
GCR_H_min_2,20000,2,9,0.0,0.0,0.0,0,0.0,0.0
GCR_H_min_2,20000,2,10,1.37964e-11,1.37964e-11,9.62612e-24,31,6.12252e-14,1.8979812e-12
GCR_H_min_2,20000,2,11,0.0,0.0,0.0,0,0.0,0.0
GCR_H_min_2,20000,2,12,9.28713e-13,9.28713e-13,3.06782e-25,3,5.66857e-14,1.700571e-13
GCR_H_min_2,20000,2,13,2.99333e-12,2.99333e-12,3.01598e-24,4,2.54291e-13,1.017164e-12
GCR_H_min_2,20000,2,14,5.82873e-12,5.82873e-12,1.12906e-23,7,3.91493e-13,2.740451e-12
GCR_H_min_2,20000,2,15,4.87044e-12,4.87044e-12,5.68638e-24,6,2.40336e-13,1.4420159999999999e-12
GCR_H_min_2,20000,2,16,0.0,0.0,0.0,0,0.0,0.0
GCR_H_min_2,20000,2,17,0.0,0.0,0.0,0,0.0,0.0
GCR_H_min_2,20000,2,18,0.0,0.0,0.0,0,0.0,0.0
GCR_H_min_2,20000,2,19,1.57213e-12,1.57213e-12,4.53563e-25,6,3.72517e-14,2.2351020000000001e-13
GCR_H_min_2,20000,2,20,4.22238e-12,4.22238e-12,9.5187e-25,26,2.02355e-14,5.26123e-13
GCR_H_min_2,20000,2,21,0.0,0.0,0.0,0,0.0,0.0
GCR_H_min_2,20000,2,22,2.73197e-12,2.73197e-12,7.8007e-25,16,3.61474e-14,5.783584e-13
GCR_H_min_2,20000,2,23,2.02931e-12,2.02931e-12,5.14401e-25,12,3.60161e-14,4.3219320000000003e-13
GCR_H_min_2,20000,2,24,0.0,0.0,0.0,0,0.0,0.0
GCR_H_min_2,20000,2,25,2.29235e-15,2.29235e-15,5.25486e-30,1,0.0,0.0
GCR_H_min_2,20000,2,26,1.1122e-11,1.1122e-11,4.9738e-24,32,3.34236e-14,1.0695552e-12
GCR_H_min_2,20000,2,27,4.59197e-12,4.59197e-12,1.11295e-24,23,1.96891e-14,4.5284930000000003e-13
GCR_H_min_2,20000,2,28,1.18774e-11,1.18774e-11,1.44387e-23,18,1.46878e-13,2.643804e-12
GCR_H_min_2,20000,2,29,1.25491e-11,1.25491e-11,5.70355e-24,39,3.35247e-14,1.3074632999999998e-12
GCR_H_min_2,20000,2,30,2.06255e-12,2.06255e-12,4.76764e-25,12,3.04331e-14,3.651972e-13
GCR_H_min_2,20000,2,31,2.84486e-13,2.84486e-13,7.84666e-26,2,1.37842e-13,2.75684e-13
GCR_H_min_2,20000,2,32,1.13132e-11,1.13132e-11,9.19693e-24,22,8.55244e-14,1.8815368e-12
GCR_H_min_2,20000,2,33,0.0,0.0,0.0,0,0.0,0.0
GCR_H_min_2,20000,2,34,1.31255e-11,1.31255e-11,5.57143e-24,41,2.88976e-14,1.1848015999999999e-12
GCR_H_min_2,20000,2,35,7.67349e-12,7.67349e-12,1.78575e-24,47,1.57004e-14,7.379188e-13
GCR_H_min_2,20000,2,36,3.92879e-13,3.92879e-13,7.71851e-26,2,2.03301e-15,4.06602e-15
GCR_H_min_2,20000,2,37,1.63535e-13,1.63535e-13,2.67438e-26,1,0.0,0.0
GCR_H_min_2,20000,2,38,5.76639e-15,5.76639e-15,3.32513e-29,1,0.0,0.0
GCR_H_min_2,20000,2,39,2.04928e-12,2.04928e-12,1.68106e-24,3,2.16491e-13,6.49473e-13
GCR_H_min_2,20000,2,40,7.02847e-13,7.02847e-13,4.93993e-25,1,0.0,0.0
GCR_H_min_2,20000,2,41,3.89201e-12,3.89201e-12,4.04238e-24,7,2.11481e-13,1.480367e-12
GCR_H_min_2,20000,2,42,3.45288e-12,3.45288e-12,9.51443e-25,15,2.73092e-14,4.09638e-13
GCR_H_min_2,20000,2,43,2.47511e-12,2.47511e-12,1.21779e-24,7,9.03196e-14,6.322371999999999e-13
GCR_H_min_2,20000,2,44,7.37462e-12,7.37462e-12,2.3516e-24,34,2.58896e-14,8.802464e-13
GCR_H_min_2,20000,2,45,1.60708e-12,1.60708e-12,1.17568e-24,5,1.8154e-13,9.077000000000001e-13
GCR_H_min_2,20000,2,46,7.52658e-12,7.52658e-12,8.26109e-24,11,1.68176e-13,1.8499360000000002e-12
GCR_H_min_2,20000,2,47,0.0,0.0,0.0,0,0.0,0.0
GCR_H_min_2,20000,2,48,0.0,0.0,0.0,0,0.0,0.0
GCR_H_min_2,20000,2,49,1.51613e-12,1.51613e-12,5.25732e-25,8,6.52467e-14,5.219736e-13
GCR_H_min_2,20000,2,50,4.69413e-12,4.69413e-12,1.47123e-24,22,3.18835e-14,7.01437e-13
GCR_H_min_2,20000,2,51,2.93198e-12,2.93198e-12,2.82673e-24,4,2.37629e-13,9.50516e-13
GCR_H_min_2,20000,2,52,8.12445e-12,8.12445e-12,9.08602e-24,12,1.64811e-13,1.9777320000000002e-12
GCR_H_min_2,20000,2,53,0.0,0.0,0.0,0,0.0,0.0
GCR_H_min_2,20000,2,54,0.0,0.0,0.0,0,0.0,0.0
GCR_H_min_2,20000,2,55,0.0,0.0,0.0,0,0.0,0.0
GCR_H_min_2,20000,2,56,0.0,0.0,0.0,0,0.0,0.0
GCR_H_min_2,20000,2,57,0.0,0.0,0.0,0,0.0,0.0
GCR_H_min_2,20000,2,58,3.63133e-12,3.63133e-12,1.7288e-24,8,3.79081e-14,3.032648e-13
GCR_H_min_2,20000,2,59,2.02785e-13,2.02785e-13,2.06776e-26,2,7.63838e-15,1.527676e-14
GCR_H_min_2,20000,2,60,0.0,0.0,0.0,0,0.0,0.0
GCR_H_min_2,20000,2,61,2.0243e-11,2.0243e-11,1.15947e-23,76,3.29884e-14,2.5071184e-12
GCR_H_min_2,20000,2,62,0.0,0.0,0.0,0,0.0,0.0
GCR_H_min_2,20000,2,63,0.0,0.0,0.0,0,0.0,0.0
GCR_H_min_2,20000,2,64,0.0,0.0,0.0,0,0.0,0.0
GCR_H_min_2,20000,2,65,0.0,0.0,0.0,0,0.0,0.0
GCR_H_min_2,20000,2,66,0.0,0.0,0.0,0,0.0,0.0
GCR_H_min_2,20000,2,67,3.04247e-13,3.04247e-13,9.25661e-26,1,0.0,0.0
GCR_H_min_2,20000,2,68,0.0,0.0,0.0,0,0.0,0.0
GCR_H_min_2,20000,2,69,0.0,0.0,0.0,0,0.0,0.0
GCR_H_min_2,20000,2,70,0.0,0.0,0.0,0,0.0,0.0
GCR_H_min_2,20000,2,71,0.0,0.0,0.0,0,0.0,0.0
GCR_H_min_2,20000,2,72,0.0,0.0,0.0,0,0.0,0.0
GCR_H_min_2,20000,2,73,0.0,0.0,0.0,0,0.0,0.0
GCR_H_min_2,20000,2,74,3.70207e-12,3.70207e-12,1.20965e-24,15,3.75415e-14,5.631225e-13
GCR_H_min_2,20000,2,75,8.4486e-12,8.4486e-12,2.90408e-24,35,2.69559e-14,9.434564999999999e-13
GCR_H_min_2,20000,2,76,0.0,0.0,0.0,0,0.0,0.0
GCR_H_min_2,20000,2,77,0.0,0.0,0.0,0,0.0,0.0
GCR_H_min_2,20000,2,78,1.49568e-12,1.49568e-12,3.43532e-25,9,3.63186e-14,3.268674e-13
GCR_H_min_2,20000,2,79,3.16577e-12,3.16577e-12,8.05877e-25,18,2.85312e-14,5.135616e-13
GCR_H_min_2,20000,2,80,0.0,0.0,0.0,0,0.0,0.0
GCR_H_min_2,20000,2,81,0.0,0.0,0.0,0,0.0,0.0
GCR_H_min_2,20000,2,82,0.0,0.0,0.0,0,0.0,0.0
GCR_H_min_2,20000,2,83,0.0,0.0,0.0,0,0.0,0.0
GCR_H_min_2,20000,2,84,2.1843e-13,2.1843e-13,4.77117e-26,1,0.0,0.0
GCR_H_min_2,20000,2,85,2.57622e-12,2.57622e-12,5.75581e-25,15,2.51775e-14,3.7766249999999996e-13
GCR_H_min_2,20000,2,86,0.0,0.0,0.0,0,0.0,0.0
GCR_H_min_2,20000,2,87,7.29344e-15,7.29344e-15,5.31943e-29,1,0.0,0.0
GCR_H_min_2,20000,2,88,0.0,0.0,0.0,0,0.0,0.0
GCR_H_min_2,20000,2,89,9.99281e-12,9.99281e-12,8.94733e-24,19,1.03897e-13,1.974043e-12
GCR_H_min_2,20000,2,90,0.0,0.0,0.0,0,0.0,0.0
GCR_H_min_2,20000,2,91,0.0,0.0,0.0,0,0.0,0.0
GCR_H_min_2,20000,2,92,2.34428e-13,2.34428e-13,5.49563e-26,1,0.0,0.0
GCR_H_min_2,20000,2,93,0.0,0.0,0.0,0,0.0,0.0
GCR_H_min_2,20000,2,94,0.0,0.0,0.0,0,0.0,0.0
GCR_H_min_2,20000,2,95,2.0457e-11,2.0457e-11,4.98559e-24,110,9.92529e-15,1.0917819e-12
GCR_H_min_2,20000,2,96,1.04848e-11,1.04848e-11,1.00935e-23,18,1.14136e-13,2.054448e-12
GCR_H_min_2,20000,2,97,7.14527e-12,7.14527e-12,2.69565e-24,38,3.10107e-14,1.1784065999999999e-12
GCR_H_min_2,20000,2,98,0.0,0.0,0.0,0,0.0,0.0
GCR_H_min_2,20000,2,99,7.42688e-12,7.42688e-12,6.59149e-25,119,3.73255e-15,4.4417345000000004e-13
GCR_H_min_2,20000,2,100,0.0,0.0,0.0,0,0.0,0.0
GCR_H_min_2,20000,2,101,6.63494e-14,6.63494e-14,4.40225e-27,1,0.0,0.0
GCR_H_min_2,20000,2,102,0.0,0.0,0.0,0,0.0,0.0
GCR_H_min_2,20000,2,103,5.23092e-13,5.23092e-13,1.05392e-25,3,4.8621e-14,1.45863e-13
GCR_H_min_2,20000,2,104,0.0,0.0,0.0,0,0.0,0.0
GCR_H_min_2,20000,2,105,0.0,0.0,0.0,0,0.0,0.0
GCR_H_min_2,20000,2,106,2.1015e-11,2.1015e-11,1.08816e-23,79,2.93037e-14,2.3149923e-12
GCR_H_min_2,20000,2,107,1.70321e-10,1.70321e-10,9.07482e-23,693,1.00967e-14,6.9970131000000005e-12
GCR_H_min_2,20000,2,108,8.81072e-12,8.81072e-12,1.94434e-24,50,1.26453e-14,6.32265e-13
GCR_H_min_2,20000,2,109,1.08803e-10,1.08803e-10,4.34282e-23,507,8.84687e-15,4.48536309e-12
GCR_H_min_2,20000,2,110,0.0,0.0,0.0,0,0.0,0.0
GCR_H_min_2,20000,2,111,0.0,0.0,0.0,0,0.0,0.0
GCR_H_min_2,20000,2,112,0.0,0.0,0.0,0,0.0,0.0
GCR_H_min_2,20000,2,113,1.59398e-11,1.59398e-11,1.0903e-23,35,5.53345e-14,1.9367075e-12
GCR_H_min_2,20000,2,114,0.0,0.0,0.0,0,0.0,0.0
GCR_H_min_2,20000,2,115,0.0,0.0,0.0,0,0.0,0.0
GCR_H_min_2,20000,2,116,1.97699e-11,1.97699e-11,5.62597e-24,104,1.32048e-14,1.3732992e-12
GCR_H_min_2,20000,2,117,1.33547e-10,1.33547e-10,8.311e-23,561,1.27809e-14,7.1700849e-12
GCR_H_min_2,20000,2,118,1.7586e-11,1.7586e-11,1.15589e-23,92,3.12911e-14,2.8787812000000003e-12
GCR_H_min_2,20000,2,119,6.50857e-11,6.50857e-11,2.99811e-23,302,1.3248e-14,4.000896e-12
GCR_H_min_2,20000,2,120,0.0,0.0,0.0,0,0.0,0.0
GCR_H_min_2,20000,2,121,3.3356e-13,3.3356e-13,1.11262e-25,1,0.0,0.0
GCR_H_min_2,20000,2,122,3.55146e-12,3.55146e-12,1.6834e-24,12,6.92125e-14,8.305499999999999e-13
GCR_H_min_2,20000,2,123,2.0484e-11,2.0484e-11,1.7667e-23,70,4.91602e-14,3.441214e-12
GCR_H_min_2,20000,2,124,4.61033e-12,4.61033e-12,1.68333e-24,25,3.72631e-14,9.315775e-13
GCR_H_min_2,20000,2,125,1.62472e-11,1.62472e-11,9.66619e-24,64,3.70732e-14,2.3726848e-12
GCR_H_min_2,20000,2,126,3.87548e-13,3.87548e-13,1.14929e-25,3,1.03975e-13,3.11925e-13
GCR_H_min_2,20000,2,127,0.0,0.0,0.0,0,0.0,0.0
GCR_H_min_2,20000,2,128,0.0,0.0,0.0,0,0.0,0.0
GCR_H_min_2,20000,2,129,0.0,0.0,0.0,0,0.0,0.0
GCR_H_min_2,20000,2,130,0.0,0.0,0.0,0,0.0,0.0
GCR_H_min_2,20000,2,131,0.0,0.0,0.0,0,0.0,0.0
GCR_H_min_2,20000,2,132,7.65295e-13,7.65295e-13,1.66207e-25,6,4.78169e-14,2.869014e-13
GCR_H_min_2,20000,2,133,4.43509e-12,4.43509e-12,3.52005e-24,13,1.13425e-13,1.474525e-12
GCR_H_min_2,20000,2,134,0.0,0.0,0.0,0,0.0,0.0
GCR_H_min_2,20000,2,135,0.0,0.0,0.0,0,0.0,0.0
GCR_H_min_2,20000,2,136,0.0,0.0,0.0,0,0.0,0.0
GCR_H_min_2,20000,2,137,0.0,0.0,0.0,0,0.0,0.0
GCR_H_min_2,20000,2,138,0.0,0.0,0.0,0,0.0,0.0
GCR_H_min_2,20000,2,139,0.0,0.0,0.0,0,0.0,0.0
GCR_H_min_2,20000,2,140,3.60781e-15,3.60781e-15,2.21639e-30,16,7.64544e-17,1.2232704e-15
GCR_H_min_2,20000,2,141,0.0,0.0,0.0,0,0.0,0.0
